commodity,date,admin1,market,unit,currency,price
beans_dry,2024-01,Adjumani,Adjumani (refugee settlement),KG,UGX,4573.0
beans_dry,2024-02,Adjumani,Adjumani (refugee settlement),KG,UGX,4378.0
beans_dry,2024-03,Adjumani,Adjumani (refugee settlement),KG,UGX,4283.0
beans_dry,2024-04,Adjumani,Adjumani (refugee settlement),KG,UGX,4400.0
beans_dry,2024-05,Adjumani,Adjumani (refugee settlement),KG,UGX,4395.0
beans_dry,2024-06,Adjumani,Adjumani (refugee settlement),KG,UGX,3959.0
beans_dry,2024-07,Adjumani,Adjumani (refugee settlement),KG,UGX,4313.0
beans_dry,2024-08,Adjumani,Adjumani (refugee settlement),KG,UGX,4135.0
beans_dry,2024-09,Adjumani,Adjumani (refugee settlement),KG,UGX,4050.0
beans_dry,2024-10,Adjumani,Adjumani (refugee settlement),KG,UGX,4050.0
beans_dry,2024-11,Adjumani,Adjumani (refugee settlement),KG,UGX,4167.0
beans_dry,2024-12,Adjumani,Adjumani (refugee settlement),KG,UGX,3550.0
beans_dry,2025-01,Adjumani,Adjumani (refugee settlement),KG,UGX,3700.0
beans_dry,2025-02,Adjumani,Adjumani (refugee settlement),KG,UGX,3600.0
beans_dry,2025-03,Adjumani,Adjumani (refugee settlement),KG,UGX,3571.0
beans_dry,2025-04,Adjumani,Adjumani (refugee settlement),KG,UGX,4000.0
beans_dry,2025-05,Adjumani,Adjumani (refugee settlement),KG,UGX,3967.0
beans_dry,2025-06,Adjumani,Adjumani (refugee settlement),KG,UGX,3932.0
beans_dry,2025-07,Adjumani,Adjumani (refugee settlement),KG,UGX,3083.0
beans_dry,2025-08,Adjumani,Adjumani (refugee settlement),KG,UGX,2925.0
beans_dry,2025-09,Adjumani,Adjumani (refugee settlement),KG,UGX,2971.0
beans_dry,2025-10,Adjumani,Adjumani (refugee settlement),KG,UGX,2969.0
beans_dry,2025-11,Adjumani,Adjumani (refugee settlement),KG,UGX,2967.0
beans_dry,2025-12,Adjumani,Adjumani (refugee settlement),KG,UGX,2969.0
beans_dry,2026-01,Adjumani,Adjumani (refugee settlement),KG,UGX,3085.0
beans_dry,2026-02,Adjumani,Adjumani (refugee settlement),KG,UGX,3110.0
beans_dry,2026-03,Adjumani,Adjumani (refugee settlement),KG,UGX,3459.0
beans_dry,2026-04,Adjumani,Adjumani (refugee settlement),KG,UGX,3890.0
beans_dry,2026-05,Adjumani,Adjumani (refugee settlement),KG,UGX,3750.0
beans_dry,2026-06,Adjumani,Adjumani (refugee settlement),KG,UGX,3360.0
beans_dry,2026-07,Adjumani,Adjumani (refugee settlement),KG,UGX,3900.0
beans_dry,2026-08,Adjumani,Adjumani (refugee settlement),KG,UGX,4767.0
beans_dry,2024-05,Arua,Arua,KG,UGX,3800.0
beans_dry,2024-06,Arua,Arua,KG,UGX,3800.0
beans_dry,2024-07,Arua,Arua,KG,UGX,3500.0
beans_dry,2024-08,Arua,Arua,KG,UGX,3600.0
beans_dry,2024-09,Arua,Arua,KG,UGX,2800.0
beans_dry,2024-10,Arua,Arua,KG,UGX,3800.0
beans_dry,2024-11,Arua,Arua,KG,UGX,3500.0
beans_dry,2024-12,Arua,Arua,KG,UGX,3650.0
beans_dry,2025-01,Arua,Arua,KG,UGX,3000.0
beans_dry,2025-02,Arua,Arua,KG,UGX,3383.0
beans_dry,2025-03,Arua,Arua,KG,UGX,3432.0
beans_dry,2025-04,Arua,Arua,KG,UGX,3538.0
beans_dry,2025-05,Arua,Arua,KG,UGX,3800.0
beans_dry,2025-06,Arua,Arua,KG,UGX,3800.0
beans_dry,2025-07,Arua,Arua,KG,UGX,2800.0
beans_dry,2025-08,Arua,Arua,KG,UGX,2800.0
beans_dry,2025-09,Arua,Arua,KG,UGX,4000.0
beans_dry,2025-10,Arua,Arua,KG,UGX,3300.0
beans_dry,2025-11,Arua,Arua,KG,UGX,3000.0
beans_dry,2025-12,Arua,Arua,KG,UGX,3100.0
beans_dry,2026-01,Arua,Arua,KG,UGX,4459.0
beans_dry,2026-02,Arua,Arua,KG,UGX,4404.0
beans_dry,2026-03,Arua,Arua,KG,UGX,4327.0
beans_dry,2026-04,Arua,Arua,KG,UGX,4152.0
beans_dry,2024-01,Yumbe,Bidibidi (refugee settlement),KG,UGX,4075.0
beans_dry,2024-02,Yumbe,Bidibidi (refugee settlement),KG,UGX,4488.0
beans_dry,2024-03,Yumbe,Bidibidi (refugee settlement),KG,UGX,4175.0
beans_dry,2024-04,Yumbe,Bidibidi (refugee settlement),KG,UGX,4425.0
beans_dry,2024-05,Yumbe,Bidibidi (refugee settlement),KG,UGX,4450.0
beans_dry,2024-06,Yumbe,Bidibidi (refugee settlement),KG,UGX,4250.0
beans_dry,2024-07,Yumbe,Bidibidi (refugee settlement),KG,UGX,4538.0
beans_dry,2024-08,Yumbe,Bidibidi (refugee settlement),KG,UGX,4450.0
beans_dry,2024-09,Yumbe,Bidibidi (refugee settlement),KG,UGX,4413.0
beans_dry,2024-10,Yumbe,Bidibidi (refugee settlement),KG,UGX,4378.0
beans_dry,2024-11,Yumbe,Bidibidi (refugee settlement),KG,UGX,4222.0
beans_dry,2024-12,Yumbe,Bidibidi (refugee settlement),KG,UGX,4300.0
beans_dry,2025-01,Yumbe,Bidibidi (refugee settlement),KG,UGX,5038.0
beans_dry,2025-02,Yumbe,Bidibidi (refugee settlement),KG,UGX,4697.0
beans_dry,2025-03,Yumbe,Bidibidi (refugee settlement),KG,UGX,4383.0
beans_dry,2025-04,Yumbe,Bidibidi (refugee settlement),KG,UGX,4264.0
beans_dry,2025-05,Yumbe,Bidibidi (refugee settlement),KG,UGX,4654.0
beans_dry,2025-06,Yumbe,Bidibidi (refugee settlement),KG,UGX,4434.0
beans_dry,2025-07,Yumbe,Bidibidi (refugee settlement),KG,UGX,4451.0
beans_dry,2025-08,Yumbe,Bidibidi (refugee settlement),KG,UGX,4564.0
beans_dry,2025-09,Yumbe,Bidibidi (refugee settlement),KG,UGX,4211.0
beans_dry,2025-10,Yumbe,Bidibidi (refugee settlement),KG,UGX,3938.0
beans_dry,2025-11,Yumbe,Bidibidi (refugee settlement),KG,UGX,4138.0
beans_dry,2025-12,Yumbe,Bidibidi (refugee settlement),KG,UGX,4205.0
beans_dry,2026-01,Yumbe,Bidibidi (refugee settlement),KG,UGX,4610.0
beans_dry,2026-02,Yumbe,Bidibidi (refugee settlement),KG,UGX,4382.0
beans_dry,2026-03,Yumbe,Bidibidi (refugee settlement),KG,UGX,3985.0
beans_dry,2026-04,Yumbe,Bidibidi (refugee settlement),KG,UGX,4043.0
beans_dry,2026-05,Yumbe,Bidibidi (refugee settlement),KG,UGX,3857.0
beans_dry,2026-06,Yumbe,Bidibidi (refugee settlement),KG,UGX,3929.0
beans_dry,2026-07,Yumbe,Bidibidi (refugee settlement),KG,UGX,4375.0
beans_dry,2026-08,Yumbe,Bidibidi (refugee settlement),KG,UGX,4313.0
beans_dry,2024-01,Busia,Busia,KG,UGX,3180.0
beans_dry,2024-02,Busia,Busia,KG,UGX,3000.0
beans_dry,2024-03,Busia,Busia,KG,UGX,2900.0
beans_dry,2024-04,Busia,Busia,KG,UGX,3000.0
beans_dry,2024-05,Busia,Busia,KG,UGX,3580.0
beans_dry,2024-06,Busia,Busia,KG,UGX,3480.0
beans_dry,2024-07,Busia,Busia,KG,UGX,3480.0
beans_dry,2024-08,Busia,Busia,KG,UGX,3511.0
beans_dry,2024-09,Busia,Busia,KG,UGX,3575.0
beans_dry,2024-10,Busia,Busia,KG,UGX,3160.0
beans_dry,2024-11,Busia,Busia,KG,UGX,2850.0
beans_dry,2024-12,Busia,Busia,KG,UGX,3225.0
beans_dry,2025-01,Busia,Busia,KG,UGX,3580.0
beans_dry,2025-02,Busia,Busia,KG,UGX,3218.0
beans_dry,2025-03,Busia,Busia,KG,UGX,3265.0
beans_dry,2025-04,Busia,Busia,KG,UGX,3267.0
beans_dry,2025-05,Busia,Busia,KG,UGX,3800.0
beans_dry,2025-06,Busia,Busia,KG,UGX,3050.0
beans_dry,2025-07,Busia,Busia,KG,UGX,2615.0
beans_dry,2025-08,Busia,Busia,KG,UGX,2675.0
beans_dry,2025-09,Busia,Busia,KG,UGX,2663.0
beans_dry,2025-10,Busia,Busia,KG,UGX,2540.0
beans_dry,2025-11,Busia,Busia,KG,UGX,2288.0
beans_dry,2025-12,Busia,Busia,KG,UGX,2575.0
beans_dry,2024-02,Kabarole,Fort Portal,KG,UGX,4800.0
beans_dry,2024-03,Kabarole,Fort Portal,KG,UGX,4500.0
beans_dry,2024-04,Kabarole,Fort Portal,KG,UGX,4500.0
beans_dry,2024-05,Kabarole,Fort Portal,KG,UGX,4500.0
beans_dry,2024-06,Kabarole,Fort Portal,KG,UGX,4375.0
beans_dry,2024-07,Kabarole,Fort Portal,KG,UGX,4500.0
beans_dry,2024-08,Kabarole,Fort Portal,KG,UGX,4500.0
beans_dry,2024-09,Kabarole,Fort Portal,KG,UGX,4500.0
beans_dry,2024-10,Kabarole,Fort Portal,KG,UGX,4500.0
beans_dry,2024-11,Kabarole,Fort Portal,KG,UGX,4500.0
beans_dry,2024-12,Kabarole,Fort Portal,KG,UGX,4500.0
beans_dry,2025-01,Kabarole,Fort Portal,KG,UGX,4454.0
beans_dry,2025-02,Kabarole,Fort Portal,KG,UGX,4485.0
beans_dry,2025-03,Kabarole,Fort Portal,KG,UGX,4549.0
beans_dry,2025-04,Kabarole,Fort Portal,KG,UGX,5625.0
beans_dry,2025-05,Kabarole,Fort Portal,KG,UGX,6000.0
beans_dry,2025-06,Kabarole,Fort Portal,KG,UGX,4875.0
beans_dry,2025-07,Kabarole,Fort Portal,KG,UGX,4000.0
beans_dry,2025-08,Kabarole,Fort Portal,KG,UGX,4250.0
beans_dry,2025-09,Kabarole,Fort Portal,KG,UGX,5000.0
beans_dry,2025-10,Kabarole,Fort Portal,KG,UGX,4250.0
beans_dry,2025-11,Kabarole,Fort Portal,KG,UGX,3875.0
beans_dry,2025-12,Kabarole,Fort Portal,KG,UGX,4250.0
beans_dry,2026-01,Kabarole,Fort Portal,KG,UGX,4160.0
beans_dry,2026-02,Kabarole,Fort Portal,KG,UGX,4160.0
beans_dry,2026-03,Kabarole,Fort Portal,KG,UGX,4309.0
beans_dry,2026-04,Kabarole,Fort Portal,KG,UGX,4309.0
beans_dry,2024-01,Gulu,Gulu,KG,UGX,5317.0
beans_dry,2024-02,Gulu,Gulu,KG,UGX,5133.0
beans_dry,2024-03,Gulu,Gulu,KG,UGX,5214.0
beans_dry,2024-04,Gulu,Gulu,KG,UGX,5167.0
beans_dry,2024-05,Gulu,Gulu,KG,UGX,5450.0
beans_dry,2024-06,Gulu,Gulu,KG,UGX,5113.0
beans_dry,2024-07,Gulu,Gulu,KG,UGX,4914.0
beans_dry,2024-08,Gulu,Gulu,KG,UGX,4875.0
beans_dry,2024-09,Gulu,Gulu,KG,UGX,5433.0
beans_dry,2024-10,Gulu,Gulu,KG,UGX,4883.0
beans_dry,2024-11,Gulu,Gulu,KG,UGX,4000.0
beans_dry,2024-12,Gulu,Gulu,KG,UGX,4000.0
beans_dry,2025-01,Gulu,Gulu,KG,UGX,3369.0
beans_dry,2025-02,Gulu,Gulu,KG,UGX,3790.0
beans_dry,2025-03,Gulu,Gulu,KG,UGX,3844.0
beans_dry,2025-04,Gulu,Gulu,KG,UGX,5625.0
beans_dry,2025-05,Gulu,Gulu,KG,UGX,5667.0
beans_dry,2025-06,Gulu,Gulu,KG,UGX,4860.0
beans_dry,2025-07,Gulu,Gulu,KG,UGX,4325.0
beans_dry,2025-08,Gulu,Gulu,KG,UGX,4033.0
beans_dry,2025-09,Gulu,Gulu,KG,UGX,4500.0
beans_dry,2025-10,Gulu,Gulu,KG,UGX,4900.0
beans_dry,2025-11,Gulu,Gulu,KG,UGX,5250.0
beans_dry,2025-12,Gulu,Gulu,KG,UGX,5000.0
beans_dry,2026-01,Gulu,Gulu,KG,UGX,3797.0
beans_dry,2026-02,Gulu,Gulu,KG,UGX,3849.0
beans_dry,2026-03,Gulu,Gulu,KG,UGX,4010.0
beans_dry,2026-04,Gulu,Gulu,KG,UGX,4956.0
beans_dry,2024-01,Hoima,Hoima,KG,UGX,3080.0
beans_dry,2024-02,Hoima,Hoima,KG,UGX,3200.0
beans_dry,2024-03,Hoima,Hoima,KG,UGX,5000.0
beans_dry,2024-04,Hoima,Hoima,KG,UGX,5000.0
beans_dry,2024-05,Hoima,Hoima,KG,UGX,5000.0
beans_dry,2024-06,Hoima,Hoima,KG,UGX,5000.0
beans_dry,2024-07,Hoima,Hoima,KG,UGX,3400.0
beans_dry,2024-08,Hoima,Hoima,KG,UGX,4111.0
beans_dry,2024-09,Hoima,Hoima,KG,UGX,4875.0
beans_dry,2024-10,Hoima,Hoima,KG,UGX,4300.0
beans_dry,2024-11,Hoima,Hoima,KG,UGX,3500.0
beans_dry,2024-12,Hoima,Hoima,KG,UGX,3500.0
beans_dry,2025-01,Hoima,Hoima,KG,UGX,3500.0
beans_dry,2025-02,Hoima,Hoima,KG,UGX,3500.0
beans_dry,2025-03,Hoima,Hoima,KG,UGX,3550.0
beans_dry,2025-04,Hoima,Hoima,KG,UGX,5000.0
beans_dry,2025-05,Hoima,Hoima,KG,UGX,5000.0
beans_dry,2025-06,Hoima,Hoima,KG,UGX,5000.0
beans_dry,2025-07,Hoima,Hoima,KG,UGX,4000.0
beans_dry,2025-08,Hoima,Hoima,KG,UGX,4000.0
beans_dry,2025-09,Hoima,Hoima,KG,UGX,4000.0
beans_dry,2025-10,Hoima,Hoima,KG,UGX,4000.0
beans_dry,2025-11,Hoima,Hoima,KG,UGX,4000.0
beans_dry,2025-12,Hoima,Hoima,KG,UGX,4000.0
beans_dry,2024-01,Iganga,Iganga,KG,UGX,3600.0
beans_dry,2024-02,Iganga,Iganga,KG,UGX,4250.0
beans_dry,2024-03,Iganga,Iganga,KG,UGX,4200.0
beans_dry,2024-04,Iganga,Iganga,KG,UGX,4200.0
beans_dry,2024-05,Iganga,Iganga,KG,UGX,4000.0
beans_dry,2024-06,Iganga,Iganga,KG,UGX,4000.0
beans_dry,2024-07,Iganga,Iganga,KG,UGX,3750.0
beans_dry,2024-08,Iganga,Iganga,KG,UGX,4000.0
beans_dry,2024-09,Iganga,Iganga,KG,UGX,4500.0
beans_dry,2024-10,Iganga,Iganga,KG,UGX,4375.0
beans_dry,2024-11,Iganga,Iganga,KG,UGX,4100.0
beans_dry,2024-12,Iganga,Iganga,KG,UGX,4250.0
beans_dry,2025-01,Iganga,Iganga,KG,UGX,4000.0
beans_dry,2025-02,Iganga,Iganga,KG,UGX,4000.0
beans_dry,2025-03,Iganga,Iganga,KG,UGX,4058.0
beans_dry,2025-04,Iganga,Iganga,KG,UGX,3500.0
beans_dry,2025-05,Iganga,Iganga,KG,UGX,4500.0
beans_dry,2025-06,Iganga,Iganga,KG,UGX,4538.0
beans_dry,2025-07,Iganga,Iganga,KG,UGX,3970.0
beans_dry,2025-08,Iganga,Iganga,KG,UGX,3600.0
beans_dry,2025-09,Iganga,Iganga,KG,UGX,3613.0
beans_dry,2025-10,Iganga,Iganga,KG,UGX,3110.0
beans_dry,2025-11,Iganga,Iganga,KG,UGX,3075.0
beans_dry,2025-12,Iganga,Iganga,KG,UGX,3289.0
beans_dry,2024-01,Arua,Imvepi (refugee settlement),KG,UGX,4000.0
beans_dry,2024-02,Arua,Imvepi (refugee settlement),KG,UGX,4083.0
beans_dry,2024-03,Arua,Imvepi (refugee settlement),KG,UGX,4000.0
beans_dry,2024-04,Arua,Imvepi (refugee settlement),KG,UGX,3967.0
beans_dry,2024-05,Arua,Imvepi (refugee settlement),KG,UGX,4088.0
beans_dry,2024-06,Arua,Imvepi (refugee settlement),KG,UGX,4018.0
beans_dry,2024-07,Arua,Imvepi (refugee settlement),KG,UGX,4988.0
beans_dry,2024-08,Arua,Imvepi (refugee settlement),KG,UGX,3800.0
beans_dry,2024-09,Arua,Imvepi (refugee settlement),KG,UGX,4072.0
beans_dry,2024-10,Arua,Imvepi (refugee settlement),KG,UGX,4072.0
beans_dry,2024-11,Arua,Imvepi (refugee settlement),KG,UGX,3500.0
beans_dry,2024-12,Arua,Imvepi (refugee settlement),KG,UGX,3500.0
beans_dry,2025-01,Arua,Imvepi (refugee settlement),KG,UGX,4433.0
beans_dry,2025-02,Arua,Imvepi (refugee settlement),KG,UGX,4208.0
beans_dry,2025-03,Arua,Imvepi (refugee settlement),KG,UGX,4538.0
beans_dry,2025-04,Arua,Imvepi (refugee settlement),KG,UGX,4525.0
beans_dry,2025-05,Arua,Imvepi (refugee settlement),KG,UGX,4793.0
beans_dry,2025-06,Arua,Imvepi (refugee settlement),KG,UGX,4704.0
beans_dry,2025-07,Arua,Imvepi (refugee settlement),KG,UGX,4674.0
beans_dry,2025-08,Arua,Imvepi (refugee settlement),KG,UGX,3977.0
beans_dry,2025-09,Arua,Imvepi (refugee settlement),KG,UGX,3625.0
beans_dry,2025-10,Arua,Imvepi (refugee settlement),KG,UGX,3544.0
beans_dry,2025-11,Arua,Imvepi (refugee settlement),KG,UGX,3688.0
beans_dry,2025-12,Arua,Imvepi (refugee settlement),KG,UGX,4056.0
beans_dry,2026-01,Arua,Imvepi (refugee settlement),KG,UGX,4233.0
beans_dry,2026-02,Arua,Imvepi (refugee settlement),KG,UGX,3935.0
beans_dry,2026-03,Arua,Imvepi (refugee settlement),KG,UGX,3850.0
beans_dry,2026-04,Arua,Imvepi (refugee settlement),KG,UGX,4210.0
beans_dry,2026-05,Arua,Imvepi (refugee settlement),KG,UGX,3671.0
beans_dry,2026-06,Arua,Imvepi (refugee settlement),KG,UGX,3692.0
beans_dry,2026-07,Arua,Imvepi (refugee settlement),KG,UGX,3746.0
beans_dry,2026-08,Arua,Imvepi (refugee settlement),KG,UGX,4354.0
beans_dry,2024-01,Jinja,Jinja,KG,UGX,3875.0
beans_dry,2024-02,Jinja,Jinja,KG,UGX,4200.0
beans_dry,2024-03,Jinja,Jinja,KG,UGX,4500.0
beans_dry,2024-04,Jinja,Jinja,KG,UGX,4750.0
beans_dry,2024-05,Jinja,Jinja,KG,UGX,5000.0
beans_dry,2024-06,Jinja,Jinja,KG,UGX,4625.0
beans_dry,2024-07,Jinja,Jinja,KG,UGX,4500.0
beans_dry,2024-08,Jinja,Jinja,KG,UGX,4500.0
beans_dry,2024-09,Jinja,Jinja,KG,UGX,5000.0
beans_dry,2024-10,Jinja,Jinja,KG,UGX,4750.0
beans_dry,2024-11,Jinja,Jinja,KG,UGX,4500.0
beans_dry,2024-12,Jinja,Jinja,KG,UGX,4375.0
beans_dry,2025-01,Jinja,Jinja,KG,UGX,4833.0
beans_dry,2025-02,Jinja,Jinja,KG,UGX,5000.0
beans_dry,2025-03,Jinja,Jinja,KG,UGX,5072.0
beans_dry,2025-04,Jinja,Jinja,KG,UGX,5229.0
beans_dry,2025-05,Jinja,Jinja,KG,UGX,4100.0
beans_dry,2025-06,Jinja,Jinja,KG,UGX,4563.0
beans_dry,2025-07,Jinja,Jinja,KG,UGX,4200.0
beans_dry,2025-08,Jinja,Jinja,KG,UGX,4000.0
beans_dry,2025-09,Jinja,Jinja,KG,UGX,4000.0
beans_dry,2025-10,Jinja,Jinja,KG,UGX,4000.0
beans_dry,2025-11,Jinja,Jinja,KG,UGX,3875.0
beans_dry,2025-12,Jinja,Jinja,KG,UGX,4000.0
beans_dry,2026-01,Jinja,Jinja,KG,UGX,4343.0
beans_dry,2026-02,Jinja,Jinja,KG,UGX,4258.0
beans_dry,2026-03,Jinja,Jinja,KG,UGX,4160.0
beans_dry,2026-04,Jinja,Jinja,KG,UGX,4211.0
beans_dry,2024-01,Kaabong,Kaabong,KG,UGX,4500.0
beans_dry,2024-02,Kaabong,Kaabong,KG,UGX,4625.0
beans_dry,2024-03,Kaabong,Kaabong,KG,UGX,4125.0
beans_dry,2024-04,Kaabong,Kaabong,KG,UGX,4500.0
beans_dry,2024-05,Kaabong,Kaabong,KG,UGX,4500.0
beans_dry,2024-06,Kaabong,Kaabong,KG,UGX,3767.0
beans_dry,2024-07,Kaabong,Kaabong,KG,UGX,4150.0
beans_dry,2024-08,Kaabong,Kaabong,KG,UGX,4138.0
beans_dry,2024-09,Kaabong,Kaabong,KG,UGX,4125.0
beans_dry,2024-10,Kaabong,Kaabong,KG,UGX,4100.0
beans_dry,2024-11,Kaabong,Kaabong,KG,UGX,4000.0
beans_dry,2024-12,Kaabong,Kaabong,KG,UGX,4375.0
beans_dry,2025-01,Kaabong,Kaabong,KG,UGX,4200.0
beans_dry,2025-02,Kaabong,Kaabong,KG,UGX,4625.0
beans_dry,2025-03,Kaabong,Kaabong,KG,UGX,4500.0
beans_dry,2025-04,Kaabong,Kaabong,KG,UGX,4563.0
beans_dry,2025-05,Kaabong,Kaabong,KG,UGX,4625.0
beans_dry,2025-06,Kaabong,Kaabong,KG,UGX,4875.0
beans_dry,2025-07,Kaabong,Kaabong,KG,UGX,4400.0
beans_dry,2025-08,Kaabong,Kaabong,KG,UGX,4275.0
beans_dry,2025-09,Kaabong,Kaabong,KG,UGX,3500.0
beans_dry,2025-10,Kaabong,Kaabong,KG,UGX,3380.0
beans_dry,2025-11,Kaabong,Kaabong,KG,UGX,2713.0
beans_dry,2025-12,Kaabong,Kaabong,KG,UGX,3000.0
beans_dry,2026-01,Kaabong,Kaabong,KG,UGX,2957.0
beans_dry,2024-01,Kween,Kapchorwa,KG,UGX,3000.0
beans_dry,2024-02,Kween,Kapchorwa,KG,UGX,3000.0
beans_dry,2024-03,Kween,Kapchorwa,KG,UGX,3000.0
beans_dry,2024-04,Kween,Kapchorwa,KG,UGX,3000.0
beans_dry,2024-05,Kween,Kapchorwa,KG,UGX,3000.0
beans_dry,2024-06,Kween,Kapchorwa,KG,UGX,3000.0
beans_dry,2024-07,Kween,Kapchorwa,KG,UGX,3000.0
beans_dry,2024-08,Kween,Kapchorwa,KG,UGX,3000.0
beans_dry,2024-09,Kween,Kapchorwa,KG,UGX,3000.0
beans_dry,2024-10,Kween,Kapchorwa,KG,UGX,3000.0
beans_dry,2024-11,Kween,Kapchorwa,KG,UGX,3000.0
beans_dry,2024-12,Kween,Kapchorwa,KG,UGX,3000.0
beans_dry,2025-01,Kween,Kapchorwa,KG,UGX,3000.0
beans_dry,2025-02,Kween,Kapchorwa,KG,UGX,3000.0
beans_dry,2025-03,Kween,Kapchorwa,KG,UGX,3043.0
beans_dry,2025-04,Kween,Kapchorwa,KG,UGX,3500.0
beans_dry,2025-05,Kween,Kapchorwa,KG,UGX,4000.0
beans_dry,2025-06,Kween,Kapchorwa,KG,UGX,3500.0
beans_dry,2025-07,Kween,Kapchorwa,KG,UGX,3000.0
beans_dry,2025-08,Kween,Kapchorwa,KG,UGX,3000.0
beans_dry,2025-09,Kween,Kapchorwa,KG,UGX,3000.0
beans_dry,2025-10,Kween,Kapchorwa,KG,UGX,2625.0
beans_dry,2025-11,Kween,Kapchorwa,KG,UGX,2500.0
beans_dry,2025-12,Kween,Kapchorwa,KG,UGX,2500.0
beans_dry,2024-01,Kaabong,Karenga,KG,UGX,3813.0
beans_dry,2024-02,Kaabong,Karenga,KG,UGX,3786.0
beans_dry,2024-03,Kaabong,Karenga,KG,UGX,3750.0
beans_dry,2024-04,Kaabong,Karenga,KG,UGX,3778.0
beans_dry,2024-05,Kaabong,Karenga,KG,UGX,3600.0
beans_dry,2024-06,Kaabong,Karenga,KG,UGX,4143.0
beans_dry,2024-07,Kaabong,Karenga,KG,UGX,4000.0
beans_dry,2024-08,Kaabong,Karenga,KG,UGX,4000.0
beans_dry,2024-09,Kaabong,Karenga,KG,UGX,3571.0
beans_dry,2024-10,Kaabong,Karenga,KG,UGX,3125.0
beans_dry,2024-11,Kaabong,Karenga,KG,UGX,3000.0
beans_dry,2024-12,Kaabong,Karenga,KG,UGX,3143.0
beans_dry,2025-01,Kaabong,Karenga,KG,UGX,3000.0
beans_dry,2025-02,Kaabong,Karenga,KG,UGX,3166.67
beans_dry,2025-03,Kaabong,Karenga,KG,UGX,3545.0
beans_dry,2025-04,Kaabong,Karenga,KG,UGX,4000.0
beans_dry,2025-05,Kaabong,Karenga,KG,UGX,4000.0
beans_dry,2025-06,Kaabong,Karenga,KG,UGX,4071.0
beans_dry,2025-07,Kaabong,Karenga,KG,UGX,4000.0
beans_dry,2025-08,Kaabong,Karenga,KG,UGX,4000.0
beans_dry,2025-09,Kaabong,Karenga,KG,UGX,3429.0
beans_dry,2025-10,Kaabong,Karenga,KG,UGX,3650.0
beans_dry,2025-11,Kaabong,Karenga,KG,UGX,3393.0
beans_dry,2025-12,Kaabong,Karenga,KG,UGX,3690.0
beans_dry,2026-01,Kaabong,Karenga,KG,UGX,3686.0
beans_dry,2024-01,Amudat,Karita,KG,UGX,3583.0
beans_dry,2024-02,Amudat,Karita,KG,UGX,4000.0
beans_dry,2024-03,Amudat,Karita,KG,UGX,3000.0
beans_dry,2024-04,Amudat,Karita,KG,UGX,3200.0
beans_dry,2024-05,Amudat,Karita,KG,UGX,3500.0
beans_dry,2024-06,Amudat,Karita,KG,UGX,4375.0
beans_dry,2024-07,Amudat,Karita,KG,UGX,4600.0
beans_dry,2024-08,Amudat,Karita,KG,UGX,4400.0
beans_dry,2024-09,Amudat,Karita,KG,UGX,4000.0
beans_dry,2024-10,Amudat,Karita,KG,UGX,4500.0
beans_dry,2024-11,Amudat,Karita,KG,UGX,4300.0
beans_dry,2024-12,Amudat,Karita,KG,UGX,4750.0
beans_dry,2025-01,Amudat,Karita,KG,UGX,4833.0
beans_dry,2025-02,Amudat,Karita,KG,UGX,4000.0
beans_dry,2025-03,Amudat,Karita,KG,UGX,4250.0
beans_dry,2025-04,Amudat,Karita,KG,UGX,4167.0
beans_dry,2025-05,Amudat,Karita,KG,UGX,4281.0
beans_dry,2025-06,Amudat,Karita,KG,UGX,4400.0
beans_dry,2025-07,Amudat,Karita,KG,UGX,4500.0
beans_dry,2025-08,Amudat,Karita,KG,UGX,4500.0
beans_dry,2025-09,Amudat,Karita,KG,UGX,4125.0
beans_dry,2025-10,Amudat,Karita,KG,UGX,4000.0
beans_dry,2026-01,Amudat,Karita,KG,UGX,4045.0
beans_dry,2024-01,Kasese,Kasese,KG,UGX,3125.0
beans_dry,2024-02,Kasese,Kasese,KG,UGX,3380.0
beans_dry,2024-03,Kasese,Kasese,KG,UGX,3750.0
beans_dry,2024-04,Kasese,Kasese,KG,UGX,4225.0
beans_dry,2024-05,Kasese,Kasese,KG,UGX,4300.0
beans_dry,2024-06,Kasese,Kasese,KG,UGX,4000.0
beans_dry,2024-07,Kasese,Kasese,KG,UGX,3900.0
beans_dry,2024-08,Kasese,Kasese,KG,UGX,4133.0
beans_dry,2024-09,Kasese,Kasese,KG,UGX,5000.0
beans_dry,2024-10,Kasese,Kasese,KG,UGX,4660.0
beans_dry,2024-11,Kasese,Kasese,KG,UGX,3800.0
beans_dry,2024-12,Kasese,Kasese,KG,UGX,3520.0
beans_dry,2025-01,Kasese,Kasese,KG,UGX,3140.0
beans_dry,2025-02,Kasese,Kasese,KG,UGX,3487.0
beans_dry,2025-03,Kasese,Kasese,KG,UGX,3537.0
beans_dry,2025-04,Kasese,Kasese,KG,UGX,4500.0
beans_dry,2025-05,Kasese,Kasese,KG,UGX,5000.0
beans_dry,2025-06,Kasese,Kasese,KG,UGX,5125.0
beans_dry,2025-07,Kasese,Kasese,KG,UGX,5000.0
beans_dry,2025-08,Kasese,Kasese,KG,UGX,5000.0
beans_dry,2025-09,Kasese,Kasese,KG,UGX,5000.0
beans_dry,2025-10,Kasese,Kasese,KG,UGX,5000.0
beans_dry,2025-11,Kasese,Kasese,KG,UGX,5000.0
beans_dry,2025-12,Kasese,Kasese,KG,UGX,5000.0
beans_dry,2024-01,Kiryandongo,Kiryandongo (refugee settlement),KG,UGX,4275.0
beans_dry,2024-02,Kiryandongo,Kiryandongo (refugee settlement),KG,UGX,4500.0
beans_dry,2024-03,Kiryandongo,Kiryandongo (refugee settlement),KG,UGX,4400.0
beans_dry,2024-04,Kiryandongo,Kiryandongo (refugee settlement),KG,UGX,4429.0
beans_dry,2024-05,Kiryandongo,Kiryandongo (refugee settlement),KG,UGX,3000.0
beans_dry,2024-06,Kiryandongo,Kiryandongo (refugee settlement),KG,UGX,3625.0
beans_dry,2024-07,Kiryandongo,Kiryandongo (refugee settlement),KG,UGX,4188.0
beans_dry,2024-08,Kiryandongo,Kiryandongo (refugee settlement),KG,UGX,4500.0
beans_dry,2024-09,Kiryandongo,Kiryandongo (refugee settlement),KG,UGX,3967.0
beans_dry,2024-10,Kiryandongo,Kiryandongo (refugee settlement),KG,UGX,3967.0
beans_dry,2024-11,Kiryandongo,Kiryandongo (refugee settlement),KG,UGX,3167.0
beans_dry,2024-12,Kiryandongo,Kiryandongo (refugee settlement),KG,UGX,2688.0
beans_dry,2025-01,Kiryandongo,Kiryandongo (refugee settlement),KG,UGX,3274.0
beans_dry,2025-02,Kiryandongo,Kiryandongo (refugee settlement),KG,UGX,3818.0
beans_dry,2025-03,Kiryandongo,Kiryandongo (refugee settlement),KG,UGX,3813.0
beans_dry,2025-04,Kiryandongo,Kiryandongo (refugee settlement),KG,UGX,3940.0
beans_dry,2025-05,Kiryandongo,Kiryandongo (refugee settlement),KG,UGX,3950.0
beans_dry,2025-06,Kiryandongo,Kiryandongo (refugee settlement),KG,UGX,3800.0
beans_dry,2025-07,Kiryandongo,Kiryandongo (refugee settlement),KG,UGX,3777.0
beans_dry,2025-08,Kiryandongo,Kiryandongo (refugee settlement),KG,UGX,3458.0
beans_dry,2025-09,Kiryandongo,Kiryandongo (refugee settlement),KG,UGX,3042.0
beans_dry,2025-10,Kiryandongo,Kiryandongo (refugee settlement),KG,UGX,2833.0
beans_dry,2025-11,Kiryandongo,Kiryandongo (refugee settlement),KG,UGX,2750.0
beans_dry,2025-12,Kiryandongo,Kiryandongo (refugee settlement),KG,UGX,3083.0
beans_dry,2026-01,Kiryandongo,Kiryandongo (refugee settlement),KG,UGX,3287.0
beans_dry,2026-02,Kiryandongo,Kiryandongo (refugee settlement),KG,UGX,3213.0
beans_dry,2026-03,Kiryandongo,Kiryandongo (refugee settlement),KG,UGX,3167.0
beans_dry,2026-04,Kiryandongo,Kiryandongo (refugee settlement),KG,UGX,3318.0
beans_dry,2026-05,Kiryandongo,Kiryandongo (refugee settlement),KG,UGX,3444.0
beans_dry,2026-06,Kiryandongo,Kiryandongo (refugee settlement),KG,UGX,3042.0
beans_dry,2026-07,Kiryandongo,Kiryandongo (refugee settlement),KG,UGX,3067.0
beans_dry,2026-08,Kiryandongo,Kiryandongo (refugee settlement),KG,UGX,3667.0
beans_dry,2024-01,Kotido,Kotido,KG,UGX,2760.0
beans_dry,2024-02,Kotido,Kotido,KG,UGX,2550.0
beans_dry,2024-03,Kotido,Kotido,KG,UGX,2500.0
beans_dry,2024-04,Kotido,Kotido,KG,UGX,2600.0
beans_dry,2024-05,Kotido,Kotido,KG,UGX,2840.0
beans_dry,2024-06,Kotido,Kotido,KG,UGX,3160.0
beans_dry,2024-07,Kotido,Kotido,KG,UGX,2900.0
beans_dry,2024-08,Kotido,Kotido,KG,UGX,2933.0
beans_dry,2024-09,Kotido,Kotido,KG,UGX,3000.0
beans_dry,2024-10,Kotido,Kotido,KG,UGX,3500.0
beans_dry,2024-11,Kotido,Kotido,KG,UGX,3250.0
beans_dry,2024-12,Kotido,Kotido,KG,UGX,3500.0
beans_dry,2025-01,Kotido,Kotido,KG,UGX,3500.0
beans_dry,2025-02,Kotido,Kotido,KG,UGX,3500.0
beans_dry,2025-03,Kotido,Kotido,KG,UGX,3583.0
beans_dry,2025-04,Kotido,Kotido,KG,UGX,3700.0
beans_dry,2025-05,Kotido,Kotido,KG,UGX,4000.0
beans_dry,2025-06,Kotido,Kotido,KG,UGX,4188.0
beans_dry,2025-07,Kotido,Kotido,KG,UGX,3525.0
beans_dry,2025-08,Kotido,Kotido,KG,UGX,3000.0
beans_dry,2025-09,Kotido,Kotido,KG,UGX,3000.0
beans_dry,2025-10,Kotido,Kotido,KG,UGX,3000.0
beans_dry,2025-11,Kotido,Kotido,KG,UGX,3000.0
beans_dry,2025-12,Kotido,Kotido,KG,UGX,3000.0
beans_dry,2026-01,Kotido,Kotido,KG,UGX,2997.0
beans_dry,2024-01,Kyegegwa,Kyaka II (refugee settlement),KG,UGX,1783.0
beans_dry,2024-02,Kyegegwa,Kyaka II (refugee settlement),KG,UGX,1933.0
beans_dry,2024-03,Kyegegwa,Kyaka II (refugee settlement),KG,UGX,2300.0
beans_dry,2024-04,Kyegegwa,Kyaka II (refugee settlement),KG,UGX,2231.0
beans_dry,2024-05,Kyegegwa,Kyaka II (refugee settlement),KG,UGX,2000.0
beans_dry,2024-06,Kyegegwa,Kyaka II (refugee settlement),KG,UGX,1725.0
beans_dry,2024-07,Kyegegwa,Kyaka II (refugee settlement),KG,UGX,2367.0
beans_dry,2024-08,Kyegegwa,Kyaka II (refugee settlement),KG,UGX,2500.0
beans_dry,2024-09,Kyegegwa,Kyaka II (refugee settlement),KG,UGX,2197.0
beans_dry,2024-10,Kyegegwa,Kyaka II (refugee settlement),KG,UGX,2197.0
beans_dry,2024-11,Kyegegwa,Kyaka II (refugee settlement),KG,UGX,2298.0
beans_dry,2024-12,Kyegegwa,Kyaka II (refugee settlement),KG,UGX,1947.0
beans_dry,2025-01,Kyegegwa,Kyaka II (refugee settlement),KG,UGX,2147.0
beans_dry,2025-02,Kyegegwa,Kyaka II (refugee settlement),KG,UGX,2650.0
beans_dry,2025-03,Kyegegwa,Kyaka II (refugee settlement),KG,UGX,2971.0
beans_dry,2025-04,Kyegegwa,Kyaka II (refugee settlement),KG,UGX,3445.0
beans_dry,2025-05,Kyegegwa,Kyaka II (refugee settlement),KG,UGX,3849.0
beans_dry,2025-06,Kyegegwa,Kyaka II (refugee settlement),KG,UGX,2905.0
beans_dry,2025-07,Kyegegwa,Kyaka II (refugee settlement),KG,UGX,2411.0
beans_dry,2025-08,Kyegegwa,Kyaka II (refugee settlement),KG,UGX,2490.0
beans_dry,2025-09,Kyegegwa,Kyaka II (refugee settlement),KG,UGX,3936.0
beans_dry,2025-10,Kyegegwa,Kyaka II (refugee settlement),KG,UGX,2167.0
beans_dry,2025-11,Kyegegwa,Kyaka II (refugee settlement),KG,UGX,1915.0
beans_dry,2025-12,Kyegegwa,Kyaka II (refugee settlement),KG,UGX,1642.0
beans_dry,2026-01,Kyegegwa,Kyaka II (refugee settlement),KG,UGX,2013.0
beans_dry,2026-02,Kyegegwa,Kyaka II (refugee settlement),KG,UGX,2273.0
beans_dry,2026-03,Kyegegwa,Kyaka II (refugee settlement),KG,UGX,2280.0
beans_dry,2026-04,Kyegegwa,Kyaka II (refugee settlement),KG,UGX,2833.0
beans_dry,2026-05,Kyegegwa,Kyaka II (refugee settlement),KG,UGX,2633.0
beans_dry,2026-06,Kyegegwa,Kyaka II (refugee settlement),KG,UGX,2400.0
beans_dry,2026-07,Kyegegwa,Kyaka II (refugee settlement),KG,UGX,2400.0
beans_dry,2026-08,Kyegegwa,Kyaka II (refugee settlement),KG,UGX,3167.0
beans_dry,2024-01,Hoima,Kyangwali (refugee settlement),KG,UGX,2778.0
beans_dry,2024-02,Hoima,Kyangwali (refugee settlement),KG,UGX,2842.0
beans_dry,2024-03,Hoima,Kyangwali (refugee settlement),KG,UGX,2973.0
beans_dry,2024-04,Hoima,Kyangwali (refugee settlement),KG,UGX,2850.0
beans_dry,2024-05,Hoima,Kyangwali (refugee settlement),KG,UGX,3013.0
beans_dry,2024-06,Hoima,Kyangwali (refugee settlement),KG,UGX,2933.0
beans_dry,2024-07,Hoima,Kyangwali (refugee settlement),KG,UGX,3089.0
beans_dry,2024-08,Hoima,Kyangwali (refugee settlement),KG,UGX,3289.0
beans_dry,2024-09,Hoima,Kyangwali (refugee settlement),KG,UGX,3333.0
beans_dry,2024-10,Hoima,Kyangwali (refugee settlement),KG,UGX,3333.0
beans_dry,2024-11,Hoima,Kyangwali (refugee settlement),KG,UGX,3318.0
beans_dry,2024-12,Hoima,Kyangwali (refugee settlement),KG,UGX,3318.0
beans_dry,2025-01,Hoima,Kyangwali (refugee settlement),KG,UGX,4417.0
beans_dry,2025-02,Hoima,Kyangwali (refugee settlement),KG,UGX,2738.0
beans_dry,2025-03,Hoima,Kyangwali (refugee settlement),KG,UGX,2783.0
beans_dry,2025-04,Hoima,Kyangwali (refugee settlement),KG,UGX,2540.0
beans_dry,2025-05,Hoima,Kyangwali (refugee settlement),KG,UGX,4000.0
beans_dry,2025-06,Hoima,Kyangwali (refugee settlement),KG,UGX,3278.0
beans_dry,2025-07,Hoima,Kyangwali (refugee settlement),KG,UGX,4000.0
beans_dry,2025-08,Hoima,Kyangwali (refugee settlement),KG,UGX,3000.0
beans_dry,2025-09,Hoima,Kyangwali (refugee settlement),KG,UGX,2396.0
beans_dry,2025-10,Hoima,Kyangwali (refugee settlement),KG,UGX,2250.0
beans_dry,2025-11,Hoima,Kyangwali (refugee settlement),KG,UGX,2243.0
beans_dry,2025-12,Hoima,Kyangwali (refugee settlement),KG,UGX,2296.0
beans_dry,2026-01,Hoima,Kyangwali (refugee settlement),KG,UGX,2429.0
beans_dry,2026-02,Hoima,Kyangwali (refugee settlement),KG,UGX,2109.0
beans_dry,2026-03,Hoima,Kyangwali (refugee settlement),KG,UGX,2198.0
beans_dry,2026-04,Hoima,Kyangwali (refugee settlement),KG,UGX,2750.0
beans_dry,2026-05,Hoima,Kyangwali (refugee settlement),KG,UGX,2857.0
beans_dry,2026-06,Hoima,Kyangwali (refugee settlement),KG,UGX,2520.0
beans_dry,2026-07,Hoima,Kyangwali (refugee settlement),KG,UGX,2360.0
beans_dry,2026-08,Hoima,Kyangwali (refugee settlement),KG,UGX,2110.0
beans_dry,2024-01,Lira,Lira,KG,UGX,3800.0
beans_dry,2024-02,Lira,Lira,KG,UGX,4500.0
beans_dry,2024-03,Lira,Lira,KG,UGX,4300.0
beans_dry,2024-04,Lira,Lira,KG,UGX,4000.0
beans_dry,2024-05,Lira,Lira,KG,UGX,4250.0
beans_dry,2024-06,Lira,Lira,KG,UGX,4000.0
beans_dry,2024-07,Lira,Lira,KG,UGX,3875.0
beans_dry,2024-08,Lira,Lira,KG,UGX,3938.0
beans_dry,2024-09,Lira,Lira,KG,UGX,4667.0
beans_dry,2024-10,Lira,Lira,KG,UGX,4267.0
beans_dry,2024-11,Lira,Lira,KG,UGX,4500.0
beans_dry,2024-12,Lira,Lira,KG,UGX,4360.0
beans_dry,2025-01,Lira,Lira,KG,UGX,2120.0
beans_dry,2025-02,Lira,Lira,KG,UGX,3660.0
beans_dry,2025-03,Lira,Lira,KG,UGX,3713.0
beans_dry,2025-04,Lira,Lira,KG,UGX,4000.0
beans_dry,2025-05,Lira,Lira,KG,UGX,4825.0
beans_dry,2025-06,Lira,Lira,KG,UGX,4200.0
beans_dry,2025-07,Lira,Lira,KG,UGX,3760.0
beans_dry,2025-08,Lira,Lira,KG,UGX,3100.0
beans_dry,2025-09,Lira,Lira,KG,UGX,3300.0
beans_dry,2025-10,Lira,Lira,KG,UGX,4000.0
beans_dry,2025-11,Lira,Lira,KG,UGX,3833.0
beans_dry,2025-12,Lira,Lira,KG,UGX,3500.0
beans_dry,2024-01,Koboko,Lobule (refugee settlement),KG,UGX,4333.0
beans_dry,2024-02,Koboko,Lobule (refugee settlement),KG,UGX,4500.0
beans_dry,2024-03,Koboko,Lobule (refugee settlement),KG,UGX,3750.0
beans_dry,2024-04,Koboko,Lobule (refugee settlement),KG,UGX,4500.0
beans_dry,2024-05,Koboko,Lobule (refugee settlement),KG,UGX,4250.0
beans_dry,2024-06,Koboko,Lobule (refugee settlement),KG,UGX,4167.0
beans_dry,2024-07,Koboko,Lobule (refugee settlement),KG,UGX,4000.0
beans_dry,2024-08,Koboko,Lobule (refugee settlement),KG,UGX,4139.0
beans_dry,2024-09,Koboko,Lobule (refugee settlement),KG,UGX,4102.0
beans_dry,2024-10,Koboko,Lobule (refugee settlement),KG,UGX,3900.0
beans_dry,2024-11,Koboko,Lobule (refugee settlement),KG,UGX,3250.0
beans_dry,2024-12,Koboko,Lobule (refugee settlement),KG,UGX,3575.0
beans_dry,2025-01,Koboko,Lobule (refugee settlement),KG,UGX,2077.0
beans_dry,2025-02,Koboko,Lobule (refugee settlement),KG,UGX,4362.0
beans_dry,2025-03,Koboko,Lobule (refugee settlement),KG,UGX,4103.0
beans_dry,2025-04,Koboko,Lobule (refugee settlement),KG,UGX,4467.0
beans_dry,2025-05,Koboko,Lobule (refugee settlement),KG,UGX,4250.0
beans_dry,2025-06,Koboko,Lobule (refugee settlement),KG,UGX,4273.0
beans_dry,2025-07,Koboko,Lobule (refugee settlement),KG,UGX,4330.0
beans_dry,2025-08,Koboko,Lobule (refugee settlement),KG,UGX,4440.0
beans_dry,2025-09,Koboko,Lobule (refugee settlement),KG,UGX,2459.0
beans_dry,2025-10,Koboko,Lobule (refugee settlement),KG,UGX,4021.0
beans_dry,2025-11,Koboko,Lobule (refugee settlement),KG,UGX,4167.0
beans_dry,2025-12,Koboko,Lobule (refugee settlement),KG,UGX,4222.0
beans_dry,2026-01,Koboko,Lobule (refugee settlement),KG,UGX,3740.0
beans_dry,2026-02,Koboko,Lobule (refugee settlement),KG,UGX,3806.0
beans_dry,2026-03,Koboko,Lobule (refugee settlement),KG,UGX,3958.0
beans_dry,2026-04,Koboko,Lobule (refugee settlement),KG,UGX,4167.0
beans_dry,2026-05,Koboko,Lobule (refugee settlement),KG,UGX,4000.0
beans_dry,2026-06,Koboko,Lobule (refugee settlement),KG,UGX,3500.0
beans_dry,2026-07,Koboko,Lobule (refugee settlement),KG,UGX,3820.0
beans_dry,2026-08,Koboko,Lobule (refugee settlement),KG,UGX,4233.0
beans_dry,2024-01,Abim,Makaratin,KG,UGX,2550.0
beans_dry,2024-02,Abim,Makaratin,KG,UGX,2475.0
beans_dry,2024-03,Abim,Makaratin,KG,UGX,2550.0
beans_dry,2024-04,Abim,Makaratin,KG,UGX,2900.0
beans_dry,2024-05,Abim,Makaratin,KG,UGX,3550.0
beans_dry,2024-06,Abim,Makaratin,KG,UGX,4380.0
beans_dry,2024-07,Abim,Makaratin,KG,UGX,3600.0
beans_dry,2024-08,Abim,Makaratin,KG,UGX,3500.0
beans_dry,2024-09,Abim,Makaratin,KG,UGX,3500.0
beans_dry,2024-10,Abim,Makaratin,KG,UGX,3500.0
beans_dry,2024-11,Abim,Makaratin,KG,UGX,3500.0
beans_dry,2024-12,Abim,Makaratin,KG,UGX,3500.0
beans_dry,2025-01,Abim,Makaratin,KG,UGX,3250.0
beans_dry,2025-02,Abim,Makaratin,KG,UGX,3417.0
beans_dry,2025-03,Abim,Makaratin,KG,UGX,3550.0
beans_dry,2025-04,Abim,Makaratin,KG,UGX,3400.0
beans_dry,2025-05,Abim,Makaratin,KG,UGX,4125.0
beans_dry,2025-06,Abim,Makaratin,KG,UGX,4260.0
beans_dry,2025-07,Abim,Makaratin,KG,UGX,4188.0
beans_dry,2025-08,Abim,Makaratin,KG,UGX,3275.0
beans_dry,2025-09,Abim,Makaratin,KG,UGX,2710.0
beans_dry,2025-10,Abim,Makaratin,KG,UGX,2488.0
beans_dry,2025-11,Abim,Makaratin,KG,UGX,2700.0
beans_dry,2025-12,Abim,Makaratin,KG,UGX,3020.0
beans_dry,2026-01,Abim,Makaratin,KG,UGX,2981.0
beans_dry,2024-01,Masaka,Masaka,KG,UGX,2850.0
beans_dry,2024-02,Masaka,Masaka,KG,UGX,3500.0
beans_dry,2024-03,Masaka,Masaka,KG,UGX,3600.0
beans_dry,2024-04,Masaka,Masaka,KG,UGX,3700.0
beans_dry,2024-05,Masaka,Masaka,KG,UGX,4250.0
beans_dry,2024-06,Masaka,Masaka,KG,UGX,3600.0
beans_dry,2024-07,Masaka,Masaka,KG,UGX,4500.0
beans_dry,2024-08,Masaka,Masaka,KG,UGX,4444.0
beans_dry,2024-09,Masaka,Masaka,KG,UGX,4500.0
beans_dry,2024-10,Masaka,Masaka,KG,UGX,4500.0
beans_dry,2024-11,Masaka,Masaka,KG,UGX,4500.0
beans_dry,2024-12,Masaka,Masaka,KG,UGX,4450.0
beans_dry,2025-01,Masaka,Masaka,KG,UGX,4560.0
beans_dry,2025-02,Masaka,Masaka,KG,UGX,4503.0
beans_dry,2025-03,Masaka,Masaka,KG,UGX,4568.0
beans_dry,2025-04,Masaka,Masaka,KG,UGX,4710.0
beans_dry,2025-05,Masaka,Masaka,KG,UGX,3250.0
beans_dry,2025-06,Masaka,Masaka,KG,UGX,3100.0
beans_dry,2025-07,Masaka,Masaka,KG,UGX,2850.0
beans_dry,2025-08,Masaka,Masaka,KG,UGX,3000.0
beans_dry,2025-09,Masaka,Masaka,KG,UGX,3200.0
beans_dry,2025-10,Masaka,Masaka,KG,UGX,3067.0
beans_dry,2025-11,Masaka,Masaka,KG,UGX,3000.0
beans_dry,2025-12,Masaka,Masaka,KG,UGX,2975.0
beans_dry,2026-01,Masaka,Masaka,KG,UGX,3616.0
beans_dry,2026-02,Masaka,Masaka,KG,UGX,3737.0
beans_dry,2026-03,Masaka,Masaka,KG,UGX,3500.0
beans_dry,2026-04,Masaka,Masaka,KG,UGX,3500.0
beans_dry,2024-01,Masindi,Masindi,KG,UGX,4600.0
beans_dry,2024-02,Masindi,Masindi,KG,UGX,4367.0
beans_dry,2024-03,Masindi,Masindi,KG,UGX,5000.0
beans_dry,2024-04,Masindi,Masindi,KG,UGX,5000.0
beans_dry,2024-05,Masindi,Masindi,KG,UGX,5000.0
beans_dry,2024-06,Masindi,Masindi,KG,UGX,4000.0
beans_dry,2024-07,Masindi,Masindi,KG,UGX,4000.0
beans_dry,2024-08,Masindi,Masindi,KG,UGX,4000.0
beans_dry,2024-09,Masindi,Masindi,KG,UGX,4000.0
beans_dry,2024-10,Masindi,Masindi,KG,UGX,4000.0
beans_dry,2024-11,Masindi,Masindi,KG,UGX,2500.0
beans_dry,2024-12,Masindi,Masindi,KG,UGX,2000.0
beans_dry,2025-01,Masindi,Masindi,KG,UGX,3295.0
beans_dry,2025-02,Masindi,Masindi,KG,UGX,4000.0
beans_dry,2025-03,Masindi,Masindi,KG,UGX,4000.0
beans_dry,2025-04,Masindi,Masindi,KG,UGX,4000.0
beans_dry,2025-05,Masindi,Masindi,KG,UGX,3788.0
beans_dry,2025-06,Masindi,Masindi,KG,UGX,3775.0
beans_dry,2025-07,Masindi,Masindi,KG,UGX,3550.0
beans_dry,2025-08,Masindi,Masindi,KG,UGX,3500.0
beans_dry,2025-09,Masindi,Masindi,KG,UGX,3222.0
beans_dry,2025-10,Masindi,Masindi,KG,UGX,2818.0
beans_dry,2025-11,Masindi,Masindi,KG,UGX,2714.0
beans_dry,2025-12,Masindi,Masindi,KG,UGX,2667.0
beans_dry,2024-01,Mbale,Mbale,KG,UGX,4250.0
beans_dry,2024-02,Mbale,Mbale,KG,UGX,4000.0
beans_dry,2024-03,Mbale,Mbale,KG,UGX,4000.0
beans_dry,2024-04,Mbale,Mbale,KG,UGX,4000.0
beans_dry,2024-05,Mbale,Mbale,KG,UGX,4000.0
beans_dry,2024-06,Mbale,Mbale,KG,UGX,4000.0
beans_dry,2024-07,Mbale,Mbale,KG,UGX,4000.0
beans_dry,2024-08,Mbale,Mbale,KG,UGX,4000.0
beans_dry,2024-09,Mbale,Mbale,KG,UGX,3625.0
beans_dry,2024-10,Mbale,Mbale,KG,UGX,3500.0
beans_dry,2024-11,Mbale,Mbale,KG,UGX,3500.0
beans_dry,2024-12,Mbale,Mbale,KG,UGX,3500.0
beans_dry,2025-01,Mbale,Mbale,KG,UGX,3500.0
beans_dry,2025-02,Mbale,Mbale,KG,UGX,3500.0
beans_dry,2025-03,Mbale,Mbale,KG,UGX,3550.0
beans_dry,2025-04,Mbale,Mbale,KG,UGX,3660.0
beans_dry,2025-05,Mbale,Mbale,KG,UGX,3500.0
beans_dry,2026-01,Mbale,Mbale,KG,UGX,3129.0
beans_dry,2026-02,Mbale,Mbale,KG,UGX,3225.0
beans_dry,2026-03,Mbale,Mbale,KG,UGX,3507.0
beans_dry,2026-04,Mbale,Mbale,KG,UGX,3460.0
beans_dry,2024-01,Mbarara,Mbarara,KG,UGX,4125.0
beans_dry,2024-02,Mbarara,Mbarara,KG,UGX,4000.0
beans_dry,2024-03,Mbarara,Mbarara,KG,UGX,4000.0
beans_dry,2024-04,Mbarara,Mbarara,KG,UGX,4000.0
beans_dry,2024-05,Mbarara,Mbarara,KG,UGX,4000.0
beans_dry,2024-06,Mbarara,Mbarara,KG,UGX,4000.0
beans_dry,2024-07,Mbarara,Mbarara,KG,UGX,4000.0
beans_dry,2024-08,Mbarara,Mbarara,KG,UGX,4278.0
beans_dry,2024-09,Mbarara,Mbarara,KG,UGX,4875.0
beans_dry,2024-10,Mbarara,Mbarara,KG,UGX,5000.0
beans_dry,2024-11,Mbarara,Mbarara,KG,UGX,5000.0
beans_dry,2024-12,Mbarara,Mbarara,KG,UGX,5000.0
beans_dry,2025-01,Mbarara,Mbarara,KG,UGX,5000.0
beans_dry,2025-02,Mbarara,Mbarara,KG,UGX,5000.0
beans_dry,2025-03,Mbarara,Mbarara,KG,UGX,5072.0
beans_dry,2025-04,Mbarara,Mbarara,KG,UGX,5229.0
beans_dry,2025-05,Mbarara,Mbarara,KG,UGX,5125.0
beans_dry,2025-06,Mbarara,Mbarara,KG,UGX,4000.0
beans_dry,2025-07,Mbarara,Mbarara,KG,UGX,3500.0
beans_dry,2025-08,Mbarara,Mbarara,KG,UGX,3833.0
beans_dry,2025-09,Mbarara,Mbarara,KG,UGX,4000.0
beans_dry,2025-10,Mbarara,Mbarara,KG,UGX,4000.0
beans_dry,2025-11,Mbarara,Mbarara,KG,UGX,3500.0
beans_dry,2025-12,Mbarara,Mbarara,KG,UGX,3411.0
beans_dry,2026-01,Mbarara,Mbarara,KG,UGX,3078.0
beans_dry,2026-02,Mbarara,Mbarara,KG,UGX,3078.0
beans_dry,2026-03,Mbarara,Mbarara,KG,UGX,3325.0
beans_dry,2026-04,Mbarara,Mbarara,KG,UGX,3604.0
beans_dry,2024-01,Moroto,Moroto,KG,UGX,4000.0
beans_dry,2024-02,Moroto,Moroto,KG,UGX,4000.0
beans_dry,2024-03,Moroto,Moroto,KG,UGX,4000.0
beans_dry,2024-04,Moroto,Moroto,KG,UGX,4000.0
beans_dry,2024-05,Moroto,Moroto,KG,UGX,4000.0
beans_dry,2024-06,Moroto,Moroto,KG,UGX,4000.0
beans_dry,2024-07,Moroto,Moroto,KG,UGX,4000.0
beans_dry,2024-08,Moroto,Moroto,KG,UGX,4000.0
beans_dry,2024-09,Moroto,Moroto,KG,UGX,4000.0
beans_dry,2024-10,Moroto,Moroto,KG,UGX,4000.0
beans_dry,2024-11,Moroto,Moroto,KG,UGX,4000.0
beans_dry,2024-12,Moroto,Moroto,KG,UGX,4000.0
beans_dry,2025-01,Moroto,Moroto,KG,UGX,4000.0
beans_dry,2025-02,Moroto,Moroto,KG,UGX,4000.0
beans_dry,2025-03,Moroto,Moroto,KG,UGX,4000.0
beans_dry,2025-04,Moroto,Moroto,KG,UGX,4042.0
beans_dry,2025-05,Moroto,Moroto,KG,UGX,4773.0
beans_dry,2025-06,Moroto,Moroto,KG,UGX,4875.0
beans_dry,2025-07,Moroto,Moroto,KG,UGX,4358.0
beans_dry,2025-08,Moroto,Moroto,KG,UGX,3927.0
beans_dry,2025-09,Moroto,Moroto,KG,UGX,3729.0
beans_dry,2025-10,Moroto,Moroto,KG,UGX,3733.0
beans_dry,2025-11,Moroto,Moroto,KG,UGX,3620.0
beans_dry,2025-12,Moroto,Moroto,KG,UGX,3747.0
beans_dry,2026-01,Moroto,Moroto,KG,UGX,3707.0
beans_dry,2024-01,Mukono,Mukono,KG,UGX,3875.0
beans_dry,2024-02,Mukono,Mukono,KG,UGX,3667.0
beans_dry,2024-03,Mukono,Mukono,KG,UGX,3350.0
beans_dry,2024-04,Mukono,Mukono,KG,UGX,3850.0
beans_dry,2024-05,Mukono,Mukono,KG,UGX,3800.0
beans_dry,2024-06,Mukono,Mukono,KG,UGX,4050.0
beans_dry,2024-07,Mukono,Mukono,KG,UGX,4000.0
beans_dry,2024-08,Mukono,Mukono,KG,UGX,4056.0
beans_dry,2024-09,Mukono,Mukono,KG,UGX,4000.0
beans_dry,2024-10,Mukono,Mukono,KG,UGX,4125.0
beans_dry,2024-11,Mukono,Mukono,KG,UGX,4000.0
beans_dry,2024-12,Mukono,Mukono,KG,UGX,4150.0
beans_dry,2025-01,Mukono,Mukono,KG,UGX,4333.0
beans_dry,2025-02,Mukono,Mukono,KG,UGX,4500.0
beans_dry,2025-03,Mukono,Mukono,KG,UGX,4565.0
beans_dry,2025-04,Mukono,Mukono,KG,UGX,4707.0
beans_dry,2024-01,Nakapiripirit,Nabilatuk,KG,UGX,2867.0
beans_dry,2024-02,Nakapiripirit,Nabilatuk,KG,UGX,3000.0
beans_dry,2024-03,Nakapiripirit,Nabilatuk,KG,UGX,3480.0
beans_dry,2024-04,Nakapiripirit,Nabilatuk,KG,UGX,3400.0
beans_dry,2024-05,Nakapiripirit,Nabilatuk,KG,UGX,3600.0
beans_dry,2024-06,Nakapiripirit,Nabilatuk,KG,UGX,3600.0
beans_dry,2024-07,Nakapiripirit,Nabilatuk,KG,UGX,3120.0
beans_dry,2024-08,Nakapiripirit,Nabilatuk,KG,UGX,2740.0
beans_dry,2024-09,Nakapiripirit,Nabilatuk,KG,UGX,2700.0
beans_dry,2024-10,Nakapiripirit,Nabilatuk,KG,UGX,3600.0
beans_dry,2024-11,Nakapiripirit,Nabilatuk,KG,UGX,3013.0
beans_dry,2024-12,Nakapiripirit,Nabilatuk,KG,UGX,3950.0
beans_dry,2025-01,Nakapiripirit,Nabilatuk,KG,UGX,3800.0
beans_dry,2025-02,Nakapiripirit,Nabilatuk,KG,UGX,3500.0
beans_dry,2025-03,Nakapiripirit,Nabilatuk,KG,UGX,3600.0
beans_dry,2025-04,Nakapiripirit,Nabilatuk,KG,UGX,3964.0
beans_dry,2025-05,Nakapiripirit,Nabilatuk,KG,UGX,4511.0
beans_dry,2025-06,Nakapiripirit,Nabilatuk,KG,UGX,4476.0
beans_dry,2025-07,Nakapiripirit,Nabilatuk,KG,UGX,3833.0
beans_dry,2025-08,Nakapiripirit,Nabilatuk,KG,UGX,3267.0
beans_dry,2025-09,Nakapiripirit,Nabilatuk,KG,UGX,3233.0
beans_dry,2025-10,Nakapiripirit,Nabilatuk,KG,UGX,3044.0
beans_dry,2025-11,Nakapiripirit,Nabilatuk,KG,UGX,3444.0
beans_dry,2025-12,Nakapiripirit,Nabilatuk,KG,UGX,3383.0
beans_dry,2026-01,Nakapiripirit,Nabilatuk,KG,UGX,3358.0
beans_dry,2024-01,Isingiro,Nakivale (refugee settlement),KG,UGX,2000.0
beans_dry,2024-02,Isingiro,Nakivale (refugee settlement),KG,UGX,2000.0
beans_dry,2024-03,Isingiro,Nakivale (refugee settlement),KG,UGX,2000.0
beans_dry,2024-04,Isingiro,Nakivale (refugee settlement),KG,UGX,2000.0
beans_dry,2024-05,Isingiro,Nakivale (refugee settlement),KG,UGX,2000.0
beans_dry,2024-06,Isingiro,Nakivale (refugee settlement),KG,UGX,1900.0
beans_dry,2024-07,Isingiro,Nakivale (refugee settlement),KG,UGX,2217.0
beans_dry,2024-08,Isingiro,Nakivale (refugee settlement),KG,UGX,2500.0
beans_dry,2024-09,Isingiro,Nakivale (refugee settlement),KG,UGX,3000.0
beans_dry,2024-10,Isingiro,Nakivale (refugee settlement),KG,UGX,3000.0
beans_dry,2024-11,Isingiro,Nakivale (refugee settlement),KG,UGX,3000.0
beans_dry,2024-12,Isingiro,Nakivale (refugee settlement),KG,UGX,2610.0
beans_dry,2025-01,Isingiro,Nakivale (refugee settlement),KG,UGX,2438.0
beans_dry,2025-02,Isingiro,Nakivale (refugee settlement),KG,UGX,2600.0
beans_dry,2025-03,Isingiro,Nakivale (refugee settlement),KG,UGX,2752.0
beans_dry,2025-04,Isingiro,Nakivale (refugee settlement),KG,UGX,2983.0
beans_dry,2025-05,Isingiro,Nakivale (refugee settlement),KG,UGX,3156.0
beans_dry,2025-06,Isingiro,Nakivale (refugee settlement),KG,UGX,2964.0
beans_dry,2025-07,Isingiro,Nakivale (refugee settlement),KG,UGX,3034.0
beans_dry,2025-08,Isingiro,Nakivale (refugee settlement),KG,UGX,2738.0
beans_dry,2025-09,Isingiro,Nakivale (refugee settlement),KG,UGX,2583.0
beans_dry,2025-10,Isingiro,Nakivale (refugee settlement),KG,UGX,2238.0
beans_dry,2025-11,Isingiro,Nakivale (refugee settlement),KG,UGX,1467.0
beans_dry,2025-12,Isingiro,Nakivale (refugee settlement),KG,UGX,1100.0
beans_dry,2026-01,Isingiro,Nakivale (refugee settlement),KG,UGX,1134.0
beans_dry,2026-02,Isingiro,Nakivale (refugee settlement),KG,UGX,1141.0
beans_dry,2026-03,Isingiro,Nakivale (refugee settlement),KG,UGX,1714.0
beans_dry,2026-04,Isingiro,Nakivale (refugee settlement),KG,UGX,2480.0
beans_dry,2026-05,Isingiro,Nakivale (refugee settlement),KG,UGX,2000.0
beans_dry,2026-06,Isingiro,Nakivale (refugee settlement),KG,UGX,2230.0
beans_dry,2026-07,Isingiro,Nakivale (refugee settlement),KG,UGX,2300.0
beans_dry,2026-08,Isingiro,Nakivale (refugee settlement),KG,UGX,2625.0
beans_dry,2024-01,Nakapiripirit,Namalu,KG,UGX,3000.0
beans_dry,2024-02,Nakapiripirit,Namalu,KG,UGX,3000.0
beans_dry,2024-03,Nakapiripirit,Namalu,KG,UGX,2960.0
beans_dry,2024-04,Nakapiripirit,Namalu,KG,UGX,2960.0
beans_dry,2024-05,Nakapiripirit,Namalu,KG,UGX,3000.0
beans_dry,2024-06,Nakapiripirit,Namalu,KG,UGX,3000.0
beans_dry,2024-07,Nakapiripirit,Namalu,KG,UGX,2500.0
beans_dry,2024-08,Nakapiripirit,Namalu,KG,UGX,2430.0
beans_dry,2024-09,Nakapiripirit,Namalu,KG,UGX,2575.0
beans_dry,2024-10,Nakapiripirit,Namalu,KG,UGX,2680.0
beans_dry,2024-11,Nakapiripirit,Namalu,KG,UGX,2562.0
beans_dry,2024-12,Nakapiripirit,Namalu,KG,UGX,3700.0
beans_dry,2025-01,Nakapiripirit,Namalu,KG,UGX,4067.0
beans_dry,2025-02,Nakapiripirit,Namalu,KG,UGX,3500.0
beans_dry,2025-03,Nakapiripirit,Namalu,KG,UGX,4083.0
beans_dry,2025-04,Nakapiripirit,Namalu,KG,UGX,4125.0
beans_dry,2025-05,Nakapiripirit,Namalu,KG,UGX,4550.0
beans_dry,2025-06,Nakapiripirit,Namalu,KG,UGX,3875.0
beans_dry,2025-07,Nakapiripirit,Namalu,KG,UGX,2067.0
beans_dry,2025-08,Nakapiripirit,Namalu,KG,UGX,2067.0
beans_dry,2025-09,Nakapiripirit,Namalu,KG,UGX,2100.0
beans_dry,2025-10,Nakapiripirit,Namalu,KG,UGX,2700.0
beans_dry,2025-11,Nakapiripirit,Namalu,KG,UGX,3000.0
beans_dry,2025-12,Nakapiripirit,Namalu,KG,UGX,3100.0
beans_dry,2026-01,Nakapiripirit,Namalu,KG,UGX,3080.0
beans_dry,2024-01,Napak,Napak,KG,UGX,4000.0
beans_dry,2024-02,Napak,Napak,KG,UGX,4000.0
beans_dry,2024-03,Napak,Napak,KG,UGX,4000.0
beans_dry,2024-04,Napak,Napak,KG,UGX,4000.0
beans_dry,2024-05,Napak,Napak,KG,UGX,4317.0
beans_dry,2024-06,Napak,Napak,KG,UGX,4000.0
beans_dry,2024-07,Napak,Napak,KG,UGX,4000.0
beans_dry,2024-08,Napak,Napak,KG,UGX,4000.0
beans_dry,2024-09,Napak,Napak,KG,UGX,4000.0
beans_dry,2024-10,Napak,Napak,KG,UGX,4000.0
beans_dry,2024-11,Napak,Napak,KG,UGX,4000.0
beans_dry,2024-12,Napak,Napak,KG,UGX,4000.0
beans_dry,2025-01,Napak,Napak,KG,UGX,4000.0
beans_dry,2025-02,Napak,Napak,KG,UGX,4000.0
beans_dry,2025-03,Napak,Napak,KG,UGX,4000.0
beans_dry,2025-04,Napak,Napak,KG,UGX,4125.0
beans_dry,2025-05,Napak,Napak,KG,UGX,4542.0
beans_dry,2025-06,Napak,Napak,KG,UGX,4571.0
beans_dry,2025-07,Napak,Napak,KG,UGX,4413.0
beans_dry,2025-08,Napak,Napak,KG,UGX,4000.0
beans_dry,2025-09,Napak,Napak,KG,UGX,4000.0
beans_dry,2025-10,Napak,Napak,KG,UGX,4000.0
beans_dry,2025-11,Napak,Napak,KG,UGX,4500.0
beans_dry,2026-01,Napak,Napak,KG,UGX,4516.0
beans_dry,2024-01,Isingiro,Oruchinga (refugee settlement),KG,UGX,2000.0
beans_dry,2024-02,Isingiro,Oruchinga (refugee settlement),KG,UGX,2000.0
beans_dry,2024-03,Isingiro,Oruchinga (refugee settlement),KG,UGX,2000.0
beans_dry,2024-04,Isingiro,Oruchinga (refugee settlement),KG,UGX,2000.0
beans_dry,2024-05,Isingiro,Oruchinga (refugee settlement),KG,UGX,2000.0
beans_dry,2024-06,Isingiro,Oruchinga (refugee settlement),KG,UGX,2000.0
beans_dry,2024-07,Isingiro,Oruchinga (refugee settlement),KG,UGX,2150.0
beans_dry,2024-08,Isingiro,Oruchinga (refugee settlement),KG,UGX,2500.0
beans_dry,2024-09,Isingiro,Oruchinga (refugee settlement),KG,UGX,3000.0
beans_dry,2024-10,Isingiro,Oruchinga (refugee settlement),KG,UGX,3000.0
beans_dry,2024-11,Isingiro,Oruchinga (refugee settlement),KG,UGX,2700.0
beans_dry,2024-12,Isingiro,Oruchinga (refugee settlement),KG,UGX,2257.0
beans_dry,2025-01,Isingiro,Oruchinga (refugee settlement),KG,UGX,2462.0
beans_dry,2025-02,Isingiro,Oruchinga (refugee settlement),KG,UGX,2200.0
beans_dry,2025-03,Isingiro,Oruchinga (refugee settlement),KG,UGX,2375.0
beans_dry,2025-04,Isingiro,Oruchinga (refugee settlement),KG,UGX,2757.0
beans_dry,2025-05,Isingiro,Oruchinga (refugee settlement),KG,UGX,2533.0
beans_dry,2025-06,Isingiro,Oruchinga (refugee settlement),KG,UGX,2555.0
beans_dry,2025-07,Isingiro,Oruchinga (refugee settlement),KG,UGX,2615.0
beans_dry,2025-08,Isingiro,Oruchinga (refugee settlement),KG,UGX,2360.0
beans_dry,2025-09,Isingiro,Oruchinga (refugee settlement),KG,UGX,2000.0
beans_dry,2025-10,Isingiro,Oruchinga (refugee settlement),KG,UGX,2050.0
beans_dry,2025-11,Isingiro,Oruchinga (refugee settlement),KG,UGX,1000.0
beans_dry,2025-12,Isingiro,Oruchinga (refugee settlement),KG,UGX,1000.0
beans_dry,2026-01,Isingiro,Oruchinga (refugee settlement),KG,UGX,1095.0
beans_dry,2026-02,Isingiro,Oruchinga (refugee settlement),KG,UGX,668.0
beans_dry,2026-03,Isingiro,Oruchinga (refugee settlement),KG,UGX,1477.0
beans_dry,2026-04,Isingiro,Oruchinga (refugee settlement),KG,UGX,2625.0
beans_dry,2026-05,Isingiro,Oruchinga (refugee settlement),KG,UGX,1900.0
beans_dry,2026-06,Isingiro,Oruchinga (refugee settlement),KG,UGX,2300.0
beans_dry,2026-07,Isingiro,Oruchinga (refugee settlement),KG,UGX,2400.0
beans_dry,2026-08,Isingiro,Oruchinga (refugee settlement),KG,UGX,2750.0
beans_dry,2024-01,Kampala,Owino,KG,UGX,4000.0
beans_dry,2024-02,Kampala,Owino,KG,UGX,4000.0
beans_dry,2024-03,Kampala,Owino,KG,UGX,4000.0
beans_dry,2024-04,Kampala,Owino,KG,UGX,4000.0
beans_dry,2024-05,Kampala,Owino,KG,UGX,4620.0
beans_dry,2024-06,Kampala,Owino,KG,UGX,4375.0
beans_dry,2024-07,Kampala,Owino,KG,UGX,4375.0
beans_dry,2024-08,Kampala,Owino,KG,UGX,4222.0
beans_dry,2024-09,Kampala,Owino,KG,UGX,4500.0
beans_dry,2024-10,Kampala,Owino,KG,UGX,4500.0
beans_dry,2024-11,Kampala,Owino,KG,UGX,4500.0
beans_dry,2024-12,Kampala,Owino,KG,UGX,4250.0
beans_dry,2025-01,Kampala,Owino,KG,UGX,4500.0
beans_dry,2025-02,Kampala,Owino,KG,UGX,4500.0
beans_dry,2025-03,Kampala,Owino,KG,UGX,4565.0
beans_dry,2025-04,Kampala,Owino,KG,UGX,4707.0
beans_dry,2026-01,Kampala,Owino,KG,UGX,4486.0
beans_dry,2026-02,Kampala,Owino,KG,UGX,4497.0
beans_dry,2026-03,Kampala,Owino,KG,UGX,4505.0
beans_dry,2026-04,Kampala,Owino,KG,UGX,4514.0
beans_dry,2024-01,Lamwo,Palabek (refugee settlement),KG,UGX,4077.0
beans_dry,2024-02,Lamwo,Palabek (refugee settlement),KG,UGX,4100.0
beans_dry,2024-03,Lamwo,Palabek (refugee settlement),KG,UGX,4000.0
beans_dry,2024-04,Lamwo,Palabek (refugee settlement),KG,UGX,3929.0
beans_dry,2024-05,Lamwo,Palabek (refugee settlement),KG,UGX,4143.0
beans_dry,2024-06,Lamwo,Palabek (refugee settlement),KG,UGX,4214.0
beans_dry,2024-07,Lamwo,Palabek (refugee settlement),KG,UGX,4200.0
beans_dry,2024-08,Lamwo,Palabek (refugee settlement),KG,UGX,4186.0
beans_dry,2024-09,Lamwo,Palabek (refugee settlement),KG,UGX,4500.0
beans_dry,2024-10,Lamwo,Palabek (refugee settlement),KG,UGX,4500.0
beans_dry,2024-11,Lamwo,Palabek (refugee settlement),KG,UGX,3375.0
beans_dry,2024-12,Lamwo,Palabek (refugee settlement),KG,UGX,3357.0
beans_dry,2025-01,Lamwo,Palabek (refugee settlement),KG,UGX,2387.0
beans_dry,2025-02,Lamwo,Palabek (refugee settlement),KG,UGX,3688.0
beans_dry,2025-03,Lamwo,Palabek (refugee settlement),KG,UGX,3781.0
beans_dry,2025-04,Lamwo,Palabek (refugee settlement),KG,UGX,3792.0
beans_dry,2025-05,Lamwo,Palabek (refugee settlement),KG,UGX,4278.0
beans_dry,2025-06,Lamwo,Palabek (refugee settlement),KG,UGX,4050.0
beans_dry,2025-07,Lamwo,Palabek (refugee settlement),KG,UGX,3500.0
beans_dry,2025-08,Lamwo,Palabek (refugee settlement),KG,UGX,3589.0
beans_dry,2025-09,Lamwo,Palabek (refugee settlement),KG,UGX,4000.0
beans_dry,2025-10,Lamwo,Palabek (refugee settlement),KG,UGX,3200.0
beans_dry,2025-11,Lamwo,Palabek (refugee settlement),KG,UGX,2800.0
beans_dry,2025-12,Lamwo,Palabek (refugee settlement),KG,UGX,3333.0
beans_dry,2026-01,Lamwo,Palabek (refugee settlement),KG,UGX,2893.0
beans_dry,2026-02,Lamwo,Palabek (refugee settlement),KG,UGX,3055.0
beans_dry,2026-03,Lamwo,Palabek (refugee settlement),KG,UGX,3432.0
beans_dry,2026-04,Lamwo,Palabek (refugee settlement),KG,UGX,3893.0
beans_dry,2026-05,Lamwo,Palabek (refugee settlement),KG,UGX,3167.0
beans_dry,2026-06,Lamwo,Palabek (refugee settlement),KG,UGX,3239.0
beans_dry,2026-07,Lamwo,Palabek (refugee settlement),KG,UGX,3357.0
beans_dry,2026-08,Lamwo,Palabek (refugee settlement),KG,UGX,3864.0
beans_dry,2024-01,Moyo,Palorinya (refugee settlement),KG,UGX,4000.0
beans_dry,2024-02,Moyo,Palorinya (refugee settlement),KG,UGX,3667.0
beans_dry,2024-03,Moyo,Palorinya (refugee settlement),KG,UGX,3429.0
beans_dry,2024-04,Moyo,Palorinya (refugee settlement),KG,UGX,4000.0
beans_dry,2024-05,Moyo,Palorinya (refugee settlement),KG,UGX,4500.0
beans_dry,2024-06,Moyo,Palorinya (refugee settlement),KG,UGX,3976.0
beans_dry,2024-07,Moyo,Palorinya (refugee settlement),KG,UGX,3667.0
beans_dry,2024-08,Moyo,Palorinya (refugee settlement),KG,UGX,4048.0
beans_dry,2024-09,Moyo,Palorinya (refugee settlement),KG,UGX,3833.0
beans_dry,2024-10,Moyo,Palorinya (refugee settlement),KG,UGX,3833.0
beans_dry,2024-11,Moyo,Palorinya (refugee settlement),KG,UGX,4100.0
beans_dry,2024-12,Moyo,Palorinya (refugee settlement),KG,UGX,3333.0
beans_dry,2025-01,Moyo,Palorinya (refugee settlement),KG,UGX,3929.0
beans_dry,2025-02,Moyo,Palorinya (refugee settlement),KG,UGX,3536.0
beans_dry,2025-03,Moyo,Palorinya (refugee settlement),KG,UGX,3880.0
beans_dry,2025-04,Moyo,Palorinya (refugee settlement),KG,UGX,3940.0
beans_dry,2025-05,Moyo,Palorinya (refugee settlement),KG,UGX,4317.0
beans_dry,2025-06,Moyo,Palorinya (refugee settlement),KG,UGX,4725.0
beans_dry,2025-07,Moyo,Palorinya (refugee settlement),KG,UGX,3962.0
beans_dry,2025-08,Moyo,Palorinya (refugee settlement),KG,UGX,3694.0
beans_dry,2025-09,Moyo,Palorinya (refugee settlement),KG,UGX,3750.0
beans_dry,2025-10,Moyo,Palorinya (refugee settlement),KG,UGX,2950.0
beans_dry,2025-11,Moyo,Palorinya (refugee settlement),KG,UGX,3210.0
beans_dry,2025-12,Moyo,Palorinya (refugee settlement),KG,UGX,3303.0
beans_dry,2026-01,Moyo,Palorinya (refugee settlement),KG,UGX,3408.0
beans_dry,2026-02,Moyo,Palorinya (refugee settlement),KG,UGX,3275.0
beans_dry,2026-03,Moyo,Palorinya (refugee settlement),KG,UGX,3883.0
beans_dry,2026-04,Moyo,Palorinya (refugee settlement),KG,UGX,3511.0
beans_dry,2026-05,Moyo,Palorinya (refugee settlement),KG,UGX,3550.0
beans_dry,2026-06,Moyo,Palorinya (refugee settlement),KG,UGX,3415.0
beans_dry,2026-07,Moyo,Palorinya (refugee settlement),KG,UGX,3000.0
beans_dry,2026-08,Moyo,Palorinya (refugee settlement),KG,UGX,4150.0
beans_dry,2024-01,Arua,Rhino Camp (refugee settlement),KG,UGX,4100.0
beans_dry,2024-02,Arua,Rhino Camp (refugee settlement),KG,UGX,4350.0
beans_dry,2024-03,Arua,Rhino Camp (refugee settlement),KG,UGX,3638.0
beans_dry,2024-04,Arua,Rhino Camp (refugee settlement),KG,UGX,3733.0
beans_dry,2024-05,Arua,Rhino Camp (refugee settlement),KG,UGX,3800.0
beans_dry,2024-06,Arua,Rhino Camp (refugee settlement),KG,UGX,3724.0
beans_dry,2024-07,Arua,Rhino Camp (refugee settlement),KG,UGX,4000.0
beans_dry,2024-08,Arua,Rhino Camp (refugee settlement),KG,UGX,3841.0
beans_dry,2024-09,Arua,Rhino Camp (refugee settlement),KG,UGX,3855.0
beans_dry,2024-10,Arua,Rhino Camp (refugee settlement),KG,UGX,3846.0
beans_dry,2024-11,Arua,Rhino Camp (refugee settlement),KG,UGX,4250.0
beans_dry,2024-12,Arua,Rhino Camp (refugee settlement),KG,UGX,4048.0
beans_dry,2025-01,Arua,Rhino Camp (refugee settlement),KG,UGX,3214.0
beans_dry,2025-02,Arua,Rhino Camp (refugee settlement),KG,UGX,4738.0
beans_dry,2025-03,Arua,Rhino Camp (refugee settlement),KG,UGX,4652.0
beans_dry,2025-04,Arua,Rhino Camp (refugee settlement),KG,UGX,4520.0
beans_dry,2025-05,Arua,Rhino Camp (refugee settlement),KG,UGX,5260.0
beans_dry,2025-06,Arua,Rhino Camp (refugee settlement),KG,UGX,4224.0
beans_dry,2025-07,Arua,Rhino Camp (refugee settlement),KG,UGX,3273.0
beans_dry,2025-08,Arua,Rhino Camp (refugee settlement),KG,UGX,4483.0
beans_dry,2025-09,Arua,Rhino Camp (refugee settlement),KG,UGX,3042.0
beans_dry,2025-10,Arua,Rhino Camp (refugee settlement),KG,UGX,2800.0
beans_dry,2025-11,Arua,Rhino Camp (refugee settlement),KG,UGX,4000.0
beans_dry,2025-12,Arua,Rhino Camp (refugee settlement),KG,UGX,3281.0
beans_dry,2026-01,Arua,Rhino Camp (refugee settlement),KG,UGX,2757.0
beans_dry,2026-02,Arua,Rhino Camp (refugee settlement),KG,UGX,3031.0
beans_dry,2026-03,Arua,Rhino Camp (refugee settlement),KG,UGX,3367.0
beans_dry,2026-04,Arua,Rhino Camp (refugee settlement),KG,UGX,3539.0
beans_dry,2026-05,Arua,Rhino Camp (refugee settlement),KG,UGX,3529.0
beans_dry,2026-06,Arua,Rhino Camp (refugee settlement),KG,UGX,3667.0
beans_dry,2026-07,Arua,Rhino Camp (refugee settlement),KG,UGX,3700.0
beans_dry,2026-08,Arua,Rhino Camp (refugee settlement),KG,UGX,3875.0
beans_dry,2024-01,Kamwenge,Rwamwanja (refugee settlement),KG,UGX,1775.0
beans_dry,2024-02,Kamwenge,Rwamwanja (refugee settlement),KG,UGX,1800.0
beans_dry,2024-03,Kamwenge,Rwamwanja (refugee settlement),KG,UGX,2125.0
beans_dry,2024-04,Kamwenge,Rwamwanja (refugee settlement),KG,UGX,1904.0
beans_dry,2024-05,Kamwenge,Rwamwanja (refugee settlement),KG,UGX,1533.0
beans_dry,2024-06,Kamwenge,Rwamwanja (refugee settlement),KG,UGX,1625.0
beans_dry,2024-07,Kamwenge,Rwamwanja (refugee settlement),KG,UGX,2400.0
beans_dry,2024-08,Kamwenge,Rwamwanja (refugee settlement),KG,UGX,2500.0
beans_dry,2024-09,Kamwenge,Rwamwanja (refugee settlement),KG,UGX,2175.0
beans_dry,2024-10,Kamwenge,Rwamwanja (refugee settlement),KG,UGX,2175.0
beans_dry,2024-11,Kamwenge,Rwamwanja (refugee settlement),KG,UGX,2283.0
beans_dry,2024-12,Kamwenge,Rwamwanja (refugee settlement),KG,UGX,2378.0
beans_dry,2025-01,Kamwenge,Rwamwanja (refugee settlement),KG,UGX,2582.0
beans_dry,2025-02,Kamwenge,Rwamwanja (refugee settlement),KG,UGX,2778.0
beans_dry,2025-03,Kamwenge,Rwamwanja (refugee settlement),KG,UGX,3000.0
beans_dry,2025-04,Kamwenge,Rwamwanja (refugee settlement),KG,UGX,3877.0
beans_dry,2025-05,Kamwenge,Rwamwanja (refugee settlement),KG,UGX,3167.0
beans_dry,2025-06,Kamwenge,Rwamwanja (refugee settlement),KG,UGX,2868.0
beans_dry,2025-07,Kamwenge,Rwamwanja (refugee settlement),KG,UGX,2615.0
beans_dry,2025-08,Kamwenge,Rwamwanja (refugee settlement),KG,UGX,2385.0
beans_dry,2025-09,Kamwenge,Rwamwanja (refugee settlement),KG,UGX,2167.0
beans_dry,2025-10,Kamwenge,Rwamwanja (refugee settlement),KG,UGX,2089.0
beans_dry,2025-11,Kamwenge,Rwamwanja (refugee settlement),KG,UGX,2310.0
beans_dry,2025-12,Kamwenge,Rwamwanja (refugee settlement),KG,UGX,2189.0
beans_dry,2026-01,Kamwenge,Rwamwanja (refugee settlement),KG,UGX,2413.0
beans_dry,2026-02,Kamwenge,Rwamwanja (refugee settlement),KG,UGX,2524.0
beans_dry,2026-03,Kamwenge,Rwamwanja (refugee settlement),KG,UGX,2286.0
beans_dry,2026-04,Kamwenge,Rwamwanja (refugee settlement),KG,UGX,2500.0
beans_dry,2026-05,Kamwenge,Rwamwanja (refugee settlement),KG,UGX,2938.0
beans_dry,2026-06,Kamwenge,Rwamwanja (refugee settlement),KG,UGX,3375.0
beans_dry,2026-07,Kamwenge,Rwamwanja (refugee settlement),KG,UGX,3050.0
beans_dry,2026-08,Kamwenge,Rwamwanja (refugee settlement),KG,UGX,3000.0
beans_dry,2024-01,Soroti,Soroti,KG,UGX,4033.0
beans_dry,2024-02,Soroti,Soroti,KG,UGX,4000.0
beans_dry,2024-03,Soroti,Soroti,KG,UGX,3800.0
beans_dry,2024-04,Soroti,Soroti,KG,UGX,4050.0
beans_dry,2024-05,Soroti,Soroti,KG,UGX,4417.0
beans_dry,2024-06,Soroti,Soroti,KG,UGX,4375.0
beans_dry,2024-07,Soroti,Soroti,KG,UGX,4160.0
beans_dry,2024-08,Soroti,Soroti,KG,UGX,4120.0
beans_dry,2024-09,Soroti,Soroti,KG,UGX,4000.0
beans_dry,2024-10,Soroti,Soroti,KG,UGX,4200.0
beans_dry,2024-11,Soroti,Soroti,KG,UGX,4107.0
beans_dry,2024-12,Soroti,Soroti,KG,UGX,4000.0
beans_dry,2025-01,Soroti,Soroti,KG,UGX,4000.0
beans_dry,2025-02,Soroti,Soroti,KG,UGX,4000.0
beans_dry,2025-03,Soroti,Soroti,KG,UGX,4120.0
beans_dry,2025-04,Soroti,Soroti,KG,UGX,4408.0
beans_dry,2025-05,Soroti,Soroti,KG,UGX,4533.0
beans_dry,2025-07,Soroti,Soroti,KG,UGX,3973.0
beans_dry,2025-08,Soroti,Soroti,KG,UGX,3817.0
beans_dry,2025-09,Soroti,Soroti,KG,UGX,3750.0
beans_dry,2025-10,Soroti,Soroti,KG,UGX,3720.0
beans_dry,2025-11,Soroti,Soroti,KG,UGX,3608.0
beans_dry,2025-12,Soroti,Soroti,KG,UGX,3560.0
beans_dry,2024-01,Tororo,Tororo,KG,UGX,3800.0
beans_dry,2024-02,Tororo,Tororo,KG,UGX,4375.0
beans_dry,2024-03,Tororo,Tororo,KG,UGX,4125.0
beans_dry,2024-04,Tororo,Tororo,KG,UGX,4000.0
beans_dry,2024-05,Tororo,Tororo,KG,UGX,3800.0
beans_dry,2024-06,Tororo,Tororo,KG,UGX,3500.0
beans_dry,2024-07,Tororo,Tororo,KG,UGX,3900.0
beans_dry,2024-08,Tororo,Tororo,KG,UGX,4167.0
beans_dry,2024-09,Tororo,Tororo,KG,UGX,4250.0
beans_dry,2024-10,Tororo,Tororo,KG,UGX,3620.0
beans_dry,2024-11,Tororo,Tororo,KG,UGX,3000.0
beans_dry,2024-12,Tororo,Tororo,KG,UGX,3000.0
beans_dry,2025-01,Tororo,Tororo,KG,UGX,3800.0
beans_dry,2025-02,Tororo,Tororo,KG,UGX,3267.0
beans_dry,2025-03,Tororo,Tororo,KG,UGX,3314.0
beans_dry,2025-04,Tororo,Tororo,KG,UGX,3500.0
beans_dry,2024-01,Wakiso,Wakiso,KG,UGX,3775.0
beans_dry,2024-02,Wakiso,Wakiso,KG,UGX,3820.0
beans_dry,2024-03,Wakiso,Wakiso,KG,UGX,3875.0
beans_dry,2024-04,Wakiso,Wakiso,KG,UGX,4350.0
beans_dry,2024-05,Wakiso,Wakiso,KG,UGX,4360.0
beans_dry,2024-06,Wakiso,Wakiso,KG,UGX,4050.0
beans_dry,2024-07,Wakiso,Wakiso,KG,UGX,4000.0
beans_dry,2024-08,Wakiso,Wakiso,KG,UGX,4111.0
beans_dry,2024-09,Wakiso,Wakiso,KG,UGX,4250.0
beans_dry,2024-10,Wakiso,Wakiso,KG,UGX,4875.0
beans_dry,2024-11,Wakiso,Wakiso,KG,UGX,3760.0
beans_dry,2024-12,Wakiso,Wakiso,KG,UGX,3950.0
beans_dry,2025-01,Wakiso,Wakiso,KG,UGX,3900.0
beans_dry,2025-02,Wakiso,Wakiso,KG,UGX,4000.0
beans_dry,2025-03,Wakiso,Wakiso,KG,UGX,4058.0
beans_dry,2025-04,Wakiso,Wakiso,KG,UGX,4184.0
maize_grain,2024-01,Adjumani,Adjumani (refugee settlement),KG,UGX,1209.0
maize_grain,2024-02,Adjumani,Adjumani (refugee settlement),KG,UGX,1295.0
maize_grain,2024-03,Adjumani,Adjumani (refugee settlement),KG,UGX,1031.0
maize_grain,2024-04,Adjumani,Adjumani (refugee settlement),KG,UGX,1140.0
maize_grain,2024-05,Adjumani,Adjumani (refugee settlement),KG,UGX,1279.0
maize_grain,2024-06,Adjumani,Adjumani (refugee settlement),KG,UGX,1153.0
maize_grain,2024-07,Adjumani,Adjumani (refugee settlement),KG,UGX,1169.0
maize_grain,2024-08,Adjumani,Adjumani (refugee settlement),KG,UGX,1141.0
maize_grain,2024-09,Adjumani,Adjumani (refugee settlement),KG,UGX,1120.0
maize_grain,2024-10,Adjumani,Adjumani (refugee settlement),KG,UGX,1120.0
maize_grain,2024-11,Adjumani,Adjumani (refugee settlement),KG,UGX,1633.0
maize_grain,2024-12,Adjumani,Adjumani (refugee settlement),KG,UGX,1500.0
maize_grain,2025-01,Adjumani,Adjumani (refugee settlement),KG,UGX,1657.0
maize_grain,2025-02,Adjumani,Adjumani (refugee settlement),KG,UGX,1630.0
maize_grain,2025-03,Adjumani,Adjumani (refugee settlement),KG,UGX,1629.0
maize_grain,2025-04,Adjumani,Adjumani (refugee settlement),KG,UGX,1845.0
maize_grain,2025-05,Adjumani,Adjumani (refugee settlement),KG,UGX,1976.0
maize_grain,2025-06,Adjumani,Adjumani (refugee settlement),KG,UGX,2171.0
maize_grain,2025-07,Adjumani,Adjumani (refugee settlement),KG,UGX,2050.0
maize_grain,2025-08,Adjumani,Adjumani (refugee settlement),KG,UGX,1415.0
maize_grain,2025-09,Adjumani,Adjumani (refugee settlement),KG,UGX,2257.0
maize_grain,2025-10,Adjumani,Adjumani (refugee settlement),KG,UGX,1288.0
maize_grain,2025-11,Adjumani,Adjumani (refugee settlement),KG,UGX,1367.0
maize_grain,2025-12,Adjumani,Adjumani (refugee settlement),KG,UGX,1637.0
maize_grain,2026-01,Adjumani,Adjumani (refugee settlement),KG,UGX,1601.0
maize_grain,2026-02,Adjumani,Adjumani (refugee settlement),KG,UGX,1557.0
maize_grain,2026-03,Adjumani,Adjumani (refugee settlement),KG,UGX,1703.0
maize_grain,2026-04,Adjumani,Adjumani (refugee settlement),KG,UGX,1720.0
maize_grain,2026-05,Adjumani,Adjumani (refugee settlement),KG,UGX,1500.0
maize_grain,2026-06,Adjumani,Adjumani (refugee settlement),KG,UGX,2000.0
maize_grain,2026-07,Adjumani,Adjumani (refugee settlement),KG,UGX,1900.0
maize_grain,2026-08,Adjumani,Adjumani (refugee settlement),KG,UGX,1500.0
maize_grain,2024-05,Arua,Arua,KG,UGX,1500.0
maize_grain,2024-06,Arua,Arua,KG,UGX,1367.0
maize_grain,2024-07,Arua,Arua,KG,UGX,1500.0
maize_grain,2024-08,Arua,Arua,KG,UGX,1500.0
maize_grain,2024-09,Arua,Arua,KG,UGX,1500.0
maize_grain,2024-10,Arua,Arua,KG,UGX,1000.0
maize_grain,2024-11,Arua,Arua,KG,UGX,800.0
maize_grain,2024-12,Arua,Arua,KG,UGX,900.0
maize_grain,2025-01,Arua,Arua,KG,UGX,1000.0
maize_grain,2025-02,Arua,Arua,KG,UGX,1500.0
maize_grain,2025-03,Arua,Arua,KG,UGX,1522.0
maize_grain,2025-04,Arua,Arua,KG,UGX,1569.0
maize_grain,2025-05,Arua,Arua,KG,UGX,1600.0
maize_grain,2025-06,Arua,Arua,KG,UGX,1100.0
maize_grain,2025-07,Arua,Arua,KG,UGX,1200.0
maize_grain,2025-08,Arua,Arua,KG,UGX,1200.0
maize_grain,2025-09,Arua,Arua,KG,UGX,2000.0
maize_grain,2025-10,Arua,Arua,KG,UGX,1350.0
maize_grain,2025-11,Arua,Arua,KG,UGX,1400.0
maize_grain,2025-12,Arua,Arua,KG,UGX,1667.0
maize_grain,2026-01,Arua,Arua,KG,UGX,2186.0
maize_grain,2026-02,Arua,Arua,KG,UGX,2204.0
maize_grain,2026-03,Arua,Arua,KG,UGX,2216.0
maize_grain,2026-04,Arua,Arua,KG,UGX,2379.0
maize_grain,2024-01,Yumbe,Bidibidi (refugee settlement),KG,UGX,1625.0
maize_grain,2024-02,Yumbe,Bidibidi (refugee settlement),KG,UGX,1250.0
maize_grain,2024-03,Yumbe,Bidibidi (refugee settlement),KG,UGX,1100.0
maize_grain,2024-04,Yumbe,Bidibidi (refugee settlement),KG,UGX,1050.0
maize_grain,2024-05,Yumbe,Bidibidi (refugee settlement),KG,UGX,1000.0
maize_grain,2024-06,Yumbe,Bidibidi (refugee settlement),KG,UGX,1175.0
maize_grain,2024-07,Yumbe,Bidibidi (refugee settlement),KG,UGX,1088.0
maize_grain,2024-08,Yumbe,Bidibidi (refugee settlement),KG,UGX,900.0
maize_grain,2024-09,Yumbe,Bidibidi (refugee settlement),KG,UGX,1528.0
maize_grain,2024-10,Yumbe,Bidibidi (refugee settlement),KG,UGX,1200.0
maize_grain,2024-11,Yumbe,Bidibidi (refugee settlement),KG,UGX,1511.0
maize_grain,2024-12,Yumbe,Bidibidi (refugee settlement),KG,UGX,1356.0
maize_grain,2025-01,Yumbe,Bidibidi (refugee settlement),KG,UGX,1536.0
maize_grain,2025-02,Yumbe,Bidibidi (refugee settlement),KG,UGX,1174.0
maize_grain,2025-03,Yumbe,Bidibidi (refugee settlement),KG,UGX,1233.0
maize_grain,2025-04,Yumbe,Bidibidi (refugee settlement),KG,UGX,1495.0
maize_grain,2025-05,Yumbe,Bidibidi (refugee settlement),KG,UGX,2338.0
maize_grain,2025-06,Yumbe,Bidibidi (refugee settlement),KG,UGX,1689.0
maize_grain,2025-07,Yumbe,Bidibidi (refugee settlement),KG,UGX,1841.0
maize_grain,2025-08,Yumbe,Bidibidi (refugee settlement),KG,UGX,1159.0
maize_grain,2025-09,Yumbe,Bidibidi (refugee settlement),KG,UGX,1895.0
maize_grain,2025-10,Yumbe,Bidibidi (refugee settlement),KG,UGX,1503.0
maize_grain,2025-11,Yumbe,Bidibidi (refugee settlement),KG,UGX,1683.0
maize_grain,2025-12,Yumbe,Bidibidi (refugee settlement),KG,UGX,1514.0
maize_grain,2026-01,Yumbe,Bidibidi (refugee settlement),KG,UGX,1622.0
maize_grain,2026-02,Yumbe,Bidibidi (refugee settlement),KG,UGX,1382.0
maize_grain,2026-03,Yumbe,Bidibidi (refugee settlement),KG,UGX,1731.0
maize_grain,2026-04,Yumbe,Bidibidi (refugee settlement),KG,UGX,2178.0
maize_grain,2026-05,Yumbe,Bidibidi (refugee settlement),KG,UGX,2000.0
maize_grain,2026-06,Yumbe,Bidibidi (refugee settlement),KG,UGX,2336.0
maize_grain,2026-07,Yumbe,Bidibidi (refugee settlement),KG,UGX,1913.0
maize_grain,2026-08,Yumbe,Bidibidi (refugee settlement),KG,UGX,1950.0
maize_grain,2024-01,Busia,Busia,KG,UGX,944.0
maize_grain,2024-02,Busia,Busia,KG,UGX,800.0
maize_grain,2024-03,Busia,Busia,KG,UGX,875.0
maize_grain,2024-04,Busia,Busia,KG,UGX,913.0
maize_grain,2024-05,Busia,Busia,KG,UGX,910.0
maize_grain,2024-06,Busia,Busia,KG,UGX,872.0
maize_grain,2024-07,Busia,Busia,KG,UGX,870.0
maize_grain,2024-08,Busia,Busia,KG,UGX,868.0
maize_grain,2024-09,Busia,Busia,KG,UGX,920.0
maize_grain,2024-10,Busia,Busia,KG,UGX,1058.0
maize_grain,2024-11,Busia,Busia,KG,UGX,1175.0
maize_grain,2024-12,Busia,Busia,KG,UGX,1100.0
maize_grain,2025-01,Busia,Busia,KG,UGX,1070.0
maize_grain,2025-02,Busia,Busia,KG,UGX,1115.0
maize_grain,2025-03,Busia,Busia,KG,UGX,1131.0
maize_grain,2025-04,Busia,Busia,KG,UGX,1500.0
maize_grain,2025-05,Busia,Busia,KG,UGX,1480.0
maize_grain,2025-06,Busia,Busia,KG,UGX,1531.0
maize_grain,2025-07,Busia,Busia,KG,UGX,1270.0
maize_grain,2025-08,Busia,Busia,KG,UGX,1038.0
maize_grain,2025-09,Busia,Busia,KG,UGX,1081.0
maize_grain,2025-10,Busia,Busia,KG,UGX,1135.0
maize_grain,2025-11,Busia,Busia,KG,UGX,1100.0
maize_grain,2025-12,Busia,Busia,KG,UGX,1250.0
maize_grain,2024-02,Kabarole,Fort Portal,KG,UGX,980.0
maize_grain,2024-03,Kabarole,Fort Portal,KG,UGX,875.0
maize_grain,2024-04,Kabarole,Fort Portal,KG,UGX,900.0
maize_grain,2024-05,Kabarole,Fort Portal,KG,UGX,900.0
maize_grain,2024-06,Kabarole,Fort Portal,KG,UGX,900.0
maize_grain,2024-07,Kabarole,Fort Portal,KG,UGX,900.0
maize_grain,2024-08,Kabarole,Fort Portal,KG,UGX,894.0
maize_grain,2024-09,Kabarole,Fort Portal,KG,UGX,900.0
maize_grain,2024-10,Kabarole,Fort Portal,KG,UGX,1030.0
maize_grain,2024-11,Kabarole,Fort Portal,KG,UGX,1200.0
maize_grain,2024-12,Kabarole,Fort Portal,KG,UGX,1100.0
maize_grain,2025-01,Kabarole,Fort Portal,KG,UGX,1452.0
maize_grain,2025-02,Kabarole,Fort Portal,KG,UGX,1251.0
maize_grain,2025-03,Kabarole,Fort Portal,KG,UGX,1269.0
maize_grain,2025-04,Kabarole,Fort Portal,KG,UGX,2000.0
maize_grain,2025-05,Kabarole,Fort Portal,KG,UGX,2000.0
maize_grain,2025-06,Kabarole,Fort Portal,KG,UGX,2000.0
maize_grain,2025-07,Kabarole,Fort Portal,KG,UGX,2000.0
maize_grain,2025-08,Kabarole,Fort Portal,KG,UGX,2000.0
maize_grain,2025-09,Kabarole,Fort Portal,KG,UGX,2563.0
maize_grain,2025-10,Kabarole,Fort Portal,KG,UGX,1970.0
maize_grain,2025-11,Kabarole,Fort Portal,KG,UGX,2500.0
maize_grain,2025-12,Kabarole,Fort Portal,KG,UGX,2250.0
maize_grain,2024-01,Gulu,Gulu,KG,UGX,1492.0
maize_grain,2024-02,Gulu,Gulu,KG,UGX,1250.0
maize_grain,2024-03,Gulu,Gulu,KG,UGX,1257.0
maize_grain,2024-04,Gulu,Gulu,KG,UGX,1211.0
maize_grain,2024-05,Gulu,Gulu,KG,UGX,1150.0
maize_grain,2024-06,Gulu,Gulu,KG,UGX,1075.0
maize_grain,2024-07,Gulu,Gulu,KG,UGX,1086.0
maize_grain,2024-08,Gulu,Gulu,KG,UGX,1133.0
maize_grain,2024-09,Gulu,Gulu,KG,UGX,1067.0
maize_grain,2024-10,Gulu,Gulu,KG,UGX,1000.0
maize_grain,2024-11,Gulu,Gulu,KG,UGX,1200.0
maize_grain,2024-12,Gulu,Gulu,KG,UGX,1200.0
maize_grain,2025-01,Gulu,Gulu,KG,UGX,1272.0
maize_grain,2025-02,Gulu,Gulu,KG,UGX,1224.0
maize_grain,2025-03,Gulu,Gulu,KG,UGX,1242.0
maize_grain,2025-04,Gulu,Gulu,KG,UGX,1550.0
maize_grain,2025-05,Gulu,Gulu,KG,UGX,2000.0
maize_grain,2025-06,Gulu,Gulu,KG,UGX,2000.0
maize_grain,2025-07,Gulu,Gulu,KG,UGX,1800.0
maize_grain,2025-08,Gulu,Gulu,KG,UGX,1333.0
maize_grain,2025-09,Gulu,Gulu,KG,UGX,1540.0
maize_grain,2025-10,Gulu,Gulu,KG,UGX,1820.0
maize_grain,2025-11,Gulu,Gulu,KG,UGX,2000.0
maize_grain,2025-12,Gulu,Gulu,KG,UGX,1871.0
maize_grain,2026-01,Gulu,Gulu,KG,UGX,1654.0
maize_grain,2026-02,Gulu,Gulu,KG,UGX,1772.0
maize_grain,2026-03,Gulu,Gulu,KG,UGX,1875.0
maize_grain,2026-04,Gulu,Gulu,KG,UGX,1949.0
maize_grain,2024-01,Hoima,Hoima,KG,UGX,940.0
maize_grain,2024-02,Hoima,Hoima,KG,UGX,700.0
maize_grain,2024-03,Hoima,Hoima,KG,UGX,600.0
maize_grain,2024-04,Hoima,Hoima,KG,UGX,750.0
maize_grain,2024-05,Hoima,Hoima,KG,UGX,720.0
maize_grain,2024-06,Hoima,Hoima,KG,UGX,700.0
maize_grain,2024-07,Hoima,Hoima,KG,UGX,840.0
maize_grain,2024-08,Hoima,Hoima,KG,UGX,911.0
maize_grain,2024-09,Hoima,Hoima,KG,UGX,1000.0
maize_grain,2024-10,Hoima,Hoima,KG,UGX,1000.0
maize_grain,2024-11,Hoima,Hoima,KG,UGX,1000.0
maize_grain,2024-12,Hoima,Hoima,KG,UGX,1000.0
maize_grain,2025-01,Hoima,Hoima,KG,UGX,1000.0
maize_grain,2025-02,Hoima,Hoima,KG,UGX,1000.0
maize_grain,2025-03,Hoima,Hoima,KG,UGX,1014.0
maize_grain,2025-04,Hoima,Hoima,KG,UGX,1300.0
maize_grain,2025-05,Hoima,Hoima,KG,UGX,2100.0
maize_grain,2025-06,Hoima,Hoima,KG,UGX,2500.0
maize_grain,2025-07,Hoima,Hoima,KG,UGX,2300.0
maize_grain,2025-08,Hoima,Hoima,KG,UGX,1500.0
maize_grain,2025-09,Hoima,Hoima,KG,UGX,1500.0
maize_grain,2025-10,Hoima,Hoima,KG,UGX,1500.0
maize_grain,2025-11,Hoima,Hoima,KG,UGX,1500.0
maize_grain,2025-12,Hoima,Hoima,KG,UGX,1500.0
maize_grain,2024-01,Iganga,Iganga,KG,UGX,820.0
maize_grain,2024-02,Iganga,Iganga,KG,UGX,900.0
maize_grain,2024-03,Iganga,Iganga,KG,UGX,1100.0
maize_grain,2024-04,Iganga,Iganga,KG,UGX,1025.0
maize_grain,2024-05,Iganga,Iganga,KG,UGX,820.0
maize_grain,2024-06,Iganga,Iganga,KG,UGX,938.0
maize_grain,2024-07,Iganga,Iganga,KG,UGX,837.5
maize_grain,2024-08,Iganga,Iganga,KG,UGX,906.0
maize_grain,2024-09,Iganga,Iganga,KG,UGX,1050.0
maize_grain,2024-10,Iganga,Iganga,KG,UGX,1375.0
maize_grain,2024-11,Iganga,Iganga,KG,UGX,1440.0
maize_grain,2024-12,Iganga,Iganga,KG,UGX,1525.0
maize_grain,2025-01,Iganga,Iganga,KG,UGX,867.0
maize_grain,2025-02,Iganga,Iganga,KG,UGX,1000.0
maize_grain,2025-03,Iganga,Iganga,KG,UGX,1014.0
maize_grain,2025-04,Iganga,Iganga,KG,UGX,2000.0
maize_grain,2025-05,Iganga,Iganga,KG,UGX,1817.0
maize_grain,2025-06,Iganga,Iganga,KG,UGX,1913.0
maize_grain,2025-07,Iganga,Iganga,KG,UGX,1930.0
maize_grain,2025-08,Iganga,Iganga,KG,UGX,1650.0
maize_grain,2025-09,Iganga,Iganga,KG,UGX,1550.0
maize_grain,2025-10,Iganga,Iganga,KG,UGX,1590.0
maize_grain,2025-11,Iganga,Iganga,KG,UGX,1563.0
maize_grain,2025-12,Iganga,Iganga,KG,UGX,1533.0
maize_grain,2024-01,Arua,Imvepi (refugee settlement),KG,UGX,2000.0
maize_grain,2024-02,Arua,Imvepi (refugee settlement),KG,UGX,2017.0
maize_grain,2024-03,Arua,Imvepi (refugee settlement),KG,UGX,2175.0
maize_grain,2024-04,Arua,Imvepi (refugee settlement),KG,UGX,2017.0
maize_grain,2024-05,Arua,Imvepi (refugee settlement),KG,UGX,2063.0
maize_grain,2024-06,Arua,Imvepi (refugee settlement),KG,UGX,2085.0
maize_grain,2024-07,Arua,Imvepi (refugee settlement),KG,UGX,1500.0
maize_grain,2024-08,Arua,Imvepi (refugee settlement),KG,UGX,1000.0
maize_grain,2024-09,Arua,Imvepi (refugee settlement),KG,UGX,1419.0
maize_grain,2024-10,Arua,Imvepi (refugee settlement),KG,UGX,1306.0
maize_grain,2024-11,Arua,Imvepi (refugee settlement),KG,UGX,1233.0
maize_grain,2024-12,Arua,Imvepi (refugee settlement),KG,UGX,1150.0
maize_grain,2025-01,Arua,Imvepi (refugee settlement),KG,UGX,1257.0
maize_grain,2025-02,Arua,Imvepi (refugee settlement),KG,UGX,1761.0
maize_grain,2025-03,Arua,Imvepi (refugee settlement),KG,UGX,1963.0
maize_grain,2025-04,Arua,Imvepi (refugee settlement),KG,UGX,1858.0
maize_grain,2025-05,Arua,Imvepi (refugee settlement),KG,UGX,2227.0
maize_grain,2025-06,Arua,Imvepi (refugee settlement),KG,UGX,2592.0
maize_grain,2025-07,Arua,Imvepi (refugee settlement),KG,UGX,2446.0
maize_grain,2025-08,Arua,Imvepi (refugee settlement),KG,UGX,1425.0
maize_grain,2025-09,Arua,Imvepi (refugee settlement),KG,UGX,1579.0
maize_grain,2025-10,Arua,Imvepi (refugee settlement),KG,UGX,1642.0
maize_grain,2025-11,Arua,Imvepi (refugee settlement),KG,UGX,1925.0
maize_grain,2025-12,Arua,Imvepi (refugee settlement),KG,UGX,1503.0
maize_grain,2026-01,Arua,Imvepi (refugee settlement),KG,UGX,1655.0
maize_grain,2026-02,Arua,Imvepi (refugee settlement),KG,UGX,1798.0
maize_grain,2026-03,Arua,Imvepi (refugee settlement),KG,UGX,1850.0
maize_grain,2026-04,Arua,Imvepi (refugee settlement),KG,UGX,2150.0
maize_grain,2026-05,Arua,Imvepi (refugee settlement),KG,UGX,2004.0
maize_grain,2026-06,Arua,Imvepi (refugee settlement),KG,UGX,2385.0
maize_grain,2026-07,Arua,Imvepi (refugee settlement),KG,UGX,1867.0
maize_grain,2026-08,Arua,Imvepi (refugee settlement),KG,UGX,1825.0
maize_grain,2024-01,Jinja,Jinja,KG,UGX,2050.0
maize_grain,2024-02,Jinja,Jinja,KG,UGX,1600.0
maize_grain,2024-03,Jinja,Jinja,KG,UGX,1625.0
maize_grain,2024-04,Jinja,Jinja,KG,UGX,1625.0
maize_grain,2024-05,Jinja,Jinja,KG,UGX,1800.0
maize_grain,2024-06,Jinja,Jinja,KG,UGX,1500.0
maize_grain,2024-07,Jinja,Jinja,KG,UGX,1775.0
maize_grain,2024-08,Jinja,Jinja,KG,UGX,1700.0
maize_grain,2024-09,Jinja,Jinja,KG,UGX,1500.0
maize_grain,2024-10,Jinja,Jinja,KG,UGX,1525.0
maize_grain,2024-11,Jinja,Jinja,KG,UGX,1500.0
maize_grain,2024-12,Jinja,Jinja,KG,UGX,1750.0
maize_grain,2025-01,Jinja,Jinja,KG,UGX,2000.0
maize_grain,2025-02,Jinja,Jinja,KG,UGX,2000.0
maize_grain,2025-03,Jinja,Jinja,KG,UGX,2029.0
maize_grain,2025-04,Jinja,Jinja,KG,UGX,2092.0
maize_grain,2025-05,Jinja,Jinja,KG,UGX,2000.0
maize_grain,2025-06,Jinja,Jinja,KG,UGX,2000.0
maize_grain,2025-07,Jinja,Jinja,KG,UGX,2000.0
maize_grain,2025-08,Jinja,Jinja,KG,UGX,1788.0
maize_grain,2025-09,Jinja,Jinja,KG,UGX,1900.0
maize_grain,2025-10,Jinja,Jinja,KG,UGX,1940.0
maize_grain,2025-11,Jinja,Jinja,KG,UGX,1838.0
maize_grain,2025-12,Jinja,Jinja,KG,UGX,1863.0
maize_grain,2024-01,Kaabong,Kaabong,KG,UGX,1150.0
maize_grain,2024-02,Kaabong,Kaabong,KG,UGX,920.0
maize_grain,2024-03,Kaabong,Kaabong,KG,UGX,938.0
maize_grain,2024-04,Kaabong,Kaabong,KG,UGX,1200.0
maize_grain,2024-05,Kaabong,Kaabong,KG,UGX,1200.0
maize_grain,2024-06,Kaabong,Kaabong,KG,UGX,955.0
maize_grain,2024-07,Kaabong,Kaabong,KG,UGX,1025.0
maize_grain,2024-08,Kaabong,Kaabong,KG,UGX,1063.0
maize_grain,2024-09,Kaabong,Kaabong,KG,UGX,1063.0
maize_grain,2024-10,Kaabong,Kaabong,KG,UGX,1000.0
maize_grain,2024-11,Kaabong,Kaabong,KG,UGX,1050.0
maize_grain,2024-12,Kaabong,Kaabong,KG,UGX,1325.0
maize_grain,2025-01,Kaabong,Kaabong,KG,UGX,1310.0
maize_grain,2025-02,Kaabong,Kaabong,KG,UGX,1337.5
maize_grain,2025-03,Kaabong,Kaabong,KG,UGX,1538.0
maize_grain,2025-04,Kaabong,Kaabong,KG,UGX,1806.0
maize_grain,2025-05,Kaabong,Kaabong,KG,UGX,2031.0
maize_grain,2025-06,Kaabong,Kaabong,KG,UGX,1925.0
maize_grain,2025-07,Kaabong,Kaabong,KG,UGX,1765.0
maize_grain,2025-08,Kaabong,Kaabong,KG,UGX,1706.0
maize_grain,2025-09,Kaabong,Kaabong,KG,UGX,1075.0
maize_grain,2025-10,Kaabong,Kaabong,KG,UGX,1110.0
maize_grain,2025-11,Kaabong,Kaabong,KG,UGX,1156.0
maize_grain,2025-12,Kaabong,Kaabong,KG,UGX,1250.0
maize_grain,2026-01,Kaabong,Kaabong,KG,UGX,1232.0
maize_grain,2024-01,Kween,Kapchorwa,KG,UGX,1000.0
maize_grain,2024-02,Kween,Kapchorwa,KG,UGX,1000.0
maize_grain,2024-03,Kween,Kapchorwa,KG,UGX,1000.0
maize_grain,2024-04,Kween,Kapchorwa,KG,UGX,1000.0
maize_grain,2024-05,Kween,Kapchorwa,KG,UGX,1000.0
maize_grain,2024-06,Kween,Kapchorwa,KG,UGX,983.0
maize_grain,2024-07,Kween,Kapchorwa,KG,UGX,1040.0
maize_grain,2024-08,Kween,Kapchorwa,KG,UGX,1111.0
maize_grain,2024-09,Kween,Kapchorwa,KG,UGX,1200.0
maize_grain,2024-10,Kween,Kapchorwa,KG,UGX,1200.0
maize_grain,2024-11,Kween,Kapchorwa,KG,UGX,1275.0
maize_grain,2024-12,Kween,Kapchorwa,KG,UGX,1300.0
maize_grain,2025-01,Kween,Kapchorwa,KG,UGX,1300.0
maize_grain,2025-02,Kween,Kapchorwa,KG,UGX,1292.0
maize_grain,2025-03,Kween,Kapchorwa,KG,UGX,1310.0
maize_grain,2025-04,Kween,Kapchorwa,KG,UGX,1600.0
maize_grain,2025-05,Kween,Kapchorwa,KG,UGX,1700.0
maize_grain,2025-06,Kween,Kapchorwa,KG,UGX,1800.0
maize_grain,2025-07,Kween,Kapchorwa,KG,UGX,1680.0
maize_grain,2025-08,Kween,Kapchorwa,KG,UGX,1200.0
maize_grain,2025-09,Kween,Kapchorwa,KG,UGX,1200.0
maize_grain,2025-10,Kween,Kapchorwa,KG,UGX,1150.0
maize_grain,2025-11,Kween,Kapchorwa,KG,UGX,1000.0
maize_grain,2025-12,Kween,Kapchorwa,KG,UGX,1000.0
maize_grain,2024-01,Kaabong,Karenga,KG,UGX,1344.0
maize_grain,2024-02,Kaabong,Karenga,KG,UGX,1321.0
maize_grain,2024-03,Kaabong,Karenga,KG,UGX,1375.0
maize_grain,2024-04,Kaabong,Karenga,KG,UGX,1389.0
maize_grain,2024-05,Kaabong,Karenga,KG,UGX,1450.0
maize_grain,2024-06,Kaabong,Karenga,KG,UGX,1214.0
maize_grain,2024-07,Kaabong,Karenga,KG,UGX,1242.0
maize_grain,2024-08,Kaabong,Karenga,KG,UGX,1225.0
maize_grain,2024-09,Kaabong,Karenga,KG,UGX,1000.0
maize_grain,2024-10,Kaabong,Karenga,KG,UGX,769.0
maize_grain,2024-11,Kaabong,Karenga,KG,UGX,750.0
maize_grain,2024-12,Kaabong,Karenga,KG,UGX,786.0
maize_grain,2025-01,Kaabong,Karenga,KG,UGX,917.0
maize_grain,2025-02,Kaabong,Karenga,KG,UGX,1250.0
maize_grain,2025-03,Kaabong,Karenga,KG,UGX,1406.0
maize_grain,2025-04,Kaabong,Karenga,KG,UGX,1300.0
maize_grain,2025-05,Kaabong,Karenga,KG,UGX,1309.0
maize_grain,2025-06,Kaabong,Karenga,KG,UGX,1804.0
maize_grain,2025-07,Kaabong,Karenga,KG,UGX,2100.0
maize_grain,2025-08,Kaabong,Karenga,KG,UGX,1708.0
maize_grain,2025-09,Kaabong,Karenga,KG,UGX,914.0
maize_grain,2025-10,Kaabong,Karenga,KG,UGX,779.0
maize_grain,2025-11,Kaabong,Karenga,KG,UGX,936.0
maize_grain,2025-12,Kaabong,Karenga,KG,UGX,990.0
maize_grain,2026-01,Kaabong,Karenga,KG,UGX,985.0
maize_grain,2024-01,Amudat,Karita,KG,UGX,1317.0
maize_grain,2024-02,Amudat,Karita,KG,UGX,1200.0
maize_grain,2024-03,Amudat,Karita,KG,UGX,1360.0
maize_grain,2024-04,Amudat,Karita,KG,UGX,1300.0
maize_grain,2024-05,Amudat,Karita,KG,UGX,1350.0
maize_grain,2024-06,Amudat,Karita,KG,UGX,1175.0
maize_grain,2024-07,Amudat,Karita,KG,UGX,1200.0
maize_grain,2024-08,Amudat,Karita,KG,UGX,1200.0
maize_grain,2024-09,Amudat,Karita,KG,UGX,1300.0
maize_grain,2024-10,Amudat,Karita,KG,UGX,1200.0
maize_grain,2024-11,Amudat,Karita,KG,UGX,1233.0
maize_grain,2024-12,Amudat,Karita,KG,UGX,1250.0
maize_grain,2025-01,Amudat,Karita,KG,UGX,1308.0
maize_grain,2025-02,Amudat,Karita,KG,UGX,1220.0
maize_grain,2025-03,Amudat,Karita,KG,UGX,1350.0
maize_grain,2025-04,Amudat,Karita,KG,UGX,1508.0
maize_grain,2025-05,Amudat,Karita,KG,UGX,1769.0
maize_grain,2025-06,Amudat,Karita,KG,UGX,1920.0
maize_grain,2025-07,Amudat,Karita,KG,UGX,2000.0
maize_grain,2025-08,Amudat,Karita,KG,UGX,1818.0
maize_grain,2025-09,Amudat,Karita,KG,UGX,1263.0
maize_grain,2025-10,Amudat,Karita,KG,UGX,1075.0
maize_grain,2026-01,Amudat,Karita,KG,UGX,1055.0
maize_grain,2024-01,Kasese,Kasese,KG,UGX,1425.0
maize_grain,2024-02,Kasese,Kasese,KG,UGX,1000.0
maize_grain,2024-03,Kasese,Kasese,KG,UGX,1550.0
maize_grain,2024-04,Kasese,Kasese,KG,UGX,1525.0
maize_grain,2024-05,Kasese,Kasese,KG,UGX,1300.0
maize_grain,2024-06,Kasese,Kasese,KG,UGX,1275.0
maize_grain,2024-07,Kasese,Kasese,KG,UGX,1200.0
maize_grain,2024-08,Kasese,Kasese,KG,UGX,1233.0
maize_grain,2024-09,Kasese,Kasese,KG,UGX,1300.0
maize_grain,2024-10,Kasese,Kasese,KG,UGX,1420.0
maize_grain,2024-11,Kasese,Kasese,KG,UGX,1500.0
maize_grain,2024-12,Kasese,Kasese,KG,UGX,1500.0
maize_grain,2025-01,Kasese,Kasese,KG,UGX,1500.0
maize_grain,2025-02,Kasese,Kasese,KG,UGX,1500.0
maize_grain,2025-03,Kasese,Kasese,KG,UGX,1522.0
maize_grain,2025-04,Kasese,Kasese,KG,UGX,1538.0
maize_grain,2025-05,Kasese,Kasese,KG,UGX,1900.0
maize_grain,2025-06,Kasese,Kasese,KG,UGX,1725.0
maize_grain,2025-07,Kasese,Kasese,KG,UGX,1560.0
maize_grain,2025-08,Kasese,Kasese,KG,UGX,1600.0
maize_grain,2025-09,Kasese,Kasese,KG,UGX,1675.0
maize_grain,2025-10,Kasese,Kasese,KG,UGX,1600.0
maize_grain,2025-11,Kasese,Kasese,KG,UGX,1513.0
maize_grain,2025-12,Kasese,Kasese,KG,UGX,2000.0
maize_grain,2024-01,Kiryandongo,Kiryandongo (refugee settlement),KG,UGX,1000.0
maize_grain,2024-02,Kiryandongo,Kiryandongo (refugee settlement),KG,UGX,844.0
maize_grain,2024-03,Kiryandongo,Kiryandongo (refugee settlement),KG,UGX,825.0
maize_grain,2024-04,Kiryandongo,Kiryandongo (refugee settlement),KG,UGX,871.0
maize_grain,2024-05,Kiryandongo,Kiryandongo (refugee settlement),KG,UGX,800.0
maize_grain,2024-06,Kiryandongo,Kiryandongo (refugee settlement),KG,UGX,850.0
maize_grain,2024-07,Kiryandongo,Kiryandongo (refugee settlement),KG,UGX,1000.0
maize_grain,2024-08,Kiryandongo,Kiryandongo (refugee settlement),KG,UGX,800.0
maize_grain,2024-09,Kiryandongo,Kiryandongo (refugee settlement),KG,UGX,1000.0
maize_grain,2024-10,Kiryandongo,Kiryandongo (refugee settlement),KG,UGX,1000.0
maize_grain,2024-11,Kiryandongo,Kiryandongo (refugee settlement),KG,UGX,1428.0
maize_grain,2024-12,Kiryandongo,Kiryandongo (refugee settlement),KG,UGX,1138.0
maize_grain,2025-01,Kiryandongo,Kiryandongo (refugee settlement),KG,UGX,1620.0
maize_grain,2025-02,Kiryandongo,Kiryandongo (refugee settlement),KG,UGX,1200.0
maize_grain,2025-03,Kiryandongo,Kiryandongo (refugee settlement),KG,UGX,1338.0
maize_grain,2025-04,Kiryandongo,Kiryandongo (refugee settlement),KG,UGX,1343.0
maize_grain,2025-05,Kiryandongo,Kiryandongo (refugee settlement),KG,UGX,1675.0
maize_grain,2025-06,Kiryandongo,Kiryandongo (refugee settlement),KG,UGX,1367.0
maize_grain,2025-07,Kiryandongo,Kiryandongo (refugee settlement),KG,UGX,1577.0
maize_grain,2025-08,Kiryandongo,Kiryandongo (refugee settlement),KG,UGX,1408.0
maize_grain,2025-09,Kiryandongo,Kiryandongo (refugee settlement),KG,UGX,1075.0
maize_grain,2025-10,Kiryandongo,Kiryandongo (refugee settlement),KG,UGX,1240.0
maize_grain,2025-11,Kiryandongo,Kiryandongo (refugee settlement),KG,UGX,1325.0
maize_grain,2025-12,Kiryandongo,Kiryandongo (refugee settlement),KG,UGX,1517.0
maize_grain,2026-01,Kiryandongo,Kiryandongo (refugee settlement),KG,UGX,1493.0
maize_grain,2026-02,Kiryandongo,Kiryandongo (refugee settlement),KG,UGX,1324.0
maize_grain,2026-03,Kiryandongo,Kiryandongo (refugee settlement),KG,UGX,1267.0
maize_grain,2026-04,Kiryandongo,Kiryandongo (refugee settlement),KG,UGX,1582.0
maize_grain,2026-05,Kiryandongo,Kiryandongo (refugee settlement),KG,UGX,1578.0
maize_grain,2026-06,Kiryandongo,Kiryandongo (refugee settlement),KG,UGX,1467.0
maize_grain,2026-07,Kiryandongo,Kiryandongo (refugee settlement),KG,UGX,1247.0
maize_grain,2026-08,Kiryandongo,Kiryandongo (refugee settlement),KG,UGX,1317.0
maize_grain,2024-01,Kotido,Kotido,KG,UGX,880.0
maize_grain,2024-02,Kotido,Kotido,KG,UGX,900.0
maize_grain,2024-03,Kotido,Kotido,KG,UGX,813.0
maize_grain,2024-04,Kotido,Kotido,KG,UGX,900.0
maize_grain,2024-05,Kotido,Kotido,KG,UGX,940.0
maize_grain,2024-06,Kotido,Kotido,KG,UGX,900.0
maize_grain,2024-07,Kotido,Kotido,KG,UGX,825.0
maize_grain,2024-08,Kotido,Kotido,KG,UGX,822.0
maize_grain,2024-09,Kotido,Kotido,KG,UGX,650.0
maize_grain,2024-10,Kotido,Kotido,KG,UGX,780.0
maize_grain,2024-11,Kotido,Kotido,KG,UGX,900.0
maize_grain,2024-12,Kotido,Kotido,KG,UGX,1050.0
maize_grain,2025-01,Kotido,Kotido,KG,UGX,1000.0
maize_grain,2025-02,Kotido,Kotido,KG,UGX,1000.0
maize_grain,2025-03,Kotido,Kotido,KG,UGX,1067.0
maize_grain,2025-04,Kotido,Kotido,KG,UGX,1100.0
maize_grain,2025-05,Kotido,Kotido,KG,UGX,1513.0
maize_grain,2025-06,Kotido,Kotido,KG,UGX,1663.0
maize_grain,2025-07,Kotido,Kotido,KG,UGX,1713.0
maize_grain,2025-08,Kotido,Kotido,KG,UGX,1460.0
maize_grain,2025-09,Kotido,Kotido,KG,UGX,800.0
maize_grain,2025-10,Kotido,Kotido,KG,UGX,830.0
maize_grain,2025-11,Kotido,Kotido,KG,UGX,975.0
maize_grain,2025-12,Kotido,Kotido,KG,UGX,1030.0
maize_grain,2026-01,Kotido,Kotido,KG,UGX,1007.0
maize_grain,2024-01,Kyegegwa,Kyaka II (refugee settlement),KG,UGX,725.0
maize_grain,2024-02,Kyegegwa,Kyaka II (refugee settlement),KG,UGX,656.0
maize_grain,2024-03,Kyegegwa,Kyaka II (refugee settlement),KG,UGX,742.0
maize_grain,2024-04,Kyegegwa,Kyaka II (refugee settlement),KG,UGX,823.0
maize_grain,2024-05,Kyegegwa,Kyaka II (refugee settlement),KG,UGX,921.0
maize_grain,2024-06,Kyegegwa,Kyaka II (refugee settlement),KG,UGX,933.0
maize_grain,2024-07,Kyegegwa,Kyaka II (refugee settlement),KG,UGX,860.0
maize_grain,2024-08,Kyegegwa,Kyaka II (refugee settlement),KG,UGX,1000.0
maize_grain,2024-09,Kyegegwa,Kyaka II (refugee settlement),KG,UGX,815.0
maize_grain,2024-10,Kyegegwa,Kyaka II (refugee settlement),KG,UGX,931.0
maize_grain,2024-11,Kyegegwa,Kyaka II (refugee settlement),KG,UGX,1200.0
maize_grain,2024-12,Kyegegwa,Kyaka II (refugee settlement),KG,UGX,1378.0
maize_grain,2025-01,Kyegegwa,Kyaka II (refugee settlement),KG,UGX,956.0
maize_grain,2025-02,Kyegegwa,Kyaka II (refugee settlement),KG,UGX,1077.0
maize_grain,2025-03,Kyegegwa,Kyaka II (refugee settlement),KG,UGX,1199.0
maize_grain,2025-04,Kyegegwa,Kyaka II (refugee settlement),KG,UGX,1464.0
maize_grain,2025-05,Kyegegwa,Kyaka II (refugee settlement),KG,UGX,1633.0
maize_grain,2025-06,Kyegegwa,Kyaka II (refugee settlement),KG,UGX,1586.0
maize_grain,2025-07,Kyegegwa,Kyaka II (refugee settlement),KG,UGX,1483.0
maize_grain,2025-08,Kyegegwa,Kyaka II (refugee settlement),KG,UGX,1168.0
maize_grain,2025-09,Kyegegwa,Kyaka II (refugee settlement),KG,UGX,1777.0
maize_grain,2025-10,Kyegegwa,Kyaka II (refugee settlement),KG,UGX,1187.0
maize_grain,2025-11,Kyegegwa,Kyaka II (refugee settlement),KG,UGX,1192.0
maize_grain,2025-12,Kyegegwa,Kyaka II (refugee settlement),KG,UGX,1235.0
maize_grain,2026-01,Kyegegwa,Kyaka II (refugee settlement),KG,UGX,726.0
maize_grain,2026-02,Kyegegwa,Kyaka II (refugee settlement),KG,UGX,820.0
maize_grain,2026-03,Kyegegwa,Kyaka II (refugee settlement),KG,UGX,1125.0
maize_grain,2026-04,Kyegegwa,Kyaka II (refugee settlement),KG,UGX,1633.0
maize_grain,2026-05,Kyegegwa,Kyaka II (refugee settlement),KG,UGX,1550.0
maize_grain,2026-06,Kyegegwa,Kyaka II (refugee settlement),KG,UGX,1400.0
maize_grain,2026-07,Kyegegwa,Kyaka II (refugee settlement),KG,UGX,1275.0
maize_grain,2026-08,Kyegegwa,Kyaka II (refugee settlement),KG,UGX,1233.0
maize_grain,2024-01,Hoima,Kyangwali (refugee settlement),KG,UGX,711.0
maize_grain,2024-02,Hoima,Kyangwali (refugee settlement),KG,UGX,542.0
maize_grain,2024-03,Hoima,Kyangwali (refugee settlement),KG,UGX,636.0
maize_grain,2024-04,Hoima,Kyangwali (refugee settlement),KG,UGX,850.0
maize_grain,2024-05,Hoima,Kyangwali (refugee settlement),KG,UGX,973.0
maize_grain,2024-06,Hoima,Kyangwali (refugee settlement),KG,UGX,1000.0
maize_grain,2024-07,Hoima,Kyangwali (refugee settlement),KG,UGX,644.0
maize_grain,2024-08,Hoima,Kyangwali (refugee settlement),KG,UGX,800.0
maize_grain,2024-09,Hoima,Kyangwali (refugee settlement),KG,UGX,1000.0
maize_grain,2024-10,Hoima,Kyangwali (refugee settlement),KG,UGX,1000.0
maize_grain,2024-11,Hoima,Kyangwali (refugee settlement),KG,UGX,1000.0
maize_grain,2024-12,Hoima,Kyangwali (refugee settlement),KG,UGX,1155.0
maize_grain,2025-01,Hoima,Kyangwali (refugee settlement),KG,UGX,1333.0
maize_grain,2025-02,Hoima,Kyangwali (refugee settlement),KG,UGX,831.0
maize_grain,2025-03,Hoima,Kyangwali (refugee settlement),KG,UGX,1139.0
maize_grain,2025-04,Hoima,Kyangwali (refugee settlement),KG,UGX,1100.0
maize_grain,2025-05,Hoima,Kyangwali (refugee settlement),KG,UGX,1614.0
maize_grain,2025-06,Hoima,Kyangwali (refugee settlement),KG,UGX,1778.0
maize_grain,2025-07,Hoima,Kyangwali (refugee settlement),KG,UGX,1800.0
maize_grain,2025-08,Hoima,Kyangwali (refugee settlement),KG,UGX,900.0
maize_grain,2025-09,Hoima,Kyangwali (refugee settlement),KG,UGX,1174.0
maize_grain,2025-10,Hoima,Kyangwali (refugee settlement),KG,UGX,907.0
maize_grain,2025-11,Hoima,Kyangwali (refugee settlement),KG,UGX,886.0
maize_grain,2025-12,Hoima,Kyangwali (refugee settlement),KG,UGX,989.0
maize_grain,2026-01,Hoima,Kyangwali (refugee settlement),KG,UGX,575.0
maize_grain,2026-02,Hoima,Kyangwali (refugee settlement),KG,UGX,509.0
maize_grain,2026-03,Hoima,Kyangwali (refugee settlement),KG,UGX,969.0
maize_grain,2026-04,Hoima,Kyangwali (refugee settlement),KG,UGX,1350.0
maize_grain,2026-05,Hoima,Kyangwali (refugee settlement),KG,UGX,1371.0
maize_grain,2026-06,Hoima,Kyangwali (refugee settlement),KG,UGX,1378.0
maize_grain,2026-07,Hoima,Kyangwali (refugee settlement),KG,UGX,1005.0
maize_grain,2026-08,Hoima,Kyangwali (refugee settlement),KG,UGX,854.0
maize_grain,2024-01,Lira,Lira,KG,UGX,730.0
maize_grain,2024-02,Lira,Lira,KG,UGX,740.0
maize_grain,2024-03,Lira,Lira,KG,UGX,722.0
maize_grain,2024-04,Lira,Lira,KG,UGX,788.0
maize_grain,2024-05,Lira,Lira,KG,UGX,730.0
maize_grain,2024-06,Lira,Lira,KG,UGX,700.0
maize_grain,2024-07,Lira,Lira,KG,UGX,765.0
maize_grain,2024-08,Lira,Lira,KG,UGX,761.0
maize_grain,2024-09,Lira,Lira,KG,UGX,733.0
maize_grain,2024-10,Lira,Lira,KG,UGX,817.0
maize_grain,2024-11,Lira,Lira,KG,UGX,1000.0
maize_grain,2024-12,Lira,Lira,KG,UGX,890.0
maize_grain,2025-01,Lira,Lira,KG,UGX,890.0
maize_grain,2025-02,Lira,Lira,KG,UGX,927.0
maize_grain,2025-03,Lira,Lira,KG,UGX,940.0
maize_grain,2025-04,Lira,Lira,KG,UGX,1300.0
maize_grain,2025-05,Lira,Lira,KG,UGX,1475.0
maize_grain,2025-06,Lira,Lira,KG,UGX,1388.0
maize_grain,2025-07,Lira,Lira,KG,UGX,1280.0
maize_grain,2025-08,Lira,Lira,KG,UGX,933.0
maize_grain,2025-09,Lira,Lira,KG,UGX,930.0
maize_grain,2025-10,Lira,Lira,KG,UGX,950.0
maize_grain,2025-11,Lira,Lira,KG,UGX,883.0
maize_grain,2025-12,Lira,Lira,KG,UGX,920.0
maize_grain,2024-01,Koboko,Lobule (refugee settlement),KG,UGX,1700.0
maize_grain,2024-02,Koboko,Lobule (refugee settlement),KG,UGX,1100.0
maize_grain,2024-03,Koboko,Lobule (refugee settlement),KG,UGX,1250.0
maize_grain,2024-04,Koboko,Lobule (refugee settlement),KG,UGX,1800.0
maize_grain,2024-05,Koboko,Lobule (refugee settlement),KG,UGX,1383.0
maize_grain,2024-06,Koboko,Lobule (refugee settlement),KG,UGX,1478.0
maize_grain,2024-07,Koboko,Lobule (refugee settlement),KG,UGX,1300.0
maize_grain,2024-08,Koboko,Lobule (refugee settlement),KG,UGX,1387.0
maize_grain,2024-09,Koboko,Lobule (refugee settlement),KG,UGX,906.0
maize_grain,2024-10,Koboko,Lobule (refugee settlement),KG,UGX,1198.0
maize_grain,2024-11,Koboko,Lobule (refugee settlement),KG,UGX,1475.0
maize_grain,2024-12,Koboko,Lobule (refugee settlement),KG,UGX,1337.0
maize_grain,2025-01,Koboko,Lobule (refugee settlement),KG,UGX,1230.0
maize_grain,2025-02,Koboko,Lobule (refugee settlement),KG,UGX,1220.0
maize_grain,2025-03,Koboko,Lobule (refugee settlement),KG,UGX,1470.0
maize_grain,2025-04,Koboko,Lobule (refugee settlement),KG,UGX,1527.0
maize_grain,2025-05,Koboko,Lobule (refugee settlement),KG,UGX,2000.0
maize_grain,2025-06,Koboko,Lobule (refugee settlement),KG,UGX,1666.0
maize_grain,2025-07,Koboko,Lobule (refugee settlement),KG,UGX,1731.0
maize_grain,2025-08,Koboko,Lobule (refugee settlement),KG,UGX,1090.0
maize_grain,2025-09,Koboko,Lobule (refugee settlement),KG,UGX,932.0
maize_grain,2025-10,Koboko,Lobule (refugee settlement),KG,UGX,1508.0
maize_grain,2025-11,Koboko,Lobule (refugee settlement),KG,UGX,1763.0
maize_grain,2025-12,Koboko,Lobule (refugee settlement),KG,UGX,1728.0
maize_grain,2026-01,Koboko,Lobule (refugee settlement),KG,UGX,1560.0
maize_grain,2026-02,Koboko,Lobule (refugee settlement),KG,UGX,1177.0
maize_grain,2026-03,Koboko,Lobule (refugee settlement),KG,UGX,1700.0
maize_grain,2026-04,Koboko,Lobule (refugee settlement),KG,UGX,2067.0
maize_grain,2026-05,Koboko,Lobule (refugee settlement),KG,UGX,1711.0
maize_grain,2026-06,Koboko,Lobule (refugee settlement),KG,UGX,2000.0
maize_grain,2026-07,Koboko,Lobule (refugee settlement),KG,UGX,2220.0
maize_grain,2026-08,Koboko,Lobule (refugee settlement),KG,UGX,2192.0
maize_grain,2024-01,Abim,Makaratin,KG,UGX,900.0
maize_grain,2024-02,Abim,Makaratin,KG,UGX,800.0
maize_grain,2024-03,Abim,Makaratin,KG,UGX,825.0
maize_grain,2024-04,Abim,Makaratin,KG,UGX,900.0
maize_grain,2024-05,Abim,Makaratin,KG,UGX,900.0
maize_grain,2024-06,Abim,Makaratin,KG,UGX,840.0
maize_grain,2024-07,Abim,Makaratin,KG,UGX,800.0
maize_grain,2024-08,Abim,Makaratin,KG,UGX,800.0
maize_grain,2024-09,Abim,Makaratin,KG,UGX,800.0
maize_grain,2024-10,Abim,Makaratin,KG,UGX,800.0
maize_grain,2024-11,Abim,Makaratin,KG,UGX,850.0
maize_grain,2024-12,Abim,Makaratin,KG,UGX,1000.0
maize_grain,2025-01,Abim,Makaratin,KG,UGX,1000.0
maize_grain,2025-02,Abim,Makaratin,KG,UGX,950.0
maize_grain,2025-03,Abim,Makaratin,KG,UGX,1100.0
maize_grain,2025-04,Abim,Makaratin,KG,UGX,1400.0
maize_grain,2025-05,Abim,Makaratin,KG,UGX,1275.0
maize_grain,2025-06,Abim,Makaratin,KG,UGX,1620.0
maize_grain,2025-07,Abim,Makaratin,KG,UGX,2338.0
maize_grain,2025-08,Abim,Makaratin,KG,UGX,1950.0
maize_grain,2025-09,Abim,Makaratin,KG,UGX,1290.0
maize_grain,2025-10,Abim,Makaratin,KG,UGX,1025.0
maize_grain,2025-11,Abim,Makaratin,KG,UGX,925.0
maize_grain,2025-12,Abim,Makaratin,KG,UGX,930.0
maize_grain,2026-01,Abim,Makaratin,KG,UGX,902.0
maize_grain,2024-01,Masaka,Masaka,KG,UGX,825.0
maize_grain,2024-02,Masaka,Masaka,KG,UGX,800.0
maize_grain,2024-03,Masaka,Masaka,KG,UGX,638.0
maize_grain,2024-04,Masaka,Masaka,KG,UGX,650.0
maize_grain,2024-05,Masaka,Masaka,KG,UGX,983.0
maize_grain,2024-06,Masaka,Masaka,KG,UGX,850.0
maize_grain,2024-07,Masaka,Masaka,KG,UGX,925.0
maize_grain,2024-08,Masaka,Masaka,KG,UGX,933.0
maize_grain,2024-09,Masaka,Masaka,KG,UGX,1000.0
maize_grain,2024-10,Masaka,Masaka,KG,UGX,1000.0
maize_grain,2024-11,Masaka,Masaka,KG,UGX,1200.0
maize_grain,2024-12,Masaka,Masaka,KG,UGX,1225.0
maize_grain,2025-01,Masaka,Masaka,KG,UGX,1040.0
maize_grain,2025-02,Masaka,Masaka,KG,UGX,1155.0
maize_grain,2025-03,Masaka,Masaka,KG,UGX,1172.0
maize_grain,2025-04,Masaka,Masaka,KG,UGX,1208.0
maize_grain,2025-05,Masaka,Masaka,KG,UGX,1600.0
maize_grain,2025-06,Masaka,Masaka,KG,UGX,1600.0
maize_grain,2025-07,Masaka,Masaka,KG,UGX,1400.0
maize_grain,2025-08,Masaka,Masaka,KG,UGX,1400.0
maize_grain,2025-09,Masaka,Masaka,KG,UGX,1400.0
maize_grain,2025-10,Masaka,Masaka,KG,UGX,1400.0
maize_grain,2025-11,Masaka,Masaka,KG,UGX,1400.0
maize_grain,2025-12,Masaka,Masaka,KG,UGX,1463.0
maize_grain,2024-01,Masindi,Masindi,KG,UGX,1200.0
maize_grain,2024-02,Masindi,Masindi,KG,UGX,733.0
maize_grain,2024-03,Masindi,Masindi,KG,UGX,800.0
maize_grain,2024-04,Masindi,Masindi,KG,UGX,775.0
maize_grain,2024-05,Masindi,Masindi,KG,UGX,775.0
maize_grain,2024-06,Masindi,Masindi,KG,UGX,600.0
maize_grain,2024-07,Masindi,Masindi,KG,UGX,1000.0
maize_grain,2024-08,Masindi,Masindi,KG,UGX,1000.0
maize_grain,2024-09,Masindi,Masindi,KG,UGX,1000.0
maize_grain,2024-10,Masindi,Masindi,KG,UGX,1000.0
maize_grain,2024-11,Masindi,Masindi,KG,UGX,1300.0
maize_grain,2024-12,Masindi,Masindi,KG,UGX,1300.0
maize_grain,2025-01,Masindi,Masindi,KG,UGX,1191.0
maize_grain,2025-02,Masindi,Masindi,KG,UGX,1264.0
maize_grain,2025-03,Masindi,Masindi,KG,UGX,1250.0
maize_grain,2025-04,Masindi,Masindi,KG,UGX,1525.0
maize_grain,2025-05,Masindi,Masindi,KG,UGX,1600.0
maize_grain,2025-06,Masindi,Masindi,KG,UGX,1650.0
maize_grain,2025-07,Masindi,Masindi,KG,UGX,1600.0
maize_grain,2025-08,Masindi,Masindi,KG,UGX,1150.0
maize_grain,2025-09,Masindi,Masindi,KG,UGX,1000.0
maize_grain,2025-10,Masindi,Masindi,KG,UGX,1010.0
maize_grain,2025-11,Masindi,Masindi,KG,UGX,1100.0
maize_grain,2025-12,Masindi,Masindi,KG,UGX,1017.0
maize_grain,2024-01,Mbale,Mbale,KG,UGX,1575.0
maize_grain,2024-02,Mbale,Mbale,KG,UGX,1220.0
maize_grain,2024-03,Mbale,Mbale,KG,UGX,1000.0
maize_grain,2024-04,Mbale,Mbale,KG,UGX,1000.0
maize_grain,2024-05,Mbale,Mbale,KG,UGX,1060.0
maize_grain,2024-06,Mbale,Mbale,KG,UGX,1367.0
maize_grain,2024-07,Mbale,Mbale,KG,UGX,1150.0
maize_grain,2024-08,Mbale,Mbale,KG,UGX,1111.0
maize_grain,2024-09,Mbale,Mbale,KG,UGX,1200.0
maize_grain,2024-10,Mbale,Mbale,KG,UGX,1320.0
maize_grain,2024-11,Mbale,Mbale,KG,UGX,1500.0
maize_grain,2024-12,Mbale,Mbale,KG,UGX,1500.0
maize_grain,2025-01,Mbale,Mbale,KG,UGX,1500.0
maize_grain,2025-02,Mbale,Mbale,KG,UGX,1500.0
maize_grain,2025-03,Mbale,Mbale,KG,UGX,1522.0
maize_grain,2025-04,Mbale,Mbale,KG,UGX,1569.0
maize_grain,2025-05,Mbale,Mbale,KG,UGX,1300.0
maize_grain,2024-01,Mbarara,Mbarara,KG,UGX,2375.0
maize_grain,2024-02,Mbarara,Mbarara,KG,UGX,2000.0
maize_grain,2024-03,Mbarara,Mbarara,KG,UGX,2000.0
maize_grain,2024-04,Mbarara,Mbarara,KG,UGX,2000.0
maize_grain,2024-05,Mbarara,Mbarara,KG,UGX,2000.0
maize_grain,2024-06,Mbarara,Mbarara,KG,UGX,2000.0
maize_grain,2024-07,Mbarara,Mbarara,KG,UGX,1500.0
maize_grain,2024-08,Mbarara,Mbarara,KG,UGX,1500.0
maize_grain,2024-09,Mbarara,Mbarara,KG,UGX,1500.0
maize_grain,2024-10,Mbarara,Mbarara,KG,UGX,1500.0
maize_grain,2024-11,Mbarara,Mbarara,KG,UGX,1500.0
maize_grain,2024-12,Mbarara,Mbarara,KG,UGX,1500.0
maize_grain,2025-01,Mbarara,Mbarara,KG,UGX,1500.0
maize_grain,2025-02,Mbarara,Mbarara,KG,UGX,1500.0
maize_grain,2025-03,Mbarara,Mbarara,KG,UGX,1522.0
maize_grain,2025-04,Mbarara,Mbarara,KG,UGX,1569.0
maize_grain,2025-05,Mbarara,Mbarara,KG,UGX,2625.0
maize_grain,2025-06,Mbarara,Mbarara,KG,UGX,2500.0
maize_grain,2025-07,Mbarara,Mbarara,KG,UGX,2500.0
maize_grain,2025-08,Mbarara,Mbarara,KG,UGX,2500.0
maize_grain,2025-09,Mbarara,Mbarara,KG,UGX,2500.0
maize_grain,2025-10,Mbarara,Mbarara,KG,UGX,2500.0
maize_grain,2025-11,Mbarara,Mbarara,KG,UGX,2500.0
maize_grain,2025-12,Mbarara,Mbarara,KG,UGX,2467.0
maize_grain,2024-01,Moroto,Moroto,KG,UGX,1200.0
maize_grain,2024-02,Moroto,Moroto,KG,UGX,1000.0
maize_grain,2024-03,Moroto,Moroto,KG,UGX,1040.0
maize_grain,2024-04,Moroto,Moroto,KG,UGX,1150.0
maize_grain,2024-05,Moroto,Moroto,KG,UGX,1033.0
maize_grain,2024-06,Moroto,Moroto,KG,UGX,1000.0
maize_grain,2024-07,Moroto,Moroto,KG,UGX,1040.0
maize_grain,2024-08,Moroto,Moroto,KG,UGX,1060.0
maize_grain,2024-09,Moroto,Moroto,KG,UGX,1100.0
maize_grain,2024-10,Moroto,Moroto,KG,UGX,1200.0
maize_grain,2024-11,Moroto,Moroto,KG,UGX,1120.0
maize_grain,2024-12,Moroto,Moroto,KG,UGX,1275.0
maize_grain,2025-01,Moroto,Moroto,KG,UGX,1283.0
maize_grain,2025-02,Moroto,Moroto,KG,UGX,1260.0
maize_grain,2025-03,Moroto,Moroto,KG,UGX,1240.0
maize_grain,2025-04,Moroto,Moroto,KG,UGX,1471.0
maize_grain,2025-05,Moroto,Moroto,KG,UGX,1673.0
maize_grain,2025-06,Moroto,Moroto,KG,UGX,1758.0
maize_grain,2025-07,Moroto,Moroto,KG,UGX,1792.0
maize_grain,2025-08,Moroto,Moroto,KG,UGX,1767.0
maize_grain,2025-09,Moroto,Moroto,KG,UGX,1719.0
maize_grain,2025-10,Moroto,Moroto,KG,UGX,1394.0
maize_grain,2025-11,Moroto,Moroto,KG,UGX,1360.0
maize_grain,2025-12,Moroto,Moroto,KG,UGX,1380.0
maize_grain,2026-01,Moroto,Moroto,KG,UGX,1382.0
maize_grain,2024-01,Mukono,Mukono,KG,UGX,1950.0
maize_grain,2024-02,Mukono,Mukono,KG,UGX,2083.0
maize_grain,2024-03,Mukono,Mukono,KG,UGX,2000.0
maize_grain,2024-04,Mukono,Mukono,KG,UGX,1750.0
maize_grain,2024-05,Mukono,Mukono,KG,UGX,1600.0
maize_grain,2024-06,Mukono,Mukono,KG,UGX,1500.0
maize_grain,2024-07,Mukono,Mukono,KG,UGX,2025.0
maize_grain,2024-08,Mukono,Mukono,KG,UGX,1767.0
maize_grain,2024-09,Mukono,Mukono,KG,UGX,1650.0
maize_grain,2024-10,Mukono,Mukono,KG,UGX,1625.0
maize_grain,2024-11,Mukono,Mukono,KG,UGX,1860.0
maize_grain,2024-12,Mukono,Mukono,KG,UGX,1725.0
maize_grain,2025-01,Mukono,Mukono,KG,UGX,1867.0
maize_grain,2025-02,Mukono,Mukono,KG,UGX,2200.0
maize_grain,2025-03,Mukono,Mukono,KG,UGX,2232.0
maize_grain,2025-04,Mukono,Mukono,KG,UGX,2301.0
maize_grain,2024-01,Nakapiripirit,Nabilatuk,KG,UGX,1100.0
maize_grain,2024-02,Nakapiripirit,Nabilatuk,KG,UGX,1000.0
maize_grain,2024-03,Nakapiripirit,Nabilatuk,KG,UGX,1000.0
maize_grain,2024-04,Nakapiripirit,Nabilatuk,KG,UGX,960.0
maize_grain,2024-05,Nakapiripirit,Nabilatuk,KG,UGX,1000.0
maize_grain,2024-06,Nakapiripirit,Nabilatuk,KG,UGX,1000.0
maize_grain,2024-07,Nakapiripirit,Nabilatuk,KG,UGX,980.0
maize_grain,2024-08,Nakapiripirit,Nabilatuk,KG,UGX,970.0
maize_grain,2024-09,Nakapiripirit,Nabilatuk,KG,UGX,975.0
maize_grain,2024-10,Nakapiripirit,Nabilatuk,KG,UGX,1000.0
maize_grain,2024-11,Nakapiripirit,Nabilatuk,KG,UGX,982.0
maize_grain,2024-12,Nakapiripirit,Nabilatuk,KG,UGX,1200.0
maize_grain,2025-01,Nakapiripirit,Nabilatuk,KG,UGX,1183.0
maize_grain,2025-02,Nakapiripirit,Nabilatuk,KG,UGX,1120.0
maize_grain,2025-03,Nakapiripirit,Nabilatuk,KG,UGX,1200.0
maize_grain,2025-04,Nakapiripirit,Nabilatuk,KG,UGX,1425.0
maize_grain,2025-05,Nakapiripirit,Nabilatuk,KG,UGX,1563.0
maize_grain,2025-06,Nakapiripirit,Nabilatuk,KG,UGX,1655.0
maize_grain,2025-07,Nakapiripirit,Nabilatuk,KG,UGX,1706.0
maize_grain,2025-08,Nakapiripirit,Nabilatuk,KG,UGX,1261.0
maize_grain,2025-09,Nakapiripirit,Nabilatuk,KG,UGX,976.0
maize_grain,2025-10,Nakapiripirit,Nabilatuk,KG,UGX,1016.0
maize_grain,2025-11,Nakapiripirit,Nabilatuk,KG,UGX,1032.0
maize_grain,2025-12,Nakapiripirit,Nabilatuk,KG,UGX,1071.0
maize_grain,2026-01,Nakapiripirit,Nabilatuk,KG,UGX,1042.0
maize_grain,2024-01,Isingiro,Nakivale (refugee settlement),KG,UGX,1125.0
maize_grain,2024-02,Isingiro,Nakivale (refugee settlement),KG,UGX,850.0
maize_grain,2024-03,Isingiro,Nakivale (refugee settlement),KG,UGX,775.0
maize_grain,2024-04,Isingiro,Nakivale (refugee settlement),KG,UGX,850.0
maize_grain,2024-05,Isingiro,Nakivale (refugee settlement),KG,UGX,850.0
maize_grain,2024-06,Isingiro,Nakivale (refugee settlement),KG,UGX,850.0
maize_grain,2024-07,Isingiro,Nakivale (refugee settlement),KG,UGX,867.0
maize_grain,2024-08,Isingiro,Nakivale (refugee settlement),KG,UGX,1000.0
maize_grain,2024-09,Isingiro,Nakivale (refugee settlement),KG,UGX,1000.0
maize_grain,2024-10,Isingiro,Nakivale (refugee settlement),KG,UGX,1000.0
maize_grain,2024-11,Isingiro,Nakivale (refugee settlement),KG,UGX,1500.0
maize_grain,2024-12,Isingiro,Nakivale (refugee settlement),KG,UGX,1428.0
maize_grain,2025-01,Isingiro,Nakivale (refugee settlement),KG,UGX,858.0
maize_grain,2025-02,Isingiro,Nakivale (refugee settlement),KG,UGX,1005.0
maize_grain,2025-03,Isingiro,Nakivale (refugee settlement),KG,UGX,1148.0
maize_grain,2025-04,Isingiro,Nakivale (refugee settlement),KG,UGX,1339.0
maize_grain,2025-05,Isingiro,Nakivale (refugee settlement),KG,UGX,1522.0
maize_grain,2025-06,Isingiro,Nakivale (refugee settlement),KG,UGX,1336.0
maize_grain,2025-07,Isingiro,Nakivale (refugee settlement),KG,UGX,1399.0
maize_grain,2025-08,Isingiro,Nakivale (refugee settlement),KG,UGX,1153.0
maize_grain,2025-09,Isingiro,Nakivale (refugee settlement),KG,UGX,1428.0
maize_grain,2025-10,Isingiro,Nakivale (refugee settlement),KG,UGX,1631.0
maize_grain,2025-11,Isingiro,Nakivale (refugee settlement),KG,UGX,1300.0
maize_grain,2025-12,Isingiro,Nakivale (refugee settlement),KG,UGX,1267.0
maize_grain,2026-01,Isingiro,Nakivale (refugee settlement),KG,UGX,797.0
maize_grain,2026-02,Isingiro,Nakivale (refugee settlement),KG,UGX,951.0
maize_grain,2026-03,Isingiro,Nakivale (refugee settlement),KG,UGX,1190.0
maize_grain,2026-04,Isingiro,Nakivale (refugee settlement),KG,UGX,1430.0
maize_grain,2026-05,Isingiro,Nakivale (refugee settlement),KG,UGX,1450.0
maize_grain,2026-06,Isingiro,Nakivale (refugee settlement),KG,UGX,1430.0
maize_grain,2026-07,Isingiro,Nakivale (refugee settlement),KG,UGX,1338.0
maize_grain,2026-08,Isingiro,Nakivale (refugee settlement),KG,UGX,1313.0
maize_grain,2024-01,Nakapiripirit,Namalu,KG,UGX,1160.0
maize_grain,2024-02,Nakapiripirit,Namalu,KG,UGX,1100.0
maize_grain,2024-03,Nakapiripirit,Namalu,KG,UGX,1040.0
maize_grain,2024-04,Nakapiripirit,Namalu,KG,UGX,1060.0
maize_grain,2024-05,Nakapiripirit,Namalu,KG,UGX,950.0
maize_grain,2024-06,Nakapiripirit,Namalu,KG,UGX,989.0
maize_grain,2024-07,Nakapiripirit,Namalu,KG,UGX,960.0
maize_grain,2024-08,Nakapiripirit,Namalu,KG,UGX,930.0
maize_grain,2024-09,Nakapiripirit,Namalu,KG,UGX,900.0
maize_grain,2024-10,Nakapiripirit,Namalu,KG,UGX,880.0
maize_grain,2024-11,Nakapiripirit,Namalu,KG,UGX,903.0
maize_grain,2024-12,Nakapiripirit,Namalu,KG,UGX,1000.0
maize_grain,2025-01,Nakapiripirit,Namalu,KG,UGX,1200.0
maize_grain,2025-02,Nakapiripirit,Namalu,KG,UGX,1200.0
maize_grain,2025-03,Nakapiripirit,Namalu,KG,UGX,1250.0
maize_grain,2025-04,Nakapiripirit,Namalu,KG,UGX,1442.0
maize_grain,2025-05,Nakapiripirit,Namalu,KG,UGX,1619.0
maize_grain,2025-06,Nakapiripirit,Namalu,KG,UGX,1638.0
maize_grain,2025-07,Nakapiripirit,Namalu,KG,UGX,1567.0
maize_grain,2025-08,Nakapiripirit,Namalu,KG,UGX,1083.0
maize_grain,2025-09,Nakapiripirit,Namalu,KG,UGX,875.0
maize_grain,2025-10,Nakapiripirit,Namalu,KG,UGX,980.0
maize_grain,2025-11,Nakapiripirit,Namalu,KG,UGX,1067.0
maize_grain,2025-12,Nakapiripirit,Namalu,KG,UGX,1150.0
maize_grain,2026-01,Nakapiripirit,Namalu,KG,UGX,1123.0
maize_grain,2024-01,Napak,Napak,KG,UGX,1200.0
maize_grain,2024-02,Napak,Napak,KG,UGX,1200.0
maize_grain,2024-03,Napak,Napak,KG,UGX,1160.0
maize_grain,2024-04,Napak,Napak,KG,UGX,1040.0
maize_grain,2024-05,Napak,Napak,KG,UGX,1333.0
maize_grain,2024-06,Napak,Napak,KG,UGX,1333.0
maize_grain,2024-07,Napak,Napak,KG,UGX,1200.0
maize_grain,2024-08,Napak,Napak,KG,UGX,1120.0
maize_grain,2024-09,Napak,Napak,KG,UGX,1100.0
maize_grain,2024-10,Napak,Napak,KG,UGX,1200.0
maize_grain,2024-11,Napak,Napak,KG,UGX,1140.0
maize_grain,2024-12,Napak,Napak,KG,UGX,1300.0
maize_grain,2025-01,Napak,Napak,KG,UGX,1267.0
maize_grain,2025-02,Napak,Napak,KG,UGX,1200.0
maize_grain,2025-03,Napak,Napak,KG,UGX,1220.0
maize_grain,2025-04,Napak,Napak,KG,UGX,1458.0
maize_grain,2025-05,Napak,Napak,KG,UGX,1971.0
maize_grain,2025-06,Napak,Napak,KG,UGX,2000.0
maize_grain,2025-07,Napak,Napak,KG,UGX,1810.0
maize_grain,2025-08,Napak,Napak,KG,UGX,1200.0
maize_grain,2025-09,Napak,Napak,KG,UGX,1500.0
maize_grain,2025-10,Napak,Napak,KG,UGX,1250.0
maize_grain,2025-11,Napak,Napak,KG,UGX,1200.0
maize_grain,2026-01,Napak,Napak,KG,UGX,1178.0
maize_grain,2024-01,Isingiro,Oruchinga (refugee settlement),KG,UGX,1167.0
maize_grain,2024-02,Isingiro,Oruchinga (refugee settlement),KG,UGX,850.0
maize_grain,2024-03,Isingiro,Oruchinga (refugee settlement),KG,UGX,750.0
maize_grain,2024-04,Isingiro,Oruchinga (refugee settlement),KG,UGX,800.0
maize_grain,2024-05,Isingiro,Oruchinga (refugee settlement),KG,UGX,750.0
maize_grain,2024-06,Isingiro,Oruchinga (refugee settlement),KG,UGX,900.0
maize_grain,2024-07,Isingiro,Oruchinga (refugee settlement),KG,UGX,850.0
maize_grain,2024-08,Isingiro,Oruchinga (refugee settlement),KG,UGX,1000.0
maize_grain,2024-09,Isingiro,Oruchinga (refugee settlement),KG,UGX,1000.0
maize_grain,2024-10,Isingiro,Oruchinga (refugee settlement),KG,UGX,1000.0
maize_grain,2024-11,Isingiro,Oruchinga (refugee settlement),KG,UGX,1600.0
maize_grain,2024-12,Isingiro,Oruchinga (refugee settlement),KG,UGX,1556.0
maize_grain,2025-01,Isingiro,Oruchinga (refugee settlement),KG,UGX,1291.0
maize_grain,2025-02,Isingiro,Oruchinga (refugee settlement),KG,UGX,1000.0
maize_grain,2025-03,Isingiro,Oruchinga (refugee settlement),KG,UGX,1333.0
maize_grain,2025-04,Isingiro,Oruchinga (refugee settlement),KG,UGX,1543.0
maize_grain,2025-05,Isingiro,Oruchinga (refugee settlement),KG,UGX,1433.0
maize_grain,2025-06,Isingiro,Oruchinga (refugee settlement),KG,UGX,1436.0
maize_grain,2025-07,Isingiro,Oruchinga (refugee settlement),KG,UGX,1471.0
maize_grain,2025-08,Isingiro,Oruchinga (refugee settlement),KG,UGX,1212.0
maize_grain,2025-09,Isingiro,Oruchinga (refugee settlement),KG,UGX,1500.0
maize_grain,2025-10,Isingiro,Oruchinga (refugee settlement),KG,UGX,1400.0
maize_grain,2025-11,Isingiro,Oruchinga (refugee settlement),KG,UGX,1000.0
maize_grain,2025-12,Isingiro,Oruchinga (refugee settlement),KG,UGX,1000.0
maize_grain,2026-01,Isingiro,Oruchinga (refugee settlement),KG,UGX,678.0
maize_grain,2026-02,Isingiro,Oruchinga (refugee settlement),KG,UGX,771.0
maize_grain,2026-03,Isingiro,Oruchinga (refugee settlement),KG,UGX,1100.0
maize_grain,2026-04,Isingiro,Oruchinga (refugee settlement),KG,UGX,1325.0
maize_grain,2026-05,Isingiro,Oruchinga (refugee settlement),KG,UGX,1450.0
maize_grain,2026-06,Isingiro,Oruchinga (refugee settlement),KG,UGX,1400.0
maize_grain,2026-07,Isingiro,Oruchinga (refugee settlement),KG,UGX,1350.0
maize_grain,2026-08,Isingiro,Oruchinga (refugee settlement),KG,UGX,1350.0
maize_grain,2024-01,Kampala,Owino,KG,UGX,1700.0
maize_grain,2024-02,Kampala,Owino,KG,UGX,1625.0
maize_grain,2024-03,Kampala,Owino,KG,UGX,1750.0
maize_grain,2024-04,Kampala,Owino,KG,UGX,1750.0
maize_grain,2024-05,Kampala,Owino,KG,UGX,1600.0
maize_grain,2024-06,Kampala,Owino,KG,UGX,2000.0
maize_grain,2024-07,Kampala,Owino,KG,UGX,1500.0
maize_grain,2024-08,Kampala,Owino,KG,UGX,1833.0
maize_grain,2024-09,Kampala,Owino,KG,UGX,1875.0
maize_grain,2024-10,Kampala,Owino,KG,UGX,1775.0
maize_grain,2024-11,Kampala,Owino,KG,UGX,2000.0
maize_grain,2024-12,Kampala,Owino,KG,UGX,2000.0
maize_grain,2025-01,Kampala,Owino,KG,UGX,2000.0
maize_grain,2025-02,Kampala,Owino,KG,UGX,2000.0
maize_grain,2025-03,Kampala,Owino,KG,UGX,2029.0
maize_grain,2025-04,Kampala,Owino,KG,UGX,2092.0
maize_grain,2024-01,Lamwo,Palabek (refugee settlement),KG,UGX,1213.0
maize_grain,2024-02,Lamwo,Palabek (refugee settlement),KG,UGX,1160.0
maize_grain,2024-03,Lamwo,Palabek (refugee settlement),KG,UGX,1138.0
maize_grain,2024-04,Lamwo,Palabek (refugee settlement),KG,UGX,1100.0
maize_grain,2024-05,Lamwo,Palabek (refugee settlement),KG,UGX,1107.0
maize_grain,2024-06,Lamwo,Palabek (refugee settlement),KG,UGX,1043.0
maize_grain,2024-07,Lamwo,Palabek (refugee settlement),KG,UGX,1100.0
maize_grain,2024-08,Lamwo,Palabek (refugee settlement),KG,UGX,1083.0
maize_grain,2024-09,Lamwo,Palabek (refugee settlement),KG,UGX,1133.0
maize_grain,2024-10,Lamwo,Palabek (refugee settlement),KG,UGX,1133.0
maize_grain,2024-11,Lamwo,Palabek (refugee settlement),KG,UGX,1113.0
maize_grain,2024-12,Lamwo,Palabek (refugee settlement),KG,UGX,1314.0
maize_grain,2025-01,Lamwo,Palabek (refugee settlement),KG,UGX,1435.0
maize_grain,2025-02,Lamwo,Palabek (refugee settlement),KG,UGX,1438.0
maize_grain,2025-03,Lamwo,Palabek (refugee settlement),KG,UGX,1438.0
maize_grain,2025-04,Lamwo,Palabek (refugee settlement),KG,UGX,1683.0
maize_grain,2025-05,Lamwo,Palabek (refugee settlement),KG,UGX,1978.0
maize_grain,2025-06,Lamwo,Palabek (refugee settlement),KG,UGX,2030.0
maize_grain,2025-07,Lamwo,Palabek (refugee settlement),KG,UGX,2000.0
maize_grain,2025-08,Lamwo,Palabek (refugee settlement),KG,UGX,1259.0
maize_grain,2025-09,Lamwo,Palabek (refugee settlement),KG,UGX,1500.0
maize_grain,2025-10,Lamwo,Palabek (refugee settlement),KG,UGX,1117.0
maize_grain,2025-11,Lamwo,Palabek (refugee settlement),KG,UGX,1000.0
maize_grain,2025-12,Lamwo,Palabek (refugee settlement),KG,UGX,1206.0
maize_grain,2026-01,Lamwo,Palabek (refugee settlement),KG,UGX,1051.0
maize_grain,2026-02,Lamwo,Palabek (refugee settlement),KG,UGX,1019.0
maize_grain,2026-03,Lamwo,Palabek (refugee settlement),KG,UGX,1434.0
maize_grain,2026-04,Lamwo,Palabek (refugee settlement),KG,UGX,1972.0
maize_grain,2026-05,Lamwo,Palabek (refugee settlement),KG,UGX,2000.0
maize_grain,2026-06,Lamwo,Palabek (refugee settlement),KG,UGX,1828.0
maize_grain,2026-07,Lamwo,Palabek (refugee settlement),KG,UGX,1514.0
maize_grain,2026-08,Lamwo,Palabek (refugee settlement),KG,UGX,1455.0
maize_grain,2024-01,Moyo,Palorinya (refugee settlement),KG,UGX,1467.0
maize_grain,2024-02,Moyo,Palorinya (refugee settlement),KG,UGX,1233.0
maize_grain,2024-03,Moyo,Palorinya (refugee settlement),KG,UGX,1029.0
maize_grain,2024-04,Moyo,Palorinya (refugee settlement),KG,UGX,1333.0
maize_grain,2024-05,Moyo,Palorinya (refugee settlement),KG,UGX,1375.0
maize_grain,2024-06,Moyo,Palorinya (refugee settlement),KG,UGX,1246.0
maize_grain,2024-07,Moyo,Palorinya (refugee settlement),KG,UGX,1100.0
maize_grain,2024-08,Moyo,Palorinya (refugee settlement),KG,UGX,1240.0
maize_grain,2024-09,Moyo,Palorinya (refugee settlement),KG,UGX,1367.0
maize_grain,2024-10,Moyo,Palorinya (refugee settlement),KG,UGX,1367.0
maize_grain,2024-11,Moyo,Palorinya (refugee settlement),KG,UGX,1800.0
maize_grain,2024-12,Moyo,Palorinya (refugee settlement),KG,UGX,1650.0
maize_grain,2025-01,Moyo,Palorinya (refugee settlement),KG,UGX,1171.0
maize_grain,2025-02,Moyo,Palorinya (refugee settlement),KG,UGX,1479.0
maize_grain,2025-03,Moyo,Palorinya (refugee settlement),KG,UGX,1820.0
maize_grain,2025-04,Moyo,Palorinya (refugee settlement),KG,UGX,1820.0
maize_grain,2025-05,Moyo,Palorinya (refugee settlement),KG,UGX,2633.0
maize_grain,2025-06,Moyo,Palorinya (refugee settlement),KG,UGX,2825.0
maize_grain,2025-07,Moyo,Palorinya (refugee settlement),KG,UGX,2062.0
maize_grain,2025-08,Moyo,Palorinya (refugee settlement),KG,UGX,1350.0
maize_grain,2025-09,Moyo,Palorinya (refugee settlement),KG,UGX,1000.0
maize_grain,2025-10,Moyo,Palorinya (refugee settlement),KG,UGX,775.0
maize_grain,2025-11,Moyo,Palorinya (refugee settlement),KG,UGX,1140.0
maize_grain,2025-12,Moyo,Palorinya (refugee settlement),KG,UGX,972.0
maize_grain,2026-01,Moyo,Palorinya (refugee settlement),KG,UGX,961.0
maize_grain,2026-02,Moyo,Palorinya (refugee settlement),KG,UGX,859.0
maize_grain,2026-03,Moyo,Palorinya (refugee settlement),KG,UGX,1354.0
maize_grain,2026-04,Moyo,Palorinya (refugee settlement),KG,UGX,1611.0
maize_grain,2026-05,Moyo,Palorinya (refugee settlement),KG,UGX,1625.0
maize_grain,2026-06,Moyo,Palorinya (refugee settlement),KG,UGX,1610.0
maize_grain,2026-07,Moyo,Palorinya (refugee settlement),KG,UGX,2000.0
maize_grain,2026-08,Moyo,Palorinya (refugee settlement),KG,UGX,1460.0
maize_grain,2024-01,Arua,Rhino Camp (refugee settlement),KG,UGX,1420.0
maize_grain,2024-02,Arua,Rhino Camp (refugee settlement),KG,UGX,1488.0
maize_grain,2024-03,Arua,Rhino Camp (refugee settlement),KG,UGX,1213.0
maize_grain,2024-04,Arua,Rhino Camp (refugee settlement),KG,UGX,1350.0
maize_grain,2024-05,Arua,Rhino Camp (refugee settlement),KG,UGX,1500.0
maize_grain,2024-06,Arua,Rhino Camp (refugee settlement),KG,UGX,1354.0
maize_grain,2024-07,Arua,Rhino Camp (refugee settlement),KG,UGX,1233.0
maize_grain,2024-08,Arua,Rhino Camp (refugee settlement),KG,UGX,1362.0
maize_grain,2024-09,Arua,Rhino Camp (refugee settlement),KG,UGX,930.0
maize_grain,2024-10,Arua,Rhino Camp (refugee settlement),KG,UGX,1000.0
maize_grain,2024-11,Arua,Rhino Camp (refugee settlement),KG,UGX,1568.0
maize_grain,2024-12,Arua,Rhino Camp (refugee settlement),KG,UGX,1284.0
maize_grain,2025-01,Arua,Rhino Camp (refugee settlement),KG,UGX,2000.0
maize_grain,2025-02,Arua,Rhino Camp (refugee settlement),KG,UGX,1867.0
maize_grain,2025-03,Arua,Rhino Camp (refugee settlement),KG,UGX,1710.0
maize_grain,2025-04,Arua,Rhino Camp (refugee settlement),KG,UGX,1930.0
maize_grain,2025-05,Arua,Rhino Camp (refugee settlement),KG,UGX,2117.0
maize_grain,2025-06,Arua,Rhino Camp (refugee settlement),KG,UGX,2288.0
maize_grain,2025-07,Arua,Rhino Camp (refugee settlement),KG,UGX,2864.0
maize_grain,2025-08,Arua,Rhino Camp (refugee settlement),KG,UGX,1692.0
maize_grain,2025-09,Arua,Rhino Camp (refugee settlement),KG,UGX,1256.0
maize_grain,2025-10,Arua,Rhino Camp (refugee settlement),KG,UGX,2300.0
maize_grain,2025-11,Arua,Rhino Camp (refugee settlement),KG,UGX,1800.0
maize_grain,2025-12,Arua,Rhino Camp (refugee settlement),KG,UGX,1785.0
maize_grain,2026-01,Arua,Rhino Camp (refugee settlement),KG,UGX,1907.0
maize_grain,2026-02,Arua,Rhino Camp (refugee settlement),KG,UGX,1764.0
maize_grain,2026-03,Arua,Rhino Camp (refugee settlement),KG,UGX,1967.0
maize_grain,2026-04,Arua,Rhino Camp (refugee settlement),KG,UGX,2106.0
maize_grain,2026-05,Arua,Rhino Camp (refugee settlement),KG,UGX,2076.0
maize_grain,2026-06,Arua,Rhino Camp (refugee settlement),KG,UGX,2108.0
maize_grain,2026-07,Arua,Rhino Camp (refugee settlement),KG,UGX,2180.0
maize_grain,2026-08,Arua,Rhino Camp (refugee settlement),KG,UGX,2200.0
maize_grain,2024-01,Kamwenge,Rwamwanja (refugee settlement),KG,UGX,725.0
maize_grain,2024-02,Kamwenge,Rwamwanja (refugee settlement),KG,UGX,686.0
maize_grain,2024-03,Kamwenge,Rwamwanja (refugee settlement),KG,UGX,750.0
maize_grain,2024-04,Kamwenge,Rwamwanja (refugee settlement),KG,UGX,800.0
maize_grain,2024-05,Kamwenge,Rwamwanja (refugee settlement),KG,UGX,956.0
maize_grain,2024-06,Kamwenge,Rwamwanja (refugee settlement),KG,UGX,950.0
maize_grain,2024-07,Kamwenge,Rwamwanja (refugee settlement),KG,UGX,840.0
maize_grain,2024-08,Kamwenge,Rwamwanja (refugee settlement),KG,UGX,1000.0
maize_grain,2024-09,Kamwenge,Rwamwanja (refugee settlement),KG,UGX,1000.0
maize_grain,2024-10,Kamwenge,Rwamwanja (refugee settlement),KG,UGX,930.0
maize_grain,2024-11,Kamwenge,Rwamwanja (refugee settlement),KG,UGX,1500.0
maize_grain,2024-12,Kamwenge,Rwamwanja (refugee settlement),KG,UGX,1498.0
maize_grain,2025-01,Kamwenge,Rwamwanja (refugee settlement),KG,UGX,852.0
maize_grain,2025-02,Kamwenge,Rwamwanja (refugee settlement),KG,UGX,844.0
maize_grain,2025-03,Kamwenge,Rwamwanja (refugee settlement),KG,UGX,1125.0
maize_grain,2025-04,Kamwenge,Rwamwanja (refugee settlement),KG,UGX,1300.0
maize_grain,2025-05,Kamwenge,Rwamwanja (refugee settlement),KG,UGX,1507.0
maize_grain,2025-06,Kamwenge,Rwamwanja (refugee settlement),KG,UGX,1505.0
maize_grain,2025-07,Kamwenge,Rwamwanja (refugee settlement),KG,UGX,1231.0
maize_grain,2025-08,Kamwenge,Rwamwanja (refugee settlement),KG,UGX,1373.0
maize_grain,2025-09,Kamwenge,Rwamwanja (refugee settlement),KG,UGX,1189.0
maize_grain,2025-10,Kamwenge,Rwamwanja (refugee settlement),KG,UGX,1154.0
maize_grain,2025-11,Kamwenge,Rwamwanja (refugee settlement),KG,UGX,1376.0
maize_grain,2025-12,Kamwenge,Rwamwanja (refugee settlement),KG,UGX,1828.0
maize_grain,2026-01,Kamwenge,Rwamwanja (refugee settlement),KG,UGX,868.0
maize_grain,2026-02,Kamwenge,Rwamwanja (refugee settlement),KG,UGX,989.0
maize_grain,2026-03,Kamwenge,Rwamwanja (refugee settlement),KG,UGX,1429.0
maize_grain,2026-04,Kamwenge,Rwamwanja (refugee settlement),KG,UGX,1725.0
maize_grain,2026-05,Kamwenge,Rwamwanja (refugee settlement),KG,UGX,1425.0
maize_grain,2026-06,Kamwenge,Rwamwanja (refugee settlement),KG,UGX,1250.0
maize_grain,2026-07,Kamwenge,Rwamwanja (refugee settlement),KG,UGX,1283.0
maize_grain,2026-08,Kamwenge,Rwamwanja (refugee settlement),KG,UGX,1133.0
maize_grain,2024-01,Soroti,Soroti,KG,UGX,883.0
maize_grain,2024-02,Soroti,Soroti,KG,UGX,1000.0
maize_grain,2024-03,Soroti,Soroti,KG,UGX,920.0
maize_grain,2024-04,Soroti,Soroti,KG,UGX,1017.0
maize_grain,2024-05,Soroti,Soroti,KG,UGX,1017.0
maize_grain,2024-06,Soroti,Soroti,KG,UGX,1075.0
maize_grain,2024-07,Soroti,Soroti,KG,UGX,880.0
maize_grain,2024-08,Soroti,Soroti,KG,UGX,900.0
maize_grain,2024-09,Soroti,Soroti,KG,UGX,950.0
maize_grain,2024-10,Soroti,Soroti,KG,UGX,940.0
maize_grain,2024-11,Soroti,Soroti,KG,UGX,930.0
maize_grain,2024-12,Soroti,Soroti,KG,UGX,1250.0
maize_grain,2025-01,Soroti,Soroti,KG,UGX,1233.0
maize_grain,2025-02,Soroti,Soroti,KG,UGX,1160.0
maize_grain,2025-03,Soroti,Soroti,KG,UGX,1200.0
maize_grain,2025-04,Soroti,Soroti,KG,UGX,1379.0
maize_grain,2025-05,Soroti,Soroti,KG,UGX,1408.0
maize_grain,2025-07,Soroti,Soroti,KG,UGX,1433.0
maize_grain,2025-08,Soroti,Soroti,KG,UGX,1117.0
maize_grain,2025-09,Soroti,Soroti,KG,UGX,1375.0
maize_grain,2025-10,Soroti,Soroti,KG,UGX,1013.0
maize_grain,2025-11,Soroti,Soroti,KG,UGX,1071.0
maize_grain,2025-12,Soroti,Soroti,KG,UGX,987.0
maize_grain,2024-01,Tororo,Tororo,KG,UGX,960.0
maize_grain,2024-02,Tororo,Tororo,KG,UGX,975.0
maize_grain,2024-03,Tororo,Tororo,KG,UGX,925.0
maize_grain,2024-04,Tororo,Tororo,KG,UGX,938.0
maize_grain,2024-05,Tororo,Tororo,KG,UGX,830.0
maize_grain,2024-06,Tororo,Tororo,KG,UGX,770.0
maize_grain,2024-07,Tororo,Tororo,KG,UGX,890.0
maize_grain,2024-08,Tororo,Tororo,KG,UGX,939.0
maize_grain,2024-09,Tororo,Tororo,KG,UGX,1000.0
maize_grain,2024-10,Tororo,Tororo,KG,UGX,1000.0
maize_grain,2024-11,Tororo,Tororo,KG,UGX,1363.0
maize_grain,2024-12,Tororo,Tororo,KG,UGX,1175.0
maize_grain,2025-01,Tororo,Tororo,KG,UGX,1140.0
maize_grain,2025-02,Tororo,Tororo,KG,UGX,1226.0
maize_grain,2025-03,Tororo,Tororo,KG,UGX,1244.0
maize_grain,2025-04,Tororo,Tororo,KG,UGX,2000.0
maize_grain,2024-01,Wakiso,Wakiso,KG,UGX,1525.0
maize_grain,2024-02,Wakiso,Wakiso,KG,UGX,1680.0
maize_grain,2024-03,Wakiso,Wakiso,KG,UGX,1625.0
maize_grain,2024-04,Wakiso,Wakiso,KG,UGX,1175.0
maize_grain,2024-05,Wakiso,Wakiso,KG,UGX,1280.0
maize_grain,2024-06,Wakiso,Wakiso,KG,UGX,1250.0
maize_grain,2024-07,Wakiso,Wakiso,KG,UGX,1425.0
maize_grain,2024-08,Wakiso,Wakiso,KG,UGX,1367.0
maize_grain,2024-09,Wakiso,Wakiso,KG,UGX,1525.0
maize_grain,2024-10,Wakiso,Wakiso,KG,UGX,1575.0
maize_grain,2024-11,Wakiso,Wakiso,KG,UGX,1800.0
maize_grain,2024-12,Wakiso,Wakiso,KG,UGX,1875.0
maize_grain,2025-01,Wakiso,Wakiso,KG,UGX,1733.0
maize_grain,2025-02,Wakiso,Wakiso,KG,UGX,2000.0
maize_grain,2025-03,Wakiso,Wakiso,KG,UGX,2029.0
maize_grain,2025-04,Wakiso,Wakiso,KG,UGX,2092.0
