folder,label,filename,mendeley_url,s3_url
fall armyworm,maize_fall_armyworm,fall armyworm100_.jpg,https://data.mendeley.com/public-files/datasets/bwh3zbpkpv/files/ab82b636-db73-4a9a-b4f8-d79e187e4943/file_downloaded,https://prod-dcd-datasets-public-files-eu-west-1.s3.eu-west-1.amazonaws.com/dc121506-9056-492d-ad56-1306edd5a09c
fall armyworm,maize_fall_armyworm,fall armyworm101_.jpg,https://data.mendeley.com/public-files/datasets/bwh3zbpkpv/files/4256465c-52c9-402f-b762-206b0e9cd97d/file_downloaded,https://prod-dcd-datasets-public-files-eu-west-1.s3.eu-west-1.amazonaws.com/6045a2de-817b-411b-aeda-eb1a06fa38c0
fall armyworm,maize_fall_armyworm,fall armyworm102_.jpg,https://data.mendeley.com/public-files/datasets/bwh3zbpkpv/files/3e0c080b-a215-4e55-8c3c-08130fcf7893/file_downloaded,https://prod-dcd-datasets-public-files-eu-west-1.s3.eu-west-1.amazonaws.com/41723671-926a-4182-92e6-a0ccd7cca211
fall armyworm,maize_fall_armyworm,fall armyworm103_.jpg,https://data.mendeley.com/public-files/datasets/bwh3zbpkpv/files/e10051e8-2a7f-4438-9339-fb5fa1ca8a05/file_downloaded,https://prod-dcd-datasets-public-files-eu-west-1.s3.eu-west-1.amazonaws.com/e6feebf0-b7e3-4a04-b302-06d0b14f50e4
fall armyworm,maize_fall_armyworm,fall armyworm104_.jpg,https://data.mendeley.com/public-files/datasets/bwh3zbpkpv/files/e1dfa92e-d892-46d3-93f5-45c62b4516a6/file_downloaded,https://prod-dcd-datasets-public-files-eu-west-1.s3.eu-west-1.amazonaws.com/4a921e2e-dda0-48e9-b0b4-e72aa2766ff8
fall armyworm,maize_fall_armyworm,fall armyworm105_.jpg,https://data.mendeley.com/public-files/datasets/bwh3zbpkpv/files/a7a82df3-253e-44ba-a1f5-37cfb9c586dd/file_downloaded,https://prod-dcd-datasets-public-files-eu-west-1.s3.eu-west-1.amazonaws.com/81b62791-d7a5-445a-b14c-66755cc86178
fall armyworm,maize_fall_armyworm,fall armyworm106_.jpg,https://data.mendeley.com/public-files/datasets/bwh3zbpkpv/files/c2c431a3-e9d8-485b-b888-8b6f0dfcc97a/file_downloaded,https://prod-dcd-datasets-public-files-eu-west-1.s3.eu-west-1.amazonaws.com/cd3ea21d-6b17-406b-a5f4-6383cb48dc5b
fall armyworm,maize_fall_armyworm,fall armyworm107_.jpg,https://data.mendeley.com/public-files/datasets/bwh3zbpkpv/files/cb074dc7-b16a-4bc6-aa72-642c87e33b65/file_downloaded,https://prod-dcd-datasets-public-files-eu-west-1.s3.eu-west-1.amazonaws.com/5d5783a7-ac17-49a4-8da7-632625060390
fall armyworm,maize_fall_armyworm,fall armyworm108_.jpg,https://data.mendeley.com/public-files/datasets/bwh3zbpkpv/files/33c4213a-f161-4dd4-a524-b05c803fdaeb/file_downloaded,https://prod-dcd-datasets-public-files-eu-west-1.s3.eu-west-1.amazonaws.com/4b9da006-fc96-43f4-bd70-b32dea4272b1
fall armyworm,maize_fall_armyworm,fall armyworm109_.jpg,https://data.mendeley.com/public-files/datasets/bwh3zbpkpv/files/06f65ff0-7f5f-4c6b-800a-36819f72e2fd/file_downloaded,https://prod-dcd-datasets-public-files-eu-west-1.s3.eu-west-1.amazonaws.com/8aefec9d-7243-459f-9363-53d723fc01a7
fall armyworm,maize_fall_armyworm,fall armyworm10_.jpg,https://data.mendeley.com/public-files/datasets/bwh3zbpkpv/files/d58a95a0-e2a1-484b-bb92-100e8e00edae/file_downloaded,https://prod-dcd-datasets-public-files-eu-west-1.s3.eu-west-1.amazonaws.com/d43bed40-8f5a-49c3-a617-5097bbc627ed
fall armyworm,maize_fall_armyworm,fall armyworm110_.jpg,https://data.mendeley.com/public-files/datasets/bwh3zbpkpv/files/c024c830-1bba-49a5-a3cc-f647ca8f5500/file_downloaded,https://prod-dcd-datasets-public-files-eu-west-1.s3.eu-west-1.amazonaws.com/4ad97956-549f-4578-bca3-f4159a4ca2bd
fall armyworm,maize_fall_armyworm,fall armyworm111_.jpg,https://data.mendeley.com/public-files/datasets/bwh3zbpkpv/files/6af3bb32-1bdc-4310-a932-8b4461339a33/file_downloaded,https://prod-dcd-datasets-public-files-eu-west-1.s3.eu-west-1.amazonaws.com/d70e68e3-cc2e-4196-8470-ea7938375d29
fall armyworm,maize_fall_armyworm,fall armyworm112_.jpg,https://data.mendeley.com/public-files/datasets/bwh3zbpkpv/files/baf7197d-5113-4d36-8d73-543211f07a69/file_downloaded,https://prod-dcd-datasets-public-files-eu-west-1.s3.eu-west-1.amazonaws.com/61440780-f7a3-444f-9bc3-24815cb5de92
fall armyworm,maize_fall_armyworm,fall armyworm113_.jpg,https://data.mendeley.com/public-files/datasets/bwh3zbpkpv/files/5b87d02e-9c09-46ec-a417-f337f31e5923/file_downloaded,https://prod-dcd-datasets-public-files-eu-west-1.s3.eu-west-1.amazonaws.com/1d0fbab7-7a40-4046-afce-04034664a473
fall armyworm,maize_fall_armyworm,fall armyworm114_.jpg,https://data.mendeley.com/public-files/datasets/bwh3zbpkpv/files/e027143a-f313-4c04-8017-89df3f607a9f/file_downloaded,https://prod-dcd-datasets-public-files-eu-west-1.s3.eu-west-1.amazonaws.com/bd49995a-a628-43d3-bc9c-a3ffb198a814
fall armyworm,maize_fall_armyworm,fall armyworm115_.jpg,https://data.mendeley.com/public-files/datasets/bwh3zbpkpv/files/683ab0f7-b82e-4ea6-9e76-1f490404961e/file_downloaded,https://prod-dcd-datasets-public-files-eu-west-1.s3.eu-west-1.amazonaws.com/62073171-1f52-4094-8509-3c1b86b3b4e6
fall armyworm,maize_fall_armyworm,fall armyworm116_.jpg,https://data.mendeley.com/public-files/datasets/bwh3zbpkpv/files/2b39d6e2-f3e5-4e37-b927-dac313df75f7/file_downloaded,https://prod-dcd-datasets-public-files-eu-west-1.s3.eu-west-1.amazonaws.com/1e9c6a57-59af-40a1-bac7-e7a2740cc38f
fall armyworm,maize_fall_armyworm,fall armyworm117_.jpg,https://data.mendeley.com/public-files/datasets/bwh3zbpkpv/files/5ff6ea82-6b80-474b-a676-8acf56fc0cf6/file_downloaded,https://prod-dcd-datasets-public-files-eu-west-1.s3.eu-west-1.amazonaws.com/523611bb-585d-4921-8867-538f0108de46
fall armyworm,maize_fall_armyworm,fall armyworm118_.jpg,https://data.mendeley.com/public-files/datasets/bwh3zbpkpv/files/5d3bccb8-c810-4dab-ba9e-7a2b50799bdc/file_downloaded,https://prod-dcd-datasets-public-files-eu-west-1.s3.eu-west-1.amazonaws.com/af4a6a4a-5aa1-49d9-b9ca-b04138c028df
fall armyworm,maize_fall_armyworm,fall armyworm119_.jpg,https://data.mendeley.com/public-files/datasets/bwh3zbpkpv/files/ba96bd42-6480-4785-87cb-9e5604e5d36e/file_downloaded,https://prod-dcd-datasets-public-files-eu-west-1.s3.eu-west-1.amazonaws.com/e85dfec8-ee15-4879-9468-70020045a108
fall armyworm,maize_fall_armyworm,fall armyworm11_.jpg,https://data.mendeley.com/public-files/datasets/bwh3zbpkpv/files/29bbb334-455e-4cc0-b2bc-acc559a55498/file_downloaded,https://prod-dcd-datasets-public-files-eu-west-1.s3.eu-west-1.amazonaws.com/43666e97-a5a2-4548-8e3c-799bf68c442a
fall armyworm,maize_fall_armyworm,fall armyworm120_.jpg,https://data.mendeley.com/public-files/datasets/bwh3zbpkpv/files/438c661c-8949-487a-a687-5b4570366d94/file_downloaded,https://prod-dcd-datasets-public-files-eu-west-1.s3.eu-west-1.amazonaws.com/1e9b6d23-1eae-477b-9b37-1edbf0d4a520
fall armyworm,maize_fall_armyworm,fall armyworm121_.jpg,https://data.mendeley.com/public-files/datasets/bwh3zbpkpv/files/60b299db-7f32-416d-9a26-f121e9b52303/file_downloaded,https://prod-dcd-datasets-public-files-eu-west-1.s3.eu-west-1.amazonaws.com/b1406b3f-a9de-4b70-b5de-8a1e2c5dabab
fall armyworm,maize_fall_armyworm,fall armyworm122_.jpg,https://data.mendeley.com/public-files/datasets/bwh3zbpkpv/files/e560157a-a1b1-45cc-b467-f87eee93bb2c/file_downloaded,https://prod-dcd-datasets-public-files-eu-west-1.s3.eu-west-1.amazonaws.com/f9c1a74a-3611-467c-aef0-06bc5f8ce082
fall armyworm,maize_fall_armyworm,fall armyworm123_.jpg,https://data.mendeley.com/public-files/datasets/bwh3zbpkpv/files/2ade6843-a713-457e-ac46-606d81510661/file_downloaded,https://prod-dcd-datasets-public-files-eu-west-1.s3.eu-west-1.amazonaws.com/2b467df6-1603-43ba-8c98-ef955e8c578b
fall armyworm,maize_fall_armyworm,fall armyworm124_.jpg,https://data.mendeley.com/public-files/datasets/bwh3zbpkpv/files/c1ecf159-29e5-44a6-a3cb-f2e72c217635/file_downloaded,https://prod-dcd-datasets-public-files-eu-west-1.s3.eu-west-1.amazonaws.com/4d5ae389-90a7-491d-b891-a444cfefe5a6
fall armyworm,maize_fall_armyworm,fall armyworm125_.jpg,https://data.mendeley.com/public-files/datasets/bwh3zbpkpv/files/d35a3830-0d8c-4463-afe4-a3625746f927/file_downloaded,https://prod-dcd-datasets-public-files-eu-west-1.s3.eu-west-1.amazonaws.com/fae79189-d284-4301-85e7-5dc16d0039c6
fall armyworm,maize_fall_armyworm,fall armyworm126_.jpg,https://data.mendeley.com/public-files/datasets/bwh3zbpkpv/files/79cb2d86-50ef-451f-b664-1c072b320378/file_downloaded,https://prod-dcd-datasets-public-files-eu-west-1.s3.eu-west-1.amazonaws.com/db98f025-1cf0-43c2-976f-eb2c9abe994a
fall armyworm,maize_fall_armyworm,fall armyworm127_.jpg,https://data.mendeley.com/public-files/datasets/bwh3zbpkpv/files/d729be8d-99c7-4fc8-8295-32bee393a613/file_downloaded,https://prod-dcd-datasets-public-files-eu-west-1.s3.eu-west-1.amazonaws.com/63a3ff0a-06b0-496b-81f9-ca6c566be74a
fall armyworm,maize_fall_armyworm,fall armyworm128_.jpg,https://data.mendeley.com/public-files/datasets/bwh3zbpkpv/files/37d02617-ea78-4d62-9448-2bad520cffe1/file_downloaded,https://prod-dcd-datasets-public-files-eu-west-1.s3.eu-west-1.amazonaws.com/bcd370d6-b644-4e2c-9e4e-f019d3c2da40
fall armyworm,maize_fall_armyworm,fall armyworm129_.jpg,https://data.mendeley.com/public-files/datasets/bwh3zbpkpv/files/f9c9a6f8-07cb-448f-b5f9-5d4753d09063/file_downloaded,https://prod-dcd-datasets-public-files-eu-west-1.s3.eu-west-1.amazonaws.com/c7e5843e-006f-49cf-aede-5b993e8d29ca
fall armyworm,maize_fall_armyworm,fall armyworm12_.jpg,https://data.mendeley.com/public-files/datasets/bwh3zbpkpv/files/720cbe9d-30e6-47a7-8dea-c89e370b6905/file_downloaded,https://prod-dcd-datasets-public-files-eu-west-1.s3.eu-west-1.amazonaws.com/9a88e012-1b5b-4ac6-94d7-e92935e06328
fall armyworm,maize_fall_armyworm,fall armyworm130_.jpg,https://data.mendeley.com/public-files/datasets/bwh3zbpkpv/files/74b9e4f4-7fb6-4241-ac8b-73db0ee881d8/file_downloaded,https://prod-dcd-datasets-public-files-eu-west-1.s3.eu-west-1.amazonaws.com/5b71153e-3d85-47de-8efa-1b7f2518df57
fall armyworm,maize_fall_armyworm,fall armyworm131_.jpg,https://data.mendeley.com/public-files/datasets/bwh3zbpkpv/files/3eb41973-6101-4bac-8d77-62457f56315b/file_downloaded,https://prod-dcd-datasets-public-files-eu-west-1.s3.eu-west-1.amazonaws.com/04ea10aa-2759-44ae-9f4a-5aaccab12b60
fall armyworm,maize_fall_armyworm,fall armyworm132_.jpg,https://data.mendeley.com/public-files/datasets/bwh3zbpkpv/files/a14951eb-953a-41e1-bdc1-eb70b5b3439a/file_downloaded,https://prod-dcd-datasets-public-files-eu-west-1.s3.eu-west-1.amazonaws.com/2d4e447f-1053-47ad-a5ab-bc0bb87bc5a0
fall armyworm,maize_fall_armyworm,fall armyworm133_.jpg,https://data.mendeley.com/public-files/datasets/bwh3zbpkpv/files/692ebf31-7419-4a5e-bed8-d817d7f79d8c/file_downloaded,https://prod-dcd-datasets-public-files-eu-west-1.s3.eu-west-1.amazonaws.com/9f93919e-e7f1-4a8b-a4f4-1181f203b5d0
fall armyworm,maize_fall_armyworm,fall armyworm134_.jpg,https://data.mendeley.com/public-files/datasets/bwh3zbpkpv/files/91475e0e-f912-48bd-a3a4-21cb95ef2a33/file_downloaded,https://prod-dcd-datasets-public-files-eu-west-1.s3.eu-west-1.amazonaws.com/58e76962-8ea9-46bb-97b5-a2c30c3321a5
fall armyworm,maize_fall_armyworm,fall armyworm135_.jpg,https://data.mendeley.com/public-files/datasets/bwh3zbpkpv/files/015bc43d-0d5e-49f9-acce-5e0db3b1d52d/file_downloaded,https://prod-dcd-datasets-public-files-eu-west-1.s3.eu-west-1.amazonaws.com/4409f10d-a53e-45dc-9088-8c30be0590c1
fall armyworm,maize_fall_armyworm,fall armyworm136_.jpg,https://data.mendeley.com/public-files/datasets/bwh3zbpkpv/files/fba766e0-78f9-4a2c-b5e1-23a48472b10d/file_downloaded,https://prod-dcd-datasets-public-files-eu-west-1.s3.eu-west-1.amazonaws.com/ed6b5fbb-0072-4cb6-ace0-ad994aaa372a
fall armyworm,maize_fall_armyworm,fall armyworm137_.jpg,https://data.mendeley.com/public-files/datasets/bwh3zbpkpv/files/09370c28-edf9-4c52-bf01-c2fde3340c8b/file_downloaded,https://prod-dcd-datasets-public-files-eu-west-1.s3.eu-west-1.amazonaws.com/3b3b67b9-77b7-4dfe-9495-d46899d88877
fall armyworm,maize_fall_armyworm,fall armyworm138_.jpg,https://data.mendeley.com/public-files/datasets/bwh3zbpkpv/files/57300cbb-2f57-466c-89da-96957e162a6f/file_downloaded,https://prod-dcd-datasets-public-files-eu-west-1.s3.eu-west-1.amazonaws.com/01eb0d3a-6703-4c7e-8413-3a363b55d6e5
fall armyworm,maize_fall_armyworm,fall armyworm139_.jpg,https://data.mendeley.com/public-files/datasets/bwh3zbpkpv/files/9e60e3da-1fcf-4262-ba63-27ad6b299e29/file_downloaded,https://prod-dcd-datasets-public-files-eu-west-1.s3.eu-west-1.amazonaws.com/8de19d09-9dde-401c-9e00-79522461457c
fall armyworm,maize_fall_armyworm,fall armyworm13_.jpg,https://data.mendeley.com/public-files/datasets/bwh3zbpkpv/files/1f096062-82c8-494f-9f22-a6659be4cd96/file_downloaded,https://prod-dcd-datasets-public-files-eu-west-1.s3.eu-west-1.amazonaws.com/f365e02b-9fde-467e-ac4c-e8599b196173
fall armyworm,maize_fall_armyworm,fall armyworm140_.jpg,https://data.mendeley.com/public-files/datasets/bwh3zbpkpv/files/2489eaed-9643-4c24-8b3d-f3c27dae8790/file_downloaded,https://prod-dcd-datasets-public-files-eu-west-1.s3.eu-west-1.amazonaws.com/949ef12f-ef04-4eff-bb2c-89f9aeae759d
fall armyworm,maize_fall_armyworm,fall armyworm141_.jpg,https://data.mendeley.com/public-files/datasets/bwh3zbpkpv/files/186ac25a-2624-49ee-9e3f-36218b26a9f8/file_downloaded,https://prod-dcd-datasets-public-files-eu-west-1.s3.eu-west-1.amazonaws.com/a691a28e-644f-4e23-bd50-4965d0f20513
fall armyworm,maize_fall_armyworm,fall armyworm142_.jpg,https://data.mendeley.com/public-files/datasets/bwh3zbpkpv/files/aed1e8ac-c820-4a50-95fc-03470c28c626/file_downloaded,https://prod-dcd-datasets-public-files-eu-west-1.s3.eu-west-1.amazonaws.com/13672f1a-a373-49d9-a7eb-2834dd4e6557
fall armyworm,maize_fall_armyworm,fall armyworm143_.jpg,https://data.mendeley.com/public-files/datasets/bwh3zbpkpv/files/2919cfd8-47ed-4a3c-a238-85afc33deda8/file_downloaded,https://prod-dcd-datasets-public-files-eu-west-1.s3.eu-west-1.amazonaws.com/485735a9-4e8e-4c49-a43e-5842f80c4a23
fall armyworm,maize_fall_armyworm,fall armyworm144_.jpg,https://data.mendeley.com/public-files/datasets/bwh3zbpkpv/files/2ff4eb36-cf63-470c-945b-2eef405c7464/file_downloaded,https://prod-dcd-datasets-public-files-eu-west-1.s3.eu-west-1.amazonaws.com/4a89ecfb-3f1d-495b-b905-7b7f2f6e89cd
fall armyworm,maize_fall_armyworm,fall armyworm145_.jpg,https://data.mendeley.com/public-files/datasets/bwh3zbpkpv/files/5e2b8b34-2d6e-4645-80b3-299a30a97513/file_downloaded,https://prod-dcd-datasets-public-files-eu-west-1.s3.eu-west-1.amazonaws.com/2643e0a2-89e8-41b3-ba10-19574bab0748
fall armyworm,maize_fall_armyworm,fall armyworm146_.jpg,https://data.mendeley.com/public-files/datasets/bwh3zbpkpv/files/82360b31-6fd9-47ff-90e3-10cb682ebbde/file_downloaded,https://prod-dcd-datasets-public-files-eu-west-1.s3.eu-west-1.amazonaws.com/3b8b4d9f-9f6c-4943-8887-9f6a838df2ba
fall armyworm,maize_fall_armyworm,fall armyworm147_.jpg,https://data.mendeley.com/public-files/datasets/bwh3zbpkpv/files/740c1cef-cd2a-430d-b7c9-1a00efd9fc0d/file_downloaded,https://prod-dcd-datasets-public-files-eu-west-1.s3.eu-west-1.amazonaws.com/b25874ff-97a6-4bf8-8b7d-0a0b00032eec
fall armyworm,maize_fall_armyworm,fall armyworm148_.jpg,https://data.mendeley.com/public-files/datasets/bwh3zbpkpv/files/764a1dd5-283c-4f44-90d9-55607d684f4a/file_downloaded,https://prod-dcd-datasets-public-files-eu-west-1.s3.eu-west-1.amazonaws.com/c82ed172-e6fc-4c35-a9b0-f61a5b6ea769
fall armyworm,maize_fall_armyworm,fall armyworm149_.jpg,https://data.mendeley.com/public-files/datasets/bwh3zbpkpv/files/9d94b26d-f098-4484-9c3e-a54bb96ced30/file_downloaded,https://prod-dcd-datasets-public-files-eu-west-1.s3.eu-west-1.amazonaws.com/bc59fc42-f4ea-40da-96c5-4ab2edbfa365
fall armyworm,maize_fall_armyworm,fall armyworm14_.jpg,https://data.mendeley.com/public-files/datasets/bwh3zbpkpv/files/2b227776-57cc-4046-b184-965525b48e07/file_downloaded,https://prod-dcd-datasets-public-files-eu-west-1.s3.eu-west-1.amazonaws.com/e7a86383-909c-43e4-a7c6-06897faf7378
fall armyworm,maize_fall_armyworm,fall armyworm150_.jpg,https://data.mendeley.com/public-files/datasets/bwh3zbpkpv/files/69d11764-1542-49ae-a408-541bc651e8f5/file_downloaded,https://prod-dcd-datasets-public-files-eu-west-1.s3.eu-west-1.amazonaws.com/c2ea2926-955c-4a29-a200-b527cbb95b77
fall armyworm,maize_fall_armyworm,fall armyworm151_.jpg,https://data.mendeley.com/public-files/datasets/bwh3zbpkpv/files/905112ee-f4ae-408c-ad35-b3392d21fb26/file_downloaded,https://prod-dcd-datasets-public-files-eu-west-1.s3.eu-west-1.amazonaws.com/164c86f5-f1f1-457e-95f0-eaac3ddf0e53
fall armyworm,maize_fall_armyworm,fall armyworm152_.jpg,https://data.mendeley.com/public-files/datasets/bwh3zbpkpv/files/610f804b-0502-4f77-9cf2-27a4f807b4d5/file_downloaded,https://prod-dcd-datasets-public-files-eu-west-1.s3.eu-west-1.amazonaws.com/0bd08ee5-3470-4038-ad0b-7239c4e164cb
fall armyworm,maize_fall_armyworm,fall armyworm153_.jpg,https://data.mendeley.com/public-files/datasets/bwh3zbpkpv/files/57a39ebb-7f61-4d9a-8e71-a37c7104ed56/file_downloaded,https://prod-dcd-datasets-public-files-eu-west-1.s3.eu-west-1.amazonaws.com/a58051b9-8340-4f64-b3e0-4fa701b9b5db
fall armyworm,maize_fall_armyworm,fall armyworm154_.jpg,https://data.mendeley.com/public-files/datasets/bwh3zbpkpv/files/b2c5fd68-ac43-47d8-9920-973b1a83f7a1/file_downloaded,https://prod-dcd-datasets-public-files-eu-west-1.s3.eu-west-1.amazonaws.com/f7f802a3-d157-4317-bd28-a2ca38f5ae9d
fall armyworm,maize_fall_armyworm,fall armyworm155_.jpg,https://data.mendeley.com/public-files/datasets/bwh3zbpkpv/files/d5b5e15b-65be-413b-8d7f-7e86ef68ed0e/file_downloaded,https://prod-dcd-datasets-public-files-eu-west-1.s3.eu-west-1.amazonaws.com/098fe7ab-6078-4e53-b4ab-397de39f7794
fall armyworm,maize_fall_armyworm,fall armyworm156_.jpg,https://data.mendeley.com/public-files/datasets/bwh3zbpkpv/files/1b77ea60-7d30-4485-9c8e-ea9fe96c1e87/file_downloaded,https://prod-dcd-datasets-public-files-eu-west-1.s3.eu-west-1.amazonaws.com/e91ab008-3a80-47b9-8b1f-1ec792c85df2
fall armyworm,maize_fall_armyworm,fall armyworm157_.jpg,https://data.mendeley.com/public-files/datasets/bwh3zbpkpv/files/47cef214-482c-4506-a5fd-e9c7acd9e4dd/file_downloaded,https://prod-dcd-datasets-public-files-eu-west-1.s3.eu-west-1.amazonaws.com/e037c556-6ae9-4ed3-befa-c32b09aa0eec
fall armyworm,maize_fall_armyworm,fall armyworm158_.jpg,https://data.mendeley.com/public-files/datasets/bwh3zbpkpv/files/77bb07c7-22cc-49a0-813e-468961c91b25/file_downloaded,https://prod-dcd-datasets-public-files-eu-west-1.s3.eu-west-1.amazonaws.com/5571a2c9-f926-4878-83b8-9a03223bc7c5
fall armyworm,maize_fall_armyworm,fall armyworm159_.jpg,https://data.mendeley.com/public-files/datasets/bwh3zbpkpv/files/3de57347-a306-42e0-a085-22a1359e073e/file_downloaded,https://prod-dcd-datasets-public-files-eu-west-1.s3.eu-west-1.amazonaws.com/33488679-ed94-4a4c-940a-30cacf6cd125
fall armyworm,maize_fall_armyworm,fall armyworm15_.jpg,https://data.mendeley.com/public-files/datasets/bwh3zbpkpv/files/f97ded5a-f9d9-4b13-a017-f8c8a3a5d83a/file_downloaded,https://prod-dcd-datasets-public-files-eu-west-1.s3.eu-west-1.amazonaws.com/74103474-01aa-4cf1-88c9-764883144c9f
fall armyworm,maize_fall_armyworm,fall armyworm160_.jpg,https://data.mendeley.com/public-files/datasets/bwh3zbpkpv/files/f8b60642-1e17-46da-9892-0525634435f7/file_downloaded,https://prod-dcd-datasets-public-files-eu-west-1.s3.eu-west-1.amazonaws.com/0b677d3b-846a-4c07-b79f-248d3c85a149
fall armyworm,maize_fall_armyworm,fall armyworm161_.jpg,https://data.mendeley.com/public-files/datasets/bwh3zbpkpv/files/5ae86ee8-261a-4d54-b28d-fe3ebd3acf2e/file_downloaded,https://prod-dcd-datasets-public-files-eu-west-1.s3.eu-west-1.amazonaws.com/2cf6ce18-3abb-4a98-85cd-e82b850e58c7
fall armyworm,maize_fall_armyworm,fall armyworm162_.jpg,https://data.mendeley.com/public-files/datasets/bwh3zbpkpv/files/643b021a-9b6f-4c1b-a229-72d22436dd9d/file_downloaded,https://prod-dcd-datasets-public-files-eu-west-1.s3.eu-west-1.amazonaws.com/9fcf1916-f59a-4823-9390-783d0e71bab9
fall armyworm,maize_fall_armyworm,fall armyworm163_.jpg,https://data.mendeley.com/public-files/datasets/bwh3zbpkpv/files/2286ea5c-079a-4142-9cfd-491b482978d9/file_downloaded,https://prod-dcd-datasets-public-files-eu-west-1.s3.eu-west-1.amazonaws.com/45e55657-4795-4a0e-b0fb-a8476ff33ddf
fall armyworm,maize_fall_armyworm,fall armyworm164_.jpg,https://data.mendeley.com/public-files/datasets/bwh3zbpkpv/files/53ea7852-9713-4a87-a0c4-9257bb9bc24c/file_downloaded,https://prod-dcd-datasets-public-files-eu-west-1.s3.eu-west-1.amazonaws.com/67a87100-c05c-4613-b8f0-050a66a65431
fall armyworm,maize_fall_armyworm,fall armyworm165_.jpg,https://data.mendeley.com/public-files/datasets/bwh3zbpkpv/files/a37ba1dc-4323-4079-8623-2537799c2137/file_downloaded,https://prod-dcd-datasets-public-files-eu-west-1.s3.eu-west-1.amazonaws.com/f4bd2356-991f-4abf-a5a4-310b6617d973
fall armyworm,maize_fall_armyworm,fall armyworm166_.jpg,https://data.mendeley.com/public-files/datasets/bwh3zbpkpv/files/faf2ef4a-92fd-4734-a08f-82da22eb22df/file_downloaded,https://prod-dcd-datasets-public-files-eu-west-1.s3.eu-west-1.amazonaws.com/356e87ad-8d8d-40b1-a399-5dc6f6a96964
fall armyworm,maize_fall_armyworm,fall armyworm167_.jpg,https://data.mendeley.com/public-files/datasets/bwh3zbpkpv/files/2bdb1a5b-4024-4f9d-8fcf-c10f192bcae9/file_downloaded,https://prod-dcd-datasets-public-files-eu-west-1.s3.eu-west-1.amazonaws.com/32fbdff5-43f0-4d2a-834c-91435691d7d0
fall armyworm,maize_fall_armyworm,fall armyworm168_.jpg,https://data.mendeley.com/public-files/datasets/bwh3zbpkpv/files/c8417153-0e45-460b-aff9-1741ceddebc5/file_downloaded,https://prod-dcd-datasets-public-files-eu-west-1.s3.eu-west-1.amazonaws.com/8242a41a-9325-43ce-905b-ac3883c8461a
fall armyworm,maize_fall_armyworm,fall armyworm169_.jpg,https://data.mendeley.com/public-files/datasets/bwh3zbpkpv/files/5b047a41-a486-43fa-a032-a92ec715c1e2/file_downloaded,https://prod-dcd-datasets-public-files-eu-west-1.s3.eu-west-1.amazonaws.com/3afd55f6-8955-459c-aef8-250e80a351ee
fall armyworm,maize_fall_armyworm,fall armyworm16_.jpg,https://data.mendeley.com/public-files/datasets/bwh3zbpkpv/files/2a76ed65-dcc3-4ae3-8152-6601a88f74c6/file_downloaded,https://prod-dcd-datasets-public-files-eu-west-1.s3.eu-west-1.amazonaws.com/cf13ea00-5e2d-40b9-89ee-19d06558af84
fall armyworm,maize_fall_armyworm,fall armyworm170_.jpg,https://data.mendeley.com/public-files/datasets/bwh3zbpkpv/files/f3d1eda4-f3a0-4083-b9c6-a7d4036d1f3e/file_downloaded,https://prod-dcd-datasets-public-files-eu-west-1.s3.eu-west-1.amazonaws.com/c3698245-fc1f-4960-84b4-863b10f9c003
fall armyworm,maize_fall_armyworm,fall armyworm171_.jpg,https://data.mendeley.com/public-files/datasets/bwh3zbpkpv/files/4c2a1a78-e978-4743-9575-9afa24cefcf6/file_downloaded,https://prod-dcd-datasets-public-files-eu-west-1.s3.eu-west-1.amazonaws.com/92056677-4eb3-46e6-a929-cd5e56ea755d
fall armyworm,maize_fall_armyworm,fall armyworm172_.jpg,https://data.mendeley.com/public-files/datasets/bwh3zbpkpv/files/6d77dad0-77e7-4ae1-a9f9-a26220af68ab/file_downloaded,https://prod-dcd-datasets-public-files-eu-west-1.s3.eu-west-1.amazonaws.com/864b56aa-fa2b-4540-9408-1b20b0b61a29
fall armyworm,maize_fall_armyworm,fall armyworm173_.jpg,https://data.mendeley.com/public-files/datasets/bwh3zbpkpv/files/20d11787-ec0b-4472-8496-2d7e40854a00/file_downloaded,https://prod-dcd-datasets-public-files-eu-west-1.s3.eu-west-1.amazonaws.com/f3ac71cc-3c40-4fcc-89ca-cc9ac9d5a194
fall armyworm,maize_fall_armyworm,fall armyworm174_.jpg,https://data.mendeley.com/public-files/datasets/bwh3zbpkpv/files/6aeea010-1d99-4968-8bc4-16013cad3e19/file_downloaded,https://prod-dcd-datasets-public-files-eu-west-1.s3.eu-west-1.amazonaws.com/e1934040-1fec-4305-b8d2-2f136442712c
fall armyworm,maize_fall_armyworm,fall armyworm175_.jpg,https://data.mendeley.com/public-files/datasets/bwh3zbpkpv/files/74f4c10b-d296-4eae-bf35-637dedd4b216/file_downloaded,https://prod-dcd-datasets-public-files-eu-west-1.s3.eu-west-1.amazonaws.com/49b4e504-c9f3-473e-96af-57732c1e4a89
fall armyworm,maize_fall_armyworm,fall armyworm176_.jpg,https://data.mendeley.com/public-files/datasets/bwh3zbpkpv/files/9a8de790-3785-4018-8c20-676ac7d6bc95/file_downloaded,https://prod-dcd-datasets-public-files-eu-west-1.s3.eu-west-1.amazonaws.com/98ff1be3-70b7-4ae5-962c-65b0323d8cf4
fall armyworm,maize_fall_armyworm,fall armyworm177_.jpg,https://data.mendeley.com/public-files/datasets/bwh3zbpkpv/files/4a57169f-9878-46de-a61d-7d174fc410d0/file_downloaded,https://prod-dcd-datasets-public-files-eu-west-1.s3.eu-west-1.amazonaws.com/834e64b2-5817-4764-8178-147c9b94d8b9
fall armyworm,maize_fall_armyworm,fall armyworm178_.jpg,https://data.mendeley.com/public-files/datasets/bwh3zbpkpv/files/dc0f189f-7fdc-4ac6-a104-acb028ab7776/file_downloaded,https://prod-dcd-datasets-public-files-eu-west-1.s3.eu-west-1.amazonaws.com/ddb91c3e-3e66-40fc-8aea-942348ec26ba
fall armyworm,maize_fall_armyworm,fall armyworm179_.jpg,https://data.mendeley.com/public-files/datasets/bwh3zbpkpv/files/d2feb518-2379-4e93-9834-fa906bd4af5f/file_downloaded,https://prod-dcd-datasets-public-files-eu-west-1.s3.eu-west-1.amazonaws.com/f348828d-2501-48f5-a0a1-eee63f00cca5
fall armyworm,maize_fall_armyworm,fall armyworm17_.jpg,https://data.mendeley.com/public-files/datasets/bwh3zbpkpv/files/b2a4e9e8-7fbc-4174-b072-fd5e5c8180ef/file_downloaded,https://prod-dcd-datasets-public-files-eu-west-1.s3.eu-west-1.amazonaws.com/21b94cf8-8c89-411f-a9df-7e1f96efd893
fall armyworm,maize_fall_armyworm,fall armyworm180_.jpg,https://data.mendeley.com/public-files/datasets/bwh3zbpkpv/files/0cab117d-5b2d-465c-82e2-7ad4d4333369/file_downloaded,https://prod-dcd-datasets-public-files-eu-west-1.s3.eu-west-1.amazonaws.com/5e825a3c-2f94-4434-b214-2e2e92c6dd51
fall armyworm,maize_fall_armyworm,fall armyworm181_.jpg,https://data.mendeley.com/public-files/datasets/bwh3zbpkpv/files/13a19a74-c75e-4c12-9e92-deae9c1adeea/file_downloaded,https://prod-dcd-datasets-public-files-eu-west-1.s3.eu-west-1.amazonaws.com/63372482-d265-494a-9ee9-fe041b5d927a
fall armyworm,maize_fall_armyworm,fall armyworm182_.jpg,https://data.mendeley.com/public-files/datasets/bwh3zbpkpv/files/b6ea6f14-5ece-4122-821d-94025e41c199/file_downloaded,https://prod-dcd-datasets-public-files-eu-west-1.s3.eu-west-1.amazonaws.com/6af63de2-24c5-4ae3-83f6-df9e9c01b9c7
fall armyworm,maize_fall_armyworm,fall armyworm183_.jpg,https://data.mendeley.com/public-files/datasets/bwh3zbpkpv/files/c32350f0-afaa-419e-b23e-773afb6ccf20/file_downloaded,https://prod-dcd-datasets-public-files-eu-west-1.s3.eu-west-1.amazonaws.com/89f15a8a-84d1-46ca-a8e5-6f1b7391347f
fall armyworm,maize_fall_armyworm,fall armyworm184_.jpg,https://data.mendeley.com/public-files/datasets/bwh3zbpkpv/files/9b88308b-f6d1-42e9-bd34-4bdf94074136/file_downloaded,https://prod-dcd-datasets-public-files-eu-west-1.s3.eu-west-1.amazonaws.com/dafc62cf-3f6a-43fb-ab94-26e34a407180
fall armyworm,maize_fall_armyworm,fall armyworm185_.jpg,https://data.mendeley.com/public-files/datasets/bwh3zbpkpv/files/9a61eb1c-4abe-43a2-b7c6-37322c54b0b7/file_downloaded,https://prod-dcd-datasets-public-files-eu-west-1.s3.eu-west-1.amazonaws.com/c36ad080-1f39-4235-9dde-fca6fc6ec7ad
fall armyworm,maize_fall_armyworm,fall armyworm186_.jpg,https://data.mendeley.com/public-files/datasets/bwh3zbpkpv/files/b0ebced2-7a89-462a-999c-fd888b1dc178/file_downloaded,https://prod-dcd-datasets-public-files-eu-west-1.s3.eu-west-1.amazonaws.com/ae09b641-4583-4bd4-825e-5a7aac90b3d9
fall armyworm,maize_fall_armyworm,fall armyworm187_.jpg,https://data.mendeley.com/public-files/datasets/bwh3zbpkpv/files/ee0dae8e-1754-4282-90b8-94a86ed76331/file_downloaded,https://prod-dcd-datasets-public-files-eu-west-1.s3.eu-west-1.amazonaws.com/1a896484-f338-4b54-b224-68bb3fdbc165
fall armyworm,maize_fall_armyworm,fall armyworm188_.jpg,https://data.mendeley.com/public-files/datasets/bwh3zbpkpv/files/b73628bc-f1c1-4f90-ba91-333cc72096ad/file_downloaded,https://prod-dcd-datasets-public-files-eu-west-1.s3.eu-west-1.amazonaws.com/8f363bb8-57c7-4a0f-a866-828c3d76b026
fall armyworm,maize_fall_armyworm,fall armyworm189_.jpg,https://data.mendeley.com/public-files/datasets/bwh3zbpkpv/files/dd7b1332-a37a-4536-a2b7-6b1095d81a54/file_downloaded,https://prod-dcd-datasets-public-files-eu-west-1.s3.eu-west-1.amazonaws.com/a4e5d229-51ab-4bc2-9f81-c9c5eccad10a
fall armyworm,maize_fall_armyworm,fall armyworm18_.jpg,https://data.mendeley.com/public-files/datasets/bwh3zbpkpv/files/5e6528a2-9b2d-40e0-b9f0-65a1835693b9/file_downloaded,https://prod-dcd-datasets-public-files-eu-west-1.s3.eu-west-1.amazonaws.com/79b4df1f-a5cc-4f5b-8665-7c2e92c3939c
fall armyworm,maize_fall_armyworm,fall armyworm190_.jpg,https://data.mendeley.com/public-files/datasets/bwh3zbpkpv/files/342eb8cc-26cb-4e41-b721-da051f45761d/file_downloaded,https://prod-dcd-datasets-public-files-eu-west-1.s3.eu-west-1.amazonaws.com/38adbc6a-6e89-46c6-9f75-dafec5b42211
fall armyworm,maize_fall_armyworm,fall armyworm191_.jpg,https://data.mendeley.com/public-files/datasets/bwh3zbpkpv/files/6ea0c698-6984-4818-92af-6e84ebca2de6/file_downloaded,https://prod-dcd-datasets-public-files-eu-west-1.s3.eu-west-1.amazonaws.com/6267cfc7-d70e-4ff3-b33b-1e4128be00ba
fall armyworm,maize_fall_armyworm,fall armyworm192_.jpg,https://data.mendeley.com/public-files/datasets/bwh3zbpkpv/files/940e1b15-9ef8-4966-9d23-b4f058c01927/file_downloaded,https://prod-dcd-datasets-public-files-eu-west-1.s3.eu-west-1.amazonaws.com/f462a583-4cea-4ee1-b1d9-518f409be297
fall armyworm,maize_fall_armyworm,fall armyworm193_.jpg,https://data.mendeley.com/public-files/datasets/bwh3zbpkpv/files/9f65f3ee-d85b-4b0e-a280-fc855cf805fd/file_downloaded,https://prod-dcd-datasets-public-files-eu-west-1.s3.eu-west-1.amazonaws.com/4267aad0-27ed-4e43-98d9-ad038fad88cf
fall armyworm,maize_fall_armyworm,fall armyworm194_.jpg,https://data.mendeley.com/public-files/datasets/bwh3zbpkpv/files/ba6496ec-ec26-4ba9-b1cf-2c7d32c127ef/file_downloaded,https://prod-dcd-datasets-public-files-eu-west-1.s3.eu-west-1.amazonaws.com/cd789d7b-d5e4-43f0-a74c-f9c5c66c9250
fall armyworm,maize_fall_armyworm,fall armyworm195_.jpg,https://data.mendeley.com/public-files/datasets/bwh3zbpkpv/files/db0999d1-9bcd-4b76-abdc-7e078bf1f0bf/file_downloaded,https://prod-dcd-datasets-public-files-eu-west-1.s3.eu-west-1.amazonaws.com/2ec68fa6-9dc5-4d3f-9124-863137a80416
fall armyworm,maize_fall_armyworm,fall armyworm196_.jpg,https://data.mendeley.com/public-files/datasets/bwh3zbpkpv/files/39a7b43a-0322-4749-801b-da886adec49e/file_downloaded,https://prod-dcd-datasets-public-files-eu-west-1.s3.eu-west-1.amazonaws.com/7ddcbc43-0110-46d9-9efe-13fed4fea107
fall armyworm,maize_fall_armyworm,fall armyworm197_.jpg,https://data.mendeley.com/public-files/datasets/bwh3zbpkpv/files/298fc493-c31b-452f-9bb0-7bc320fd2b2b/file_downloaded,https://prod-dcd-datasets-public-files-eu-west-1.s3.eu-west-1.amazonaws.com/ba5a0a57-e31f-446f-93ef-b19a3a2fb626
fall armyworm,maize_fall_armyworm,fall armyworm198_.jpg,https://data.mendeley.com/public-files/datasets/bwh3zbpkpv/files/9c0a5bb7-3c42-430f-bee2-06d631b7f59c/file_downloaded,https://prod-dcd-datasets-public-files-eu-west-1.s3.eu-west-1.amazonaws.com/71173ae4-0cae-4064-a5c7-3d2b0a4c9faa
fall armyworm,maize_fall_armyworm,fall armyworm199_.jpg,https://data.mendeley.com/public-files/datasets/bwh3zbpkpv/files/10d7fa67-8eb6-4812-8fe5-778741a4e0a1/file_downloaded,https://prod-dcd-datasets-public-files-eu-west-1.s3.eu-west-1.amazonaws.com/6996e3e3-db3b-46ea-9f16-c67854c10dfd
fall armyworm,maize_fall_armyworm,fall armyworm19_.jpg,https://data.mendeley.com/public-files/datasets/bwh3zbpkpv/files/f5173085-8540-4ee4-99e9-1f797c3dffa1/file_downloaded,https://prod-dcd-datasets-public-files-eu-west-1.s3.eu-west-1.amazonaws.com/ed8b1822-5bd8-4006-aa3b-c60214158b39
fall armyworm,maize_fall_armyworm,fall armyworm200_.jpg,https://data.mendeley.com/public-files/datasets/bwh3zbpkpv/files/13c90ef5-fc0b-457c-8b2e-3a17683b3f8e/file_downloaded,https://prod-dcd-datasets-public-files-eu-west-1.s3.eu-west-1.amazonaws.com/71971a24-8cac-4bb6-b85e-cc3161f49219
fall armyworm,maize_fall_armyworm,fall armyworm201_.jpg,https://data.mendeley.com/public-files/datasets/bwh3zbpkpv/files/c6ded722-4e8c-474c-bf40-3e95d7170c42/file_downloaded,https://prod-dcd-datasets-public-files-eu-west-1.s3.eu-west-1.amazonaws.com/e270afa8-3202-4bbc-997a-a18df2a903d9
fall armyworm,maize_fall_armyworm,fall armyworm202_.jpg,https://data.mendeley.com/public-files/datasets/bwh3zbpkpv/files/79c351c0-fd67-4b9b-8be5-7ad833540cc8/file_downloaded,https://prod-dcd-datasets-public-files-eu-west-1.s3.eu-west-1.amazonaws.com/1e89c3c2-6bdd-48f6-8dea-739c668f7fe1
fall armyworm,maize_fall_armyworm,fall armyworm203_.jpg,https://data.mendeley.com/public-files/datasets/bwh3zbpkpv/files/bac7a093-e707-4153-8663-4f8de7387ecf/file_downloaded,https://prod-dcd-datasets-public-files-eu-west-1.s3.eu-west-1.amazonaws.com/bc5f7fc1-9f32-4527-955c-67e6761721ca
fall armyworm,maize_fall_armyworm,fall armyworm204_.jpg,https://data.mendeley.com/public-files/datasets/bwh3zbpkpv/files/62de3383-64b8-40aa-972f-da9ff83cdafd/file_downloaded,https://prod-dcd-datasets-public-files-eu-west-1.s3.eu-west-1.amazonaws.com/65d38382-ba53-472e-985b-d435d396596b
fall armyworm,maize_fall_armyworm,fall armyworm205_.jpg,https://data.mendeley.com/public-files/datasets/bwh3zbpkpv/files/4770c6ac-0251-4203-abdd-1d2c749ce071/file_downloaded,https://prod-dcd-datasets-public-files-eu-west-1.s3.eu-west-1.amazonaws.com/18064adb-1c13-477d-a867-1ee615b4d541
fall armyworm,maize_fall_armyworm,fall armyworm206_.jpg,https://data.mendeley.com/public-files/datasets/bwh3zbpkpv/files/badfe65f-f866-497c-84e4-5cefb86207da/file_downloaded,https://prod-dcd-datasets-public-files-eu-west-1.s3.eu-west-1.amazonaws.com/093e8d0b-ac24-40e7-aafd-6d5a716011cf
fall armyworm,maize_fall_armyworm,fall armyworm207_.jpg,https://data.mendeley.com/public-files/datasets/bwh3zbpkpv/files/b5fa677a-1278-465b-91b5-1aba358cf677/file_downloaded,https://prod-dcd-datasets-public-files-eu-west-1.s3.eu-west-1.amazonaws.com/fe7be4b1-376a-415f-af2e-95f59cb5ee0a
fall armyworm,maize_fall_armyworm,fall armyworm208_.jpg,https://data.mendeley.com/public-files/datasets/bwh3zbpkpv/files/c0730765-72e8-4e67-84cc-2c096f8a1f24/file_downloaded,https://prod-dcd-datasets-public-files-eu-west-1.s3.eu-west-1.amazonaws.com/99508b3f-300f-4cbe-8d9e-0526bf5e5c18
fall armyworm,maize_fall_armyworm,fall armyworm209_.jpg,https://data.mendeley.com/public-files/datasets/bwh3zbpkpv/files/f7bae905-88be-4d89-b8b9-642e372bb940/file_downloaded,https://prod-dcd-datasets-public-files-eu-west-1.s3.eu-west-1.amazonaws.com/edb0049b-d949-4acc-8d21-a38037f493f6
fall armyworm,maize_fall_armyworm,fall armyworm20_.jpg,https://data.mendeley.com/public-files/datasets/bwh3zbpkpv/files/841f2249-6987-4651-a199-b229cb7f0fdb/file_downloaded,https://prod-dcd-datasets-public-files-eu-west-1.s3.eu-west-1.amazonaws.com/8f5130fd-6b66-4d21-ac8c-73baabdab08a
fall armyworm,maize_fall_armyworm,fall armyworm210_.jpg,https://data.mendeley.com/public-files/datasets/bwh3zbpkpv/files/ff6ca044-1613-4c71-ab4f-78ed1faeaaa2/file_downloaded,https://prod-dcd-datasets-public-files-eu-west-1.s3.eu-west-1.amazonaws.com/55694614-2aed-4619-999d-5307a5401897
fall armyworm,maize_fall_armyworm,fall armyworm211_.jpg,https://data.mendeley.com/public-files/datasets/bwh3zbpkpv/files/4dd07e44-1b9d-42ab-9021-8fadb0b2c778/file_downloaded,https://prod-dcd-datasets-public-files-eu-west-1.s3.eu-west-1.amazonaws.com/423fa94e-ba61-4803-976a-51a68ab490ac
fall armyworm,maize_fall_armyworm,fall armyworm212_.jpg,https://data.mendeley.com/public-files/datasets/bwh3zbpkpv/files/a1670c13-1789-4323-83f3-d85cb8847b54/file_downloaded,https://prod-dcd-datasets-public-files-eu-west-1.s3.eu-west-1.amazonaws.com/b4465d1b-41dd-445d-b223-289b7b17f79d
fall armyworm,maize_fall_armyworm,fall armyworm213_.jpg,https://data.mendeley.com/public-files/datasets/bwh3zbpkpv/files/c1193a49-40c0-410e-abb4-47b54d8aa0e5/file_downloaded,https://prod-dcd-datasets-public-files-eu-west-1.s3.eu-west-1.amazonaws.com/9d4d1617-cec8-47b8-abff-58226db6d4bd
fall armyworm,maize_fall_armyworm,fall armyworm214_.jpg,https://data.mendeley.com/public-files/datasets/bwh3zbpkpv/files/2d994f6d-6a80-4955-8ac3-9088f30e1d60/file_downloaded,https://prod-dcd-datasets-public-files-eu-west-1.s3.eu-west-1.amazonaws.com/e7068035-ce62-480e-9e06-65915589821a
fall armyworm,maize_fall_armyworm,fall armyworm215_.jpg,https://data.mendeley.com/public-files/datasets/bwh3zbpkpv/files/6e90d654-de96-4f9f-aab5-f4d1542895f4/file_downloaded,https://prod-dcd-datasets-public-files-eu-west-1.s3.eu-west-1.amazonaws.com/262abdb5-b59a-4fb6-a977-d0c55e7e8e44
fall armyworm,maize_fall_armyworm,fall armyworm216_.jpg,https://data.mendeley.com/public-files/datasets/bwh3zbpkpv/files/38b5d408-cf5a-480f-875a-ee8a91e78160/file_downloaded,https://prod-dcd-datasets-public-files-eu-west-1.s3.eu-west-1.amazonaws.com/25174c06-2998-4b1e-853c-056aea43b18c
fall armyworm,maize_fall_armyworm,fall armyworm217_.jpg,https://data.mendeley.com/public-files/datasets/bwh3zbpkpv/files/20c7de6d-13f6-48f7-9346-32b2069045a0/file_downloaded,https://prod-dcd-datasets-public-files-eu-west-1.s3.eu-west-1.amazonaws.com/2bb9eb51-f667-42bd-907a-20d266e8b925
fall armyworm,maize_fall_armyworm,fall armyworm218_.jpg,https://data.mendeley.com/public-files/datasets/bwh3zbpkpv/files/65b93686-2c70-48ae-9128-a53fadeb61ad/file_downloaded,https://prod-dcd-datasets-public-files-eu-west-1.s3.eu-west-1.amazonaws.com/ae456eb4-30bb-4ebe-a6b1-c91899d25bad
fall armyworm,maize_fall_armyworm,fall armyworm219_.jpg,https://data.mendeley.com/public-files/datasets/bwh3zbpkpv/files/3d73e108-e4da-4a91-a4df-f79255ec2e77/file_downloaded,https://prod-dcd-datasets-public-files-eu-west-1.s3.eu-west-1.amazonaws.com/57b7e853-76b2-4f74-9d9c-728e26f3a51b
fall armyworm,maize_fall_armyworm,fall armyworm21_.jpg,https://data.mendeley.com/public-files/datasets/bwh3zbpkpv/files/d48890d0-4d06-49fb-bd0e-f1ec3aebf892/file_downloaded,https://prod-dcd-datasets-public-files-eu-west-1.s3.eu-west-1.amazonaws.com/5380ae78-07c0-4599-b7c8-85b5c1673383
fall armyworm,maize_fall_armyworm,fall armyworm220_.jpg,https://data.mendeley.com/public-files/datasets/bwh3zbpkpv/files/de2f41da-d6f3-4460-9a18-5f88845553c1/file_downloaded,https://prod-dcd-datasets-public-files-eu-west-1.s3.eu-west-1.amazonaws.com/e0899280-3e99-4c0f-b5b7-4d5efb1cf92c
fall armyworm,maize_fall_armyworm,fall armyworm221_.jpg,https://data.mendeley.com/public-files/datasets/bwh3zbpkpv/files/18ad0ed1-34df-4375-913e-28f67856373d/file_downloaded,https://prod-dcd-datasets-public-files-eu-west-1.s3.eu-west-1.amazonaws.com/9751fb4e-cdd7-45b1-9cce-abda3e90236c
fall armyworm,maize_fall_armyworm,fall armyworm222_.jpg,https://data.mendeley.com/public-files/datasets/bwh3zbpkpv/files/ce356dc9-2390-4015-9590-6a810fa78f52/file_downloaded,https://prod-dcd-datasets-public-files-eu-west-1.s3.eu-west-1.amazonaws.com/6b7dcd29-aa0a-4960-ac7c-c533276d9df4
fall armyworm,maize_fall_armyworm,fall armyworm223_.jpg,https://data.mendeley.com/public-files/datasets/bwh3zbpkpv/files/ce18c2bd-ddd4-4d4a-8927-edc182f0ce7e/file_downloaded,https://prod-dcd-datasets-public-files-eu-west-1.s3.eu-west-1.amazonaws.com/7c5c2410-df19-40c8-b9c6-a106c4e3726c
fall armyworm,maize_fall_armyworm,fall armyworm224_.jpg,https://data.mendeley.com/public-files/datasets/bwh3zbpkpv/files/601d5b94-ba4c-4d0c-9790-d1ca430d2597/file_downloaded,https://prod-dcd-datasets-public-files-eu-west-1.s3.eu-west-1.amazonaws.com/9399395c-72c2-47f7-b77a-0533790e8259
fall armyworm,maize_fall_armyworm,fall armyworm225_.jpg,https://data.mendeley.com/public-files/datasets/bwh3zbpkpv/files/1c8a8d8f-f905-4bcd-a721-7da225b7bd3a/file_downloaded,https://prod-dcd-datasets-public-files-eu-west-1.s3.eu-west-1.amazonaws.com/e87ff3d6-355a-478c-917e-16a956936db5
fall armyworm,maize_fall_armyworm,fall armyworm226_.jpg,https://data.mendeley.com/public-files/datasets/bwh3zbpkpv/files/bec3708a-f4a6-4134-9b41-26845c15f810/file_downloaded,https://prod-dcd-datasets-public-files-eu-west-1.s3.eu-west-1.amazonaws.com/648f7b15-283a-49c1-b0e1-365813ebb474
fall armyworm,maize_fall_armyworm,fall armyworm227_.jpg,https://data.mendeley.com/public-files/datasets/bwh3zbpkpv/files/b22dbdf0-5669-4b69-8e70-d837be39d9db/file_downloaded,https://prod-dcd-datasets-public-files-eu-west-1.s3.eu-west-1.amazonaws.com/0b4b14e9-13f8-44b3-a54f-6b1adab0f162
fall armyworm,maize_fall_armyworm,fall armyworm228_.jpg,https://data.mendeley.com/public-files/datasets/bwh3zbpkpv/files/6f9f4d9d-6797-4754-9393-6e45f05f64a9/file_downloaded,https://prod-dcd-datasets-public-files-eu-west-1.s3.eu-west-1.amazonaws.com/32fdcc5c-3d2f-4644-8a6d-077568d2fa8d
fall armyworm,maize_fall_armyworm,fall armyworm229_.jpg,https://data.mendeley.com/public-files/datasets/bwh3zbpkpv/files/fb516c8e-d0db-46d1-86a4-fef9c47500fe/file_downloaded,https://prod-dcd-datasets-public-files-eu-west-1.s3.eu-west-1.amazonaws.com/e1e97cc3-1065-40f0-8d70-b569906c6235
fall armyworm,maize_fall_armyworm,fall armyworm22_.jpg,https://data.mendeley.com/public-files/datasets/bwh3zbpkpv/files/6eab1e71-50f9-4310-b920-e05b1235557f/file_downloaded,https://prod-dcd-datasets-public-files-eu-west-1.s3.eu-west-1.amazonaws.com/b7ebedfa-973f-4778-8bbb-b39bc5364656
fall armyworm,maize_fall_armyworm,fall armyworm230_.jpg,https://data.mendeley.com/public-files/datasets/bwh3zbpkpv/files/565c4180-fa87-4023-b9cd-de252a4be59d/file_downloaded,https://prod-dcd-datasets-public-files-eu-west-1.s3.eu-west-1.amazonaws.com/558a0b64-d1a5-4f7a-a2fc-da0e321d046d
fall armyworm,maize_fall_armyworm,fall armyworm231_.jpg,https://data.mendeley.com/public-files/datasets/bwh3zbpkpv/files/5110cc4f-1d1b-4d63-bba8-ba14b6b09bde/file_downloaded,https://prod-dcd-datasets-public-files-eu-west-1.s3.eu-west-1.amazonaws.com/f6fa53c7-b89a-42b7-9bed-42279041b675
fall armyworm,maize_fall_armyworm,fall armyworm232_.jpg,https://data.mendeley.com/public-files/datasets/bwh3zbpkpv/files/ef335218-d5ef-4b92-b266-506e9f331cb4/file_downloaded,https://prod-dcd-datasets-public-files-eu-west-1.s3.eu-west-1.amazonaws.com/56c46d0e-40f8-4e95-9538-713e63ea63cf
fall armyworm,maize_fall_armyworm,fall armyworm233_.jpg,https://data.mendeley.com/public-files/datasets/bwh3zbpkpv/files/da80d7a3-d75d-4904-85b9-bd8082787d69/file_downloaded,https://prod-dcd-datasets-public-files-eu-west-1.s3.eu-west-1.amazonaws.com/fb9cc7d6-21bd-42aa-acbe-fa198802c995
fall armyworm,maize_fall_armyworm,fall armyworm234_.jpg,https://data.mendeley.com/public-files/datasets/bwh3zbpkpv/files/9b4aeb8b-67aa-4c17-9b6a-aeb9af6ea2fb/file_downloaded,https://prod-dcd-datasets-public-files-eu-west-1.s3.eu-west-1.amazonaws.com/1941751d-2b90-41db-a9b6-31f330712364
fall armyworm,maize_fall_armyworm,fall armyworm235_.jpg,https://data.mendeley.com/public-files/datasets/bwh3zbpkpv/files/8c5a5944-4bd4-483c-b461-699304093dee/file_downloaded,https://prod-dcd-datasets-public-files-eu-west-1.s3.eu-west-1.amazonaws.com/d755c96c-b6db-4e8e-95b5-05c3b5a7ca80
fall armyworm,maize_fall_armyworm,fall armyworm236_.jpg,https://data.mendeley.com/public-files/datasets/bwh3zbpkpv/files/c85a553d-e1c0-4a4c-8971-17688dd80c83/file_downloaded,https://prod-dcd-datasets-public-files-eu-west-1.s3.eu-west-1.amazonaws.com/c0b37b4b-1dfd-45ed-9cbb-5cfe2f8aca92
fall armyworm,maize_fall_armyworm,fall armyworm237_.jpg,https://data.mendeley.com/public-files/datasets/bwh3zbpkpv/files/51539342-322f-4ce9-8bec-91576412f0c1/file_downloaded,https://prod-dcd-datasets-public-files-eu-west-1.s3.eu-west-1.amazonaws.com/f59b6fda-bdc1-42fa-8438-a50c3b3641c5
fall armyworm,maize_fall_armyworm,fall armyworm238_.jpg,https://data.mendeley.com/public-files/datasets/bwh3zbpkpv/files/45de5509-256a-400c-bbc7-b199425ae809/file_downloaded,https://prod-dcd-datasets-public-files-eu-west-1.s3.eu-west-1.amazonaws.com/49dc33a4-cec7-4502-a303-e799ad3fa0a4
fall armyworm,maize_fall_armyworm,fall armyworm239_.jpg,https://data.mendeley.com/public-files/datasets/bwh3zbpkpv/files/34334711-6fb7-4b10-9e83-e10976323ed0/file_downloaded,https://prod-dcd-datasets-public-files-eu-west-1.s3.eu-west-1.amazonaws.com/915281ff-7691-4517-b1d6-eb865bce9374
fall armyworm,maize_fall_armyworm,fall armyworm23_.jpg,https://data.mendeley.com/public-files/datasets/bwh3zbpkpv/files/250fe1ef-8d94-48bf-91a1-a478abda0f72/file_downloaded,https://prod-dcd-datasets-public-files-eu-west-1.s3.eu-west-1.amazonaws.com/2886875d-ca5e-43b1-8d11-c6decd39f209
fall armyworm,maize_fall_armyworm,fall armyworm240_.jpg,https://data.mendeley.com/public-files/datasets/bwh3zbpkpv/files/001a8514-85d9-4177-a72b-654ac475159a/file_downloaded,https://prod-dcd-datasets-public-files-eu-west-1.s3.eu-west-1.amazonaws.com/49c39d55-b58e-45b1-9196-7e2649412dec
fall armyworm,maize_fall_armyworm,fall armyworm241_.jpg,https://data.mendeley.com/public-files/datasets/bwh3zbpkpv/files/9ddd2ade-6d8f-46e7-be54-538650a5413a/file_downloaded,https://prod-dcd-datasets-public-files-eu-west-1.s3.eu-west-1.amazonaws.com/81e45b58-93c2-4988-bc7e-35f8350d0658
fall armyworm,maize_fall_armyworm,fall armyworm242_.jpg,https://data.mendeley.com/public-files/datasets/bwh3zbpkpv/files/83daef86-374e-43a0-975d-d058dbc1af99/file_downloaded,https://prod-dcd-datasets-public-files-eu-west-1.s3.eu-west-1.amazonaws.com/bcbb37b5-3165-4ab0-93ca-e7d46147cab2
fall armyworm,maize_fall_armyworm,fall armyworm243_.jpg,https://data.mendeley.com/public-files/datasets/bwh3zbpkpv/files/16d6d278-e3fb-43f6-a367-ca965a4d3808/file_downloaded,https://prod-dcd-datasets-public-files-eu-west-1.s3.eu-west-1.amazonaws.com/b1a1897c-4a3c-43ea-b4f1-55a2031a590a
fall armyworm,maize_fall_armyworm,fall armyworm244_.jpg,https://data.mendeley.com/public-files/datasets/bwh3zbpkpv/files/f98a1833-855e-4927-ad11-5529c3fdda36/file_downloaded,https://prod-dcd-datasets-public-files-eu-west-1.s3.eu-west-1.amazonaws.com/9077de59-82f1-48d4-9dc8-3ff3cc488a81
fall armyworm,maize_fall_armyworm,fall armyworm245_.jpg,https://data.mendeley.com/public-files/datasets/bwh3zbpkpv/files/2343987b-87d7-4df5-b88e-762b621d0aad/file_downloaded,https://prod-dcd-datasets-public-files-eu-west-1.s3.eu-west-1.amazonaws.com/87f07a12-239f-49ad-b9dd-6cb3592b04ce
fall armyworm,maize_fall_armyworm,fall armyworm246_.jpg,https://data.mendeley.com/public-files/datasets/bwh3zbpkpv/files/adc98f64-749b-4ad8-a6e5-31745da5c53b/file_downloaded,https://prod-dcd-datasets-public-files-eu-west-1.s3.eu-west-1.amazonaws.com/e1122a8e-a72d-4480-8821-b0cd42669801
fall armyworm,maize_fall_armyworm,fall armyworm247_.jpg,https://data.mendeley.com/public-files/datasets/bwh3zbpkpv/files/f1430be7-2f42-4eea-856d-d33d2dc68df5/file_downloaded,https://prod-dcd-datasets-public-files-eu-west-1.s3.eu-west-1.amazonaws.com/41ed7642-45bf-4101-88c5-82da8b3dad7b
fall armyworm,maize_fall_armyworm,fall armyworm248_.jpg,https://data.mendeley.com/public-files/datasets/bwh3zbpkpv/files/e4705b33-7676-446c-8c63-f1506a1515b2/file_downloaded,https://prod-dcd-datasets-public-files-eu-west-1.s3.eu-west-1.amazonaws.com/1b0ada94-e7d9-4690-a1d8-ad431707aab3
fall armyworm,maize_fall_armyworm,fall armyworm249_.jpg,https://data.mendeley.com/public-files/datasets/bwh3zbpkpv/files/d3f1f216-b315-46f0-85a9-828a83b52a6b/file_downloaded,https://prod-dcd-datasets-public-files-eu-west-1.s3.eu-west-1.amazonaws.com/8439a3c9-cfdc-44ff-a4ab-bfcb22844e02
fall armyworm,maize_fall_armyworm,fall armyworm24_.jpg,https://data.mendeley.com/public-files/datasets/bwh3zbpkpv/files/66be8c08-0aca-437e-9d9b-0d5c93439b9d/file_downloaded,https://prod-dcd-datasets-public-files-eu-west-1.s3.eu-west-1.amazonaws.com/d8806dcb-1784-4fcb-9871-0433c0a14fa7
fall armyworm,maize_fall_armyworm,fall armyworm250_.jpg,https://data.mendeley.com/public-files/datasets/bwh3zbpkpv/files/14da5f97-457c-4b34-8c47-87daad61c6c5/file_downloaded,https://prod-dcd-datasets-public-files-eu-west-1.s3.eu-west-1.amazonaws.com/7e38d53b-f2be-4a5e-8c57-c2622a2e868d
fall armyworm,maize_fall_armyworm,fall armyworm251_.jpg,https://data.mendeley.com/public-files/datasets/bwh3zbpkpv/files/fc7a31b4-5e94-4067-b48b-d698cf5ff53f/file_downloaded,https://prod-dcd-datasets-public-files-eu-west-1.s3.eu-west-1.amazonaws.com/86557492-c191-491f-94f7-8d199ad6a472
fall armyworm,maize_fall_armyworm,fall armyworm252_.jpg,https://data.mendeley.com/public-files/datasets/bwh3zbpkpv/files/763fc721-ae4d-4578-bb2e-9e606908f047/file_downloaded,https://prod-dcd-datasets-public-files-eu-west-1.s3.eu-west-1.amazonaws.com/94b57f7d-67fa-4d01-8c2a-711ed96c0260
fall armyworm,maize_fall_armyworm,fall armyworm253_.jpg,https://data.mendeley.com/public-files/datasets/bwh3zbpkpv/files/7aad59c7-732e-4437-bfe0-d67a29581952/file_downloaded,https://prod-dcd-datasets-public-files-eu-west-1.s3.eu-west-1.amazonaws.com/c928c9fc-7187-401d-b9ef-d2cf2bbbe3d4
fall armyworm,maize_fall_armyworm,fall armyworm254_.jpg,https://data.mendeley.com/public-files/datasets/bwh3zbpkpv/files/891df743-b580-4cf1-aa9b-bec81f2f97d0/file_downloaded,https://prod-dcd-datasets-public-files-eu-west-1.s3.eu-west-1.amazonaws.com/ad7ebe49-426f-4f1d-85b3-a2e72cbf7b99
fall armyworm,maize_fall_armyworm,fall armyworm255_.jpg,https://data.mendeley.com/public-files/datasets/bwh3zbpkpv/files/2a2e6736-4641-481d-9a00-35d5add23ddc/file_downloaded,https://prod-dcd-datasets-public-files-eu-west-1.s3.eu-west-1.amazonaws.com/5eecb7b6-b9c7-44ff-8f67-ba43ccf5b660
fall armyworm,maize_fall_armyworm,fall armyworm256_.jpg,https://data.mendeley.com/public-files/datasets/bwh3zbpkpv/files/5db9f40b-9474-4f14-9aab-fea80d7b007a/file_downloaded,https://prod-dcd-datasets-public-files-eu-west-1.s3.eu-west-1.amazonaws.com/bd387a48-a12b-424a-877f-188c1fd4e1a5
fall armyworm,maize_fall_armyworm,fall armyworm257_.jpg,https://data.mendeley.com/public-files/datasets/bwh3zbpkpv/files/66c9cc40-776e-4b5f-890c-e5261d5d9917/file_downloaded,https://prod-dcd-datasets-public-files-eu-west-1.s3.eu-west-1.amazonaws.com/a71e3bf9-145e-427f-aa22-187653749062
fall armyworm,maize_fall_armyworm,fall armyworm258_.jpg,https://data.mendeley.com/public-files/datasets/bwh3zbpkpv/files/3ace7eeb-5a75-4180-b7da-c7ce9092f817/file_downloaded,https://prod-dcd-datasets-public-files-eu-west-1.s3.eu-west-1.amazonaws.com/a8d60ace-2beb-4991-aebe-11517d312161
fall armyworm,maize_fall_armyworm,fall armyworm259_.jpg,https://data.mendeley.com/public-files/datasets/bwh3zbpkpv/files/c97f0cae-7154-4b23-9180-009540e66fc7/file_downloaded,https://prod-dcd-datasets-public-files-eu-west-1.s3.eu-west-1.amazonaws.com/4833ce6a-c60b-429c-9e27-a06ba8277225
fall armyworm,maize_fall_armyworm,fall armyworm25_.jpg,https://data.mendeley.com/public-files/datasets/bwh3zbpkpv/files/ce29a354-0c0d-4c54-9b49-94159939c170/file_downloaded,https://prod-dcd-datasets-public-files-eu-west-1.s3.eu-west-1.amazonaws.com/513909fe-93c5-401c-bb82-aa7c28cdeeaf
fall armyworm,maize_fall_armyworm,fall armyworm260_.jpg,https://data.mendeley.com/public-files/datasets/bwh3zbpkpv/files/94f84bde-128b-4502-b89c-389e9a395b67/file_downloaded,https://prod-dcd-datasets-public-files-eu-west-1.s3.eu-west-1.amazonaws.com/c81a048d-b45a-45f5-9aa8-8989884269bc
fall armyworm,maize_fall_armyworm,fall armyworm261_.jpg,https://data.mendeley.com/public-files/datasets/bwh3zbpkpv/files/ca8754d6-4c1e-4131-acc2-0a7bfba62ba8/file_downloaded,https://prod-dcd-datasets-public-files-eu-west-1.s3.eu-west-1.amazonaws.com/e43fc903-ffb1-4b64-bb74-4b2ba62dfcc4
fall armyworm,maize_fall_armyworm,fall armyworm262_.jpg,https://data.mendeley.com/public-files/datasets/bwh3zbpkpv/files/2fc3bc3f-064c-4815-b0aa-f8b2cead0402/file_downloaded,https://prod-dcd-datasets-public-files-eu-west-1.s3.eu-west-1.amazonaws.com/a5f82182-24f4-4305-b667-3db13a93083b
fall armyworm,maize_fall_armyworm,fall armyworm263_.jpg,https://data.mendeley.com/public-files/datasets/bwh3zbpkpv/files/fa5de818-2b5f-40a4-8801-eab154cf630f/file_downloaded,https://prod-dcd-datasets-public-files-eu-west-1.s3.eu-west-1.amazonaws.com/1c731778-2f64-47fc-aa06-585bbadaad3b
fall armyworm,maize_fall_armyworm,fall armyworm264_.jpg,https://data.mendeley.com/public-files/datasets/bwh3zbpkpv/files/8afcb4ca-23a8-4e12-bb43-aeb5167a786d/file_downloaded,https://prod-dcd-datasets-public-files-eu-west-1.s3.eu-west-1.amazonaws.com/9c3c37ee-67c3-4622-8d8b-27cf21c11ca5
fall armyworm,maize_fall_armyworm,fall armyworm265_.jpg,https://data.mendeley.com/public-files/datasets/bwh3zbpkpv/files/89a63179-c66d-44db-9b7b-a3d641014735/file_downloaded,https://prod-dcd-datasets-public-files-eu-west-1.s3.eu-west-1.amazonaws.com/a2f7709d-8628-4c29-b226-eed3b3ef7361
fall armyworm,maize_fall_armyworm,fall armyworm266_.jpg,https://data.mendeley.com/public-files/datasets/bwh3zbpkpv/files/6844a42a-7bea-4c2b-925a-1e077fa37ab3/file_downloaded,https://prod-dcd-datasets-public-files-eu-west-1.s3.eu-west-1.amazonaws.com/a1711388-6eff-4762-b490-19d43b8c0d76
fall armyworm,maize_fall_armyworm,fall armyworm267_.jpg,https://data.mendeley.com/public-files/datasets/bwh3zbpkpv/files/b0a5b9b7-9f6a-4111-bfe9-16d8a06c2c79/file_downloaded,https://prod-dcd-datasets-public-files-eu-west-1.s3.eu-west-1.amazonaws.com/5e236e7c-f0d0-47f1-93bb-5c3a95bab180
fall armyworm,maize_fall_armyworm,fall armyworm268_.jpg,https://data.mendeley.com/public-files/datasets/bwh3zbpkpv/files/9a93c86f-85aa-4afc-9dc6-6b525f5771e3/file_downloaded,https://prod-dcd-datasets-public-files-eu-west-1.s3.eu-west-1.amazonaws.com/cb6e230b-7da2-4cb5-8e8f-1d85ae5464d7
fall armyworm,maize_fall_armyworm,fall armyworm269_.jpg,https://data.mendeley.com/public-files/datasets/bwh3zbpkpv/files/603f51a0-38eb-4821-b687-d146c9fe4a52/file_downloaded,https://prod-dcd-datasets-public-files-eu-west-1.s3.eu-west-1.amazonaws.com/4c0d01c9-b8e1-43da-99bc-64747b57a9d2
fall armyworm,maize_fall_armyworm,fall armyworm26_.jpg,https://data.mendeley.com/public-files/datasets/bwh3zbpkpv/files/4898267f-ac6a-4601-8699-d6c5fc294838/file_downloaded,https://prod-dcd-datasets-public-files-eu-west-1.s3.eu-west-1.amazonaws.com/ff960401-73a4-48a1-9ab2-916ba90d06fc
fall armyworm,maize_fall_armyworm,fall armyworm270_.jpg,https://data.mendeley.com/public-files/datasets/bwh3zbpkpv/files/15947512-29c0-4cd2-8b21-0343ea71a853/file_downloaded,https://prod-dcd-datasets-public-files-eu-west-1.s3.eu-west-1.amazonaws.com/892c3a6d-719d-4066-a183-98d0acf18fca
fall armyworm,maize_fall_armyworm,fall armyworm271_.jpg,https://data.mendeley.com/public-files/datasets/bwh3zbpkpv/files/b2d1cd02-93e3-48f3-87c9-86c6c9b1375e/file_downloaded,https://prod-dcd-datasets-public-files-eu-west-1.s3.eu-west-1.amazonaws.com/63f94981-53bd-4ee5-9bac-cb13554e82ab
fall armyworm,maize_fall_armyworm,fall armyworm272_.jpg,https://data.mendeley.com/public-files/datasets/bwh3zbpkpv/files/c172154e-2183-44a1-8a58-f6e5458aeeca/file_downloaded,https://prod-dcd-datasets-public-files-eu-west-1.s3.eu-west-1.amazonaws.com/9aa67b92-4fe7-416a-9fce-7b6ebc8b8a8f
fall armyworm,maize_fall_armyworm,fall armyworm273_.jpg,https://data.mendeley.com/public-files/datasets/bwh3zbpkpv/files/3f25c732-65fd-4ece-abc8-3b3b747969b7/file_downloaded,https://prod-dcd-datasets-public-files-eu-west-1.s3.eu-west-1.amazonaws.com/15d6698c-33e2-4880-b4ed-21f16ddcac42
fall armyworm,maize_fall_armyworm,fall armyworm274_.jpg,https://data.mendeley.com/public-files/datasets/bwh3zbpkpv/files/1ba5a83b-cc9d-485a-832c-a7df602cb47b/file_downloaded,https://prod-dcd-datasets-public-files-eu-west-1.s3.eu-west-1.amazonaws.com/bbd33f43-7a3d-4257-819a-7839e51b0f83
fall armyworm,maize_fall_armyworm,fall armyworm275_.jpg,https://data.mendeley.com/public-files/datasets/bwh3zbpkpv/files/325aa7bd-606a-4506-ba90-561998ab10d7/file_downloaded,https://prod-dcd-datasets-public-files-eu-west-1.s3.eu-west-1.amazonaws.com/1b7660a3-372e-4cee-a887-5389b22ec566
fall armyworm,maize_fall_armyworm,fall armyworm276_.jpg,https://data.mendeley.com/public-files/datasets/bwh3zbpkpv/files/b088b655-f8ea-4f25-b23e-67fbbda75692/file_downloaded,https://prod-dcd-datasets-public-files-eu-west-1.s3.eu-west-1.amazonaws.com/7c56b289-780c-4ab0-8d0d-a0369ad938c4
fall armyworm,maize_fall_armyworm,fall armyworm277_.jpg,https://data.mendeley.com/public-files/datasets/bwh3zbpkpv/files/88b274f9-f65e-445a-8e08-4d2110ee1beb/file_downloaded,https://prod-dcd-datasets-public-files-eu-west-1.s3.eu-west-1.amazonaws.com/fe015616-40e6-4072-952d-bf0910569da6
fall armyworm,maize_fall_armyworm,fall armyworm27_.jpg,https://data.mendeley.com/public-files/datasets/bwh3zbpkpv/files/1b063ac2-5fb8-4063-904a-06627940a102/file_downloaded,https://prod-dcd-datasets-public-files-eu-west-1.s3.eu-west-1.amazonaws.com/e2001ff7-7086-4845-9208-e61899cd1504
fall armyworm,maize_fall_armyworm,fall armyworm28_.jpg,https://data.mendeley.com/public-files/datasets/bwh3zbpkpv/files/f417d46a-1c00-4617-b898-f48a9bd16a52/file_downloaded,https://prod-dcd-datasets-public-files-eu-west-1.s3.eu-west-1.amazonaws.com/00dc035c-0928-43d1-80fa-fa39fa89c055
fall armyworm,maize_fall_armyworm,fall armyworm29_.jpg,https://data.mendeley.com/public-files/datasets/bwh3zbpkpv/files/e5b99ec5-023a-44bc-943f-3d1a0c5755a4/file_downloaded,https://prod-dcd-datasets-public-files-eu-west-1.s3.eu-west-1.amazonaws.com/5dba8340-79e0-4a68-a21d-d44ffc2339b4
fall armyworm,maize_fall_armyworm,fall armyworm2_.jpg,https://data.mendeley.com/public-files/datasets/bwh3zbpkpv/files/91bac675-d25d-4849-8083-aed32a1ebd4f/file_downloaded,https://prod-dcd-datasets-public-files-eu-west-1.s3.eu-west-1.amazonaws.com/0c823e4c-0691-42d0-a813-52cb0f4686c0
fall armyworm,maize_fall_armyworm,fall armyworm30_.jpg,https://data.mendeley.com/public-files/datasets/bwh3zbpkpv/files/f5e71c4a-6e0a-460f-a21f-1aa1bf384dc2/file_downloaded,https://prod-dcd-datasets-public-files-eu-west-1.s3.eu-west-1.amazonaws.com/c33d03fc-1450-4d77-acb5-5160ff583841
fall armyworm,maize_fall_armyworm,fall armyworm31_.jpg,https://data.mendeley.com/public-files/datasets/bwh3zbpkpv/files/88966b41-eaaa-4102-aea6-f102c075bb54/file_downloaded,https://prod-dcd-datasets-public-files-eu-west-1.s3.eu-west-1.amazonaws.com/0024db91-3f79-42e7-8eaf-61a61957958e
fall armyworm,maize_fall_armyworm,fall armyworm32_.jpg,https://data.mendeley.com/public-files/datasets/bwh3zbpkpv/files/edacc891-0955-4766-bb0e-3bab2ad99b66/file_downloaded,https://prod-dcd-datasets-public-files-eu-west-1.s3.eu-west-1.amazonaws.com/58cc1a03-810c-4deb-93ac-7059ab00dee9
fall armyworm,maize_fall_armyworm,fall armyworm33_.jpg,https://data.mendeley.com/public-files/datasets/bwh3zbpkpv/files/bb54df95-eb37-4a81-a177-740bc32634c7/file_downloaded,https://prod-dcd-datasets-public-files-eu-west-1.s3.eu-west-1.amazonaws.com/a5d67b3c-dac5-4779-9269-35aa23adebbc
fall armyworm,maize_fall_armyworm,fall armyworm34_.jpg,https://data.mendeley.com/public-files/datasets/bwh3zbpkpv/files/1994249c-68a9-4734-a4ac-bfc06d63f3aa/file_downloaded,https://prod-dcd-datasets-public-files-eu-west-1.s3.eu-west-1.amazonaws.com/5fefa597-d0dd-4a3a-aee4-d57d7ff44e51
fall armyworm,maize_fall_armyworm,fall armyworm35_.jpg,https://data.mendeley.com/public-files/datasets/bwh3zbpkpv/files/39fbe7e0-b060-4e7d-b03f-86b764591d43/file_downloaded,https://prod-dcd-datasets-public-files-eu-west-1.s3.eu-west-1.amazonaws.com/2e5c071f-ba3a-4e0d-9dd0-402a3af1fce1
fall armyworm,maize_fall_armyworm,fall armyworm36_.jpg,https://data.mendeley.com/public-files/datasets/bwh3zbpkpv/files/90799a9f-c520-41ab-9400-b19534de75fc/file_downloaded,https://prod-dcd-datasets-public-files-eu-west-1.s3.eu-west-1.amazonaws.com/b0d27abe-95eb-40b1-99ca-95a79a6557ff
fall armyworm,maize_fall_armyworm,fall armyworm37_.jpg,https://data.mendeley.com/public-files/datasets/bwh3zbpkpv/files/b4100d4a-ada5-436d-a4b4-04006656145a/file_downloaded,https://prod-dcd-datasets-public-files-eu-west-1.s3.eu-west-1.amazonaws.com/6c0c5ed0-6401-4e0b-aff9-ba52a4109557
fall armyworm,maize_fall_armyworm,fall armyworm38_.jpg,https://data.mendeley.com/public-files/datasets/bwh3zbpkpv/files/f7e771fb-6724-4ca2-bb42-d5a5671e6448/file_downloaded,https://prod-dcd-datasets-public-files-eu-west-1.s3.eu-west-1.amazonaws.com/b799abce-74f4-4d72-9fc8-9b6baafa2787
fall armyworm,maize_fall_armyworm,fall armyworm39_.jpg,https://data.mendeley.com/public-files/datasets/bwh3zbpkpv/files/930c3e0a-d31d-4c7b-bde8-683af04f092b/file_downloaded,https://prod-dcd-datasets-public-files-eu-west-1.s3.eu-west-1.amazonaws.com/641ae464-780f-4987-b249-41a66c3e816f
fall armyworm,maize_fall_armyworm,fall armyworm3_.jpg,https://data.mendeley.com/public-files/datasets/bwh3zbpkpv/files/6e78b8a4-b13d-4ec3-a2aa-8d0f584fbc4d/file_downloaded,https://prod-dcd-datasets-public-files-eu-west-1.s3.eu-west-1.amazonaws.com/56189bb7-23c8-46c0-b574-482ff8e73d22
fall armyworm,maize_fall_armyworm,fall armyworm40_.jpg,https://data.mendeley.com/public-files/datasets/bwh3zbpkpv/files/c7c21f4b-a54e-401a-be03-3bb1affeef5d/file_downloaded,https://prod-dcd-datasets-public-files-eu-west-1.s3.eu-west-1.amazonaws.com/715ee76e-b906-4105-82bf-3a930dd05eac
fall armyworm,maize_fall_armyworm,fall armyworm41_.jpg,https://data.mendeley.com/public-files/datasets/bwh3zbpkpv/files/4ee41edd-f5b1-4327-84b1-1af657f22153/file_downloaded,https://prod-dcd-datasets-public-files-eu-west-1.s3.eu-west-1.amazonaws.com/e52ffd30-5712-4999-9262-ef111d669fda
fall armyworm,maize_fall_armyworm,fall armyworm42_.jpg,https://data.mendeley.com/public-files/datasets/bwh3zbpkpv/files/f5a6c852-e83c-4029-ae67-f824c47b5b48/file_downloaded,https://prod-dcd-datasets-public-files-eu-west-1.s3.eu-west-1.amazonaws.com/31e1e240-2c55-4db5-82c8-9c022b72cb58
fall armyworm,maize_fall_armyworm,fall armyworm43_.jpg,https://data.mendeley.com/public-files/datasets/bwh3zbpkpv/files/dc11ba42-2149-4a26-9796-9d7b6623638f/file_downloaded,https://prod-dcd-datasets-public-files-eu-west-1.s3.eu-west-1.amazonaws.com/99b0892c-20b3-4372-8d6c-8e9d4fc43fe4
fall armyworm,maize_fall_armyworm,fall armyworm44_.jpg,https://data.mendeley.com/public-files/datasets/bwh3zbpkpv/files/279eab35-36c0-4994-812d-1a9ad7b25231/file_downloaded,https://prod-dcd-datasets-public-files-eu-west-1.s3.eu-west-1.amazonaws.com/9ec25ca1-5a16-43d5-af9d-22a582fc6df5
fall armyworm,maize_fall_armyworm,fall armyworm45_.jpg,https://data.mendeley.com/public-files/datasets/bwh3zbpkpv/files/84ae48dd-4de6-4034-85a0-ea329db51ba7/file_downloaded,https://prod-dcd-datasets-public-files-eu-west-1.s3.eu-west-1.amazonaws.com/3df6aa27-320b-4018-9c64-037958cd1849
fall armyworm,maize_fall_armyworm,fall armyworm46_.jpg,https://data.mendeley.com/public-files/datasets/bwh3zbpkpv/files/f1c2c7cd-41c2-4298-8334-1ecf74f0462c/file_downloaded,https://prod-dcd-datasets-public-files-eu-west-1.s3.eu-west-1.amazonaws.com/7f21b705-038b-4898-8a5e-a2e8b345cf6f
fall armyworm,maize_fall_armyworm,fall armyworm47_.jpg,https://data.mendeley.com/public-files/datasets/bwh3zbpkpv/files/47e2817e-71cf-41f6-b76c-5310b0cfde5e/file_downloaded,https://prod-dcd-datasets-public-files-eu-west-1.s3.eu-west-1.amazonaws.com/11ccbd5c-d84b-4785-986f-f03f4ff28dd8
fall armyworm,maize_fall_armyworm,fall armyworm48_.jpg,https://data.mendeley.com/public-files/datasets/bwh3zbpkpv/files/7cfe7339-a454-4b5b-bf8c-de0ee8be871f/file_downloaded,https://prod-dcd-datasets-public-files-eu-west-1.s3.eu-west-1.amazonaws.com/069a0c2f-c8c6-41ea-ba22-c9b6c4ed58c3
fall armyworm,maize_fall_armyworm,fall armyworm49_.jpg,https://data.mendeley.com/public-files/datasets/bwh3zbpkpv/files/378d9043-e817-4011-af55-7d404fb65d36/file_downloaded,https://prod-dcd-datasets-public-files-eu-west-1.s3.eu-west-1.amazonaws.com/4a7b04f9-5518-436c-bd1d-79a9458ba670
fall armyworm,maize_fall_armyworm,fall armyworm4_.jpg,https://data.mendeley.com/public-files/datasets/bwh3zbpkpv/files/9bff367b-4259-4b54-adb4-6390661b7834/file_downloaded,https://prod-dcd-datasets-public-files-eu-west-1.s3.eu-west-1.amazonaws.com/e8a51ada-f56a-4a62-93b8-2b2cf547b19f
fall armyworm,maize_fall_armyworm,fall armyworm50_.jpg,https://data.mendeley.com/public-files/datasets/bwh3zbpkpv/files/5128da10-bf4b-4c15-8f7c-22f97d66c529/file_downloaded,https://prod-dcd-datasets-public-files-eu-west-1.s3.eu-west-1.amazonaws.com/26328003-dc8e-44d7-a6e7-5907a5d5ae38
fall armyworm,maize_fall_armyworm,fall armyworm51_.jpg,https://data.mendeley.com/public-files/datasets/bwh3zbpkpv/files/de982038-f3ab-46bd-af3e-efbdff28e2ec/file_downloaded,https://prod-dcd-datasets-public-files-eu-west-1.s3.eu-west-1.amazonaws.com/bc2d4655-1eca-413e-b3f3-0eae54d8bd2a
fall armyworm,maize_fall_armyworm,fall armyworm52_.jpg,https://data.mendeley.com/public-files/datasets/bwh3zbpkpv/files/3eef97fa-6740-4fba-ad18-ecbb4ddd368c/file_downloaded,https://prod-dcd-datasets-public-files-eu-west-1.s3.eu-west-1.amazonaws.com/3194aabf-ab72-4ea5-adc7-45910c4842b0
fall armyworm,maize_fall_armyworm,fall armyworm53_.jpg,https://data.mendeley.com/public-files/datasets/bwh3zbpkpv/files/287c4584-ef91-42e2-8cb9-17f6b4529c15/file_downloaded,https://prod-dcd-datasets-public-files-eu-west-1.s3.eu-west-1.amazonaws.com/3ce4f90e-1711-47c5-80cf-ed97d4568b7c
fall armyworm,maize_fall_armyworm,fall armyworm54_.jpg,https://data.mendeley.com/public-files/datasets/bwh3zbpkpv/files/249efb78-390c-443e-93a5-ce89f0599d8a/file_downloaded,https://prod-dcd-datasets-public-files-eu-west-1.s3.eu-west-1.amazonaws.com/f234d500-ded3-458f-9cdb-52a89fa2e325
fall armyworm,maize_fall_armyworm,fall armyworm55_.jpg,https://data.mendeley.com/public-files/datasets/bwh3zbpkpv/files/76e01ea6-e451-4bc9-9ee9-b7f394cece50/file_downloaded,https://prod-dcd-datasets-public-files-eu-west-1.s3.eu-west-1.amazonaws.com/5539c658-fb78-4c5d-befd-f8756ef42371
fall armyworm,maize_fall_armyworm,fall armyworm56_.jpg,https://data.mendeley.com/public-files/datasets/bwh3zbpkpv/files/59c97297-c563-4cab-8efe-5b57e1ace736/file_downloaded,https://prod-dcd-datasets-public-files-eu-west-1.s3.eu-west-1.amazonaws.com/ea68378a-b5bf-4c06-8124-1907a7b8f65c
fall armyworm,maize_fall_armyworm,fall armyworm57_.jpg,https://data.mendeley.com/public-files/datasets/bwh3zbpkpv/files/1075df5f-d22b-4414-bbff-a5275b216310/file_downloaded,https://prod-dcd-datasets-public-files-eu-west-1.s3.eu-west-1.amazonaws.com/37850f57-4c48-4db6-b7e8-8b7d9c4f55ac
fall armyworm,maize_fall_armyworm,fall armyworm58_.jpg,https://data.mendeley.com/public-files/datasets/bwh3zbpkpv/files/5db901b8-ad90-4354-b99f-0f0706388af0/file_downloaded,https://prod-dcd-datasets-public-files-eu-west-1.s3.eu-west-1.amazonaws.com/ae176960-cb99-4249-a01b-46d67867ea38
fall armyworm,maize_fall_armyworm,fall armyworm59_.jpg,https://data.mendeley.com/public-files/datasets/bwh3zbpkpv/files/3d161279-d952-489e-8cc0-4d2d86e3155a/file_downloaded,https://prod-dcd-datasets-public-files-eu-west-1.s3.eu-west-1.amazonaws.com/f8ba96fd-ffef-44bc-a094-409c1f79c713
fall armyworm,maize_fall_armyworm,fall armyworm5_.jpg,https://data.mendeley.com/public-files/datasets/bwh3zbpkpv/files/d125714f-d00b-40aa-9a0a-1aa907357760/file_downloaded,https://prod-dcd-datasets-public-files-eu-west-1.s3.eu-west-1.amazonaws.com/0687c0f8-e653-4171-93b2-99b35eb522a5
fall armyworm,maize_fall_armyworm,fall armyworm60_.jpg,https://data.mendeley.com/public-files/datasets/bwh3zbpkpv/files/51209a0c-9be3-4d7f-a1cd-ac43310782e2/file_downloaded,https://prod-dcd-datasets-public-files-eu-west-1.s3.eu-west-1.amazonaws.com/b8f2ada5-f2fe-438a-b0e6-b2df864e2e46
fall armyworm,maize_fall_armyworm,fall armyworm61_.jpg,https://data.mendeley.com/public-files/datasets/bwh3zbpkpv/files/8d0bb7e9-7f5a-49d9-a2c6-13889f034f3b/file_downloaded,https://prod-dcd-datasets-public-files-eu-west-1.s3.eu-west-1.amazonaws.com/f01abb05-25c0-4859-8d92-85ed0b1e43ac
fall armyworm,maize_fall_armyworm,fall armyworm62_.jpg,https://data.mendeley.com/public-files/datasets/bwh3zbpkpv/files/d018a096-8756-4911-8795-17751efe482c/file_downloaded,https://prod-dcd-datasets-public-files-eu-west-1.s3.eu-west-1.amazonaws.com/92600fe5-8107-4ab7-ac14-fd256141e4d5
fall armyworm,maize_fall_armyworm,fall armyworm63_.jpg,https://data.mendeley.com/public-files/datasets/bwh3zbpkpv/files/3d9095ab-973f-4ee1-b3e7-5c182ea38c3e/file_downloaded,https://prod-dcd-datasets-public-files-eu-west-1.s3.eu-west-1.amazonaws.com/2ae536da-315d-4d02-935c-ea376b8eee98
fall armyworm,maize_fall_armyworm,fall armyworm64_.jpg,https://data.mendeley.com/public-files/datasets/bwh3zbpkpv/files/95fdd796-5c12-4195-8d4a-827bffd1d221/file_downloaded,https://prod-dcd-datasets-public-files-eu-west-1.s3.eu-west-1.amazonaws.com/1b715b6f-55c9-4bab-927d-ec341dd3db0b
fall armyworm,maize_fall_armyworm,fall armyworm65_.jpg,https://data.mendeley.com/public-files/datasets/bwh3zbpkpv/files/ced3fbd2-b3a2-42ba-96a5-de9ca980de19/file_downloaded,https://prod-dcd-datasets-public-files-eu-west-1.s3.eu-west-1.amazonaws.com/0c9e7302-d4ee-4162-ae29-a0228781bc1d
fall armyworm,maize_fall_armyworm,fall armyworm66_.jpg,https://data.mendeley.com/public-files/datasets/bwh3zbpkpv/files/b25e59f4-256e-4d42-98b9-be3652daa4c1/file_downloaded,https://prod-dcd-datasets-public-files-eu-west-1.s3.eu-west-1.amazonaws.com/dfe54fac-8aef-4da9-83e8-c44a351ba1a6
fall armyworm,maize_fall_armyworm,fall armyworm67_.jpg,https://data.mendeley.com/public-files/datasets/bwh3zbpkpv/files/ec512f7a-2263-473a-b07f-294dfabe36c6/file_downloaded,https://prod-dcd-datasets-public-files-eu-west-1.s3.eu-west-1.amazonaws.com/716b277e-2978-49b6-a4bd-fe5c4d6e0fe8
fall armyworm,maize_fall_armyworm,fall armyworm68_.jpg,https://data.mendeley.com/public-files/datasets/bwh3zbpkpv/files/f6a5b78a-ca94-4543-921b-ecd14fac1f13/file_downloaded,https://prod-dcd-datasets-public-files-eu-west-1.s3.eu-west-1.amazonaws.com/89439e2b-25d3-4d05-b99e-bf46becd2859
fall armyworm,maize_fall_armyworm,fall armyworm69_.jpg,https://data.mendeley.com/public-files/datasets/bwh3zbpkpv/files/7e8e8b41-4105-4961-a7e0-77137ef38637/file_downloaded,https://prod-dcd-datasets-public-files-eu-west-1.s3.eu-west-1.amazonaws.com/203a060c-e4b8-46a6-a359-1c7785b70516
fall armyworm,maize_fall_armyworm,fall armyworm6_.jpg,https://data.mendeley.com/public-files/datasets/bwh3zbpkpv/files/a4a190fa-6e6c-4744-864f-d623b6d991cc/file_downloaded,https://prod-dcd-datasets-public-files-eu-west-1.s3.eu-west-1.amazonaws.com/7261acf4-4f8c-4bf5-94cd-ab7bc2e5c9d3
fall armyworm,maize_fall_armyworm,fall armyworm70_.jpg,https://data.mendeley.com/public-files/datasets/bwh3zbpkpv/files/13257ad7-98e3-4ed2-b6ae-e2862dd54361/file_downloaded,https://prod-dcd-datasets-public-files-eu-west-1.s3.eu-west-1.amazonaws.com/d8d16995-43a8-4df2-9eac-b5f5d0962777
fall armyworm,maize_fall_armyworm,fall armyworm71_.jpg,https://data.mendeley.com/public-files/datasets/bwh3zbpkpv/files/0351ea1f-dbab-42f0-a743-881819316bb4/file_downloaded,https://prod-dcd-datasets-public-files-eu-west-1.s3.eu-west-1.amazonaws.com/4a05c2cd-8fcc-4243-ac0e-1288e826b6b1
fall armyworm,maize_fall_armyworm,fall armyworm72_.jpg,https://data.mendeley.com/public-files/datasets/bwh3zbpkpv/files/f5dc3002-c3b7-4824-bb33-fcff6ab0f6e2/file_downloaded,https://prod-dcd-datasets-public-files-eu-west-1.s3.eu-west-1.amazonaws.com/472f0ca0-acce-4595-80cf-9249aeecd977
fall armyworm,maize_fall_armyworm,fall armyworm73_.jpg,https://data.mendeley.com/public-files/datasets/bwh3zbpkpv/files/4afae8e2-062c-4dfb-8cb4-47a14c443307/file_downloaded,https://prod-dcd-datasets-public-files-eu-west-1.s3.eu-west-1.amazonaws.com/f47a9d07-66a0-47cb-b3bf-9ca1c7eba635
fall armyworm,maize_fall_armyworm,fall armyworm74_.jpg,https://data.mendeley.com/public-files/datasets/bwh3zbpkpv/files/e7f29e83-bf71-4e76-baf2-e77437a2b80d/file_downloaded,https://prod-dcd-datasets-public-files-eu-west-1.s3.eu-west-1.amazonaws.com/5fdc81b8-ca76-4488-8f43-e0457f2db8bd
fall armyworm,maize_fall_armyworm,fall armyworm75_.jpg,https://data.mendeley.com/public-files/datasets/bwh3zbpkpv/files/251fb9d8-2a3d-4a18-9dd1-c81c924b091e/file_downloaded,https://prod-dcd-datasets-public-files-eu-west-1.s3.eu-west-1.amazonaws.com/70d96368-4cff-481d-9e60-11ac10b44364
fall armyworm,maize_fall_armyworm,fall armyworm76_.jpg,https://data.mendeley.com/public-files/datasets/bwh3zbpkpv/files/0bf97e76-5b8a-435e-82f2-ebe6765ea93b/file_downloaded,https://prod-dcd-datasets-public-files-eu-west-1.s3.eu-west-1.amazonaws.com/e256b20e-7d09-4101-854c-8cd4519de500
fall armyworm,maize_fall_armyworm,fall armyworm77_.jpg,https://data.mendeley.com/public-files/datasets/bwh3zbpkpv/files/f1098f1f-c658-430d-ab5b-422d5664eccd/file_downloaded,https://prod-dcd-datasets-public-files-eu-west-1.s3.eu-west-1.amazonaws.com/29b04218-eb43-46b5-b7be-d5aa58350315
fall armyworm,maize_fall_armyworm,fall armyworm78_.jpg,https://data.mendeley.com/public-files/datasets/bwh3zbpkpv/files/130628e8-5709-4791-bcd1-9a3f15042c71/file_downloaded,https://prod-dcd-datasets-public-files-eu-west-1.s3.eu-west-1.amazonaws.com/02f68b6e-ac48-4965-aa93-e90b38462b24
fall armyworm,maize_fall_armyworm,fall armyworm79_.jpg,https://data.mendeley.com/public-files/datasets/bwh3zbpkpv/files/7f94078c-ce59-4b3f-88ac-70346f276f29/file_downloaded,https://prod-dcd-datasets-public-files-eu-west-1.s3.eu-west-1.amazonaws.com/befd486f-91d2-496b-a29f-e0d59bbbc0b3
fall armyworm,maize_fall_armyworm,fall armyworm7_.jpg,https://data.mendeley.com/public-files/datasets/bwh3zbpkpv/files/928282af-5f35-40f5-966c-ee2cbe71f4a3/file_downloaded,https://prod-dcd-datasets-public-files-eu-west-1.s3.eu-west-1.amazonaws.com/7baa0572-f27a-4a16-ac5a-0959aa256732
fall armyworm,maize_fall_armyworm,fall armyworm80_.jpg,https://data.mendeley.com/public-files/datasets/bwh3zbpkpv/files/d27530bd-83eb-4edd-a8c2-259b220b6d71/file_downloaded,https://prod-dcd-datasets-public-files-eu-west-1.s3.eu-west-1.amazonaws.com/8f58146b-412f-4bdd-819f-39e5c0ec741e
fall armyworm,maize_fall_armyworm,fall armyworm81_.jpg,https://data.mendeley.com/public-files/datasets/bwh3zbpkpv/files/8629eb4e-d6a8-4b6f-825d-9c6f5d319dc9/file_downloaded,https://prod-dcd-datasets-public-files-eu-west-1.s3.eu-west-1.amazonaws.com/056e4e03-84cc-4888-8500-00958e6f6882
fall armyworm,maize_fall_armyworm,fall armyworm82_.jpg,https://data.mendeley.com/public-files/datasets/bwh3zbpkpv/files/8dacb1ae-7629-40fc-ba8d-c57192dd6388/file_downloaded,https://prod-dcd-datasets-public-files-eu-west-1.s3.eu-west-1.amazonaws.com/9cc14b3e-d8b0-4594-a3d2-4b291445c7af
fall armyworm,maize_fall_armyworm,fall armyworm83_.jpg,https://data.mendeley.com/public-files/datasets/bwh3zbpkpv/files/1aee061a-7150-4390-8a27-0a57d77a17ed/file_downloaded,https://prod-dcd-datasets-public-files-eu-west-1.s3.eu-west-1.amazonaws.com/232a1c04-ab0f-4284-be67-826bc3d1b97c
fall armyworm,maize_fall_armyworm,fall armyworm84_.jpg,https://data.mendeley.com/public-files/datasets/bwh3zbpkpv/files/f9950a2c-8c01-4f30-9e8e-c06fc1aec21d/file_downloaded,https://prod-dcd-datasets-public-files-eu-west-1.s3.eu-west-1.amazonaws.com/2b556b1b-0638-4fd4-a3e7-b89ad248e623
fall armyworm,maize_fall_armyworm,fall armyworm85_.jpg,https://data.mendeley.com/public-files/datasets/bwh3zbpkpv/files/7239e0f0-bb7a-400a-936b-b09faab161ea/file_downloaded,https://prod-dcd-datasets-public-files-eu-west-1.s3.eu-west-1.amazonaws.com/e7188d28-3f12-4dfd-9d79-4975867ff57d
fall armyworm,maize_fall_armyworm,fall armyworm86_.jpg,https://data.mendeley.com/public-files/datasets/bwh3zbpkpv/files/7a6fc6d6-b037-4d2b-9317-6e08bdb3cef2/file_downloaded,https://prod-dcd-datasets-public-files-eu-west-1.s3.eu-west-1.amazonaws.com/fdc27735-6434-4dd6-9c01-aa4c006b5389
fall armyworm,maize_fall_armyworm,fall armyworm87_.jpg,https://data.mendeley.com/public-files/datasets/bwh3zbpkpv/files/e2516906-dc63-4799-b12f-2f0f4e691f72/file_downloaded,https://prod-dcd-datasets-public-files-eu-west-1.s3.eu-west-1.amazonaws.com/cd4370df-b514-46b6-b528-bf826e2b60d0
fall armyworm,maize_fall_armyworm,fall armyworm88_.jpg,https://data.mendeley.com/public-files/datasets/bwh3zbpkpv/files/e264460e-8f6e-468f-b968-fcb76d18383b/file_downloaded,https://prod-dcd-datasets-public-files-eu-west-1.s3.eu-west-1.amazonaws.com/9458e865-b2d0-4771-a38d-8acce676e95f
fall armyworm,maize_fall_armyworm,fall armyworm89_.jpg,https://data.mendeley.com/public-files/datasets/bwh3zbpkpv/files/220cdd1e-b1a7-492f-9173-3886a23375e2/file_downloaded,https://prod-dcd-datasets-public-files-eu-west-1.s3.eu-west-1.amazonaws.com/730a2bcf-6fb3-4c4f-a17b-736c96bd5c72
fall armyworm,maize_fall_armyworm,fall armyworm8_.jpg,https://data.mendeley.com/public-files/datasets/bwh3zbpkpv/files/7011149b-b97a-4c2b-9602-d725a6ca0453/file_downloaded,https://prod-dcd-datasets-public-files-eu-west-1.s3.eu-west-1.amazonaws.com/57da9bee-40db-422d-af7f-f18b4b7def44
fall armyworm,maize_fall_armyworm,fall armyworm90_.jpg,https://data.mendeley.com/public-files/datasets/bwh3zbpkpv/files/9ba9c8e7-4e77-41b5-8f5c-6af30cba1b15/file_downloaded,https://prod-dcd-datasets-public-files-eu-west-1.s3.eu-west-1.amazonaws.com/76fd5826-3678-4f43-9f01-9c41d477053f
fall armyworm,maize_fall_armyworm,fall armyworm91_.jpg,https://data.mendeley.com/public-files/datasets/bwh3zbpkpv/files/184d44ae-13ae-4662-862e-36791f0958c9/file_downloaded,https://prod-dcd-datasets-public-files-eu-west-1.s3.eu-west-1.amazonaws.com/71d84e53-3d0a-4eea-8327-ed48034a126a
fall armyworm,maize_fall_armyworm,fall armyworm92_.jpg,https://data.mendeley.com/public-files/datasets/bwh3zbpkpv/files/4561f0da-d7e5-4b74-829c-91e91dfbcb3a/file_downloaded,https://prod-dcd-datasets-public-files-eu-west-1.s3.eu-west-1.amazonaws.com/9372a653-ff88-4c25-9b37-bcaa7a96b867
fall armyworm,maize_fall_armyworm,fall armyworm93_.jpg,https://data.mendeley.com/public-files/datasets/bwh3zbpkpv/files/20726234-d0ba-40cd-85d0-20622fb3f9dd/file_downloaded,https://prod-dcd-datasets-public-files-eu-west-1.s3.eu-west-1.amazonaws.com/07b9550b-c4a8-47c4-a6c7-071a0326c22f
fall armyworm,maize_fall_armyworm,fall armyworm94_.jpg,https://data.mendeley.com/public-files/datasets/bwh3zbpkpv/files/98050bfa-16b9-424d-b49a-c2fbaeb0ec6d/file_downloaded,https://prod-dcd-datasets-public-files-eu-west-1.s3.eu-west-1.amazonaws.com/f292de05-36d7-4bc9-a5fd-f5c3265a2d29
fall armyworm,maize_fall_armyworm,fall armyworm95_.jpg,https://data.mendeley.com/public-files/datasets/bwh3zbpkpv/files/db780c94-7f45-4b8e-a9d3-910c8e6a4ce8/file_downloaded,https://prod-dcd-datasets-public-files-eu-west-1.s3.eu-west-1.amazonaws.com/3f783386-5a42-4e9e-8133-1b25fe31265a
fall armyworm,maize_fall_armyworm,fall armyworm96_.jpg,https://data.mendeley.com/public-files/datasets/bwh3zbpkpv/files/162e5bb4-f691-4394-a755-76d6045b4c70/file_downloaded,https://prod-dcd-datasets-public-files-eu-west-1.s3.eu-west-1.amazonaws.com/5fb03e80-98b6-41b5-ba56-f4681dba58ba
fall armyworm,maize_fall_armyworm,fall armyworm97_.jpg,https://data.mendeley.com/public-files/datasets/bwh3zbpkpv/files/d5238771-c1c6-4f84-8c22-3cdb3b0e5a7c/file_downloaded,https://prod-dcd-datasets-public-files-eu-west-1.s3.eu-west-1.amazonaws.com/5ed0ef71-411b-428b-98ca-5dddd9154bc4
fall armyworm,maize_fall_armyworm,fall armyworm98_.jpg,https://data.mendeley.com/public-files/datasets/bwh3zbpkpv/files/cf128e69-79f3-4b34-bd2f-2a4bb00379f6/file_downloaded,https://prod-dcd-datasets-public-files-eu-west-1.s3.eu-west-1.amazonaws.com/969059d2-d148-4876-8f4b-62f28db22e29
fall armyworm,maize_fall_armyworm,fall armyworm99_.jpg,https://data.mendeley.com/public-files/datasets/bwh3zbpkpv/files/4c433ecc-fa23-47e6-9367-9c53a15d0424/file_downloaded,https://prod-dcd-datasets-public-files-eu-west-1.s3.eu-west-1.amazonaws.com/ee2a4eec-f653-4818-9c98-5112357b3241
fall armyworm,maize_fall_armyworm,fall armyworm9_.jpg,https://data.mendeley.com/public-files/datasets/bwh3zbpkpv/files/f7b2ad00-07c1-40c1-8d62-6917ad56dd7c/file_downloaded,https://prod-dcd-datasets-public-files-eu-west-1.s3.eu-west-1.amazonaws.com/4515df7c-9b14-4197-bdb3-4b5fc591ab43
fall armyworm,maize_fall_armyworm,leaf blight802_.jpg,https://data.mendeley.com/public-files/datasets/bwh3zbpkpv/files/f72191ee-4f82-4bfa-8afc-4ad3e0a84304/file_downloaded,https://prod-dcd-datasets-public-files-eu-west-1.s3.eu-west-1.amazonaws.com/69629fa5-73c4-43a5-a0b4-4d9a7b2e022d
fall armyworm,maize_fall_armyworm,leaf blight803_.jpg,https://data.mendeley.com/public-files/datasets/bwh3zbpkpv/files/8b612708-a0c7-45fb-bda1-a899b053c8f5/file_downloaded,https://prod-dcd-datasets-public-files-eu-west-1.s3.eu-west-1.amazonaws.com/b7e22773-8d36-42bf-adc5-bd81c4af2c53
fall armyworm,maize_fall_armyworm,leaf blight804_.jpg,https://data.mendeley.com/public-files/datasets/bwh3zbpkpv/files/7a35cc8e-5cae-4147-b5ca-daae46d17ad0/file_downloaded,https://prod-dcd-datasets-public-files-eu-west-1.s3.eu-west-1.amazonaws.com/18e79aa5-0221-4c29-b48a-a184eaa7f7a6
fall armyworm,maize_fall_armyworm,leaf blight805_.jpg,https://data.mendeley.com/public-files/datasets/bwh3zbpkpv/files/0bf19c41-bcaa-41ca-a106-6bafc2d21703/file_downloaded,https://prod-dcd-datasets-public-files-eu-west-1.s3.eu-west-1.amazonaws.com/2c0c2b00-0e09-4ab0-b77a-8e10e2a9c6f5
fall armyworm,maize_fall_armyworm,leaf blight806_.jpg,https://data.mendeley.com/public-files/datasets/bwh3zbpkpv/files/d4f72f4a-e5e3-4dbf-bc00-5c313315c985/file_downloaded,https://prod-dcd-datasets-public-files-eu-west-1.s3.eu-west-1.amazonaws.com/82ca7507-c1ab-4889-91d2-4cbd9cf55cf4
fall armyworm,maize_fall_armyworm,leaf spot832_.jpg,https://data.mendeley.com/public-files/datasets/bwh3zbpkpv/files/bb3e3c1d-4135-42ef-8607-95939eb5b4d6/file_downloaded,https://prod-dcd-datasets-public-files-eu-west-1.s3.eu-west-1.amazonaws.com/bd7ff876-70dc-4592-b967-ae8fca51dc03
fall armyworm,maize_fall_armyworm,leaf spot833_.jpg,https://data.mendeley.com/public-files/datasets/bwh3zbpkpv/files/c9fc028e-223f-4ea6-9597-1d5a2b6e2580/file_downloaded,https://prod-dcd-datasets-public-files-eu-west-1.s3.eu-west-1.amazonaws.com/8a405827-f3bf-4b20-a2e0-e46cee310565
fall armyworm,maize_fall_armyworm,leaf spot834_.jpg,https://data.mendeley.com/public-files/datasets/bwh3zbpkpv/files/44eb82a5-b57a-4695-9e6d-c78690a663c7/file_downloaded,https://prod-dcd-datasets-public-files-eu-west-1.s3.eu-west-1.amazonaws.com/70b5a47a-4965-401b-9615-ae873a3f53d6
fall armyworm,maize_fall_armyworm,leaf spot835_.jpg,https://data.mendeley.com/public-files/datasets/bwh3zbpkpv/files/9c1eb43e-f454-4080-821e-e2f0a281827d/file_downloaded,https://prod-dcd-datasets-public-files-eu-west-1.s3.eu-west-1.amazonaws.com/4d4d5af3-e047-447c-8e25-3195f972fdf9
healthy,maize_healthy,healthy100_.jpg,https://data.mendeley.com/public-files/datasets/bwh3zbpkpv/files/56e39411-229b-4d4a-a510-e52b53ac127a/file_downloaded,https://prod-dcd-datasets-public-files-eu-west-1.s3.eu-west-1.amazonaws.com/967f0f8b-2a50-47f3-ba5a-361eb07122c4
healthy,maize_healthy,healthy101_.jpg,https://data.mendeley.com/public-files/datasets/bwh3zbpkpv/files/8c6444f6-1fd0-4cba-bad2-2a1bbfa7d20c/file_downloaded,https://prod-dcd-datasets-public-files-eu-west-1.s3.eu-west-1.amazonaws.com/57e6d9d9-d4c1-4ca6-bf3f-e2e5b54eb2f4
healthy,maize_healthy,healthy102_.jpg,https://data.mendeley.com/public-files/datasets/bwh3zbpkpv/files/a7816775-1dc6-4e97-8a88-4870ea36c60e/file_downloaded,https://prod-dcd-datasets-public-files-eu-west-1.s3.eu-west-1.amazonaws.com/5769fcbb-eaf0-49bd-8a08-768bb65f29ea
healthy,maize_healthy,healthy103_.jpg,https://data.mendeley.com/public-files/datasets/bwh3zbpkpv/files/c0a819cf-2be9-4565-b0e8-02cd28f9c169/file_downloaded,https://prod-dcd-datasets-public-files-eu-west-1.s3.eu-west-1.amazonaws.com/d037d830-d901-465e-8a35-ac9bb027c876
healthy,maize_healthy,healthy104_.jpg,https://data.mendeley.com/public-files/datasets/bwh3zbpkpv/files/806556ee-3837-45a6-bc1f-94b5656cd7af/file_downloaded,https://prod-dcd-datasets-public-files-eu-west-1.s3.eu-west-1.amazonaws.com/0601c734-85b7-4edd-9e3b-003a661c9959
healthy,maize_healthy,healthy105_.jpg,https://data.mendeley.com/public-files/datasets/bwh3zbpkpv/files/669bf18b-dba0-4240-947c-16e9e6385731/file_downloaded,https://prod-dcd-datasets-public-files-eu-west-1.s3.eu-west-1.amazonaws.com/b0e143d3-e904-405a-8555-25f07f434db0
healthy,maize_healthy,healthy106_.jpg,https://data.mendeley.com/public-files/datasets/bwh3zbpkpv/files/3be4cc69-3e47-47de-a3dc-f14b16f5baa1/file_downloaded,https://prod-dcd-datasets-public-files-eu-west-1.s3.eu-west-1.amazonaws.com/38ed5137-299b-4d1b-a2f6-948521f3e58d
healthy,maize_healthy,healthy107_.jpg,https://data.mendeley.com/public-files/datasets/bwh3zbpkpv/files/b0d5905a-48ef-4495-8468-77c497606911/file_downloaded,https://prod-dcd-datasets-public-files-eu-west-1.s3.eu-west-1.amazonaws.com/037e0704-bbed-40c4-991a-3e60e3c2292d
healthy,maize_healthy,healthy108_.jpg,https://data.mendeley.com/public-files/datasets/bwh3zbpkpv/files/e3834bea-2c90-41ac-b5a2-71482fcaf324/file_downloaded,https://prod-dcd-datasets-public-files-eu-west-1.s3.eu-west-1.amazonaws.com/73b58953-48ac-476d-b200-5caca7066167
healthy,maize_healthy,healthy109_.jpg,https://data.mendeley.com/public-files/datasets/bwh3zbpkpv/files/695f8687-d3d3-4691-8224-f109f8454a4b/file_downloaded,https://prod-dcd-datasets-public-files-eu-west-1.s3.eu-west-1.amazonaws.com/351701f8-6692-4bfe-a5ab-27566fcda901
healthy,maize_healthy,healthy10_.jpg,https://data.mendeley.com/public-files/datasets/bwh3zbpkpv/files/3a451318-1b5e-4046-80e3-35b1c16382f8/file_downloaded,https://prod-dcd-datasets-public-files-eu-west-1.s3.eu-west-1.amazonaws.com/1120483a-8ce9-4e92-b2bc-63ace5417d4a
healthy,maize_healthy,healthy110_.jpg,https://data.mendeley.com/public-files/datasets/bwh3zbpkpv/files/1f8af1c0-3152-40e2-8937-a1eeb84abefc/file_downloaded,https://prod-dcd-datasets-public-files-eu-west-1.s3.eu-west-1.amazonaws.com/b2980170-193d-42c7-8e07-4993ecf29c76
healthy,maize_healthy,healthy111_.jpg,https://data.mendeley.com/public-files/datasets/bwh3zbpkpv/files/8e86dfd0-a2d7-4c40-b229-38d8ddacc950/file_downloaded,https://prod-dcd-datasets-public-files-eu-west-1.s3.eu-west-1.amazonaws.com/30b3c9e0-c466-4fcd-b24d-c65cfd6f5936
healthy,maize_healthy,healthy112_.jpg,https://data.mendeley.com/public-files/datasets/bwh3zbpkpv/files/a4a8fa83-08c2-49fa-a46a-24c42418d668/file_downloaded,https://prod-dcd-datasets-public-files-eu-west-1.s3.eu-west-1.amazonaws.com/8d8f99b4-a666-4ebc-8f95-3301122050bb
healthy,maize_healthy,healthy113_.jpg,https://data.mendeley.com/public-files/datasets/bwh3zbpkpv/files/5d712fac-fb78-4d56-8533-0cd57142d1a5/file_downloaded,https://prod-dcd-datasets-public-files-eu-west-1.s3.eu-west-1.amazonaws.com/c730e7a1-902b-4ac5-bb08-8fe46960c0d6
healthy,maize_healthy,healthy114_.jpg,https://data.mendeley.com/public-files/datasets/bwh3zbpkpv/files/49c33f38-df2a-4824-b875-90bb6c687fd6/file_downloaded,https://prod-dcd-datasets-public-files-eu-west-1.s3.eu-west-1.amazonaws.com/431fb61c-cf7f-4afe-b26d-c9a5cf0bb8ab
healthy,maize_healthy,healthy115_.jpg,https://data.mendeley.com/public-files/datasets/bwh3zbpkpv/files/fe0d00c7-4e53-496c-a0e2-3e145968cb30/file_downloaded,https://prod-dcd-datasets-public-files-eu-west-1.s3.eu-west-1.amazonaws.com/111431eb-29dd-4da6-ac6f-1e2e761a8068
healthy,maize_healthy,healthy116_.jpg,https://data.mendeley.com/public-files/datasets/bwh3zbpkpv/files/dc36be06-8e43-4454-b8e3-c7a369f7b3d8/file_downloaded,https://prod-dcd-datasets-public-files-eu-west-1.s3.eu-west-1.amazonaws.com/85c5a5cd-6f29-407c-8ea6-4543a34d5824
healthy,maize_healthy,healthy117_.jpg,https://data.mendeley.com/public-files/datasets/bwh3zbpkpv/files/9db0dee6-7df3-4d30-89c5-522f53e15c13/file_downloaded,https://prod-dcd-datasets-public-files-eu-west-1.s3.eu-west-1.amazonaws.com/6c89d508-ae58-4c40-96fe-75fafc072b92
healthy,maize_healthy,healthy118_.jpg,https://data.mendeley.com/public-files/datasets/bwh3zbpkpv/files/7651449d-4343-496c-8e88-cef5eb95d648/file_downloaded,https://prod-dcd-datasets-public-files-eu-west-1.s3.eu-west-1.amazonaws.com/e6a91cc5-c99b-47a2-b7b4-9825cdf1a439
healthy,maize_healthy,healthy119_.jpg,https://data.mendeley.com/public-files/datasets/bwh3zbpkpv/files/4c4b8992-dc67-461f-8cc4-278852c4a1f0/file_downloaded,https://prod-dcd-datasets-public-files-eu-west-1.s3.eu-west-1.amazonaws.com/746daee0-886d-43fd-9dee-61d6fdca37c7
healthy,maize_healthy,healthy11_.jpg,https://data.mendeley.com/public-files/datasets/bwh3zbpkpv/files/5e46339f-6a1c-41f9-8a11-aee36b87efa4/file_downloaded,https://prod-dcd-datasets-public-files-eu-west-1.s3.eu-west-1.amazonaws.com/07b7ab81-3b32-41d4-ad41-44da494e403d
healthy,maize_healthy,healthy120_.jpg,https://data.mendeley.com/public-files/datasets/bwh3zbpkpv/files/ac9271f9-594b-4428-ac0a-43f837f78883/file_downloaded,https://prod-dcd-datasets-public-files-eu-west-1.s3.eu-west-1.amazonaws.com/77871b50-7c9a-4ef7-9de0-88a59608a452
healthy,maize_healthy,healthy121_.jpg,https://data.mendeley.com/public-files/datasets/bwh3zbpkpv/files/8c42c549-f535-445e-b805-d1f333b17fe7/file_downloaded,https://prod-dcd-datasets-public-files-eu-west-1.s3.eu-west-1.amazonaws.com/64f846df-8384-4c55-b777-e66c1738e91b
healthy,maize_healthy,healthy122_.jpg,https://data.mendeley.com/public-files/datasets/bwh3zbpkpv/files/9fac5662-1c16-4145-8d29-b4c22f2c13fe/file_downloaded,https://prod-dcd-datasets-public-files-eu-west-1.s3.eu-west-1.amazonaws.com/17c86698-577d-4d26-a57f-cbb18d417863
healthy,maize_healthy,healthy123_.jpg,https://data.mendeley.com/public-files/datasets/bwh3zbpkpv/files/16cc4d13-c7d8-4e05-9de0-28c13fc884a3/file_downloaded,https://prod-dcd-datasets-public-files-eu-west-1.s3.eu-west-1.amazonaws.com/7cf9c7a8-e205-4d5c-9b6d-1fd9908c52ad
healthy,maize_healthy,healthy124_.jpg,https://data.mendeley.com/public-files/datasets/bwh3zbpkpv/files/ee904e62-d3d6-4ecf-ba13-83f9e5e07003/file_downloaded,https://prod-dcd-datasets-public-files-eu-west-1.s3.eu-west-1.amazonaws.com/9758c299-5944-45e6-ac29-7492741f0e76
healthy,maize_healthy,healthy125_.jpg,https://data.mendeley.com/public-files/datasets/bwh3zbpkpv/files/548422c5-cc6d-4027-a8b9-a02ae677ea71/file_downloaded,https://prod-dcd-datasets-public-files-eu-west-1.s3.eu-west-1.amazonaws.com/8b765b32-6203-44cd-a6de-5a142d73a533
healthy,maize_healthy,healthy126_.jpg,https://data.mendeley.com/public-files/datasets/bwh3zbpkpv/files/b9a6c12b-3c5e-4da9-b2a0-c044c0331b8d/file_downloaded,https://prod-dcd-datasets-public-files-eu-west-1.s3.eu-west-1.amazonaws.com/2aa41e47-c874-4bb1-b2e1-d923ca9b842e
healthy,maize_healthy,healthy127_.jpg,https://data.mendeley.com/public-files/datasets/bwh3zbpkpv/files/a13a9605-dbc0-4272-b656-2043c24941c7/file_downloaded,https://prod-dcd-datasets-public-files-eu-west-1.s3.eu-west-1.amazonaws.com/8ae262d1-a333-4232-86cc-699ad0450dd0
healthy,maize_healthy,healthy128_.jpg,https://data.mendeley.com/public-files/datasets/bwh3zbpkpv/files/c847a14c-59e2-43fa-b28c-9f14eaabeb0f/file_downloaded,https://prod-dcd-datasets-public-files-eu-west-1.s3.eu-west-1.amazonaws.com/2811933d-d510-4fc7-898c-4571bfaeb938
healthy,maize_healthy,healthy129_.jpg,https://data.mendeley.com/public-files/datasets/bwh3zbpkpv/files/41c52f0d-ca42-4992-9d94-397d401d5f1a/file_downloaded,https://prod-dcd-datasets-public-files-eu-west-1.s3.eu-west-1.amazonaws.com/f9b46230-8421-4c50-a822-eddf0e8d82f5
healthy,maize_healthy,healthy12_.jpg,https://data.mendeley.com/public-files/datasets/bwh3zbpkpv/files/a2c0e689-bb6c-41d3-9137-24e96de74a59/file_downloaded,https://prod-dcd-datasets-public-files-eu-west-1.s3.eu-west-1.amazonaws.com/56e95ffc-947b-4fdf-a791-c1b04d64b6ce
healthy,maize_healthy,healthy130_.jpg,https://data.mendeley.com/public-files/datasets/bwh3zbpkpv/files/d7974136-ea44-4cf4-bf8d-78943cc06b67/file_downloaded,https://prod-dcd-datasets-public-files-eu-west-1.s3.eu-west-1.amazonaws.com/3e3b5834-5480-49e7-9235-7947d7f54313
healthy,maize_healthy,healthy131_.jpg,https://data.mendeley.com/public-files/datasets/bwh3zbpkpv/files/fd6fa6d4-7659-48d9-b9b4-43a7857b5bc9/file_downloaded,https://prod-dcd-datasets-public-files-eu-west-1.s3.eu-west-1.amazonaws.com/68e39d1b-f264-4f86-93d3-cbb8e798ae2d
healthy,maize_healthy,healthy132_.jpg,https://data.mendeley.com/public-files/datasets/bwh3zbpkpv/files/eaf9b171-ff59-4928-a22d-41c476f847f9/file_downloaded,https://prod-dcd-datasets-public-files-eu-west-1.s3.eu-west-1.amazonaws.com/ff20402c-12b0-4b59-9db5-9e7eadff5c16
healthy,maize_healthy,healthy133_.jpg,https://data.mendeley.com/public-files/datasets/bwh3zbpkpv/files/a33e6446-c368-4da0-9a30-46db4a732839/file_downloaded,https://prod-dcd-datasets-public-files-eu-west-1.s3.eu-west-1.amazonaws.com/246c96e2-5095-4386-89b5-674609729937
healthy,maize_healthy,healthy134_.jpg,https://data.mendeley.com/public-files/datasets/bwh3zbpkpv/files/4e467681-5c2a-4717-ba33-2ecd4dd9e9db/file_downloaded,https://prod-dcd-datasets-public-files-eu-west-1.s3.eu-west-1.amazonaws.com/c217ef17-3a6c-4549-b9e9-6b3c1200225e
healthy,maize_healthy,healthy135_.jpg,https://data.mendeley.com/public-files/datasets/bwh3zbpkpv/files/906c23c0-a613-4193-aa1e-bb50b2958fc4/file_downloaded,https://prod-dcd-datasets-public-files-eu-west-1.s3.eu-west-1.amazonaws.com/e5476da4-dc7b-4aaa-a2ef-6eae39400dec
healthy,maize_healthy,healthy136_.jpg,https://data.mendeley.com/public-files/datasets/bwh3zbpkpv/files/6210d1ce-4b29-4055-918f-ce68ef76ab42/file_downloaded,https://prod-dcd-datasets-public-files-eu-west-1.s3.eu-west-1.amazonaws.com/00e7d86d-8013-4756-853c-10439ec8dd2c
healthy,maize_healthy,healthy137_.jpg,https://data.mendeley.com/public-files/datasets/bwh3zbpkpv/files/110baa65-98b8-446f-a30e-c181c38c7202/file_downloaded,https://prod-dcd-datasets-public-files-eu-west-1.s3.eu-west-1.amazonaws.com/8eae3006-36e3-4f9e-bd69-4b8c2a2b6502
healthy,maize_healthy,healthy138_.jpg,https://data.mendeley.com/public-files/datasets/bwh3zbpkpv/files/6af58a44-efd7-424e-83a6-49370d866e89/file_downloaded,https://prod-dcd-datasets-public-files-eu-west-1.s3.eu-west-1.amazonaws.com/0c7ad6fe-a6b5-4cab-b23f-abacfce3dd20
healthy,maize_healthy,healthy139_.jpg,https://data.mendeley.com/public-files/datasets/bwh3zbpkpv/files/033624bb-b0db-45f2-8b21-fb911d68bc73/file_downloaded,https://prod-dcd-datasets-public-files-eu-west-1.s3.eu-west-1.amazonaws.com/4afbfc3c-2dce-4d98-a578-475d38d9b436
healthy,maize_healthy,healthy13_.jpg,https://data.mendeley.com/public-files/datasets/bwh3zbpkpv/files/d8d4d05a-8b02-48e1-a6c0-4aebafa3c721/file_downloaded,https://prod-dcd-datasets-public-files-eu-west-1.s3.eu-west-1.amazonaws.com/e0e2b855-3606-45e0-b723-19fb73db1291
healthy,maize_healthy,healthy140_.jpg,https://data.mendeley.com/public-files/datasets/bwh3zbpkpv/files/193b17ae-3f3b-4415-9cc3-aeef220f5d20/file_downloaded,https://prod-dcd-datasets-public-files-eu-west-1.s3.eu-west-1.amazonaws.com/3124fc85-629e-44f9-af44-ae57f572f125
healthy,maize_healthy,healthy141_.jpg,https://data.mendeley.com/public-files/datasets/bwh3zbpkpv/files/1fa75c0a-54c9-4f4c-91be-14da4765445d/file_downloaded,https://prod-dcd-datasets-public-files-eu-west-1.s3.eu-west-1.amazonaws.com/9db2656c-9be6-412e-904a-fc74858cd60f
healthy,maize_healthy,healthy142_.jpg,https://data.mendeley.com/public-files/datasets/bwh3zbpkpv/files/c3f962a6-7daa-4622-ba7f-233f247bfaf5/file_downloaded,https://prod-dcd-datasets-public-files-eu-west-1.s3.eu-west-1.amazonaws.com/9e25227e-502d-43d8-ac8d-ae0344d27fc1
healthy,maize_healthy,healthy143_.jpg,https://data.mendeley.com/public-files/datasets/bwh3zbpkpv/files/c0508fb0-b06a-42ac-8c2e-3bca02b91a74/file_downloaded,https://prod-dcd-datasets-public-files-eu-west-1.s3.eu-west-1.amazonaws.com/527032a8-8ec8-4f2b-b697-ae4356a1d341
healthy,maize_healthy,healthy144_.jpg,https://data.mendeley.com/public-files/datasets/bwh3zbpkpv/files/1cc666f3-7184-40e3-9b3b-57673bbd52d7/file_downloaded,https://prod-dcd-datasets-public-files-eu-west-1.s3.eu-west-1.amazonaws.com/a3f5012f-fea5-4605-a541-e9405ca9a4ae
healthy,maize_healthy,healthy145_.jpg,https://data.mendeley.com/public-files/datasets/bwh3zbpkpv/files/5adcb2ae-735a-408b-bd60-62883cf63766/file_downloaded,https://prod-dcd-datasets-public-files-eu-west-1.s3.eu-west-1.amazonaws.com/a69f6841-23c5-4faf-b83e-2eedb5fd647e
healthy,maize_healthy,healthy146_.jpg,https://data.mendeley.com/public-files/datasets/bwh3zbpkpv/files/a7ae5c23-10a9-4e4a-aa15-9082814e7b47/file_downloaded,https://prod-dcd-datasets-public-files-eu-west-1.s3.eu-west-1.amazonaws.com/a4c307d2-5f17-4058-940f-965d3c719cab
healthy,maize_healthy,healthy147_.jpg,https://data.mendeley.com/public-files/datasets/bwh3zbpkpv/files/b0b0c75b-069b-488d-808d-db6d7e94c8b6/file_downloaded,https://prod-dcd-datasets-public-files-eu-west-1.s3.eu-west-1.amazonaws.com/1038f207-103c-414b-8d22-ea2766f1ba62
healthy,maize_healthy,healthy148_.jpg,https://data.mendeley.com/public-files/datasets/bwh3zbpkpv/files/f225a5e0-849f-417d-9756-04972fdd7f4a/file_downloaded,https://prod-dcd-datasets-public-files-eu-west-1.s3.eu-west-1.amazonaws.com/26098ce0-ac83-4bb1-8f6b-2621d39a12a0
healthy,maize_healthy,healthy149_.jpg,https://data.mendeley.com/public-files/datasets/bwh3zbpkpv/files/8672d062-f336-49e7-96a1-6e91af23a1e8/file_downloaded,https://prod-dcd-datasets-public-files-eu-west-1.s3.eu-west-1.amazonaws.com/7dc30144-c529-4641-9ef7-5a4d3aa776bd
healthy,maize_healthy,healthy14_.jpg,https://data.mendeley.com/public-files/datasets/bwh3zbpkpv/files/83558d8a-9dec-4b32-99c6-011aa55f2335/file_downloaded,https://prod-dcd-datasets-public-files-eu-west-1.s3.eu-west-1.amazonaws.com/860bb60f-7e4d-4a40-bb35-b2a97840cc03
healthy,maize_healthy,healthy150_.jpg,https://data.mendeley.com/public-files/datasets/bwh3zbpkpv/files/219ad2fa-4f74-450c-b4aa-a919d1a4f395/file_downloaded,https://prod-dcd-datasets-public-files-eu-west-1.s3.eu-west-1.amazonaws.com/499362a4-076e-4d88-9a20-740aa7948b3d
healthy,maize_healthy,healthy151_.jpg,https://data.mendeley.com/public-files/datasets/bwh3zbpkpv/files/e317978b-696b-4e86-b91b-8e21397b1cef/file_downloaded,https://prod-dcd-datasets-public-files-eu-west-1.s3.eu-west-1.amazonaws.com/563f7358-1abe-4754-824a-62c173b1335b
healthy,maize_healthy,healthy152_.jpg,https://data.mendeley.com/public-files/datasets/bwh3zbpkpv/files/088ac194-3bd5-42ea-8f18-356bd83dd4b7/file_downloaded,https://prod-dcd-datasets-public-files-eu-west-1.s3.eu-west-1.amazonaws.com/6b059e03-cd91-4bbb-b58f-dbcc79da7c6b
healthy,maize_healthy,healthy153_.jpg,https://data.mendeley.com/public-files/datasets/bwh3zbpkpv/files/7a27176d-a79f-4f17-8995-103948da8f5a/file_downloaded,https://prod-dcd-datasets-public-files-eu-west-1.s3.eu-west-1.amazonaws.com/015e75d0-2487-47a9-bd8d-ccc25fc8026d
healthy,maize_healthy,healthy154_.jpg,https://data.mendeley.com/public-files/datasets/bwh3zbpkpv/files/f1890234-9636-4fde-b18f-16b012b376d8/file_downloaded,https://prod-dcd-datasets-public-files-eu-west-1.s3.eu-west-1.amazonaws.com/5c713a12-bfb9-429c-9241-e5af9b976088
healthy,maize_healthy,healthy155_.jpg,https://data.mendeley.com/public-files/datasets/bwh3zbpkpv/files/483e7d12-6442-4f74-af53-4127214246e4/file_downloaded,https://prod-dcd-datasets-public-files-eu-west-1.s3.eu-west-1.amazonaws.com/10103533-7d22-458c-9d48-d952ae36215a
healthy,maize_healthy,healthy156_.jpg,https://data.mendeley.com/public-files/datasets/bwh3zbpkpv/files/6c10e91f-e817-463f-a7d8-e8460cdd0e89/file_downloaded,https://prod-dcd-datasets-public-files-eu-west-1.s3.eu-west-1.amazonaws.com/9a58577a-319b-4e5f-a9fc-173eb9276c98
healthy,maize_healthy,healthy157_.jpg,https://data.mendeley.com/public-files/datasets/bwh3zbpkpv/files/a34d4b5c-57c4-457e-b4b1-b558b2e60e71/file_downloaded,https://prod-dcd-datasets-public-files-eu-west-1.s3.eu-west-1.amazonaws.com/804cccfe-9e5d-4543-85bd-7ce97140845c
healthy,maize_healthy,healthy158_.jpg,https://data.mendeley.com/public-files/datasets/bwh3zbpkpv/files/fe2d7002-c528-4271-a343-e189fc48e9b1/file_downloaded,https://prod-dcd-datasets-public-files-eu-west-1.s3.eu-west-1.amazonaws.com/ac233b98-12d9-4216-a8c2-8b41d8af2aec
healthy,maize_healthy,healthy159_.jpg,https://data.mendeley.com/public-files/datasets/bwh3zbpkpv/files/d89ce576-d5c5-41e7-a986-10bf20c5afe7/file_downloaded,https://prod-dcd-datasets-public-files-eu-west-1.s3.eu-west-1.amazonaws.com/a1ba8041-cb86-45a5-bdc0-5034efc2bbcd
healthy,maize_healthy,healthy15_.jpg,https://data.mendeley.com/public-files/datasets/bwh3zbpkpv/files/8047a898-1f86-48de-b0af-62cf8ec39dd3/file_downloaded,https://prod-dcd-datasets-public-files-eu-west-1.s3.eu-west-1.amazonaws.com/b5c6a58f-8435-442a-af15-be70109b51bc
healthy,maize_healthy,healthy160_.jpg,https://data.mendeley.com/public-files/datasets/bwh3zbpkpv/files/a854696e-f035-46ed-b87f-22388e8405b2/file_downloaded,https://prod-dcd-datasets-public-files-eu-west-1.s3.eu-west-1.amazonaws.com/3a82e76e-6282-493e-8a03-27156b2391f7
healthy,maize_healthy,healthy161_.jpg,https://data.mendeley.com/public-files/datasets/bwh3zbpkpv/files/c1e9b2e6-9aba-4d3f-8993-1b1eac0aaa2c/file_downloaded,https://prod-dcd-datasets-public-files-eu-west-1.s3.eu-west-1.amazonaws.com/2f368430-d605-4521-9d23-21199ef61c3d
healthy,maize_healthy,healthy162_.jpg,https://data.mendeley.com/public-files/datasets/bwh3zbpkpv/files/d0a3f25e-7066-4e4d-926f-8c2fb0f84fc4/file_downloaded,https://prod-dcd-datasets-public-files-eu-west-1.s3.eu-west-1.amazonaws.com/95a32828-410b-45ed-ac42-0389a30259f0
healthy,maize_healthy,healthy163_.jpg,https://data.mendeley.com/public-files/datasets/bwh3zbpkpv/files/266c6b06-8442-4397-80fb-3606c53eb57c/file_downloaded,https://prod-dcd-datasets-public-files-eu-west-1.s3.eu-west-1.amazonaws.com/3ad0b6a2-1dd9-49b3-87d1-a9cb989226f5
healthy,maize_healthy,healthy164_.jpg,https://data.mendeley.com/public-files/datasets/bwh3zbpkpv/files/d1dc0be7-8fc3-4e64-acd6-74d731e1cf60/file_downloaded,https://prod-dcd-datasets-public-files-eu-west-1.s3.eu-west-1.amazonaws.com/ca9a874a-41d6-4148-9d4f-c49fef0d645e
healthy,maize_healthy,healthy165_.jpg,https://data.mendeley.com/public-files/datasets/bwh3zbpkpv/files/f94c9657-7fbf-4788-9743-e2be68cefde9/file_downloaded,https://prod-dcd-datasets-public-files-eu-west-1.s3.eu-west-1.amazonaws.com/976b5b45-ca90-451f-abdb-3f608326e945
healthy,maize_healthy,healthy166_.jpg,https://data.mendeley.com/public-files/datasets/bwh3zbpkpv/files/d98fe7fb-17fa-4722-ad22-0e9bd1ebb8fe/file_downloaded,https://prod-dcd-datasets-public-files-eu-west-1.s3.eu-west-1.amazonaws.com/685cba13-f99f-4133-8a16-15895c6938d4
healthy,maize_healthy,healthy167_.jpg,https://data.mendeley.com/public-files/datasets/bwh3zbpkpv/files/a4849b9a-2343-44a9-9b94-104b686c13f9/file_downloaded,https://prod-dcd-datasets-public-files-eu-west-1.s3.eu-west-1.amazonaws.com/5b79aa40-7e1e-418c-ade3-d981ba304945
healthy,maize_healthy,healthy168_.jpg,https://data.mendeley.com/public-files/datasets/bwh3zbpkpv/files/2e12477f-aed3-4b03-bbdd-093bdefd4b4a/file_downloaded,https://prod-dcd-datasets-public-files-eu-west-1.s3.eu-west-1.amazonaws.com/b29ea586-3f13-4bcf-8b43-b34335ca75b2
healthy,maize_healthy,healthy169_.jpg,https://data.mendeley.com/public-files/datasets/bwh3zbpkpv/files/e974b54e-095f-4c1b-bf8d-cf74bb48aa34/file_downloaded,https://prod-dcd-datasets-public-files-eu-west-1.s3.eu-west-1.amazonaws.com/c02b61ca-3080-4c4e-99f5-cb1bdfbc33ff
healthy,maize_healthy,healthy16_.jpg,https://data.mendeley.com/public-files/datasets/bwh3zbpkpv/files/a9bf9dab-a4b7-45ec-b511-667597766ad1/file_downloaded,https://prod-dcd-datasets-public-files-eu-west-1.s3.eu-west-1.amazonaws.com/a81cc9dd-d6ef-419a-9c70-b797cb5e4011
healthy,maize_healthy,healthy170_.jpg,https://data.mendeley.com/public-files/datasets/bwh3zbpkpv/files/55d02492-7943-47b7-9ec0-87317c339031/file_downloaded,https://prod-dcd-datasets-public-files-eu-west-1.s3.eu-west-1.amazonaws.com/ea006949-1d0d-47a5-8488-23d76a2474bd
healthy,maize_healthy,healthy171_.jpg,https://data.mendeley.com/public-files/datasets/bwh3zbpkpv/files/594cef64-839c-4cac-b033-85e42e333a0c/file_downloaded,https://prod-dcd-datasets-public-files-eu-west-1.s3.eu-west-1.amazonaws.com/8cc70a2c-6048-498c-b554-64feb792de50
healthy,maize_healthy,healthy172_.jpg,https://data.mendeley.com/public-files/datasets/bwh3zbpkpv/files/2734f91d-b4ee-487f-a911-275700075c14/file_downloaded,https://prod-dcd-datasets-public-files-eu-west-1.s3.eu-west-1.amazonaws.com/f3286d93-f7c9-478f-a133-7849dcc893ec
healthy,maize_healthy,healthy173_.jpg,https://data.mendeley.com/public-files/datasets/bwh3zbpkpv/files/c67f5a18-edb1-4c54-b36c-f79010615f4e/file_downloaded,https://prod-dcd-datasets-public-files-eu-west-1.s3.eu-west-1.amazonaws.com/861ffb39-adc1-4481-8a8c-e5fdd1d7bdbe
healthy,maize_healthy,healthy174_.jpg,https://data.mendeley.com/public-files/datasets/bwh3zbpkpv/files/2d33e242-0871-4e3e-aa6c-e5e94ee2ba5d/file_downloaded,https://prod-dcd-datasets-public-files-eu-west-1.s3.eu-west-1.amazonaws.com/5bad85e9-ccab-4a31-a8f6-78bc9882f2d5
healthy,maize_healthy,healthy175_.jpg,https://data.mendeley.com/public-files/datasets/bwh3zbpkpv/files/87043c48-7d9e-427f-b738-48826907e3b0/file_downloaded,https://prod-dcd-datasets-public-files-eu-west-1.s3.eu-west-1.amazonaws.com/f5c5079a-0d8a-4d38-b13e-167060a4eeda
healthy,maize_healthy,healthy176_.jpg,https://data.mendeley.com/public-files/datasets/bwh3zbpkpv/files/5a83cdb6-ce52-4893-80e8-e30098f1f7e4/file_downloaded,https://prod-dcd-datasets-public-files-eu-west-1.s3.eu-west-1.amazonaws.com/a8995d60-14fb-4d39-bcdb-427630b5b8c0
healthy,maize_healthy,healthy177_.jpg,https://data.mendeley.com/public-files/datasets/bwh3zbpkpv/files/42f75a8f-35a5-4971-8692-1a254708d5ba/file_downloaded,https://prod-dcd-datasets-public-files-eu-west-1.s3.eu-west-1.amazonaws.com/8f530098-1c29-47d4-88cf-4f75f23ba91f
healthy,maize_healthy,healthy178_.jpg,https://data.mendeley.com/public-files/datasets/bwh3zbpkpv/files/6d04ddc7-ee48-4022-8eeb-7b1af5dba50d/file_downloaded,https://prod-dcd-datasets-public-files-eu-west-1.s3.eu-west-1.amazonaws.com/f156771c-590c-4c60-b667-3f882cb4d49e
healthy,maize_healthy,healthy179_.jpg,https://data.mendeley.com/public-files/datasets/bwh3zbpkpv/files/543bf389-acee-4f0e-b093-975a928c3fea/file_downloaded,https://prod-dcd-datasets-public-files-eu-west-1.s3.eu-west-1.amazonaws.com/36da33d3-dbdb-4eff-8678-551838638c06
healthy,maize_healthy,healthy17_.jpg,https://data.mendeley.com/public-files/datasets/bwh3zbpkpv/files/422ff9f0-913c-408d-81ba-a848bd807af3/file_downloaded,https://prod-dcd-datasets-public-files-eu-west-1.s3.eu-west-1.amazonaws.com/125d9d76-c70d-4e37-8836-6981eea8f944
healthy,maize_healthy,healthy180_.jpg,https://data.mendeley.com/public-files/datasets/bwh3zbpkpv/files/f6cadd45-fb21-4e84-a060-a9ae39940071/file_downloaded,https://prod-dcd-datasets-public-files-eu-west-1.s3.eu-west-1.amazonaws.com/ec0c3de1-e3ff-4ab1-a40b-c782c5cb2634
healthy,maize_healthy,healthy181_.jpg,https://data.mendeley.com/public-files/datasets/bwh3zbpkpv/files/7fa1c359-8911-4381-bdf0-704e75b238c6/file_downloaded,https://prod-dcd-datasets-public-files-eu-west-1.s3.eu-west-1.amazonaws.com/e7c1f672-cf70-467a-9732-ac782ec07bc7
healthy,maize_healthy,healthy182_.jpg,https://data.mendeley.com/public-files/datasets/bwh3zbpkpv/files/7c967bc3-cb15-44c0-ba94-a4889edb9d60/file_downloaded,https://prod-dcd-datasets-public-files-eu-west-1.s3.eu-west-1.amazonaws.com/33a6aa44-8ac9-4b66-9691-1a4442982668
healthy,maize_healthy,healthy183_.jpg,https://data.mendeley.com/public-files/datasets/bwh3zbpkpv/files/9242228c-1896-4c93-a986-b9384cabd78f/file_downloaded,https://prod-dcd-datasets-public-files-eu-west-1.s3.eu-west-1.amazonaws.com/d94f4bc8-f20a-48e1-a2d6-7c3f6ddf48cd
healthy,maize_healthy,healthy184_.jpg,https://data.mendeley.com/public-files/datasets/bwh3zbpkpv/files/a59e19de-7e4c-4bb2-9bce-bd31261a38b4/file_downloaded,https://prod-dcd-datasets-public-files-eu-west-1.s3.eu-west-1.amazonaws.com/d96df449-3dd8-43df-813d-6dac13f7fff4
healthy,maize_healthy,healthy185_.jpg,https://data.mendeley.com/public-files/datasets/bwh3zbpkpv/files/4a457899-b010-43b4-bacb-8a589ed66f76/file_downloaded,https://prod-dcd-datasets-public-files-eu-west-1.s3.eu-west-1.amazonaws.com/f39c4f0f-d3a6-412b-9efc-0d684d409714
healthy,maize_healthy,healthy186_.jpg,https://data.mendeley.com/public-files/datasets/bwh3zbpkpv/files/87db8b19-9a56-470c-b2e0-e0a3be738543/file_downloaded,https://prod-dcd-datasets-public-files-eu-west-1.s3.eu-west-1.amazonaws.com/02e79e94-0e72-4214-bac6-51ea5d05815b
healthy,maize_healthy,healthy187_.jpg,https://data.mendeley.com/public-files/datasets/bwh3zbpkpv/files/dfd08ca7-03e1-4772-af9f-438b4738a217/file_downloaded,https://prod-dcd-datasets-public-files-eu-west-1.s3.eu-west-1.amazonaws.com/1ca33a59-9a9e-4c1a-939d-ab1657aa96e7
healthy,maize_healthy,healthy188_.jpg,https://data.mendeley.com/public-files/datasets/bwh3zbpkpv/files/2b8682f1-0e1a-4299-bb5a-c7b953627c6a/file_downloaded,https://prod-dcd-datasets-public-files-eu-west-1.s3.eu-west-1.amazonaws.com/f79a90bc-2b16-4b39-ac3b-cec1c9c9ff61
healthy,maize_healthy,healthy189_.jpg,https://data.mendeley.com/public-files/datasets/bwh3zbpkpv/files/c11a938d-f260-47b6-a90d-fb32285adfea/file_downloaded,https://prod-dcd-datasets-public-files-eu-west-1.s3.eu-west-1.amazonaws.com/7eb39106-899f-46d2-ac00-ffabce5cd28d
healthy,maize_healthy,healthy18_.jpg,https://data.mendeley.com/public-files/datasets/bwh3zbpkpv/files/8ed50c9d-f8aa-4d4f-a73c-13d544a59b8c/file_downloaded,https://prod-dcd-datasets-public-files-eu-west-1.s3.eu-west-1.amazonaws.com/a2ef7f0f-8c16-4754-80ed-c2b36f6ba515
healthy,maize_healthy,healthy190_.jpg,https://data.mendeley.com/public-files/datasets/bwh3zbpkpv/files/23e0e262-dee6-4838-bdf7-cf43c4d64f1e/file_downloaded,https://prod-dcd-datasets-public-files-eu-west-1.s3.eu-west-1.amazonaws.com/4fbece22-5cce-4f71-b840-7dc155150869
healthy,maize_healthy,healthy191_.jpg,https://data.mendeley.com/public-files/datasets/bwh3zbpkpv/files/602d4ea1-8cda-4b92-9a3f-d5770c24f26d/file_downloaded,https://prod-dcd-datasets-public-files-eu-west-1.s3.eu-west-1.amazonaws.com/10f0375e-f818-44db-a282-fbd46e83f29d
healthy,maize_healthy,healthy192_.jpg,https://data.mendeley.com/public-files/datasets/bwh3zbpkpv/files/19e707d3-8108-4b28-825f-d441b05f5719/file_downloaded,https://prod-dcd-datasets-public-files-eu-west-1.s3.eu-west-1.amazonaws.com/62266e06-6af1-40a3-89cc-78fdb0b2e70c
healthy,maize_healthy,healthy193_.jpg,https://data.mendeley.com/public-files/datasets/bwh3zbpkpv/files/0020bf7d-da6d-4653-b6a4-0bc605272ed0/file_downloaded,https://prod-dcd-datasets-public-files-eu-west-1.s3.eu-west-1.amazonaws.com/b0db0f2c-1aa2-46fd-847b-127c1f0cfa6c
healthy,maize_healthy,healthy194_.jpg,https://data.mendeley.com/public-files/datasets/bwh3zbpkpv/files/1c1d6b2a-a9e0-41bb-af16-ae68812787c6/file_downloaded,https://prod-dcd-datasets-public-files-eu-west-1.s3.eu-west-1.amazonaws.com/12dcc649-50d6-4cf0-b47d-0dc60b7eae55
healthy,maize_healthy,healthy195_.jpg,https://data.mendeley.com/public-files/datasets/bwh3zbpkpv/files/65b0ac57-b417-4257-a035-7d539c705118/file_downloaded,https://prod-dcd-datasets-public-files-eu-west-1.s3.eu-west-1.amazonaws.com/20d1e3c2-41c7-4cee-9ab4-f6c641792fd7
healthy,maize_healthy,healthy196_.jpg,https://data.mendeley.com/public-files/datasets/bwh3zbpkpv/files/a5e81e93-0d29-4b75-bf24-3f6cdbe9638e/file_downloaded,https://prod-dcd-datasets-public-files-eu-west-1.s3.eu-west-1.amazonaws.com/530bb7f0-19fb-4d8d-84c8-ab2a4274adc4
healthy,maize_healthy,healthy197_.jpg,https://data.mendeley.com/public-files/datasets/bwh3zbpkpv/files/5cd05613-dddc-4c46-b3c3-da0a54072ffd/file_downloaded,https://prod-dcd-datasets-public-files-eu-west-1.s3.eu-west-1.amazonaws.com/282e70e7-2f58-416e-bbb9-a4ded1800214
healthy,maize_healthy,healthy198_.jpg,https://data.mendeley.com/public-files/datasets/bwh3zbpkpv/files/e93331d2-a5cf-4df8-a40b-04c4f0a781be/file_downloaded,https://prod-dcd-datasets-public-files-eu-west-1.s3.eu-west-1.amazonaws.com/af3ccdd1-03bc-4f64-a861-adc7f4d3e6b5
healthy,maize_healthy,healthy199_.jpg,https://data.mendeley.com/public-files/datasets/bwh3zbpkpv/files/504ddc3c-48d3-4dc9-9c0b-7269911a18d6/file_downloaded,https://prod-dcd-datasets-public-files-eu-west-1.s3.eu-west-1.amazonaws.com/9385f737-7222-4cd2-a486-18fff20724cb
healthy,maize_healthy,healthy19_.jpg,https://data.mendeley.com/public-files/datasets/bwh3zbpkpv/files/80971dc6-f0b6-4906-917d-9d07156263f8/file_downloaded,https://prod-dcd-datasets-public-files-eu-west-1.s3.eu-west-1.amazonaws.com/50fb18c8-665f-4a4f-a190-e5c768c3fe95
healthy,maize_healthy,healthy200_.jpg,https://data.mendeley.com/public-files/datasets/bwh3zbpkpv/files/4e85e430-5e26-4fa1-bba6-65ffbfc2f81e/file_downloaded,https://prod-dcd-datasets-public-files-eu-west-1.s3.eu-west-1.amazonaws.com/06aed4a0-796d-4398-8686-22b8ceb1d953
healthy,maize_healthy,healthy201_.jpg,https://data.mendeley.com/public-files/datasets/bwh3zbpkpv/files/04db0a96-bc4f-410a-83d7-e233bd6a94ba/file_downloaded,https://prod-dcd-datasets-public-files-eu-west-1.s3.eu-west-1.amazonaws.com/7453d31d-f639-4bd5-a6c9-21c0a7bbe62c
healthy,maize_healthy,healthy202_.jpg,https://data.mendeley.com/public-files/datasets/bwh3zbpkpv/files/e1d8ec30-21d0-4380-b1f6-b951a1bc96ff/file_downloaded,https://prod-dcd-datasets-public-files-eu-west-1.s3.eu-west-1.amazonaws.com/d43599f5-22fb-4788-adb7-e2fa3c69ff3d
healthy,maize_healthy,healthy203_.jpg,https://data.mendeley.com/public-files/datasets/bwh3zbpkpv/files/a01570c7-31fa-4988-9fd2-4b6579088db8/file_downloaded,https://prod-dcd-datasets-public-files-eu-west-1.s3.eu-west-1.amazonaws.com/7a8cfcd8-c5c9-44a7-a08c-743efd22a452
healthy,maize_healthy,healthy204_.jpg,https://data.mendeley.com/public-files/datasets/bwh3zbpkpv/files/dc76a5f1-26ce-488d-a093-41954639086d/file_downloaded,https://prod-dcd-datasets-public-files-eu-west-1.s3.eu-west-1.amazonaws.com/77f99e16-3c44-4339-b1f0-5bf2ec947bdb
healthy,maize_healthy,healthy205_.jpg,https://data.mendeley.com/public-files/datasets/bwh3zbpkpv/files/ed05d245-d296-4884-b54c-c7dc37eb29dc/file_downloaded,https://prod-dcd-datasets-public-files-eu-west-1.s3.eu-west-1.amazonaws.com/6a1ba90d-7b9a-4d4f-81fc-d1c0dff9c670
healthy,maize_healthy,healthy206_.jpg,https://data.mendeley.com/public-files/datasets/bwh3zbpkpv/files/0dc7007c-a017-46d7-ae6a-3b89c63f33ac/file_downloaded,https://prod-dcd-datasets-public-files-eu-west-1.s3.eu-west-1.amazonaws.com/294e1b88-9752-4332-a74f-5531014b50c1
healthy,maize_healthy,healthy207_.jpg,https://data.mendeley.com/public-files/datasets/bwh3zbpkpv/files/872afbdf-9543-4809-9897-2310b36728fa/file_downloaded,https://prod-dcd-datasets-public-files-eu-west-1.s3.eu-west-1.amazonaws.com/798af79c-682d-40ee-a5bc-915e01d11e14
healthy,maize_healthy,healthy208_.jpg,https://data.mendeley.com/public-files/datasets/bwh3zbpkpv/files/d3e8c698-bafd-4248-8be7-b92e358f43bd/file_downloaded,https://prod-dcd-datasets-public-files-eu-west-1.s3.eu-west-1.amazonaws.com/db196175-c929-4fb2-ac84-ec44a66563f6
healthy,maize_healthy,healthy209_.jpg,https://data.mendeley.com/public-files/datasets/bwh3zbpkpv/files/304e8842-9b76-4a5b-a209-e4f3f59b156e/file_downloaded,https://prod-dcd-datasets-public-files-eu-west-1.s3.eu-west-1.amazonaws.com/497ec144-058a-4d8c-a24e-67ace8b8fa09
healthy,maize_healthy,healthy20_.jpg,https://data.mendeley.com/public-files/datasets/bwh3zbpkpv/files/5235ba33-a8ca-4c81-8801-53e1ce4ac398/file_downloaded,https://prod-dcd-datasets-public-files-eu-west-1.s3.eu-west-1.amazonaws.com/30122eeb-ce46-493f-865f-86580f6e185e
healthy,maize_healthy,healthy21_.jpg,https://data.mendeley.com/public-files/datasets/bwh3zbpkpv/files/e094fbf6-3db8-40a7-8a68-557c12c01b96/file_downloaded,https://prod-dcd-datasets-public-files-eu-west-1.s3.eu-west-1.amazonaws.com/0108db55-ee91-4ea7-b8bd-552dc69d1b73
healthy,maize_healthy,healthy22_.jpg,https://data.mendeley.com/public-files/datasets/bwh3zbpkpv/files/6c0fc646-9712-49da-b2af-923b61ad845b/file_downloaded,https://prod-dcd-datasets-public-files-eu-west-1.s3.eu-west-1.amazonaws.com/bb28b9d8-8412-45f7-b8cd-315dccf71a3e
healthy,maize_healthy,healthy23_.jpg,https://data.mendeley.com/public-files/datasets/bwh3zbpkpv/files/b72e6365-f704-412e-9b9b-349c541fcc0d/file_downloaded,https://prod-dcd-datasets-public-files-eu-west-1.s3.eu-west-1.amazonaws.com/40934a8b-220c-4112-becb-20954729f154
healthy,maize_healthy,healthy24_.jpg,https://data.mendeley.com/public-files/datasets/bwh3zbpkpv/files/4094cf2c-ae5a-485c-97ac-891a3597f777/file_downloaded,https://prod-dcd-datasets-public-files-eu-west-1.s3.eu-west-1.amazonaws.com/3bf684d5-b75f-48cb-8820-718b5a29ff51
healthy,maize_healthy,healthy25_.jpg,https://data.mendeley.com/public-files/datasets/bwh3zbpkpv/files/e3c5cd96-96f6-410c-aa5d-7ecf7718175c/file_downloaded,https://prod-dcd-datasets-public-files-eu-west-1.s3.eu-west-1.amazonaws.com/e5e0be04-c5a8-42dc-80c8-c2a89e8c60c9
healthy,maize_healthy,healthy26_.jpg,https://data.mendeley.com/public-files/datasets/bwh3zbpkpv/files/a4e13a47-5378-4f20-ae14-fef12ceca20e/file_downloaded,https://prod-dcd-datasets-public-files-eu-west-1.s3.eu-west-1.amazonaws.com/81c04f55-d699-4b91-834d-b0dc5c3eb1cf
healthy,maize_healthy,healthy27_.jpg,https://data.mendeley.com/public-files/datasets/bwh3zbpkpv/files/d2ddb19e-a96a-4489-ae15-e6e26f0f7a50/file_downloaded,https://prod-dcd-datasets-public-files-eu-west-1.s3.eu-west-1.amazonaws.com/ba5360da-c1a8-482c-a14f-e154e97df8de
healthy,maize_healthy,healthy28_.jpg,https://data.mendeley.com/public-files/datasets/bwh3zbpkpv/files/ace2a942-ad66-43c3-9182-adea7664c08f/file_downloaded,https://prod-dcd-datasets-public-files-eu-west-1.s3.eu-west-1.amazonaws.com/e7ebc711-9297-47fd-afcd-189ea3401cca
healthy,maize_healthy,healthy29_.jpg,https://data.mendeley.com/public-files/datasets/bwh3zbpkpv/files/0551e94f-49a8-4b61-a570-745d6f317d93/file_downloaded,https://prod-dcd-datasets-public-files-eu-west-1.s3.eu-west-1.amazonaws.com/96647e7e-40c2-462e-92bf-ca654c9d2544
healthy,maize_healthy,healthy2_.jpg,https://data.mendeley.com/public-files/datasets/bwh3zbpkpv/files/13cc4139-c5c3-4500-a133-b808338dea0a/file_downloaded,https://prod-dcd-datasets-public-files-eu-west-1.s3.eu-west-1.amazonaws.com/83ae32e5-ad2d-47cc-a02f-a8c43a34094d
healthy,maize_healthy,healthy30_.jpg,https://data.mendeley.com/public-files/datasets/bwh3zbpkpv/files/37e4a5ed-df88-4eb5-8b99-e21509b821e2/file_downloaded,https://prod-dcd-datasets-public-files-eu-west-1.s3.eu-west-1.amazonaws.com/12db056c-ce1d-44e7-ad19-884d3c1fcecd
healthy,maize_healthy,healthy31_.jpg,https://data.mendeley.com/public-files/datasets/bwh3zbpkpv/files/80c39d73-ad41-4f3d-97ad-f85adddf24a3/file_downloaded,https://prod-dcd-datasets-public-files-eu-west-1.s3.eu-west-1.amazonaws.com/65e4e611-5a1f-42e6-a7fe-0ebc4a53d666
healthy,maize_healthy,healthy32_.jpg,https://data.mendeley.com/public-files/datasets/bwh3zbpkpv/files/6cf4f8fb-7e50-424b-835d-a860217f695f/file_downloaded,https://prod-dcd-datasets-public-files-eu-west-1.s3.eu-west-1.amazonaws.com/5bae974d-5929-414c-961b-9aaca434293c
healthy,maize_healthy,healthy33_.jpg,https://data.mendeley.com/public-files/datasets/bwh3zbpkpv/files/0877cbbf-09d1-439b-8d7e-db2c0b0cd8c2/file_downloaded,https://prod-dcd-datasets-public-files-eu-west-1.s3.eu-west-1.amazonaws.com/84e330bc-4140-4fd5-b61c-66506d07242c
healthy,maize_healthy,healthy34_.jpg,https://data.mendeley.com/public-files/datasets/bwh3zbpkpv/files/0a5ccdd5-5f7a-4d60-8319-2adb943732ad/file_downloaded,https://prod-dcd-datasets-public-files-eu-west-1.s3.eu-west-1.amazonaws.com/e562233c-d041-4395-b93b-cfd2a813e2a9
healthy,maize_healthy,healthy35_.jpg,https://data.mendeley.com/public-files/datasets/bwh3zbpkpv/files/c1642cb5-5baf-47af-9dde-fd04c6e1cd5f/file_downloaded,https://prod-dcd-datasets-public-files-eu-west-1.s3.eu-west-1.amazonaws.com/19c2e5bd-572b-49fa-913e-a0f3fd8e9f43
healthy,maize_healthy,healthy36_.jpg,https://data.mendeley.com/public-files/datasets/bwh3zbpkpv/files/e036e4c1-d8f5-4eaf-b354-7cddae2a4cf2/file_downloaded,https://prod-dcd-datasets-public-files-eu-west-1.s3.eu-west-1.amazonaws.com/66b2397f-5fb8-4b4e-b0c1-0da4a191a1a0
healthy,maize_healthy,healthy37_.jpg,https://data.mendeley.com/public-files/datasets/bwh3zbpkpv/files/2a142c37-2e13-4265-bcda-c61962593748/file_downloaded,https://prod-dcd-datasets-public-files-eu-west-1.s3.eu-west-1.amazonaws.com/5dd19ec9-24f3-4e31-a524-685ef6f93356
healthy,maize_healthy,healthy38_.jpg,https://data.mendeley.com/public-files/datasets/bwh3zbpkpv/files/fe36b608-aa95-413b-8769-738ca668083d/file_downloaded,https://prod-dcd-datasets-public-files-eu-west-1.s3.eu-west-1.amazonaws.com/5e5b32d2-fe10-437d-89ae-fc63aed89547
healthy,maize_healthy,healthy39_.jpg,https://data.mendeley.com/public-files/datasets/bwh3zbpkpv/files/8e54c8c5-0221-4595-b422-6924ffc42d15/file_downloaded,https://prod-dcd-datasets-public-files-eu-west-1.s3.eu-west-1.amazonaws.com/45f1cdf2-854b-4867-bcc6-69563ac0693a
healthy,maize_healthy,healthy3_.jpg,https://data.mendeley.com/public-files/datasets/bwh3zbpkpv/files/95bed6e2-ba7a-4c9f-a455-f299764bae41/file_downloaded,https://prod-dcd-datasets-public-files-eu-west-1.s3.eu-west-1.amazonaws.com/fe444d01-ab86-4d24-bb71-2e22249637d8
healthy,maize_healthy,healthy40_.jpg,https://data.mendeley.com/public-files/datasets/bwh3zbpkpv/files/0b1b28fd-babb-4a4b-9f8d-26130b3fb458/file_downloaded,https://prod-dcd-datasets-public-files-eu-west-1.s3.eu-west-1.amazonaws.com/9b682545-5062-41f7-8e6d-4b3105a1b4ff
healthy,maize_healthy,healthy41_.jpg,https://data.mendeley.com/public-files/datasets/bwh3zbpkpv/files/559a3cd3-a1b9-4f10-b63e-52bbb27d8f96/file_downloaded,https://prod-dcd-datasets-public-files-eu-west-1.s3.eu-west-1.amazonaws.com/8d024745-acb3-4296-b80d-76f9528d14b1
healthy,maize_healthy,healthy42_.jpg,https://data.mendeley.com/public-files/datasets/bwh3zbpkpv/files/7a4abef3-db38-4e58-acbd-6955f84450af/file_downloaded,https://prod-dcd-datasets-public-files-eu-west-1.s3.eu-west-1.amazonaws.com/f95ef83a-8d99-4fb1-b2eb-0f51ce49a02c
healthy,maize_healthy,healthy43_.jpg,https://data.mendeley.com/public-files/datasets/bwh3zbpkpv/files/69b06962-e9b0-4209-b4f1-4ec12bf45b26/file_downloaded,https://prod-dcd-datasets-public-files-eu-west-1.s3.eu-west-1.amazonaws.com/9e8ab898-f832-41d1-8962-62b2a9c7c6da
healthy,maize_healthy,healthy44_.jpg,https://data.mendeley.com/public-files/datasets/bwh3zbpkpv/files/cfa2c0f0-c33f-4d39-a903-e6b34aecfbb4/file_downloaded,https://prod-dcd-datasets-public-files-eu-west-1.s3.eu-west-1.amazonaws.com/763bf4db-8787-4e94-916e-536c1960c11f
healthy,maize_healthy,healthy45_.jpg,https://data.mendeley.com/public-files/datasets/bwh3zbpkpv/files/05910ea1-b6f8-4609-af0e-0dfec3dfb1d2/file_downloaded,https://prod-dcd-datasets-public-files-eu-west-1.s3.eu-west-1.amazonaws.com/733d6b9d-aa6f-4011-bcf2-98cda4f3cd2d
healthy,maize_healthy,healthy46_.jpg,https://data.mendeley.com/public-files/datasets/bwh3zbpkpv/files/858edcad-9bad-4573-8bbf-d1174d17c448/file_downloaded,https://prod-dcd-datasets-public-files-eu-west-1.s3.eu-west-1.amazonaws.com/6686909b-d2d0-43a2-b268-629247186706
healthy,maize_healthy,healthy47_.jpg,https://data.mendeley.com/public-files/datasets/bwh3zbpkpv/files/e7080f79-1e84-4a68-b338-05b72f4d8d9e/file_downloaded,https://prod-dcd-datasets-public-files-eu-west-1.s3.eu-west-1.amazonaws.com/e9a8ae4f-5791-42d0-94cb-3d8087608667
healthy,maize_healthy,healthy48_.jpg,https://data.mendeley.com/public-files/datasets/bwh3zbpkpv/files/9672695e-7dcf-4dab-8a66-ffcc31ceb163/file_downloaded,https://prod-dcd-datasets-public-files-eu-west-1.s3.eu-west-1.amazonaws.com/c446e1be-c4fa-465c-b6f0-0d5edaaca740
healthy,maize_healthy,healthy49_.jpg,https://data.mendeley.com/public-files/datasets/bwh3zbpkpv/files/a1987a52-3d3c-4c0e-9391-b862acdbb837/file_downloaded,https://prod-dcd-datasets-public-files-eu-west-1.s3.eu-west-1.amazonaws.com/40e1b417-1e8a-497e-baf7-6c5dd2784ffd
healthy,maize_healthy,healthy4_.jpg,https://data.mendeley.com/public-files/datasets/bwh3zbpkpv/files/e6b9a7ab-8adc-4951-9081-76147c167feb/file_downloaded,https://prod-dcd-datasets-public-files-eu-west-1.s3.eu-west-1.amazonaws.com/cc5d1c41-f168-4728-aed2-9d9f8c84e4c9
healthy,maize_healthy,healthy50_.jpg,https://data.mendeley.com/public-files/datasets/bwh3zbpkpv/files/c1af923f-028a-4633-af3b-9b8227c0d17d/file_downloaded,https://prod-dcd-datasets-public-files-eu-west-1.s3.eu-west-1.amazonaws.com/91e79531-a37f-4875-9caf-95bc64304f8d
healthy,maize_healthy,healthy51_.jpg,https://data.mendeley.com/public-files/datasets/bwh3zbpkpv/files/266054a0-c489-4043-bab3-ff1c7e3d33e2/file_downloaded,https://prod-dcd-datasets-public-files-eu-west-1.s3.eu-west-1.amazonaws.com/33d28fa5-0570-4a0e-a31d-63f0141dd671
healthy,maize_healthy,healthy52_.jpg,https://data.mendeley.com/public-files/datasets/bwh3zbpkpv/files/7b4e4cbc-5bc3-411f-ae22-f573d3d53c10/file_downloaded,https://prod-dcd-datasets-public-files-eu-west-1.s3.eu-west-1.amazonaws.com/0968b1ad-f5ff-41a8-8d34-02f06e582ce7
healthy,maize_healthy,healthy53_.jpg,https://data.mendeley.com/public-files/datasets/bwh3zbpkpv/files/fd5aece1-c142-4ef1-8b85-ca4bfc03faaa/file_downloaded,https://prod-dcd-datasets-public-files-eu-west-1.s3.eu-west-1.amazonaws.com/56efcedf-d422-4031-b5e6-3f195745e6a9
healthy,maize_healthy,healthy54_.jpg,https://data.mendeley.com/public-files/datasets/bwh3zbpkpv/files/c276868b-b89c-4c51-9707-68dd35f6286d/file_downloaded,https://prod-dcd-datasets-public-files-eu-west-1.s3.eu-west-1.amazonaws.com/26751e57-50c2-4abb-9338-479b08c77a79
healthy,maize_healthy,healthy55_.jpg,https://data.mendeley.com/public-files/datasets/bwh3zbpkpv/files/9e988f67-92a7-4681-9263-17adb8280e53/file_downloaded,https://prod-dcd-datasets-public-files-eu-west-1.s3.eu-west-1.amazonaws.com/a917b481-389c-462d-910d-fc5305db2111
healthy,maize_healthy,healthy56_.jpg,https://data.mendeley.com/public-files/datasets/bwh3zbpkpv/files/33458afa-eed6-4f04-bd82-d60b72a0f6b7/file_downloaded,https://prod-dcd-datasets-public-files-eu-west-1.s3.eu-west-1.amazonaws.com/c25b2dbe-b278-4114-9e7f-0f046f66a98a
healthy,maize_healthy,healthy57_.jpg,https://data.mendeley.com/public-files/datasets/bwh3zbpkpv/files/1cc3f99b-178e-4415-9b75-19e781ab8097/file_downloaded,https://prod-dcd-datasets-public-files-eu-west-1.s3.eu-west-1.amazonaws.com/c08fa717-2b58-49b1-ad95-a20e23103473
healthy,maize_healthy,healthy58_.jpg,https://data.mendeley.com/public-files/datasets/bwh3zbpkpv/files/563b0844-13b3-45cd-9c6c-78a0d1c4f658/file_downloaded,https://prod-dcd-datasets-public-files-eu-west-1.s3.eu-west-1.amazonaws.com/27fd57cf-e9cc-4264-82a1-1eab3ccecae2
healthy,maize_healthy,healthy59_.jpg,https://data.mendeley.com/public-files/datasets/bwh3zbpkpv/files/a57361f4-1403-4e77-a06b-9825934ae7f3/file_downloaded,https://prod-dcd-datasets-public-files-eu-west-1.s3.eu-west-1.amazonaws.com/fb6c879f-b045-4751-821a-81b956f21049
healthy,maize_healthy,healthy5_.jpg,https://data.mendeley.com/public-files/datasets/bwh3zbpkpv/files/2ba4c599-d6a6-496a-9346-a9c59e2bd1ee/file_downloaded,https://prod-dcd-datasets-public-files-eu-west-1.s3.eu-west-1.amazonaws.com/98b5a101-401d-44d2-8cd1-0f6599db956b
healthy,maize_healthy,healthy60_.jpg,https://data.mendeley.com/public-files/datasets/bwh3zbpkpv/files/92e5952e-5fca-40d2-9571-2c9dfdd9f5d3/file_downloaded,https://prod-dcd-datasets-public-files-eu-west-1.s3.eu-west-1.amazonaws.com/18e0d94b-3d26-4790-bddd-57ecc7879dbd
healthy,maize_healthy,healthy61_.jpg,https://data.mendeley.com/public-files/datasets/bwh3zbpkpv/files/0bf6ecbf-dd4f-45b8-bf92-81d87506c8b6/file_downloaded,https://prod-dcd-datasets-public-files-eu-west-1.s3.eu-west-1.amazonaws.com/62bc140a-97ad-41f1-b98c-84716dfff13b
healthy,maize_healthy,healthy62_.jpg,https://data.mendeley.com/public-files/datasets/bwh3zbpkpv/files/6772f687-46c7-40b9-a1b0-6fd73497e66b/file_downloaded,https://prod-dcd-datasets-public-files-eu-west-1.s3.eu-west-1.amazonaws.com/49781d88-fb24-4bd9-9bac-b8ea9455fe55
healthy,maize_healthy,healthy63_.jpg,https://data.mendeley.com/public-files/datasets/bwh3zbpkpv/files/594fccd4-1d47-4f75-95a7-137b084e16fb/file_downloaded,https://prod-dcd-datasets-public-files-eu-west-1.s3.eu-west-1.amazonaws.com/26a264bd-6f23-4bec-858e-e650c9901a02
healthy,maize_healthy,healthy64_.jpg,https://data.mendeley.com/public-files/datasets/bwh3zbpkpv/files/e604e93f-d381-45c1-8fd7-d271a4451581/file_downloaded,https://prod-dcd-datasets-public-files-eu-west-1.s3.eu-west-1.amazonaws.com/86c82fa3-8305-4138-ae2b-946746bb0ff1
healthy,maize_healthy,healthy65_.jpg,https://data.mendeley.com/public-files/datasets/bwh3zbpkpv/files/010bcab8-ed66-4d33-a2ed-147e7602e810/file_downloaded,https://prod-dcd-datasets-public-files-eu-west-1.s3.eu-west-1.amazonaws.com/010accf4-a2e8-4ede-b3ad-314e90b0cf8d
healthy,maize_healthy,healthy66_.jpg,https://data.mendeley.com/public-files/datasets/bwh3zbpkpv/files/9dafe002-fdd9-4b63-95b5-e4012066c86d/file_downloaded,https://prod-dcd-datasets-public-files-eu-west-1.s3.eu-west-1.amazonaws.com/a9b32500-4bbc-4ed0-b31c-3b413f6cfd13
healthy,maize_healthy,healthy67_.jpg,https://data.mendeley.com/public-files/datasets/bwh3zbpkpv/files/7f427b90-307d-4ab6-8ba6-aa5531ae82b9/file_downloaded,https://prod-dcd-datasets-public-files-eu-west-1.s3.eu-west-1.amazonaws.com/c9a9aeba-9ec8-44b7-98b2-be0e6983921f
healthy,maize_healthy,healthy68_.jpg,https://data.mendeley.com/public-files/datasets/bwh3zbpkpv/files/29e936e3-7ea0-4481-8e76-05cadc3305ea/file_downloaded,https://prod-dcd-datasets-public-files-eu-west-1.s3.eu-west-1.amazonaws.com/c8610063-3228-4cec-84fc-fd5de697bd2e
healthy,maize_healthy,healthy69_.jpg,https://data.mendeley.com/public-files/datasets/bwh3zbpkpv/files/0a464660-9859-40d0-b1d6-491811c9c0ef/file_downloaded,https://prod-dcd-datasets-public-files-eu-west-1.s3.eu-west-1.amazonaws.com/678b2437-fec0-477a-ab29-f3be44c126f4
healthy,maize_healthy,healthy6_.jpg,https://data.mendeley.com/public-files/datasets/bwh3zbpkpv/files/c157dec3-3f7d-46c3-8440-fad828838bec/file_downloaded,https://prod-dcd-datasets-public-files-eu-west-1.s3.eu-west-1.amazonaws.com/e553ae67-3018-4ca4-aaaf-0f2671f0c16f
healthy,maize_healthy,healthy70_.jpg,https://data.mendeley.com/public-files/datasets/bwh3zbpkpv/files/52d612cc-ccba-4890-bac4-8d71da5b46bb/file_downloaded,https://prod-dcd-datasets-public-files-eu-west-1.s3.eu-west-1.amazonaws.com/7f06daca-5aa8-46a5-ba8a-cf53eb16ad15
healthy,maize_healthy,healthy71_.jpg,https://data.mendeley.com/public-files/datasets/bwh3zbpkpv/files/a1bebbb8-b20e-4567-b04b-2c5efe244742/file_downloaded,https://prod-dcd-datasets-public-files-eu-west-1.s3.eu-west-1.amazonaws.com/745ee4b1-7178-46b9-8a47-f8f63d823d4e
healthy,maize_healthy,healthy72_.jpg,https://data.mendeley.com/public-files/datasets/bwh3zbpkpv/files/49093950-6af6-447e-966a-a8330fb2d302/file_downloaded,https://prod-dcd-datasets-public-files-eu-west-1.s3.eu-west-1.amazonaws.com/b95f118b-74bc-40a4-952c-0a7b8210bb7d
healthy,maize_healthy,healthy73_.jpg,https://data.mendeley.com/public-files/datasets/bwh3zbpkpv/files/9fa2d289-268c-4406-aa94-2cf21c9f254f/file_downloaded,https://prod-dcd-datasets-public-files-eu-west-1.s3.eu-west-1.amazonaws.com/a16bb963-d90a-43a0-bda3-1133c94a8760
healthy,maize_healthy,healthy74_.jpg,https://data.mendeley.com/public-files/datasets/bwh3zbpkpv/files/e1db89cb-4dab-48c8-b674-7785b230876b/file_downloaded,https://prod-dcd-datasets-public-files-eu-west-1.s3.eu-west-1.amazonaws.com/11d06e95-9b4a-42d7-b493-95ef74436d98
healthy,maize_healthy,healthy75_.jpg,https://data.mendeley.com/public-files/datasets/bwh3zbpkpv/files/a86c8b10-2af0-4db6-8894-79e08391a975/file_downloaded,https://prod-dcd-datasets-public-files-eu-west-1.s3.eu-west-1.amazonaws.com/08fef582-0ecc-4618-943a-a1c952bacd01
healthy,maize_healthy,healthy76_.jpg,https://data.mendeley.com/public-files/datasets/bwh3zbpkpv/files/1b0867ce-dc5e-490b-beb5-9f5848723333/file_downloaded,https://prod-dcd-datasets-public-files-eu-west-1.s3.eu-west-1.amazonaws.com/6986573d-4dfe-402d-a28f-3aa2b94bbda9
healthy,maize_healthy,healthy77_.jpg,https://data.mendeley.com/public-files/datasets/bwh3zbpkpv/files/bd955d1a-a2d4-40ef-8871-34ff861b6dfd/file_downloaded,https://prod-dcd-datasets-public-files-eu-west-1.s3.eu-west-1.amazonaws.com/83dea64e-ce12-4c7e-a1bc-a305390f4959
healthy,maize_healthy,healthy78_.jpg,https://data.mendeley.com/public-files/datasets/bwh3zbpkpv/files/60d11d37-95f2-42be-b097-f7b462184706/file_downloaded,https://prod-dcd-datasets-public-files-eu-west-1.s3.eu-west-1.amazonaws.com/b2ff7678-53a9-41e7-b943-9299db407eb0
healthy,maize_healthy,healthy79_.jpg,https://data.mendeley.com/public-files/datasets/bwh3zbpkpv/files/2dc1620d-b68c-4dc9-b48d-de572b9094f5/file_downloaded,https://prod-dcd-datasets-public-files-eu-west-1.s3.eu-west-1.amazonaws.com/434951d7-1cd5-4ca8-928d-894d24496804
healthy,maize_healthy,healthy7_.jpg,https://data.mendeley.com/public-files/datasets/bwh3zbpkpv/files/0011238c-6162-4007-b426-900ab906c3f3/file_downloaded,https://prod-dcd-datasets-public-files-eu-west-1.s3.eu-west-1.amazonaws.com/38e61fae-5238-409e-be4f-d0943ed7c8ab
healthy,maize_healthy,healthy80_.jpg,https://data.mendeley.com/public-files/datasets/bwh3zbpkpv/files/d4c5fc44-0909-451b-81ea-e1b178832606/file_downloaded,https://prod-dcd-datasets-public-files-eu-west-1.s3.eu-west-1.amazonaws.com/506e6cb3-287d-4836-8565-7cd80d320404
healthy,maize_healthy,healthy81_.jpg,https://data.mendeley.com/public-files/datasets/bwh3zbpkpv/files/d3b716f5-043a-46a7-9d6c-bcb1b0a26ef1/file_downloaded,https://prod-dcd-datasets-public-files-eu-west-1.s3.eu-west-1.amazonaws.com/1e78d305-0ddb-4e60-ab94-846f34d0208e
healthy,maize_healthy,healthy82_.jpg,https://data.mendeley.com/public-files/datasets/bwh3zbpkpv/files/dfab0835-7b51-4cf6-a675-703ad04b0cc8/file_downloaded,https://prod-dcd-datasets-public-files-eu-west-1.s3.eu-west-1.amazonaws.com/dc0dac62-089b-4bfd-a292-d39424fccf3f
healthy,maize_healthy,healthy83_.jpg,https://data.mendeley.com/public-files/datasets/bwh3zbpkpv/files/95ff956c-4309-48d4-aa12-8673acf5bb3a/file_downloaded,https://prod-dcd-datasets-public-files-eu-west-1.s3.eu-west-1.amazonaws.com/dc6b6765-fbb2-42e2-9ec5-a4dbfe1d2e2d
healthy,maize_healthy,healthy84_.jpg,https://data.mendeley.com/public-files/datasets/bwh3zbpkpv/files/0800d686-66a5-4e6b-bbcc-c81d79f7aec8/file_downloaded,https://prod-dcd-datasets-public-files-eu-west-1.s3.eu-west-1.amazonaws.com/fb9902f2-6cd8-4c80-9ebb-b6918f2f7e95
healthy,maize_healthy,healthy85_.jpg,https://data.mendeley.com/public-files/datasets/bwh3zbpkpv/files/1003e39d-ec9c-4cf1-b58b-36660d121f50/file_downloaded,https://prod-dcd-datasets-public-files-eu-west-1.s3.eu-west-1.amazonaws.com/6f6c9b46-17e3-42d8-aad7-9a764a320228
healthy,maize_healthy,healthy86_.jpg,https://data.mendeley.com/public-files/datasets/bwh3zbpkpv/files/857c30d0-7f0a-4ea2-8d7e-bdf4901fe8d3/file_downloaded,https://prod-dcd-datasets-public-files-eu-west-1.s3.eu-west-1.amazonaws.com/fd2bc14f-393a-4214-a417-37d16b29d408
healthy,maize_healthy,healthy87_.jpg,https://data.mendeley.com/public-files/datasets/bwh3zbpkpv/files/12176798-26a1-4e02-9dfa-5718a2dd0133/file_downloaded,https://prod-dcd-datasets-public-files-eu-west-1.s3.eu-west-1.amazonaws.com/89f4eeb3-2732-409b-8a6d-541a68720cf7
healthy,maize_healthy,healthy88_.jpg,https://data.mendeley.com/public-files/datasets/bwh3zbpkpv/files/64e88e79-1716-4cd9-be95-a309be413b70/file_downloaded,https://prod-dcd-datasets-public-files-eu-west-1.s3.eu-west-1.amazonaws.com/8b07d1a9-f271-4a7c-b763-5ad07869eab9
healthy,maize_healthy,healthy89_.jpg,https://data.mendeley.com/public-files/datasets/bwh3zbpkpv/files/79439694-6992-4ba8-bc45-9761a5c6a7b9/file_downloaded,https://prod-dcd-datasets-public-files-eu-west-1.s3.eu-west-1.amazonaws.com/138fc08d-cc74-4151-8219-ed63ec338730
healthy,maize_healthy,healthy8_.jpg,https://data.mendeley.com/public-files/datasets/bwh3zbpkpv/files/d7b4a011-99d5-4f4a-b34a-f94645c616ac/file_downloaded,https://prod-dcd-datasets-public-files-eu-west-1.s3.eu-west-1.amazonaws.com/8af700e7-e762-4504-a159-5d141097861d
healthy,maize_healthy,healthy90_.jpg,https://data.mendeley.com/public-files/datasets/bwh3zbpkpv/files/b71d94ce-e2b4-4f91-9b71-b337d6bffb9c/file_downloaded,https://prod-dcd-datasets-public-files-eu-west-1.s3.eu-west-1.amazonaws.com/3f501d64-72cd-452f-95d6-ace068b54e28
healthy,maize_healthy,healthy91_.jpg,https://data.mendeley.com/public-files/datasets/bwh3zbpkpv/files/6474e3e5-4d01-4895-b4df-a3d745fc4329/file_downloaded,https://prod-dcd-datasets-public-files-eu-west-1.s3.eu-west-1.amazonaws.com/d5f11f71-6927-465e-9ba6-64cb9866b5d0
healthy,maize_healthy,healthy92_.jpg,https://data.mendeley.com/public-files/datasets/bwh3zbpkpv/files/1f085e51-5961-4f7b-9963-9f2cda5d7ea1/file_downloaded,https://prod-dcd-datasets-public-files-eu-west-1.s3.eu-west-1.amazonaws.com/35663f64-8b70-4532-a8ff-094fbbabd7db
healthy,maize_healthy,healthy93_.jpg,https://data.mendeley.com/public-files/datasets/bwh3zbpkpv/files/c573d7c2-d78a-4524-9c67-10c1972ba178/file_downloaded,https://prod-dcd-datasets-public-files-eu-west-1.s3.eu-west-1.amazonaws.com/97c00800-c1e6-4506-b6ae-dcba55b0cfec
healthy,maize_healthy,healthy94_.jpg,https://data.mendeley.com/public-files/datasets/bwh3zbpkpv/files/64696a9e-5b4a-48b0-a8c3-e2404c01eb69/file_downloaded,https://prod-dcd-datasets-public-files-eu-west-1.s3.eu-west-1.amazonaws.com/598c5861-efc2-45b5-aa9b-ce178400a44e
healthy,maize_healthy,healthy95_.jpg,https://data.mendeley.com/public-files/datasets/bwh3zbpkpv/files/c46208c2-d81d-42ac-a9ab-7e8222a2e0b2/file_downloaded,https://prod-dcd-datasets-public-files-eu-west-1.s3.eu-west-1.amazonaws.com/8d097f81-cfa0-4ec9-8f94-96bc5d410203
healthy,maize_healthy,healthy96_.jpg,https://data.mendeley.com/public-files/datasets/bwh3zbpkpv/files/33b4cf67-8cab-4c94-8580-4a8d7e2544f7/file_downloaded,https://prod-dcd-datasets-public-files-eu-west-1.s3.eu-west-1.amazonaws.com/449d70bc-4020-4419-8c83-dbbe062d07c7
healthy,maize_healthy,healthy97_.jpg,https://data.mendeley.com/public-files/datasets/bwh3zbpkpv/files/d9ca74ed-e86b-43a9-a17c-16f3c3a1c366/file_downloaded,https://prod-dcd-datasets-public-files-eu-west-1.s3.eu-west-1.amazonaws.com/55a0966c-c8f5-43e8-bf93-4e64b23edbcf
healthy,maize_healthy,healthy98_.jpg,https://data.mendeley.com/public-files/datasets/bwh3zbpkpv/files/99cb43d6-8650-4347-92c0-0169feb8bfe7/file_downloaded,https://prod-dcd-datasets-public-files-eu-west-1.s3.eu-west-1.amazonaws.com/5e2e9323-f77f-48d5-9dfe-dae65b5c7b35
healthy,maize_healthy,healthy99_.jpg,https://data.mendeley.com/public-files/datasets/bwh3zbpkpv/files/01628f3b-c536-4b11-85fe-5578d3010c95/file_downloaded,https://prod-dcd-datasets-public-files-eu-west-1.s3.eu-west-1.amazonaws.com/a51dca61-defc-4351-92c4-1b783ddfb003
healthy,maize_healthy,healthy9_.jpg,https://data.mendeley.com/public-files/datasets/bwh3zbpkpv/files/d0fb92b6-796a-4fd2-a55e-4c117780ce49/file_downloaded,https://prod-dcd-datasets-public-files-eu-west-1.s3.eu-west-1.amazonaws.com/666a759e-a04c-4980-b05a-06e21ada0b63
leaf blight,maize_leaf_blight,leaf blight1000_.jpg,https://data.mendeley.com/public-files/datasets/bwh3zbpkpv/files/f20e1961-13f3-4ede-9268-896334306317/file_downloaded,https://prod-dcd-datasets-public-files-eu-west-1.s3.eu-west-1.amazonaws.com/e7934799-35cb-4f7b-ad3e-68c6551f7c8e
leaf blight,maize_leaf_blight,leaf blight1001_.jpg,https://data.mendeley.com/public-files/datasets/bwh3zbpkpv/files/553a93d4-e950-4f31-b37f-15ce452900f7/file_downloaded,https://prod-dcd-datasets-public-files-eu-west-1.s3.eu-west-1.amazonaws.com/8e19391d-2d32-41fa-93ce-3325ef0de750
leaf blight,maize_leaf_blight,leaf blight1002_.jpg,https://data.mendeley.com/public-files/datasets/bwh3zbpkpv/files/1153315f-7704-414b-96e4-410ea4caf3e0/file_downloaded,https://prod-dcd-datasets-public-files-eu-west-1.s3.eu-west-1.amazonaws.com/99613709-ba95-4875-ae2e-c8b4a4b96f82
leaf blight,maize_leaf_blight,leaf blight1003_.jpg,https://data.mendeley.com/public-files/datasets/bwh3zbpkpv/files/503b161c-87ad-4d9b-a2b7-26917331a8e1/file_downloaded,https://prod-dcd-datasets-public-files-eu-west-1.s3.eu-west-1.amazonaws.com/2ba0008b-3b3e-487b-85a7-04afce9d57e4
leaf blight,maize_leaf_blight,leaf blight1004_.jpg,https://data.mendeley.com/public-files/datasets/bwh3zbpkpv/files/f5a51bea-6aea-4711-b6d9-ab2e9c172513/file_downloaded,https://prod-dcd-datasets-public-files-eu-west-1.s3.eu-west-1.amazonaws.com/2235e890-a038-4034-8656-a5a2b0862cb0
leaf blight,maize_leaf_blight,leaf blight1005_.jpg,https://data.mendeley.com/public-files/datasets/bwh3zbpkpv/files/10b553c6-68f1-4535-bf5c-ec4558ca323c/file_downloaded,https://prod-dcd-datasets-public-files-eu-west-1.s3.eu-west-1.amazonaws.com/f66e8311-0c13-4067-a368-1028a16d0d31
leaf blight,maize_leaf_blight,leaf blight1006_.jpg,https://data.mendeley.com/public-files/datasets/bwh3zbpkpv/files/274bf559-0a51-456f-b6dc-35302cc0d47e/file_downloaded,https://prod-dcd-datasets-public-files-eu-west-1.s3.eu-west-1.amazonaws.com/3feb76f0-6e82-465e-8b74-ebe3da2b2dfa
leaf blight,maize_leaf_blight,leaf blight1007_.jpg,https://data.mendeley.com/public-files/datasets/bwh3zbpkpv/files/4284f413-6348-4645-9581-3c23e036e04f/file_downloaded,https://prod-dcd-datasets-public-files-eu-west-1.s3.eu-west-1.amazonaws.com/49640233-0278-4d9a-a4a6-2ec9280780af
leaf blight,maize_leaf_blight,leaf blight1008_.jpg,https://data.mendeley.com/public-files/datasets/bwh3zbpkpv/files/0192d8df-05b4-4967-a826-01df6fd27436/file_downloaded,https://prod-dcd-datasets-public-files-eu-west-1.s3.eu-west-1.amazonaws.com/b3de1221-486d-4920-854c-9cb6c70b426b
leaf blight,maize_leaf_blight,leaf blight1009_.jpg,https://data.mendeley.com/public-files/datasets/bwh3zbpkpv/files/008855d6-a89d-4a0e-9561-dc658c89feb8/file_downloaded,https://prod-dcd-datasets-public-files-eu-west-1.s3.eu-west-1.amazonaws.com/714bab0b-4bc5-4d97-abc5-34cf65c90513
leaf blight,maize_leaf_blight,leaf blight100_.jpg,https://data.mendeley.com/public-files/datasets/bwh3zbpkpv/files/5f595ea6-5f97-4cf4-b67d-a40b24dd4e2b/file_downloaded,https://prod-dcd-datasets-public-files-eu-west-1.s3.eu-west-1.amazonaws.com/45307649-8069-4f60-baad-2cace42ea3bf
leaf blight,maize_leaf_blight,leaf blight1010_.jpg,https://data.mendeley.com/public-files/datasets/bwh3zbpkpv/files/0d864328-9b26-4d93-87eb-15bc469e2845/file_downloaded,https://prod-dcd-datasets-public-files-eu-west-1.s3.eu-west-1.amazonaws.com/2a43f4b7-cd63-4d0a-951d-c3686b52a371
leaf blight,maize_leaf_blight,leaf blight1011_.jpg,https://data.mendeley.com/public-files/datasets/bwh3zbpkpv/files/e6280ba6-81c6-43cf-9776-c8b237bf077f/file_downloaded,https://prod-dcd-datasets-public-files-eu-west-1.s3.eu-west-1.amazonaws.com/b029ce15-00bb-4b75-bd9a-faf4a6015c6d
leaf blight,maize_leaf_blight,leaf blight1012_.jpg,https://data.mendeley.com/public-files/datasets/bwh3zbpkpv/files/e29424ab-31ea-408c-b260-a271e353cde8/file_downloaded,https://prod-dcd-datasets-public-files-eu-west-1.s3.eu-west-1.amazonaws.com/edf80549-a215-47a2-9ef8-287c9dd83a87
leaf blight,maize_leaf_blight,leaf blight101_.jpg,https://data.mendeley.com/public-files/datasets/bwh3zbpkpv/files/dd23b4dc-9544-4929-abb5-6c1b514f42a7/file_downloaded,https://prod-dcd-datasets-public-files-eu-west-1.s3.eu-west-1.amazonaws.com/dad5054f-d2fd-4d79-a6a6-e30a284e0a7a
leaf blight,maize_leaf_blight,leaf blight102_.jpg,https://data.mendeley.com/public-files/datasets/bwh3zbpkpv/files/f5f30033-66d8-4a35-bcec-922b0f42e160/file_downloaded,https://prod-dcd-datasets-public-files-eu-west-1.s3.eu-west-1.amazonaws.com/e9c82dee-1cf6-460d-80f8-f1e250d0353a
leaf blight,maize_leaf_blight,leaf blight103_.jpg,https://data.mendeley.com/public-files/datasets/bwh3zbpkpv/files/f1996d10-d80a-418f-a8bd-2d0fb2e52241/file_downloaded,https://prod-dcd-datasets-public-files-eu-west-1.s3.eu-west-1.amazonaws.com/dbd5c3eb-acce-477e-8237-867d0877e77b
leaf blight,maize_leaf_blight,leaf blight104_.jpg,https://data.mendeley.com/public-files/datasets/bwh3zbpkpv/files/32f883e2-b90d-4c34-922a-68a166d3d7d0/file_downloaded,https://prod-dcd-datasets-public-files-eu-west-1.s3.eu-west-1.amazonaws.com/e82b5670-0b7c-4f28-beb7-ca12806a7d76
leaf blight,maize_leaf_blight,leaf blight105_.jpg,https://data.mendeley.com/public-files/datasets/bwh3zbpkpv/files/8a47ff85-a03c-4328-82ab-90b766363424/file_downloaded,https://prod-dcd-datasets-public-files-eu-west-1.s3.eu-west-1.amazonaws.com/71234af4-e701-429a-90c0-9c1b1ef72234
leaf blight,maize_leaf_blight,leaf blight106_.jpg,https://data.mendeley.com/public-files/datasets/bwh3zbpkpv/files/a3b86468-3c86-4ff4-84ff-089599207b24/file_downloaded,https://prod-dcd-datasets-public-files-eu-west-1.s3.eu-west-1.amazonaws.com/9951ff66-4a41-49c1-ade1-7b6ecd869438
leaf blight,maize_leaf_blight,leaf blight107_.jpg,https://data.mendeley.com/public-files/datasets/bwh3zbpkpv/files/7f7c3ef1-ccbd-46ed-99e7-8975eb52b825/file_downloaded,https://prod-dcd-datasets-public-files-eu-west-1.s3.eu-west-1.amazonaws.com/f998c446-8424-4660-9382-ef6818f5b2f8
leaf blight,maize_leaf_blight,leaf blight108_.jpg,https://data.mendeley.com/public-files/datasets/bwh3zbpkpv/files/12219221-94e3-421d-8dbc-4dbdfea96dbe/file_downloaded,https://prod-dcd-datasets-public-files-eu-west-1.s3.eu-west-1.amazonaws.com/a5b68b5a-323e-4bb0-b262-c290e8e4d6e1
leaf blight,maize_leaf_blight,leaf blight109_.jpg,https://data.mendeley.com/public-files/datasets/bwh3zbpkpv/files/7af39a32-ed42-44d6-80c8-d47aebd07df7/file_downloaded,https://prod-dcd-datasets-public-files-eu-west-1.s3.eu-west-1.amazonaws.com/e60f75c6-c9d0-4467-870c-a221129b735d
leaf blight,maize_leaf_blight,leaf blight10_.jpg,https://data.mendeley.com/public-files/datasets/bwh3zbpkpv/files/79a63a6a-c124-45bc-9415-ee8fb9f68f46/file_downloaded,https://prod-dcd-datasets-public-files-eu-west-1.s3.eu-west-1.amazonaws.com/2b972e07-3a18-4f76-a7b5-a85a3f5cdc5c
leaf blight,maize_leaf_blight,leaf blight110_.jpg,https://data.mendeley.com/public-files/datasets/bwh3zbpkpv/files/fd66bfc8-e07f-4225-9da7-20f51707f469/file_downloaded,https://prod-dcd-datasets-public-files-eu-west-1.s3.eu-west-1.amazonaws.com/33657728-b93d-426e-a9ff-9aac667904dd
leaf blight,maize_leaf_blight,leaf blight111_.jpg,https://data.mendeley.com/public-files/datasets/bwh3zbpkpv/files/74c262d4-15ba-4e37-a5ae-ae861c2228a6/file_downloaded,https://prod-dcd-datasets-public-files-eu-west-1.s3.eu-west-1.amazonaws.com/0e481670-2b62-4a75-9145-f2efc85b1b36
leaf blight,maize_leaf_blight,leaf blight112_.jpg,https://data.mendeley.com/public-files/datasets/bwh3zbpkpv/files/e19845d9-5231-41c5-8438-3e165b67f463/file_downloaded,https://prod-dcd-datasets-public-files-eu-west-1.s3.eu-west-1.amazonaws.com/71cc91bd-664e-4a95-899f-25df61171d00
leaf blight,maize_leaf_blight,leaf blight113_.jpg,https://data.mendeley.com/public-files/datasets/bwh3zbpkpv/files/5580af31-1aeb-48e0-8e44-6067cbf550fa/file_downloaded,https://prod-dcd-datasets-public-files-eu-west-1.s3.eu-west-1.amazonaws.com/bafa2e1b-bbc0-4a03-9533-af380d7a8382
leaf blight,maize_leaf_blight,leaf blight114_.jpg,https://data.mendeley.com/public-files/datasets/bwh3zbpkpv/files/e52e8c09-8773-418c-88fb-f0dd679bbba7/file_downloaded,https://prod-dcd-datasets-public-files-eu-west-1.s3.eu-west-1.amazonaws.com/c6cc6021-dd8b-4857-945e-36ca8fd015ef
leaf blight,maize_leaf_blight,leaf blight115_.jpg,https://data.mendeley.com/public-files/datasets/bwh3zbpkpv/files/be0c9125-09ba-4393-8cdc-0e90748b980b/file_downloaded,https://prod-dcd-datasets-public-files-eu-west-1.s3.eu-west-1.amazonaws.com/143bd259-42d0-4731-a458-348bbbf86cc2
leaf blight,maize_leaf_blight,leaf blight116_.jpg,https://data.mendeley.com/public-files/datasets/bwh3zbpkpv/files/74642360-461e-42ef-92fd-06c4502d990c/file_downloaded,https://prod-dcd-datasets-public-files-eu-west-1.s3.eu-west-1.amazonaws.com/564e9d4a-6d6e-4510-b59f-ae7441a9597f
leaf blight,maize_leaf_blight,leaf blight117_.jpg,https://data.mendeley.com/public-files/datasets/bwh3zbpkpv/files/db1db01b-41db-4553-9046-e3c3e422e4bd/file_downloaded,https://prod-dcd-datasets-public-files-eu-west-1.s3.eu-west-1.amazonaws.com/6da31462-d694-4d1e-95d2-959ed637b5e1
leaf blight,maize_leaf_blight,leaf blight118_.jpg,https://data.mendeley.com/public-files/datasets/bwh3zbpkpv/files/f8a630c1-3f7b-425e-80c0-f5080713ff32/file_downloaded,https://prod-dcd-datasets-public-files-eu-west-1.s3.eu-west-1.amazonaws.com/85fc3129-4dd2-4cf0-b369-0fa9f01d8143
leaf blight,maize_leaf_blight,leaf blight119_.jpg,https://data.mendeley.com/public-files/datasets/bwh3zbpkpv/files/4a7fef53-f2df-4ed6-bc83-f8f6bdfa93e9/file_downloaded,https://prod-dcd-datasets-public-files-eu-west-1.s3.eu-west-1.amazonaws.com/91d86932-817e-4a1d-9c7b-d740f67d9c22
leaf blight,maize_leaf_blight,leaf blight11_.jpg,https://data.mendeley.com/public-files/datasets/bwh3zbpkpv/files/0e6b0d22-c4e8-4ae4-9124-18224705d8ff/file_downloaded,https://prod-dcd-datasets-public-files-eu-west-1.s3.eu-west-1.amazonaws.com/a2436610-3701-4c44-b066-72c1d235c0e1
leaf blight,maize_leaf_blight,leaf blight120_.jpg,https://data.mendeley.com/public-files/datasets/bwh3zbpkpv/files/896c3cf3-c24e-4237-9623-ae690f15c605/file_downloaded,https://prod-dcd-datasets-public-files-eu-west-1.s3.eu-west-1.amazonaws.com/01d88e09-a4d1-4db1-b376-018669e028e4
leaf blight,maize_leaf_blight,leaf blight121_.jpg,https://data.mendeley.com/public-files/datasets/bwh3zbpkpv/files/7c53a330-c6fb-4b50-81bc-b027cc3f95eb/file_downloaded,https://prod-dcd-datasets-public-files-eu-west-1.s3.eu-west-1.amazonaws.com/c1cbd05f-1aaf-4149-bc96-2327c57bf776
leaf blight,maize_leaf_blight,leaf blight122_.jpg,https://data.mendeley.com/public-files/datasets/bwh3zbpkpv/files/a6941b5a-f4c7-4174-92e4-3ed758da6b67/file_downloaded,https://prod-dcd-datasets-public-files-eu-west-1.s3.eu-west-1.amazonaws.com/5e51b596-423e-4095-a727-f669ff0f1c3c
leaf blight,maize_leaf_blight,leaf blight123_.jpg,https://data.mendeley.com/public-files/datasets/bwh3zbpkpv/files/1e493e46-35a2-4bb2-88eb-51a1e7e40190/file_downloaded,https://prod-dcd-datasets-public-files-eu-west-1.s3.eu-west-1.amazonaws.com/3a984e8a-7062-45cd-9e2d-a25702de016b
leaf blight,maize_leaf_blight,leaf blight124_.jpg,https://data.mendeley.com/public-files/datasets/bwh3zbpkpv/files/3e124708-5cb9-4cb0-85c3-706a531b0999/file_downloaded,https://prod-dcd-datasets-public-files-eu-west-1.s3.eu-west-1.amazonaws.com/760f5834-0c5a-47b8-8b4f-9fd5b13156fc
leaf blight,maize_leaf_blight,leaf blight125_.jpg,https://data.mendeley.com/public-files/datasets/bwh3zbpkpv/files/cbce538a-662b-408d-a00b-c42faaf93804/file_downloaded,https://prod-dcd-datasets-public-files-eu-west-1.s3.eu-west-1.amazonaws.com/8c2f94e3-f5c9-4da5-b811-412fd8ae3f90
leaf blight,maize_leaf_blight,leaf blight126_.jpg,https://data.mendeley.com/public-files/datasets/bwh3zbpkpv/files/462648c6-35dd-4e96-bf77-dcbe4063d3fd/file_downloaded,https://prod-dcd-datasets-public-files-eu-west-1.s3.eu-west-1.amazonaws.com/d27ff075-76c0-4dff-996e-39767104c1d2
leaf blight,maize_leaf_blight,leaf blight127_.jpg,https://data.mendeley.com/public-files/datasets/bwh3zbpkpv/files/a0c90ddd-9c69-4220-a88e-0052982817cd/file_downloaded,https://prod-dcd-datasets-public-files-eu-west-1.s3.eu-west-1.amazonaws.com/92c50e7c-3415-4794-a20a-a7b711a8b9b9
leaf blight,maize_leaf_blight,leaf blight128_.jpg,https://data.mendeley.com/public-files/datasets/bwh3zbpkpv/files/4a0b91ef-1db1-466d-a920-923bd4ec58ec/file_downloaded,https://prod-dcd-datasets-public-files-eu-west-1.s3.eu-west-1.amazonaws.com/1d2a2915-c704-477d-990a-a34b04b987e7
leaf blight,maize_leaf_blight,leaf blight129_.jpg,https://data.mendeley.com/public-files/datasets/bwh3zbpkpv/files/04a80af2-6916-4426-b33d-e1a514d13008/file_downloaded,https://prod-dcd-datasets-public-files-eu-west-1.s3.eu-west-1.amazonaws.com/99d0040b-771e-4367-9ef1-8dc955090a33
leaf blight,maize_leaf_blight,leaf blight12_.jpg,https://data.mendeley.com/public-files/datasets/bwh3zbpkpv/files/e315a8f2-6f59-4257-b6df-471d0af8e06c/file_downloaded,https://prod-dcd-datasets-public-files-eu-west-1.s3.eu-west-1.amazonaws.com/289557f8-651a-4e15-97a1-5bca359ffe50
leaf blight,maize_leaf_blight,leaf blight130_.jpg,https://data.mendeley.com/public-files/datasets/bwh3zbpkpv/files/28c1ee1f-525c-4e0b-a4c3-215b4abcb434/file_downloaded,https://prod-dcd-datasets-public-files-eu-west-1.s3.eu-west-1.amazonaws.com/9b619d4a-0b12-41f6-ab2c-807c275500a6
leaf blight,maize_leaf_blight,leaf blight131_.jpg,https://data.mendeley.com/public-files/datasets/bwh3zbpkpv/files/93e48923-edc8-43cf-a1e5-a44552da7b99/file_downloaded,https://prod-dcd-datasets-public-files-eu-west-1.s3.eu-west-1.amazonaws.com/5621564b-6705-4ca6-8dd2-ac90aa88d237
leaf blight,maize_leaf_blight,leaf blight132_.jpg,https://data.mendeley.com/public-files/datasets/bwh3zbpkpv/files/78bfb320-c813-4e6f-91d5-a407e0f2fe79/file_downloaded,https://prod-dcd-datasets-public-files-eu-west-1.s3.eu-west-1.amazonaws.com/677fc381-d70f-4cca-b398-e876fad36d8c
leaf blight,maize_leaf_blight,leaf blight133_.jpg,https://data.mendeley.com/public-files/datasets/bwh3zbpkpv/files/b07ded8f-73ae-4005-b41a-b938a9e45353/file_downloaded,https://prod-dcd-datasets-public-files-eu-west-1.s3.eu-west-1.amazonaws.com/c8ee100f-bb88-4125-9188-a967fdddc840
leaf blight,maize_leaf_blight,leaf blight134_.jpg,https://data.mendeley.com/public-files/datasets/bwh3zbpkpv/files/dd221286-7cab-456c-b0cb-3167e64271c8/file_downloaded,https://prod-dcd-datasets-public-files-eu-west-1.s3.eu-west-1.amazonaws.com/52b91e31-d4e5-4197-877f-c0b402bdeb58
leaf blight,maize_leaf_blight,leaf blight135_.jpg,https://data.mendeley.com/public-files/datasets/bwh3zbpkpv/files/d298cc4f-427a-41f0-9692-1f4be1d88849/file_downloaded,https://prod-dcd-datasets-public-files-eu-west-1.s3.eu-west-1.amazonaws.com/eb26e4e0-0263-4d97-b539-7b509911e9d9
leaf blight,maize_leaf_blight,leaf blight136_.jpg,https://data.mendeley.com/public-files/datasets/bwh3zbpkpv/files/e0a4dcc3-dd9f-4604-be55-4893a68e2177/file_downloaded,https://prod-dcd-datasets-public-files-eu-west-1.s3.eu-west-1.amazonaws.com/ffe3b234-2a19-48ba-8d8c-6e518a6d9ca0
leaf blight,maize_leaf_blight,leaf blight137_.jpg,https://data.mendeley.com/public-files/datasets/bwh3zbpkpv/files/4830f6fa-d41f-4fd6-b1af-6244d59b15fa/file_downloaded,https://prod-dcd-datasets-public-files-eu-west-1.s3.eu-west-1.amazonaws.com/433471ec-9ce4-4800-98d1-5dacbb677b71
leaf blight,maize_leaf_blight,leaf blight138_.jpg,https://data.mendeley.com/public-files/datasets/bwh3zbpkpv/files/9d3b5ae7-d1d1-46f3-b582-d288941fdd84/file_downloaded,https://prod-dcd-datasets-public-files-eu-west-1.s3.eu-west-1.amazonaws.com/7cc2f095-ea50-498c-b377-3a577b42864e
leaf blight,maize_leaf_blight,leaf blight139_.jpg,https://data.mendeley.com/public-files/datasets/bwh3zbpkpv/files/f45ce162-4184-4887-8649-d1298bc97b51/file_downloaded,https://prod-dcd-datasets-public-files-eu-west-1.s3.eu-west-1.amazonaws.com/160936d7-8aab-426f-8b04-e30abc029fbf
leaf blight,maize_leaf_blight,leaf blight13_.jpg,https://data.mendeley.com/public-files/datasets/bwh3zbpkpv/files/a0a58ef6-710d-42c6-ba8d-f9ba099ca452/file_downloaded,https://prod-dcd-datasets-public-files-eu-west-1.s3.eu-west-1.amazonaws.com/8586dcd4-f93a-47af-a5e6-5799b39b7720
leaf blight,maize_leaf_blight,leaf blight140_.jpg,https://data.mendeley.com/public-files/datasets/bwh3zbpkpv/files/70cc1b66-4975-4515-89d7-b9bc03fed7a6/file_downloaded,https://prod-dcd-datasets-public-files-eu-west-1.s3.eu-west-1.amazonaws.com/3b9d5210-d93b-48e0-81be-d6691549a5d3
leaf blight,maize_leaf_blight,leaf blight141_.jpg,https://data.mendeley.com/public-files/datasets/bwh3zbpkpv/files/9e00b53a-75fe-4962-bf06-24dd2b24511d/file_downloaded,https://prod-dcd-datasets-public-files-eu-west-1.s3.eu-west-1.amazonaws.com/4a299bbd-f87a-4aba-bb4c-66e19f43fc6c
leaf blight,maize_leaf_blight,leaf blight142_.jpg,https://data.mendeley.com/public-files/datasets/bwh3zbpkpv/files/3f725271-b3d2-493d-b84e-b8859fced814/file_downloaded,https://prod-dcd-datasets-public-files-eu-west-1.s3.eu-west-1.amazonaws.com/d31b7244-0976-4c52-beb9-cffe4d223416
leaf blight,maize_leaf_blight,leaf blight143_.jpg,https://data.mendeley.com/public-files/datasets/bwh3zbpkpv/files/445b290f-543f-40f0-b7fd-7bf04be6139c/file_downloaded,https://prod-dcd-datasets-public-files-eu-west-1.s3.eu-west-1.amazonaws.com/da37d50b-745c-4072-9170-c5fd7993e840
leaf blight,maize_leaf_blight,leaf blight144_.jpg,https://data.mendeley.com/public-files/datasets/bwh3zbpkpv/files/7ccce855-557c-496f-be89-d4466b196a57/file_downloaded,https://prod-dcd-datasets-public-files-eu-west-1.s3.eu-west-1.amazonaws.com/bce10f7b-9423-4cd0-901e-aa6af8d7ad92
leaf blight,maize_leaf_blight,leaf blight145_.jpg,https://data.mendeley.com/public-files/datasets/bwh3zbpkpv/files/4efbca29-94b8-46bc-8cbf-aa72476a471a/file_downloaded,https://prod-dcd-datasets-public-files-eu-west-1.s3.eu-west-1.amazonaws.com/3bbc3a49-4b72-436f-850f-89ab6632d3cd
leaf blight,maize_leaf_blight,leaf blight146_.jpg,https://data.mendeley.com/public-files/datasets/bwh3zbpkpv/files/9e417bfa-e985-4474-8e30-d151149f4024/file_downloaded,https://prod-dcd-datasets-public-files-eu-west-1.s3.eu-west-1.amazonaws.com/b8fa35cc-ced7-4603-8dae-892f0d0d95c8
leaf blight,maize_leaf_blight,leaf blight147_.jpg,https://data.mendeley.com/public-files/datasets/bwh3zbpkpv/files/f08de42c-7368-4968-a5fd-712fcc8ab866/file_downloaded,https://prod-dcd-datasets-public-files-eu-west-1.s3.eu-west-1.amazonaws.com/365d553d-86da-4c08-b68e-cf9e15f51c08
leaf blight,maize_leaf_blight,leaf blight148_.jpg,https://data.mendeley.com/public-files/datasets/bwh3zbpkpv/files/4e0224eb-8e62-4df1-99fe-fb73d51b7dd2/file_downloaded,https://prod-dcd-datasets-public-files-eu-west-1.s3.eu-west-1.amazonaws.com/c64e8330-a9be-47b7-84c9-b5bb10340ad1
leaf blight,maize_leaf_blight,leaf blight149_.jpg,https://data.mendeley.com/public-files/datasets/bwh3zbpkpv/files/8114c070-8cb7-484a-9a40-36318d2a5bf5/file_downloaded,https://prod-dcd-datasets-public-files-eu-west-1.s3.eu-west-1.amazonaws.com/728affc1-2946-46a5-a745-6b6442b6917b
leaf blight,maize_leaf_blight,leaf blight14_.jpg,https://data.mendeley.com/public-files/datasets/bwh3zbpkpv/files/aa1c7403-1faa-4ab9-a9f5-7e01d901dd01/file_downloaded,https://prod-dcd-datasets-public-files-eu-west-1.s3.eu-west-1.amazonaws.com/cf2a1b97-07ce-400a-86c2-24a59fd82084
leaf blight,maize_leaf_blight,leaf blight150_.jpg,https://data.mendeley.com/public-files/datasets/bwh3zbpkpv/files/5c72c889-18cf-475b-8c20-03f761929f61/file_downloaded,https://prod-dcd-datasets-public-files-eu-west-1.s3.eu-west-1.amazonaws.com/01ee55e4-45e3-4afe-98a7-33af45b6240d
leaf blight,maize_leaf_blight,leaf blight151_.jpg,https://data.mendeley.com/public-files/datasets/bwh3zbpkpv/files/cc5b61e1-bb29-478f-910c-0f19ed087e49/file_downloaded,https://prod-dcd-datasets-public-files-eu-west-1.s3.eu-west-1.amazonaws.com/1b62cc63-9932-4e96-a9c4-9cfb9a58dd7b
leaf blight,maize_leaf_blight,leaf blight152_.jpg,https://data.mendeley.com/public-files/datasets/bwh3zbpkpv/files/43d7c9da-72c1-4fa8-a5dc-dc80dc277982/file_downloaded,https://prod-dcd-datasets-public-files-eu-west-1.s3.eu-west-1.amazonaws.com/d5f45fd7-e1ab-4d2e-a2b2-8d17f25d14eb
leaf blight,maize_leaf_blight,leaf blight153_.jpg,https://data.mendeley.com/public-files/datasets/bwh3zbpkpv/files/391fcf2d-5e0d-415a-93f3-e2e511d6211e/file_downloaded,https://prod-dcd-datasets-public-files-eu-west-1.s3.eu-west-1.amazonaws.com/dd1689fd-e2da-49bf-afdb-4a2c8bbd6ba9
leaf blight,maize_leaf_blight,leaf blight154_.jpg,https://data.mendeley.com/public-files/datasets/bwh3zbpkpv/files/8dac6d84-57f0-4b81-bdc0-eb71573fbd43/file_downloaded,https://prod-dcd-datasets-public-files-eu-west-1.s3.eu-west-1.amazonaws.com/44123903-dae5-487b-9019-5d4e1418bf7e
leaf blight,maize_leaf_blight,leaf blight155_.jpg,https://data.mendeley.com/public-files/datasets/bwh3zbpkpv/files/6b701f5b-7b18-4dc1-b5aa-a85605a7f664/file_downloaded,https://prod-dcd-datasets-public-files-eu-west-1.s3.eu-west-1.amazonaws.com/6fa425d7-9f8c-497a-9a27-4fda026329cc
leaf blight,maize_leaf_blight,leaf blight156_.jpg,https://data.mendeley.com/public-files/datasets/bwh3zbpkpv/files/49644811-9a7f-42aa-b3d8-32ca11b958a0/file_downloaded,https://prod-dcd-datasets-public-files-eu-west-1.s3.eu-west-1.amazonaws.com/55ff7e36-6913-4e7a-a28c-d8b5fb3c0861
leaf blight,maize_leaf_blight,leaf blight157_.jpg,https://data.mendeley.com/public-files/datasets/bwh3zbpkpv/files/aeb8b874-eed4-497c-ab8e-18c35c4bf5be/file_downloaded,https://prod-dcd-datasets-public-files-eu-west-1.s3.eu-west-1.amazonaws.com/efe0f16e-e681-468b-9b96-898e2d3d07b5
leaf blight,maize_leaf_blight,leaf blight158_.jpg,https://data.mendeley.com/public-files/datasets/bwh3zbpkpv/files/7a1e8aa3-76ad-4dd7-abb0-43e224e923cf/file_downloaded,https://prod-dcd-datasets-public-files-eu-west-1.s3.eu-west-1.amazonaws.com/86123db8-9914-4500-8fb4-c5cbdcf75e13
leaf blight,maize_leaf_blight,leaf blight159_.jpg,https://data.mendeley.com/public-files/datasets/bwh3zbpkpv/files/b966e16e-6c1b-46e5-81c3-f90d384a0887/file_downloaded,https://prod-dcd-datasets-public-files-eu-west-1.s3.eu-west-1.amazonaws.com/f5e4a0b1-fdb4-449d-b442-2ef6dade135e
leaf blight,maize_leaf_blight,leaf blight15_.jpg,https://data.mendeley.com/public-files/datasets/bwh3zbpkpv/files/7f2c004f-9e24-4b43-9413-c8fada66ebeb/file_downloaded,https://prod-dcd-datasets-public-files-eu-west-1.s3.eu-west-1.amazonaws.com/20b2db57-d1f5-40c2-b941-f4ca9fb08418
leaf blight,maize_leaf_blight,leaf blight160_.jpg,https://data.mendeley.com/public-files/datasets/bwh3zbpkpv/files/59aa5c9b-abe1-4e22-b7b0-b830dfca1b52/file_downloaded,https://prod-dcd-datasets-public-files-eu-west-1.s3.eu-west-1.amazonaws.com/09a6cdcd-ae83-46c2-afe6-9e3667e94502
leaf blight,maize_leaf_blight,leaf blight161_.jpg,https://data.mendeley.com/public-files/datasets/bwh3zbpkpv/files/8d17370f-ad57-4390-8174-764dfb8d0332/file_downloaded,https://prod-dcd-datasets-public-files-eu-west-1.s3.eu-west-1.amazonaws.com/b8efa6a6-eda5-43ac-91e9-b5937ee2a71b
leaf blight,maize_leaf_blight,leaf blight162_.jpg,https://data.mendeley.com/public-files/datasets/bwh3zbpkpv/files/94f6bbd3-a329-4262-afc5-02b35cb50353/file_downloaded,https://prod-dcd-datasets-public-files-eu-west-1.s3.eu-west-1.amazonaws.com/bade09ef-9cda-4016-8624-724c34723d69
leaf blight,maize_leaf_blight,leaf blight163_.jpg,https://data.mendeley.com/public-files/datasets/bwh3zbpkpv/files/7692254a-607b-463d-b8f0-9e2c60d57753/file_downloaded,https://prod-dcd-datasets-public-files-eu-west-1.s3.eu-west-1.amazonaws.com/e9b586a9-9335-4dc8-ae3c-fb79b77880e8
leaf blight,maize_leaf_blight,leaf blight164_.jpg,https://data.mendeley.com/public-files/datasets/bwh3zbpkpv/files/b0ea7560-97cd-4f84-bd16-713c56cafc3a/file_downloaded,https://prod-dcd-datasets-public-files-eu-west-1.s3.eu-west-1.amazonaws.com/6230eeed-968c-4c6b-a704-bdd09d5e081f
leaf blight,maize_leaf_blight,leaf blight165_.jpg,https://data.mendeley.com/public-files/datasets/bwh3zbpkpv/files/0d51e32c-0449-4680-8ef4-342b3795b0fc/file_downloaded,https://prod-dcd-datasets-public-files-eu-west-1.s3.eu-west-1.amazonaws.com/04243d33-f3a7-41b1-837d-03c3ae0f72b7
leaf blight,maize_leaf_blight,leaf blight166_.jpg,https://data.mendeley.com/public-files/datasets/bwh3zbpkpv/files/e150d122-750d-4085-807d-0436e1d79286/file_downloaded,https://prod-dcd-datasets-public-files-eu-west-1.s3.eu-west-1.amazonaws.com/e1c59430-7d92-486f-9143-e719cd40531b
leaf blight,maize_leaf_blight,leaf blight167_.jpg,https://data.mendeley.com/public-files/datasets/bwh3zbpkpv/files/1a0118b9-db48-4f9a-b83e-6221535a3bc3/file_downloaded,https://prod-dcd-datasets-public-files-eu-west-1.s3.eu-west-1.amazonaws.com/df96876e-53e7-44eb-9c17-700bbfb61f8c
leaf blight,maize_leaf_blight,leaf blight168_.jpg,https://data.mendeley.com/public-files/datasets/bwh3zbpkpv/files/14d80e22-bf52-47cb-a7f3-73910bba34ce/file_downloaded,https://prod-dcd-datasets-public-files-eu-west-1.s3.eu-west-1.amazonaws.com/d1a051e6-9353-4251-8f6b-867cff03226a
leaf blight,maize_leaf_blight,leaf blight169_.jpg,https://data.mendeley.com/public-files/datasets/bwh3zbpkpv/files/b1ff8b1c-8961-402a-aa69-a022acd30586/file_downloaded,https://prod-dcd-datasets-public-files-eu-west-1.s3.eu-west-1.amazonaws.com/05437093-2258-4ea1-9b29-695f2799e526
leaf blight,maize_leaf_blight,leaf blight16_.jpg,https://data.mendeley.com/public-files/datasets/bwh3zbpkpv/files/d0cd86fe-2403-49a0-b929-4b9a31fabaa7/file_downloaded,https://prod-dcd-datasets-public-files-eu-west-1.s3.eu-west-1.amazonaws.com/86e66972-dd28-441a-9bd7-4f8e0a655651
leaf blight,maize_leaf_blight,leaf blight170_.jpg,https://data.mendeley.com/public-files/datasets/bwh3zbpkpv/files/80a04d60-0661-45f8-9cf6-641083884308/file_downloaded,https://prod-dcd-datasets-public-files-eu-west-1.s3.eu-west-1.amazonaws.com/d7bee21d-558c-45cc-a183-e9077ea64cc4
leaf blight,maize_leaf_blight,leaf blight171_.jpg,https://data.mendeley.com/public-files/datasets/bwh3zbpkpv/files/9678735a-9b8b-4812-9022-2dc6e853457c/file_downloaded,https://prod-dcd-datasets-public-files-eu-west-1.s3.eu-west-1.amazonaws.com/3c6f417a-549d-4e30-90dc-98451696c3dd
leaf blight,maize_leaf_blight,leaf blight172_.jpg,https://data.mendeley.com/public-files/datasets/bwh3zbpkpv/files/9948dfc6-27a6-4146-bbb8-e021373d366a/file_downloaded,https://prod-dcd-datasets-public-files-eu-west-1.s3.eu-west-1.amazonaws.com/f3e54342-6155-4280-8997-e14681007555
leaf blight,maize_leaf_blight,leaf blight173_.jpg,https://data.mendeley.com/public-files/datasets/bwh3zbpkpv/files/b029130b-0479-4e30-9069-71e6bb569c20/file_downloaded,https://prod-dcd-datasets-public-files-eu-west-1.s3.eu-west-1.amazonaws.com/9530e364-0931-4163-97d0-2e577561193d
leaf blight,maize_leaf_blight,leaf blight174_.jpg,https://data.mendeley.com/public-files/datasets/bwh3zbpkpv/files/d055e089-bf28-46b3-825c-11def91bd6cd/file_downloaded,https://prod-dcd-datasets-public-files-eu-west-1.s3.eu-west-1.amazonaws.com/26be06d0-d9f0-4e66-b201-4e245fada68c
leaf blight,maize_leaf_blight,leaf blight175_.jpg,https://data.mendeley.com/public-files/datasets/bwh3zbpkpv/files/2b933f59-10eb-4b62-8795-eb6301f07f36/file_downloaded,https://prod-dcd-datasets-public-files-eu-west-1.s3.eu-west-1.amazonaws.com/005504ea-3953-47ba-a062-7e615caa5ea5
leaf blight,maize_leaf_blight,leaf blight176_.jpg,https://data.mendeley.com/public-files/datasets/bwh3zbpkpv/files/ac9ad0c0-d403-447f-911c-c36bc5bbe338/file_downloaded,https://prod-dcd-datasets-public-files-eu-west-1.s3.eu-west-1.amazonaws.com/5afcc224-4e47-496d-98c8-bb1f5365197b
leaf blight,maize_leaf_blight,leaf blight177_.jpg,https://data.mendeley.com/public-files/datasets/bwh3zbpkpv/files/bc0995bf-4046-4eb3-9b57-bc7406c80f51/file_downloaded,https://prod-dcd-datasets-public-files-eu-west-1.s3.eu-west-1.amazonaws.com/89208ef0-1eba-4628-b84a-1c712012a1c1
leaf blight,maize_leaf_blight,leaf blight178_.jpg,https://data.mendeley.com/public-files/datasets/bwh3zbpkpv/files/d5ba9e35-f3e7-4442-b198-7a85520946f3/file_downloaded,https://prod-dcd-datasets-public-files-eu-west-1.s3.eu-west-1.amazonaws.com/b398616a-bd61-4b2c-8438-b7615864e79d
leaf blight,maize_leaf_blight,leaf blight179_.jpg,https://data.mendeley.com/public-files/datasets/bwh3zbpkpv/files/4bfce04e-6b0a-4313-9316-92b8a7b0272a/file_downloaded,https://prod-dcd-datasets-public-files-eu-west-1.s3.eu-west-1.amazonaws.com/df6dcd2c-4823-40ad-8e97-45b4c375addc
leaf blight,maize_leaf_blight,leaf blight17_.jpg,https://data.mendeley.com/public-files/datasets/bwh3zbpkpv/files/d83cbc85-d321-452d-b9f6-8c3806760e3e/file_downloaded,https://prod-dcd-datasets-public-files-eu-west-1.s3.eu-west-1.amazonaws.com/38924244-a6f8-42de-80aa-f58612ad6f74
leaf blight,maize_leaf_blight,leaf blight180_.jpg,https://data.mendeley.com/public-files/datasets/bwh3zbpkpv/files/6fee303d-3b10-4817-9446-ac6e4ec10d75/file_downloaded,https://prod-dcd-datasets-public-files-eu-west-1.s3.eu-west-1.amazonaws.com/5d8da107-0068-4c61-9315-c72a1e048a37
leaf blight,maize_leaf_blight,leaf blight181_.jpg,https://data.mendeley.com/public-files/datasets/bwh3zbpkpv/files/cc9fd64a-4d91-4c32-a491-342dc288c1da/file_downloaded,https://prod-dcd-datasets-public-files-eu-west-1.s3.eu-west-1.amazonaws.com/729e1a1a-6f6b-47ba-bf04-c7806f034518
leaf blight,maize_leaf_blight,leaf blight182_.jpg,https://data.mendeley.com/public-files/datasets/bwh3zbpkpv/files/6da906d9-7ede-4839-bfcb-30406803b89a/file_downloaded,https://prod-dcd-datasets-public-files-eu-west-1.s3.eu-west-1.amazonaws.com/01b802dd-fd60-4ac1-ab29-65995bf78b59
leaf blight,maize_leaf_blight,leaf blight183_.jpg,https://data.mendeley.com/public-files/datasets/bwh3zbpkpv/files/ff57b820-9aa7-4a7d-afed-464afe60b46b/file_downloaded,https://prod-dcd-datasets-public-files-eu-west-1.s3.eu-west-1.amazonaws.com/50accecd-f102-416a-984f-a646c34a448a
leaf blight,maize_leaf_blight,leaf blight184_.jpg,https://data.mendeley.com/public-files/datasets/bwh3zbpkpv/files/b622475e-31b9-4cab-8e98-3c9772c83a60/file_downloaded,https://prod-dcd-datasets-public-files-eu-west-1.s3.eu-west-1.amazonaws.com/fc676f9f-efac-4b08-8bcc-331f4f6857d3
leaf blight,maize_leaf_blight,leaf blight185_.jpg,https://data.mendeley.com/public-files/datasets/bwh3zbpkpv/files/e84b3af1-5b29-42ee-a529-19b9bfe622ef/file_downloaded,https://prod-dcd-datasets-public-files-eu-west-1.s3.eu-west-1.amazonaws.com/75d47f4c-2026-49fa-88b6-c858023ed417
leaf blight,maize_leaf_blight,leaf blight186_.jpg,https://data.mendeley.com/public-files/datasets/bwh3zbpkpv/files/9bf9d24d-9e7c-49e7-a4be-cfba8536f3ad/file_downloaded,https://prod-dcd-datasets-public-files-eu-west-1.s3.eu-west-1.amazonaws.com/9c663ebc-ca84-4a6c-8558-4523eedd99ca
leaf blight,maize_leaf_blight,leaf blight187_.jpg,https://data.mendeley.com/public-files/datasets/bwh3zbpkpv/files/39fcd283-7b01-4027-9936-6207c33b970f/file_downloaded,https://prod-dcd-datasets-public-files-eu-west-1.s3.eu-west-1.amazonaws.com/478fbafa-8233-4431-a46d-64a8e9ad0e71
leaf blight,maize_leaf_blight,leaf blight188_.jpg,https://data.mendeley.com/public-files/datasets/bwh3zbpkpv/files/1bf98071-21e1-4a04-8dac-9baaeb136104/file_downloaded,https://prod-dcd-datasets-public-files-eu-west-1.s3.eu-west-1.amazonaws.com/f53bd7a0-52be-4c4f-b4ae-4ec37fa23510
leaf blight,maize_leaf_blight,leaf blight189_.jpg,https://data.mendeley.com/public-files/datasets/bwh3zbpkpv/files/952dfb0b-4ef0-4268-8ff5-449f6b929756/file_downloaded,https://prod-dcd-datasets-public-files-eu-west-1.s3.eu-west-1.amazonaws.com/c93c7449-d4a5-4285-ac2e-62cdc0abc8b9
leaf blight,maize_leaf_blight,leaf blight18_.jpg,https://data.mendeley.com/public-files/datasets/bwh3zbpkpv/files/c8d6fdd1-ed25-42a3-bf76-0152af0d7e5d/file_downloaded,https://prod-dcd-datasets-public-files-eu-west-1.s3.eu-west-1.amazonaws.com/e5d49f19-de6e-4bc2-8257-49e590bd69ee
leaf blight,maize_leaf_blight,leaf blight190_.jpg,https://data.mendeley.com/public-files/datasets/bwh3zbpkpv/files/c8193f83-12d3-49e5-b5c2-d9eef4897dec/file_downloaded,https://prod-dcd-datasets-public-files-eu-west-1.s3.eu-west-1.amazonaws.com/f1e7d31f-484d-431f-aa00-36fc88e7820b
leaf blight,maize_leaf_blight,leaf blight191_.jpg,https://data.mendeley.com/public-files/datasets/bwh3zbpkpv/files/31d8c21c-ca06-474c-833d-c2058dc85f2e/file_downloaded,https://prod-dcd-datasets-public-files-eu-west-1.s3.eu-west-1.amazonaws.com/60378e63-f1ca-44fa-b9f1-ff133d365617
leaf blight,maize_leaf_blight,leaf blight192_.jpg,https://data.mendeley.com/public-files/datasets/bwh3zbpkpv/files/38b827d2-b486-4e8b-91ee-f95603a4fc11/file_downloaded,https://prod-dcd-datasets-public-files-eu-west-1.s3.eu-west-1.amazonaws.com/8db69203-dbd9-44d6-86e6-9576c1feb4a7
leaf blight,maize_leaf_blight,leaf blight193_.jpg,https://data.mendeley.com/public-files/datasets/bwh3zbpkpv/files/948f8e18-71a7-49f7-8a4a-b5b277098772/file_downloaded,https://prod-dcd-datasets-public-files-eu-west-1.s3.eu-west-1.amazonaws.com/0b0a06f5-180e-4723-bbee-2eb53eb50645
leaf blight,maize_leaf_blight,leaf blight194_.jpg,https://data.mendeley.com/public-files/datasets/bwh3zbpkpv/files/7af4cc49-0172-4ba2-85f8-896c76622e62/file_downloaded,https://prod-dcd-datasets-public-files-eu-west-1.s3.eu-west-1.amazonaws.com/35e4b504-edec-464f-8664-c11714840d3f
leaf blight,maize_leaf_blight,leaf blight195_.jpg,https://data.mendeley.com/public-files/datasets/bwh3zbpkpv/files/a7c036b6-376a-4b58-8fc3-61e3d5fdaf5a/file_downloaded,https://prod-dcd-datasets-public-files-eu-west-1.s3.eu-west-1.amazonaws.com/79bd1854-70fd-4dfe-8c1a-9701885e7465
leaf blight,maize_leaf_blight,leaf blight196_.jpg,https://data.mendeley.com/public-files/datasets/bwh3zbpkpv/files/66534216-3357-4319-897b-2cad89fa5b9a/file_downloaded,https://prod-dcd-datasets-public-files-eu-west-1.s3.eu-west-1.amazonaws.com/820ba472-3157-47bb-86f8-29020e96c33a
leaf blight,maize_leaf_blight,leaf blight197_.jpg,https://data.mendeley.com/public-files/datasets/bwh3zbpkpv/files/e7beead9-23a8-4bd2-b1e9-42b21b49e976/file_downloaded,https://prod-dcd-datasets-public-files-eu-west-1.s3.eu-west-1.amazonaws.com/257d9981-8d53-4601-989e-e6f108c32ac8
leaf blight,maize_leaf_blight,leaf blight198_.jpg,https://data.mendeley.com/public-files/datasets/bwh3zbpkpv/files/ae9f7f72-f1cb-44f6-bf73-896175df6f12/file_downloaded,https://prod-dcd-datasets-public-files-eu-west-1.s3.eu-west-1.amazonaws.com/09ec6226-2469-4e7c-a446-c2e8693982f2
leaf blight,maize_leaf_blight,leaf blight199_.jpg,https://data.mendeley.com/public-files/datasets/bwh3zbpkpv/files/ce7c8300-1b1f-42ad-8928-a0a6d68f6cfc/file_downloaded,https://prod-dcd-datasets-public-files-eu-west-1.s3.eu-west-1.amazonaws.com/7ee0b62d-d698-4f7a-98ef-7b65b5b6ad22
leaf blight,maize_leaf_blight,leaf blight19_.jpg,https://data.mendeley.com/public-files/datasets/bwh3zbpkpv/files/1911b09b-d650-4750-88a1-fddce7a81d92/file_downloaded,https://prod-dcd-datasets-public-files-eu-west-1.s3.eu-west-1.amazonaws.com/bd5a8e21-67ca-4c49-9a7d-b04ebd986961
leaf blight,maize_leaf_blight,leaf blight200_.jpg,https://data.mendeley.com/public-files/datasets/bwh3zbpkpv/files/2b645bf4-d7ec-4199-be6e-2d05fb2c72c9/file_downloaded,https://prod-dcd-datasets-public-files-eu-west-1.s3.eu-west-1.amazonaws.com/8027f7f9-f722-40f1-888e-34cdebd63a77
leaf blight,maize_leaf_blight,leaf blight201_.jpg,https://data.mendeley.com/public-files/datasets/bwh3zbpkpv/files/567cf935-c5a4-45b2-ad6b-6f39e475ab55/file_downloaded,https://prod-dcd-datasets-public-files-eu-west-1.s3.eu-west-1.amazonaws.com/23c58268-9d2e-4488-9261-a36f527173fe
leaf blight,maize_leaf_blight,leaf blight202_.jpg,https://data.mendeley.com/public-files/datasets/bwh3zbpkpv/files/7e6f2078-18e5-42af-9421-8298381e5666/file_downloaded,https://prod-dcd-datasets-public-files-eu-west-1.s3.eu-west-1.amazonaws.com/a18e3c7d-83d7-4295-89bb-49d4db969d3c
leaf blight,maize_leaf_blight,leaf blight203_.jpg,https://data.mendeley.com/public-files/datasets/bwh3zbpkpv/files/84cc3282-cec1-4c58-b35b-9855a9409f1b/file_downloaded,https://prod-dcd-datasets-public-files-eu-west-1.s3.eu-west-1.amazonaws.com/f7a1ed14-5dbc-4d9d-8a7a-9270453dab15
leaf blight,maize_leaf_blight,leaf blight204_.jpg,https://data.mendeley.com/public-files/datasets/bwh3zbpkpv/files/ff650a0f-ed7b-42e2-9989-705958976098/file_downloaded,https://prod-dcd-datasets-public-files-eu-west-1.s3.eu-west-1.amazonaws.com/4899a93d-334b-4615-85b4-c7d2d2b94f1e
leaf blight,maize_leaf_blight,leaf blight205_.jpg,https://data.mendeley.com/public-files/datasets/bwh3zbpkpv/files/0182a28c-bc3b-4463-ab69-398191e0d394/file_downloaded,https://prod-dcd-datasets-public-files-eu-west-1.s3.eu-west-1.amazonaws.com/ee43e4f7-ceac-44a3-beb4-991fb6e7e4da
leaf blight,maize_leaf_blight,leaf blight206_.jpg,https://data.mendeley.com/public-files/datasets/bwh3zbpkpv/files/af0b4589-bf68-414f-a92f-6993ad67e07a/file_downloaded,https://prod-dcd-datasets-public-files-eu-west-1.s3.eu-west-1.amazonaws.com/553f7e04-b64e-441e-b130-9fb97e21a5b0
leaf blight,maize_leaf_blight,leaf blight207_.jpg,https://data.mendeley.com/public-files/datasets/bwh3zbpkpv/files/0df525bd-67b8-4551-8d9f-198f4e736707/file_downloaded,https://prod-dcd-datasets-public-files-eu-west-1.s3.eu-west-1.amazonaws.com/0d84e0a7-11bc-4126-9246-5dbba94c6dfb
leaf blight,maize_leaf_blight,leaf blight208_.jpg,https://data.mendeley.com/public-files/datasets/bwh3zbpkpv/files/b97dca39-6605-4849-9997-c7ce5478cf6b/file_downloaded,https://prod-dcd-datasets-public-files-eu-west-1.s3.eu-west-1.amazonaws.com/6683494f-48c7-4ca0-ab99-627d88a68510
leaf blight,maize_leaf_blight,leaf blight209_.jpg,https://data.mendeley.com/public-files/datasets/bwh3zbpkpv/files/bb7a0bb3-dcd1-4512-903a-d80deab57822/file_downloaded,https://prod-dcd-datasets-public-files-eu-west-1.s3.eu-west-1.amazonaws.com/f7cf70ab-05f2-45c2-bdb6-f554a165a9d4
leaf blight,maize_leaf_blight,leaf blight20_.jpg,https://data.mendeley.com/public-files/datasets/bwh3zbpkpv/files/9c50b8b5-f73e-4d11-b797-984c20ea45df/file_downloaded,https://prod-dcd-datasets-public-files-eu-west-1.s3.eu-west-1.amazonaws.com/ed5ade08-f568-436d-b0f1-d4ee5918bc69
leaf blight,maize_leaf_blight,leaf blight210_.jpg,https://data.mendeley.com/public-files/datasets/bwh3zbpkpv/files/e6cee3e3-9911-4592-bc18-205d73de7a6e/file_downloaded,https://prod-dcd-datasets-public-files-eu-west-1.s3.eu-west-1.amazonaws.com/45f80b42-84b9-48df-afa2-86f9a1859aab
leaf blight,maize_leaf_blight,leaf blight211_.jpg,https://data.mendeley.com/public-files/datasets/bwh3zbpkpv/files/d95f1731-92c2-4a33-90cd-f797d339e826/file_downloaded,https://prod-dcd-datasets-public-files-eu-west-1.s3.eu-west-1.amazonaws.com/8f4c794a-93f0-4ee2-8f57-fba12e638793
leaf blight,maize_leaf_blight,leaf blight212_.jpg,https://data.mendeley.com/public-files/datasets/bwh3zbpkpv/files/1c921396-2b96-4793-96f0-c32b99507055/file_downloaded,https://prod-dcd-datasets-public-files-eu-west-1.s3.eu-west-1.amazonaws.com/08b8b28e-68c5-4457-bb22-5b4f86a387dd
leaf blight,maize_leaf_blight,leaf blight213_.jpg,https://data.mendeley.com/public-files/datasets/bwh3zbpkpv/files/d9b76d8c-42f7-42d9-badc-e626130e9f02/file_downloaded,https://prod-dcd-datasets-public-files-eu-west-1.s3.eu-west-1.amazonaws.com/7539851c-391c-43f6-9cfc-c5d09d9e4890
leaf blight,maize_leaf_blight,leaf blight214_.jpg,https://data.mendeley.com/public-files/datasets/bwh3zbpkpv/files/0da00d0a-e3cf-4651-bd61-6e910fa18a5f/file_downloaded,https://prod-dcd-datasets-public-files-eu-west-1.s3.eu-west-1.amazonaws.com/34861ac3-7c10-4422-880c-aa07255176d2
leaf blight,maize_leaf_blight,leaf blight215_.jpg,https://data.mendeley.com/public-files/datasets/bwh3zbpkpv/files/efbd001f-febf-4d4d-95e2-0fba535b49a1/file_downloaded,https://prod-dcd-datasets-public-files-eu-west-1.s3.eu-west-1.amazonaws.com/e7fe5fb9-dedf-424a-bf8b-95648015c724
leaf blight,maize_leaf_blight,leaf blight216_.jpg,https://data.mendeley.com/public-files/datasets/bwh3zbpkpv/files/b7f1abdf-6c3f-4d96-8175-f6fe03a6acbe/file_downloaded,https://prod-dcd-datasets-public-files-eu-west-1.s3.eu-west-1.amazonaws.com/e8d20c83-6a92-4e7d-81cd-93adfc8375b2
leaf blight,maize_leaf_blight,leaf blight217_.jpg,https://data.mendeley.com/public-files/datasets/bwh3zbpkpv/files/65c6fed6-5f5e-42a4-8273-9cad59936211/file_downloaded,https://prod-dcd-datasets-public-files-eu-west-1.s3.eu-west-1.amazonaws.com/c3362063-4480-4ab5-8e4c-a3c4b9f4becc
leaf blight,maize_leaf_blight,leaf blight218_.jpg,https://data.mendeley.com/public-files/datasets/bwh3zbpkpv/files/74149cc3-2563-400f-9c2e-3d1e7ea21f1b/file_downloaded,https://prod-dcd-datasets-public-files-eu-west-1.s3.eu-west-1.amazonaws.com/859cb906-8f9d-4ab5-a6d8-dbd65a4344ad
leaf blight,maize_leaf_blight,leaf blight219_.jpg,https://data.mendeley.com/public-files/datasets/bwh3zbpkpv/files/28605c32-6d83-4cea-9078-6dd60cc7ddfb/file_downloaded,https://prod-dcd-datasets-public-files-eu-west-1.s3.eu-west-1.amazonaws.com/679534c1-3bd1-4562-ba7e-541f9027dd57
leaf blight,maize_leaf_blight,leaf blight21_.jpg,https://data.mendeley.com/public-files/datasets/bwh3zbpkpv/files/50fdb806-8fe9-49bb-85b4-4e6f7f05579d/file_downloaded,https://prod-dcd-datasets-public-files-eu-west-1.s3.eu-west-1.amazonaws.com/80bc59be-71d0-45b3-8ead-f65a3f6c15bd
leaf blight,maize_leaf_blight,leaf blight220_.jpg,https://data.mendeley.com/public-files/datasets/bwh3zbpkpv/files/479d329d-e4ee-4ae7-9684-64b742d4a00c/file_downloaded,https://prod-dcd-datasets-public-files-eu-west-1.s3.eu-west-1.amazonaws.com/e4c574e2-0f1d-46db-91c8-bc2469caaf0a
leaf blight,maize_leaf_blight,leaf blight221_.jpg,https://data.mendeley.com/public-files/datasets/bwh3zbpkpv/files/1b1c5a4e-d24f-4982-93c4-73541880ceb8/file_downloaded,https://prod-dcd-datasets-public-files-eu-west-1.s3.eu-west-1.amazonaws.com/2ff563da-428a-48c0-86d6-f4861327caaf
leaf blight,maize_leaf_blight,leaf blight222_.jpg,https://data.mendeley.com/public-files/datasets/bwh3zbpkpv/files/5b96ef3b-bab5-4f9a-9215-8523079a696f/file_downloaded,https://prod-dcd-datasets-public-files-eu-west-1.s3.eu-west-1.amazonaws.com/e709d963-0626-4a87-8dcd-91b107dd77cc
leaf blight,maize_leaf_blight,leaf blight223_.jpg,https://data.mendeley.com/public-files/datasets/bwh3zbpkpv/files/ddaf3ad0-d243-4131-9787-3b09edc6b377/file_downloaded,https://prod-dcd-datasets-public-files-eu-west-1.s3.eu-west-1.amazonaws.com/742caac2-086c-47c6-994b-2a805e3cface
leaf blight,maize_leaf_blight,leaf blight224_.jpg,https://data.mendeley.com/public-files/datasets/bwh3zbpkpv/files/dd318b00-eedb-448d-820d-0f760f462a5e/file_downloaded,https://prod-dcd-datasets-public-files-eu-west-1.s3.eu-west-1.amazonaws.com/054e6524-f6d8-427d-8b5a-f636811dc748
leaf blight,maize_leaf_blight,leaf blight225_.jpg,https://data.mendeley.com/public-files/datasets/bwh3zbpkpv/files/52f34b70-194a-42c2-940a-127d58da7017/file_downloaded,https://prod-dcd-datasets-public-files-eu-west-1.s3.eu-west-1.amazonaws.com/8eb36256-2e0a-4e05-99e7-6c79ad73d4a5
leaf blight,maize_leaf_blight,leaf blight226_.jpg,https://data.mendeley.com/public-files/datasets/bwh3zbpkpv/files/5d0b7eab-454c-4f0c-ac39-8228fa46ed02/file_downloaded,https://prod-dcd-datasets-public-files-eu-west-1.s3.eu-west-1.amazonaws.com/9200ed77-7ff5-4eae-9cc5-1ac640b7bf6f
leaf blight,maize_leaf_blight,leaf blight227_.jpg,https://data.mendeley.com/public-files/datasets/bwh3zbpkpv/files/1c0c0658-4932-46d9-a76a-f4787a08f8d7/file_downloaded,https://prod-dcd-datasets-public-files-eu-west-1.s3.eu-west-1.amazonaws.com/46ec09eb-bda3-4c46-8781-666db1cc3393
leaf blight,maize_leaf_blight,leaf blight228_.jpg,https://data.mendeley.com/public-files/datasets/bwh3zbpkpv/files/7b218658-f9b7-42c0-ac76-e6508206c44e/file_downloaded,https://prod-dcd-datasets-public-files-eu-west-1.s3.eu-west-1.amazonaws.com/c533d516-2b9a-46ce-8857-9a45bd6a5211
leaf blight,maize_leaf_blight,leaf blight229_.jpg,https://data.mendeley.com/public-files/datasets/bwh3zbpkpv/files/52ba13c6-e11e-47e1-83ee-23f93d63b91c/file_downloaded,https://prod-dcd-datasets-public-files-eu-west-1.s3.eu-west-1.amazonaws.com/bc696bdb-637a-4441-b8b5-8dca5032b299
leaf blight,maize_leaf_blight,leaf blight22_.jpg,https://data.mendeley.com/public-files/datasets/bwh3zbpkpv/files/1f04bd88-2a54-45af-bf09-f4dbdcb667df/file_downloaded,https://prod-dcd-datasets-public-files-eu-west-1.s3.eu-west-1.amazonaws.com/5960ac97-cf4c-44ad-b17b-c04baef0aeeb
leaf blight,maize_leaf_blight,leaf blight230_.jpg,https://data.mendeley.com/public-files/datasets/bwh3zbpkpv/files/6b9a4157-803a-4cb3-9e06-e62cb7e9c4ca/file_downloaded,https://prod-dcd-datasets-public-files-eu-west-1.s3.eu-west-1.amazonaws.com/37551ae8-1200-4925-8a63-cf773685fe47
leaf blight,maize_leaf_blight,leaf blight231_.jpg,https://data.mendeley.com/public-files/datasets/bwh3zbpkpv/files/05eb6531-61d9-4986-9cf5-eb707e29c582/file_downloaded,https://prod-dcd-datasets-public-files-eu-west-1.s3.eu-west-1.amazonaws.com/c67fc8b4-c877-4074-8bb3-5ca633bcd8e0
leaf blight,maize_leaf_blight,leaf blight232_.jpg,https://data.mendeley.com/public-files/datasets/bwh3zbpkpv/files/b0121f75-7cc2-4240-ac92-90aa5d624963/file_downloaded,https://prod-dcd-datasets-public-files-eu-west-1.s3.eu-west-1.amazonaws.com/7d207dd4-27bc-4c38-9098-457f42546a49
leaf blight,maize_leaf_blight,leaf blight233_.jpg,https://data.mendeley.com/public-files/datasets/bwh3zbpkpv/files/39d3cfac-d39c-4530-8c5c-c7ef3c0867a3/file_downloaded,https://prod-dcd-datasets-public-files-eu-west-1.s3.eu-west-1.amazonaws.com/4f1086d9-3e26-40e2-96ee-b924c6f3cbdc
leaf blight,maize_leaf_blight,leaf blight234_.jpg,https://data.mendeley.com/public-files/datasets/bwh3zbpkpv/files/7ddad7fd-0faf-4dfc-9ada-b2cb0510a4a3/file_downloaded,https://prod-dcd-datasets-public-files-eu-west-1.s3.eu-west-1.amazonaws.com/01f5897a-513e-42a5-b5af-22256f1ca22e
leaf blight,maize_leaf_blight,leaf blight235_.jpg,https://data.mendeley.com/public-files/datasets/bwh3zbpkpv/files/77c1576c-79ac-4c8d-9f94-53a75cb01594/file_downloaded,https://prod-dcd-datasets-public-files-eu-west-1.s3.eu-west-1.amazonaws.com/cea081fb-65ff-4391-b6d9-5b28390c03f7
leaf blight,maize_leaf_blight,leaf blight236_.jpg,https://data.mendeley.com/public-files/datasets/bwh3zbpkpv/files/1b0618c3-6804-4da8-b571-80833a87ab70/file_downloaded,https://prod-dcd-datasets-public-files-eu-west-1.s3.eu-west-1.amazonaws.com/daadeaf8-dbeb-4801-a21a-3091ca3e101f
leaf blight,maize_leaf_blight,leaf blight237_.jpg,https://data.mendeley.com/public-files/datasets/bwh3zbpkpv/files/29f3811a-0dc5-4c4f-aa74-9d44116b0c80/file_downloaded,https://prod-dcd-datasets-public-files-eu-west-1.s3.eu-west-1.amazonaws.com/f36f0019-57ae-472c-875e-d661e08cd3e2
leaf blight,maize_leaf_blight,leaf blight238_.jpg,https://data.mendeley.com/public-files/datasets/bwh3zbpkpv/files/ce85776d-a296-4eba-ac91-b279dde7cdd0/file_downloaded,https://prod-dcd-datasets-public-files-eu-west-1.s3.eu-west-1.amazonaws.com/3caa71e0-5c43-4643-94cc-51eb4cd67df1
leaf blight,maize_leaf_blight,leaf blight239_.jpg,https://data.mendeley.com/public-files/datasets/bwh3zbpkpv/files/2ee28440-2136-4ac6-a6e7-e1394dbd2b48/file_downloaded,https://prod-dcd-datasets-public-files-eu-west-1.s3.eu-west-1.amazonaws.com/fe00c153-9602-4b6e-89bc-423e56055c56
leaf blight,maize_leaf_blight,leaf blight23_.jpg,https://data.mendeley.com/public-files/datasets/bwh3zbpkpv/files/5fc3d6aa-8166-4640-982b-e53b9e7792ae/file_downloaded,https://prod-dcd-datasets-public-files-eu-west-1.s3.eu-west-1.amazonaws.com/42ac65d2-4335-40f3-a9f3-a6ff8b01ae86
leaf blight,maize_leaf_blight,leaf blight240_.jpg,https://data.mendeley.com/public-files/datasets/bwh3zbpkpv/files/f497c995-683c-4a9f-b1a0-fa30c3a99146/file_downloaded,https://prod-dcd-datasets-public-files-eu-west-1.s3.eu-west-1.amazonaws.com/5f72dff2-b05c-46dd-a0fb-c29263b882c9
leaf blight,maize_leaf_blight,leaf blight241_.jpg,https://data.mendeley.com/public-files/datasets/bwh3zbpkpv/files/bbb94fef-2ba8-419c-8881-7b15bf62b93d/file_downloaded,https://prod-dcd-datasets-public-files-eu-west-1.s3.eu-west-1.amazonaws.com/45004a3d-8380-46ef-99da-3e36289fec69
leaf blight,maize_leaf_blight,leaf blight242_.jpg,https://data.mendeley.com/public-files/datasets/bwh3zbpkpv/files/b3d76e6d-a0f6-4762-9536-51ddc40e9095/file_downloaded,https://prod-dcd-datasets-public-files-eu-west-1.s3.eu-west-1.amazonaws.com/6ddbfc0d-983e-48e9-82e1-8300aaa4230d
leaf blight,maize_leaf_blight,leaf blight243_.jpg,https://data.mendeley.com/public-files/datasets/bwh3zbpkpv/files/c1876342-1e1f-464f-ab71-26ed101f41ea/file_downloaded,https://prod-dcd-datasets-public-files-eu-west-1.s3.eu-west-1.amazonaws.com/9ec83953-e306-442c-9f25-07ab8032fd12
leaf blight,maize_leaf_blight,leaf blight244_.jpg,https://data.mendeley.com/public-files/datasets/bwh3zbpkpv/files/f0e3d75c-bb8b-4ec0-985c-a0ad0c09028e/file_downloaded,https://prod-dcd-datasets-public-files-eu-west-1.s3.eu-west-1.amazonaws.com/50620c6b-8a3f-49b5-ac46-12f849394afc
leaf blight,maize_leaf_blight,leaf blight245_.jpg,https://data.mendeley.com/public-files/datasets/bwh3zbpkpv/files/7c961eae-0189-41bf-a499-f14a3c7d7b18/file_downloaded,https://prod-dcd-datasets-public-files-eu-west-1.s3.eu-west-1.amazonaws.com/770d9070-3508-4c0e-ac63-d1d3f4343395
leaf blight,maize_leaf_blight,leaf blight246_.jpg,https://data.mendeley.com/public-files/datasets/bwh3zbpkpv/files/3edce35d-ea1f-44e6-850b-32d36deee5c8/file_downloaded,https://prod-dcd-datasets-public-files-eu-west-1.s3.eu-west-1.amazonaws.com/695e348a-db76-4d6e-ae82-07424e33fc2c
leaf blight,maize_leaf_blight,leaf blight247_.jpg,https://data.mendeley.com/public-files/datasets/bwh3zbpkpv/files/0652b50c-b998-4e83-90cf-2b165e3b0f1b/file_downloaded,https://prod-dcd-datasets-public-files-eu-west-1.s3.eu-west-1.amazonaws.com/d1832f8f-2e77-4832-bfce-3412d58d4baf
leaf blight,maize_leaf_blight,leaf blight248_.jpg,https://data.mendeley.com/public-files/datasets/bwh3zbpkpv/files/3bf560f3-2777-4c7c-aeff-ea5efb3b9b6b/file_downloaded,https://prod-dcd-datasets-public-files-eu-west-1.s3.eu-west-1.amazonaws.com/2e795cb1-7e01-45e3-b442-039995a4229c
leaf blight,maize_leaf_blight,leaf blight249_.jpg,https://data.mendeley.com/public-files/datasets/bwh3zbpkpv/files/6690e43c-d4f7-41ef-9b8d-005d2a4f8ea3/file_downloaded,https://prod-dcd-datasets-public-files-eu-west-1.s3.eu-west-1.amazonaws.com/80efc305-ae6f-4f29-b2cc-c43d046c134c
leaf blight,maize_leaf_blight,leaf blight24_.jpg,https://data.mendeley.com/public-files/datasets/bwh3zbpkpv/files/ee0b860e-d800-4aa7-8a9e-386cdcea2cbc/file_downloaded,https://prod-dcd-datasets-public-files-eu-west-1.s3.eu-west-1.amazonaws.com/be827979-60d8-4ca5-807f-b3dcdfdba315
leaf blight,maize_leaf_blight,leaf blight250_.jpg,https://data.mendeley.com/public-files/datasets/bwh3zbpkpv/files/30cf1c02-bad9-4947-aeaa-0d61ee9999c3/file_downloaded,https://prod-dcd-datasets-public-files-eu-west-1.s3.eu-west-1.amazonaws.com/d1c0716d-45af-43c5-b490-35443717e62a
leaf blight,maize_leaf_blight,leaf blight251_.jpg,https://data.mendeley.com/public-files/datasets/bwh3zbpkpv/files/5235b9eb-2041-4739-b45a-286e6c7db835/file_downloaded,https://prod-dcd-datasets-public-files-eu-west-1.s3.eu-west-1.amazonaws.com/a468e322-abdf-4a8b-8824-ced6611580ab
leaf blight,maize_leaf_blight,leaf blight252_.jpg,https://data.mendeley.com/public-files/datasets/bwh3zbpkpv/files/5aace0e1-f588-4820-b54f-74b15b071767/file_downloaded,https://prod-dcd-datasets-public-files-eu-west-1.s3.eu-west-1.amazonaws.com/4b9c26f8-62df-498d-9848-bc1efbc5cdad
leaf blight,maize_leaf_blight,leaf blight253_.jpg,https://data.mendeley.com/public-files/datasets/bwh3zbpkpv/files/cf9ce676-ec7e-4d6c-8d21-0d41bebceab4/file_downloaded,https://prod-dcd-datasets-public-files-eu-west-1.s3.eu-west-1.amazonaws.com/a0fe877f-8a02-4cef-aca3-7cc527e60b21
leaf blight,maize_leaf_blight,leaf blight254_.jpg,https://data.mendeley.com/public-files/datasets/bwh3zbpkpv/files/b55de284-3e6a-4628-b64a-c4a0c7f99801/file_downloaded,https://prod-dcd-datasets-public-files-eu-west-1.s3.eu-west-1.amazonaws.com/cbc2279e-f84b-4847-8b37-c627ec00dadf
leaf blight,maize_leaf_blight,leaf blight255_.jpg,https://data.mendeley.com/public-files/datasets/bwh3zbpkpv/files/2ce720b5-ac2c-4cb9-a688-48c66e44ac4c/file_downloaded,https://prod-dcd-datasets-public-files-eu-west-1.s3.eu-west-1.amazonaws.com/c2407a28-1654-45ad-8bbc-d33e848e1358
leaf blight,maize_leaf_blight,leaf blight256_.jpg,https://data.mendeley.com/public-files/datasets/bwh3zbpkpv/files/a3d16df5-fead-4d2b-aaf3-ab8628ba4f42/file_downloaded,https://prod-dcd-datasets-public-files-eu-west-1.s3.eu-west-1.amazonaws.com/4aa411bd-f4d9-4ee0-9076-2b8ae7f64396
leaf blight,maize_leaf_blight,leaf blight257_.jpg,https://data.mendeley.com/public-files/datasets/bwh3zbpkpv/files/5d57210c-5af0-4b52-b453-141c5c99e380/file_downloaded,https://prod-dcd-datasets-public-files-eu-west-1.s3.eu-west-1.amazonaws.com/8c5e7993-463c-4a9c-9686-4479e989816d
leaf blight,maize_leaf_blight,leaf blight258_.jpg,https://data.mendeley.com/public-files/datasets/bwh3zbpkpv/files/d5bc21ac-4830-444d-9803-ca297bfaa0ac/file_downloaded,https://prod-dcd-datasets-public-files-eu-west-1.s3.eu-west-1.amazonaws.com/4e672795-0a4a-45f6-9cb1-850808df28e7
leaf blight,maize_leaf_blight,leaf blight259_.jpg,https://data.mendeley.com/public-files/datasets/bwh3zbpkpv/files/08a288c6-2061-4239-979b-0d244b14a1be/file_downloaded,https://prod-dcd-datasets-public-files-eu-west-1.s3.eu-west-1.amazonaws.com/66576176-66d2-444f-9ba2-6cfbe3389c7a
leaf blight,maize_leaf_blight,leaf blight25_.jpg,https://data.mendeley.com/public-files/datasets/bwh3zbpkpv/files/1bc0bdda-8645-4fc6-8d35-73566a9a7855/file_downloaded,https://prod-dcd-datasets-public-files-eu-west-1.s3.eu-west-1.amazonaws.com/838ba5f9-65d3-4b7d-9b06-af0bb2820081
leaf blight,maize_leaf_blight,leaf blight260_.jpg,https://data.mendeley.com/public-files/datasets/bwh3zbpkpv/files/cee5b976-a6fa-4492-90a9-84b6b8b1aff0/file_downloaded,https://prod-dcd-datasets-public-files-eu-west-1.s3.eu-west-1.amazonaws.com/fc30ed2e-213a-4c5c-a3ee-a6409d42a15f
leaf blight,maize_leaf_blight,leaf blight261_.jpg,https://data.mendeley.com/public-files/datasets/bwh3zbpkpv/files/d6f2fcb6-0bf5-473b-a808-5608b6122817/file_downloaded,https://prod-dcd-datasets-public-files-eu-west-1.s3.eu-west-1.amazonaws.com/68887b77-b1f1-4ea5-a30e-01690bb02dc2
leaf blight,maize_leaf_blight,leaf blight262_.jpg,https://data.mendeley.com/public-files/datasets/bwh3zbpkpv/files/834894ec-7e52-4805-8276-cc9e41c24db7/file_downloaded,https://prod-dcd-datasets-public-files-eu-west-1.s3.eu-west-1.amazonaws.com/87657042-b1ab-4e63-8488-42ac86de83de
leaf blight,maize_leaf_blight,leaf blight263_.jpg,https://data.mendeley.com/public-files/datasets/bwh3zbpkpv/files/32c4436d-67b1-4c6d-bb70-ff6fd56f0fe4/file_downloaded,https://prod-dcd-datasets-public-files-eu-west-1.s3.eu-west-1.amazonaws.com/48b4b377-f5bd-4981-ab1e-9928288486ea
leaf blight,maize_leaf_blight,leaf blight264_.jpg,https://data.mendeley.com/public-files/datasets/bwh3zbpkpv/files/e1ab97e8-aec3-40ea-a934-2bbf41bbac2c/file_downloaded,https://prod-dcd-datasets-public-files-eu-west-1.s3.eu-west-1.amazonaws.com/5f48c433-edea-47d9-ac30-c3e50f4765df
leaf blight,maize_leaf_blight,leaf blight265_.jpg,https://data.mendeley.com/public-files/datasets/bwh3zbpkpv/files/d68924b0-7dd8-49ad-89b6-1f7e907c2960/file_downloaded,https://prod-dcd-datasets-public-files-eu-west-1.s3.eu-west-1.amazonaws.com/48b2e1c7-4636-4ec2-8e2b-11dea3d83eb0
leaf blight,maize_leaf_blight,leaf blight266_.jpg,https://data.mendeley.com/public-files/datasets/bwh3zbpkpv/files/2a03f4a6-0d4c-4949-a3c4-483e5f2ef17f/file_downloaded,https://prod-dcd-datasets-public-files-eu-west-1.s3.eu-west-1.amazonaws.com/676a6fa0-8f1e-4c77-b950-1f5d39fc76ec
leaf blight,maize_leaf_blight,leaf blight267_.jpg,https://data.mendeley.com/public-files/datasets/bwh3zbpkpv/files/24c48dd2-09a9-48f5-862f-540f05ff0379/file_downloaded,https://prod-dcd-datasets-public-files-eu-west-1.s3.eu-west-1.amazonaws.com/fb99fbee-cc43-43e3-88d8-40a278ad5272
leaf blight,maize_leaf_blight,leaf blight268_.jpg,https://data.mendeley.com/public-files/datasets/bwh3zbpkpv/files/75d6e2e3-ac3e-4415-9c2e-9f7bd832af91/file_downloaded,https://prod-dcd-datasets-public-files-eu-west-1.s3.eu-west-1.amazonaws.com/f77614d4-01f4-4ffc-8ad0-3720f828b023
leaf blight,maize_leaf_blight,leaf blight269_.jpg,https://data.mendeley.com/public-files/datasets/bwh3zbpkpv/files/2899a99a-55fa-4945-8268-8f205b697dc7/file_downloaded,https://prod-dcd-datasets-public-files-eu-west-1.s3.eu-west-1.amazonaws.com/672b37e4-80f5-4a41-972d-ebaaf7417356
leaf blight,maize_leaf_blight,leaf blight26_.jpg,https://data.mendeley.com/public-files/datasets/bwh3zbpkpv/files/b06044b9-b312-4ad8-9d59-7a7551623c38/file_downloaded,https://prod-dcd-datasets-public-files-eu-west-1.s3.eu-west-1.amazonaws.com/645307de-9aa3-4577-bbfa-b5e543d50b06
leaf blight,maize_leaf_blight,leaf blight270_.jpg,https://data.mendeley.com/public-files/datasets/bwh3zbpkpv/files/f4fb2d74-c441-4f96-90a7-ceb411778456/file_downloaded,https://prod-dcd-datasets-public-files-eu-west-1.s3.eu-west-1.amazonaws.com/4cc7d5e5-ec30-4d13-a9e6-6cac178467c4
leaf blight,maize_leaf_blight,leaf blight271_.jpg,https://data.mendeley.com/public-files/datasets/bwh3zbpkpv/files/96bb783a-4bb0-4564-a15c-2ea8a930e3ff/file_downloaded,https://prod-dcd-datasets-public-files-eu-west-1.s3.eu-west-1.amazonaws.com/8d1a5bb5-2832-42b6-a386-ec5b56a3d0d1
leaf blight,maize_leaf_blight,leaf blight272_.jpg,https://data.mendeley.com/public-files/datasets/bwh3zbpkpv/files/ac3316ab-10b2-4e1f-a073-15a4f791a5ba/file_downloaded,https://prod-dcd-datasets-public-files-eu-west-1.s3.eu-west-1.amazonaws.com/d2937532-5abf-4461-91d0-ef2b34685e6c
leaf blight,maize_leaf_blight,leaf blight273_.jpg,https://data.mendeley.com/public-files/datasets/bwh3zbpkpv/files/83757300-8847-4647-87f8-a7d37d34e424/file_downloaded,https://prod-dcd-datasets-public-files-eu-west-1.s3.eu-west-1.amazonaws.com/24c77e6a-e0a7-4928-8709-dbaec5b2689b
leaf blight,maize_leaf_blight,leaf blight274_.jpg,https://data.mendeley.com/public-files/datasets/bwh3zbpkpv/files/26b640cb-a75f-48ad-af96-35065bbf8204/file_downloaded,https://prod-dcd-datasets-public-files-eu-west-1.s3.eu-west-1.amazonaws.com/d56612ca-1327-4afb-8123-27bdd90360f2
leaf blight,maize_leaf_blight,leaf blight275_.jpg,https://data.mendeley.com/public-files/datasets/bwh3zbpkpv/files/2eed9775-16a6-4ef8-9d05-4a28cf32c9a7/file_downloaded,https://prod-dcd-datasets-public-files-eu-west-1.s3.eu-west-1.amazonaws.com/a9a54827-3304-49ef-8536-09787bd2a068
leaf blight,maize_leaf_blight,leaf blight276_.jpg,https://data.mendeley.com/public-files/datasets/bwh3zbpkpv/files/efe8d4aa-716c-4348-8cd5-04633e1e3d3f/file_downloaded,https://prod-dcd-datasets-public-files-eu-west-1.s3.eu-west-1.amazonaws.com/b4f615f8-f7f0-4198-8fc8-0aac5f552bf3
leaf blight,maize_leaf_blight,leaf blight277_.jpg,https://data.mendeley.com/public-files/datasets/bwh3zbpkpv/files/2fca68c3-080f-41a7-b077-5099a3cf824b/file_downloaded,https://prod-dcd-datasets-public-files-eu-west-1.s3.eu-west-1.amazonaws.com/40fdd29a-0dd6-4946-a951-1ac654c3fc4d
leaf blight,maize_leaf_blight,leaf blight278_.jpg,https://data.mendeley.com/public-files/datasets/bwh3zbpkpv/files/8901f244-0744-40e3-8b0f-b44059222f30/file_downloaded,https://prod-dcd-datasets-public-files-eu-west-1.s3.eu-west-1.amazonaws.com/f87b8892-7e06-4449-aa97-c20d6a363f65
leaf blight,maize_leaf_blight,leaf blight279_.jpg,https://data.mendeley.com/public-files/datasets/bwh3zbpkpv/files/aaeac981-cf2a-418c-afb5-7d33dd2174b5/file_downloaded,https://prod-dcd-datasets-public-files-eu-west-1.s3.eu-west-1.amazonaws.com/a8e7e4d7-afa6-4982-90ba-2eeb1af52c70
leaf blight,maize_leaf_blight,leaf blight27_.jpg,https://data.mendeley.com/public-files/datasets/bwh3zbpkpv/files/c981365d-4d10-408b-bc73-fd776ba20d34/file_downloaded,https://prod-dcd-datasets-public-files-eu-west-1.s3.eu-west-1.amazonaws.com/16103fc4-4030-487d-bb3c-c0b08698687c
leaf blight,maize_leaf_blight,leaf blight280_.jpg,https://data.mendeley.com/public-files/datasets/bwh3zbpkpv/files/2f610e20-e8f9-4783-b3ed-338fb114cd27/file_downloaded,https://prod-dcd-datasets-public-files-eu-west-1.s3.eu-west-1.amazonaws.com/22a6f1cb-de79-430c-9357-b9f3b9f902fa
leaf blight,maize_leaf_blight,leaf blight281_.jpg,https://data.mendeley.com/public-files/datasets/bwh3zbpkpv/files/37735baa-cfef-43db-b341-594966ac8941/file_downloaded,https://prod-dcd-datasets-public-files-eu-west-1.s3.eu-west-1.amazonaws.com/a6ced8c6-dc02-4e3d-82be-29b4f8fdd1d1
leaf blight,maize_leaf_blight,leaf blight282_.jpg,https://data.mendeley.com/public-files/datasets/bwh3zbpkpv/files/79b6bd29-519d-4be2-b641-25d27f3a0032/file_downloaded,https://prod-dcd-datasets-public-files-eu-west-1.s3.eu-west-1.amazonaws.com/39f08b22-bd04-49d1-8179-f503e0fef8b5
leaf blight,maize_leaf_blight,leaf blight283_.jpg,https://data.mendeley.com/public-files/datasets/bwh3zbpkpv/files/8b9bf249-e96b-4696-8e77-8dabd7c60651/file_downloaded,https://prod-dcd-datasets-public-files-eu-west-1.s3.eu-west-1.amazonaws.com/c249ff7f-f166-464b-9af7-c59419d04694
leaf blight,maize_leaf_blight,leaf blight284_.jpg,https://data.mendeley.com/public-files/datasets/bwh3zbpkpv/files/fc18a34d-579e-4c8f-8c17-8e04a3c7fd15/file_downloaded,https://prod-dcd-datasets-public-files-eu-west-1.s3.eu-west-1.amazonaws.com/d409103d-b6f1-4015-9dea-9714d39e43b7
leaf blight,maize_leaf_blight,leaf blight285_.jpg,https://data.mendeley.com/public-files/datasets/bwh3zbpkpv/files/05f7cb54-a93c-44c4-96b3-d4365ab35581/file_downloaded,https://prod-dcd-datasets-public-files-eu-west-1.s3.eu-west-1.amazonaws.com/f40b2967-fe9d-41db-ae00-05540d3c3da8
leaf blight,maize_leaf_blight,leaf blight286_.jpg,https://data.mendeley.com/public-files/datasets/bwh3zbpkpv/files/46b1f67a-c690-4991-84c1-7ff16de9e54d/file_downloaded,https://prod-dcd-datasets-public-files-eu-west-1.s3.eu-west-1.amazonaws.com/d1dd6b82-97df-47ba-9bad-ebd2979f4676
leaf blight,maize_leaf_blight,leaf blight287_.jpg,https://data.mendeley.com/public-files/datasets/bwh3zbpkpv/files/65ac7840-9e7f-4322-937f-d304f3d4c542/file_downloaded,https://prod-dcd-datasets-public-files-eu-west-1.s3.eu-west-1.amazonaws.com/a0d92304-452c-4fed-bf0e-ce45122615d6
leaf blight,maize_leaf_blight,leaf blight288_.jpg,https://data.mendeley.com/public-files/datasets/bwh3zbpkpv/files/6732203f-594e-4c36-afbc-c0ac9353c488/file_downloaded,https://prod-dcd-datasets-public-files-eu-west-1.s3.eu-west-1.amazonaws.com/91e4ea64-f723-4898-9794-6246951e24ca
leaf blight,maize_leaf_blight,leaf blight289_.jpg,https://data.mendeley.com/public-files/datasets/bwh3zbpkpv/files/0c857bf5-4a9e-47de-a1bb-538440110564/file_downloaded,https://prod-dcd-datasets-public-files-eu-west-1.s3.eu-west-1.amazonaws.com/5281a973-0999-4cb9-9cca-fd4b8c442fe3
leaf blight,maize_leaf_blight,leaf blight28_.jpg,https://data.mendeley.com/public-files/datasets/bwh3zbpkpv/files/6b708e02-08d0-42a5-be89-8e737b030ebe/file_downloaded,https://prod-dcd-datasets-public-files-eu-west-1.s3.eu-west-1.amazonaws.com/661fe22b-6e45-46e0-850c-7ab1f5712730
leaf blight,maize_leaf_blight,leaf blight290_.jpg,https://data.mendeley.com/public-files/datasets/bwh3zbpkpv/files/953125f4-7148-459f-9246-770ff6b1ca9a/file_downloaded,https://prod-dcd-datasets-public-files-eu-west-1.s3.eu-west-1.amazonaws.com/17dd5d23-5b21-46ae-80f6-4298f563b986
leaf blight,maize_leaf_blight,leaf blight291_.jpg,https://data.mendeley.com/public-files/datasets/bwh3zbpkpv/files/c3e49f18-8cbf-486f-8468-a2cfc6c0c37d/file_downloaded,https://prod-dcd-datasets-public-files-eu-west-1.s3.eu-west-1.amazonaws.com/ea963232-5b68-4462-878c-65c399ed103a
leaf blight,maize_leaf_blight,leaf blight292_.jpg,https://data.mendeley.com/public-files/datasets/bwh3zbpkpv/files/4af117b1-373a-4c72-b4f8-d12accb00ee3/file_downloaded,https://prod-dcd-datasets-public-files-eu-west-1.s3.eu-west-1.amazonaws.com/fb5d9d61-ee00-488e-a9b0-4b4bbbc599c0
leaf blight,maize_leaf_blight,leaf blight293_.jpg,https://data.mendeley.com/public-files/datasets/bwh3zbpkpv/files/d847f481-f483-436d-b5b4-5c7e3537eabd/file_downloaded,https://prod-dcd-datasets-public-files-eu-west-1.s3.eu-west-1.amazonaws.com/68eb3ebf-67c3-463e-8d5f-546255dbea44
leaf blight,maize_leaf_blight,leaf blight294_.jpg,https://data.mendeley.com/public-files/datasets/bwh3zbpkpv/files/e844e73b-63a6-4221-89dc-f7ac5e1bb839/file_downloaded,https://prod-dcd-datasets-public-files-eu-west-1.s3.eu-west-1.amazonaws.com/d52b0fbf-b118-4e1e-ba61-f9727c1b22f2
leaf blight,maize_leaf_blight,leaf blight295_.jpg,https://data.mendeley.com/public-files/datasets/bwh3zbpkpv/files/93333517-b5e5-4609-87b3-cbc9195555f2/file_downloaded,https://prod-dcd-datasets-public-files-eu-west-1.s3.eu-west-1.amazonaws.com/3f9b4e20-b95f-4318-9a26-6de2995f62f8
leaf blight,maize_leaf_blight,leaf blight296_.jpg,https://data.mendeley.com/public-files/datasets/bwh3zbpkpv/files/707a7e59-6472-4423-bf42-f3dbc8b6633e/file_downloaded,https://prod-dcd-datasets-public-files-eu-west-1.s3.eu-west-1.amazonaws.com/75143656-1aa9-46f0-8e8d-539c17bdadbf
leaf blight,maize_leaf_blight,leaf blight297_.jpg,https://data.mendeley.com/public-files/datasets/bwh3zbpkpv/files/24b606b8-0335-4e70-8b8e-36adebd6dce6/file_downloaded,https://prod-dcd-datasets-public-files-eu-west-1.s3.eu-west-1.amazonaws.com/ea9fc380-cfa5-4bad-b177-08536725df54
leaf blight,maize_leaf_blight,leaf blight298_.jpg,https://data.mendeley.com/public-files/datasets/bwh3zbpkpv/files/d7a45ee5-6b64-4eef-844f-6ea22d67a59e/file_downloaded,https://prod-dcd-datasets-public-files-eu-west-1.s3.eu-west-1.amazonaws.com/ad33b66b-4944-43b1-af6d-de620c2be676
leaf blight,maize_leaf_blight,leaf blight299_.jpg,https://data.mendeley.com/public-files/datasets/bwh3zbpkpv/files/5d907cde-43e6-47ef-9122-f7254770fbbe/file_downloaded,https://prod-dcd-datasets-public-files-eu-west-1.s3.eu-west-1.amazonaws.com/a1c4d611-5e66-4fe3-a365-5cb2909e2081
leaf blight,maize_leaf_blight,leaf blight29_.jpg,https://data.mendeley.com/public-files/datasets/bwh3zbpkpv/files/7513e537-3296-45d2-b185-2950c556fa79/file_downloaded,https://prod-dcd-datasets-public-files-eu-west-1.s3.eu-west-1.amazonaws.com/d9a70158-a716-45c0-99c5-0e9cb24e6586
leaf blight,maize_leaf_blight,leaf blight2_.jpg,https://data.mendeley.com/public-files/datasets/bwh3zbpkpv/files/bc52184b-03ad-4e07-a966-5b5ccdd945f8/file_downloaded,https://prod-dcd-datasets-public-files-eu-west-1.s3.eu-west-1.amazonaws.com/f5e61c1b-8d4b-47d8-afcb-7fb8da7286f1
leaf blight,maize_leaf_blight,leaf blight300_.jpg,https://data.mendeley.com/public-files/datasets/bwh3zbpkpv/files/73a41064-216c-462c-9f38-b60d16adbaf9/file_downloaded,https://prod-dcd-datasets-public-files-eu-west-1.s3.eu-west-1.amazonaws.com/618c368f-55fe-45c9-8f3e-8b4d0a991999
leaf blight,maize_leaf_blight,leaf blight301_.jpg,https://data.mendeley.com/public-files/datasets/bwh3zbpkpv/files/a116cd28-1481-4538-8765-b3a7f6094418/file_downloaded,https://prod-dcd-datasets-public-files-eu-west-1.s3.eu-west-1.amazonaws.com/1aee3d2c-0c8a-4967-88d8-188b2f79cc96
leaf blight,maize_leaf_blight,leaf blight302_.jpg,https://data.mendeley.com/public-files/datasets/bwh3zbpkpv/files/f2dfa680-f52a-46b8-baa1-0be4dbe73c84/file_downloaded,https://prod-dcd-datasets-public-files-eu-west-1.s3.eu-west-1.amazonaws.com/4464c169-c27d-469c-9032-a606d166df3e
leaf blight,maize_leaf_blight,leaf blight303_.jpg,https://data.mendeley.com/public-files/datasets/bwh3zbpkpv/files/458727b3-8354-4e07-8cb2-1c2405e2403b/file_downloaded,https://prod-dcd-datasets-public-files-eu-west-1.s3.eu-west-1.amazonaws.com/15023cc0-d840-40ee-a936-c29a1b520935
leaf blight,maize_leaf_blight,leaf blight304_.jpg,https://data.mendeley.com/public-files/datasets/bwh3zbpkpv/files/b0b9ed4b-acea-4c46-9a23-6d57d39e8ac1/file_downloaded,https://prod-dcd-datasets-public-files-eu-west-1.s3.eu-west-1.amazonaws.com/38873083-42a8-4dfb-a34b-dd2b27575ad6
leaf blight,maize_leaf_blight,leaf blight305_.jpg,https://data.mendeley.com/public-files/datasets/bwh3zbpkpv/files/bba854d5-ef54-41c6-9cdd-9b7cd399f537/file_downloaded,https://prod-dcd-datasets-public-files-eu-west-1.s3.eu-west-1.amazonaws.com/0d3bb215-f00b-4dc2-b264-15b5bc032263
leaf blight,maize_leaf_blight,leaf blight306_.jpg,https://data.mendeley.com/public-files/datasets/bwh3zbpkpv/files/d2cd548b-e8b3-44b5-94c8-ae25cff5e686/file_downloaded,https://prod-dcd-datasets-public-files-eu-west-1.s3.eu-west-1.amazonaws.com/ffc7bed4-28e8-4832-b4db-bf20c5b9d68d
leaf blight,maize_leaf_blight,leaf blight307_.jpg,https://data.mendeley.com/public-files/datasets/bwh3zbpkpv/files/9e8067fe-23af-4ff3-b3d4-7d6485a664d9/file_downloaded,https://prod-dcd-datasets-public-files-eu-west-1.s3.eu-west-1.amazonaws.com/b0d2c9e0-6996-4091-840d-a59634a73177
leaf blight,maize_leaf_blight,leaf blight308_.jpg,https://data.mendeley.com/public-files/datasets/bwh3zbpkpv/files/0ea05fd3-e6b5-4a5f-974b-dd2fe97cdda4/file_downloaded,https://prod-dcd-datasets-public-files-eu-west-1.s3.eu-west-1.amazonaws.com/3e0ba9c4-cc39-4058-8f93-86231ed5f271
leaf blight,maize_leaf_blight,leaf blight309_.jpg,https://data.mendeley.com/public-files/datasets/bwh3zbpkpv/files/81394a78-a7e8-4cf0-a921-a42546ff55ee/file_downloaded,https://prod-dcd-datasets-public-files-eu-west-1.s3.eu-west-1.amazonaws.com/4021d1ac-3178-4682-a142-e147c09278d2
leaf blight,maize_leaf_blight,leaf blight30_.jpg,https://data.mendeley.com/public-files/datasets/bwh3zbpkpv/files/50544a0e-1e17-46bb-8f1f-6c5407d79001/file_downloaded,https://prod-dcd-datasets-public-files-eu-west-1.s3.eu-west-1.amazonaws.com/9ada1e92-4139-4a30-9b1a-585c206caea3
leaf blight,maize_leaf_blight,leaf blight310_.jpg,https://data.mendeley.com/public-files/datasets/bwh3zbpkpv/files/d94fbcd0-3c7b-4253-bbfd-3081f31bea22/file_downloaded,https://prod-dcd-datasets-public-files-eu-west-1.s3.eu-west-1.amazonaws.com/95864f14-7bb9-4a5b-9e75-a23a4d0bf78c
leaf blight,maize_leaf_blight,leaf blight311_.jpg,https://data.mendeley.com/public-files/datasets/bwh3zbpkpv/files/b9d90446-30fe-46b8-ba07-cf28aa98c46d/file_downloaded,https://prod-dcd-datasets-public-files-eu-west-1.s3.eu-west-1.amazonaws.com/8ac6e09c-630d-4598-8c0a-881d417d8471
leaf blight,maize_leaf_blight,leaf blight312_.jpg,https://data.mendeley.com/public-files/datasets/bwh3zbpkpv/files/b34595e6-f85b-428a-935c-a2e25cc669ba/file_downloaded,https://prod-dcd-datasets-public-files-eu-west-1.s3.eu-west-1.amazonaws.com/158bb5e4-1f5f-4eae-88d7-7e0777999801
leaf blight,maize_leaf_blight,leaf blight313_.jpg,https://data.mendeley.com/public-files/datasets/bwh3zbpkpv/files/d3d5dc7d-ca45-40ac-af7c-f2c4e2ff0fc1/file_downloaded,https://prod-dcd-datasets-public-files-eu-west-1.s3.eu-west-1.amazonaws.com/d68e7cca-ec33-4a9c-8b0a-4466d4559388
leaf blight,maize_leaf_blight,leaf blight314_.jpg,https://data.mendeley.com/public-files/datasets/bwh3zbpkpv/files/c420ca5d-e143-4eb8-b467-dbbc13637e47/file_downloaded,https://prod-dcd-datasets-public-files-eu-west-1.s3.eu-west-1.amazonaws.com/0f6190cb-7fbf-4f67-9dce-a3dec2eaaef1
leaf blight,maize_leaf_blight,leaf blight315_.jpg,https://data.mendeley.com/public-files/datasets/bwh3zbpkpv/files/cd4bb04d-7903-4b99-885b-4105680cd70d/file_downloaded,https://prod-dcd-datasets-public-files-eu-west-1.s3.eu-west-1.amazonaws.com/8fba6040-6cfc-4b0c-931b-2278bcdc47ec
leaf blight,maize_leaf_blight,leaf blight316_.jpg,https://data.mendeley.com/public-files/datasets/bwh3zbpkpv/files/57525e7b-096c-4dda-b320-9f85d25ca6cd/file_downloaded,https://prod-dcd-datasets-public-files-eu-west-1.s3.eu-west-1.amazonaws.com/09683fb5-4515-405c-b323-4b1d1b5aa72d
leaf blight,maize_leaf_blight,leaf blight317_.jpg,https://data.mendeley.com/public-files/datasets/bwh3zbpkpv/files/b925f84d-075a-4bc7-a4cf-2864648328b8/file_downloaded,https://prod-dcd-datasets-public-files-eu-west-1.s3.eu-west-1.amazonaws.com/73037b6f-bc49-4c37-97a9-050aab48f358
leaf blight,maize_leaf_blight,leaf blight318_.jpg,https://data.mendeley.com/public-files/datasets/bwh3zbpkpv/files/971d6ec1-9458-43fd-99a4-dd1dd240b7fc/file_downloaded,https://prod-dcd-datasets-public-files-eu-west-1.s3.eu-west-1.amazonaws.com/ba2f51d0-ad00-45d9-99d0-52c0f901f7bb
leaf blight,maize_leaf_blight,leaf blight319_.jpg,https://data.mendeley.com/public-files/datasets/bwh3zbpkpv/files/a3cae971-cac1-4579-9442-355267f9457c/file_downloaded,https://prod-dcd-datasets-public-files-eu-west-1.s3.eu-west-1.amazonaws.com/f7b6a02e-01ab-41e4-9113-bf2a97a28df0
leaf blight,maize_leaf_blight,leaf blight31_.jpg,https://data.mendeley.com/public-files/datasets/bwh3zbpkpv/files/59ace3cf-02e7-4794-b81b-cbead2cc706b/file_downloaded,https://prod-dcd-datasets-public-files-eu-west-1.s3.eu-west-1.amazonaws.com/59621254-d7b3-464e-87d7-8b79a18d48e0
leaf blight,maize_leaf_blight,leaf blight320_.jpg,https://data.mendeley.com/public-files/datasets/bwh3zbpkpv/files/0f797b1e-de61-4248-ac67-865eec049484/file_downloaded,https://prod-dcd-datasets-public-files-eu-west-1.s3.eu-west-1.amazonaws.com/d6694d56-e299-4242-b866-7e4aa83ffbc5
leaf blight,maize_leaf_blight,leaf blight321_.jpg,https://data.mendeley.com/public-files/datasets/bwh3zbpkpv/files/ea33aee4-f399-4ada-92bd-ec7b1cb28c9a/file_downloaded,https://prod-dcd-datasets-public-files-eu-west-1.s3.eu-west-1.amazonaws.com/47146d4a-d3f8-4f41-b19c-7acfad0fd485
leaf blight,maize_leaf_blight,leaf blight322_.jpg,https://data.mendeley.com/public-files/datasets/bwh3zbpkpv/files/457fa9d2-d465-40f3-ba78-b024f20f198a/file_downloaded,https://prod-dcd-datasets-public-files-eu-west-1.s3.eu-west-1.amazonaws.com/5237c517-b7ec-4780-9cd8-937dc934c752
leaf blight,maize_leaf_blight,leaf blight323_.jpg,https://data.mendeley.com/public-files/datasets/bwh3zbpkpv/files/09047450-855d-458c-94b0-992e23c1c710/file_downloaded,https://prod-dcd-datasets-public-files-eu-west-1.s3.eu-west-1.amazonaws.com/18de9777-01b2-4420-ab0d-1e85a3d4eef9
leaf blight,maize_leaf_blight,leaf blight324_.jpg,https://data.mendeley.com/public-files/datasets/bwh3zbpkpv/files/d61687ce-e2c4-4361-893b-5efd48f580d7/file_downloaded,https://prod-dcd-datasets-public-files-eu-west-1.s3.eu-west-1.amazonaws.com/9c8dc198-5850-4212-9bec-18e211487da8
leaf blight,maize_leaf_blight,leaf blight325_.jpg,https://data.mendeley.com/public-files/datasets/bwh3zbpkpv/files/af8cf1f2-e5ba-48b4-b15d-becea3e7974a/file_downloaded,https://prod-dcd-datasets-public-files-eu-west-1.s3.eu-west-1.amazonaws.com/094c4de2-5aaf-410a-b3d7-946784faf9d7
leaf blight,maize_leaf_blight,leaf blight326_.jpg,https://data.mendeley.com/public-files/datasets/bwh3zbpkpv/files/edff5e0e-afe7-41a5-a1f5-c59bd0e68305/file_downloaded,https://prod-dcd-datasets-public-files-eu-west-1.s3.eu-west-1.amazonaws.com/d3ed7540-fa62-4d6a-b426-788946241788
leaf blight,maize_leaf_blight,leaf blight327_.jpg,https://data.mendeley.com/public-files/datasets/bwh3zbpkpv/files/a234b0b5-6396-4512-aba1-eb399d29ca4d/file_downloaded,https://prod-dcd-datasets-public-files-eu-west-1.s3.eu-west-1.amazonaws.com/9c285d14-f2b0-41ff-95d2-aff67914761e
leaf blight,maize_leaf_blight,leaf blight328_.jpg,https://data.mendeley.com/public-files/datasets/bwh3zbpkpv/files/88450bbb-bf2f-4a1b-a0e0-77b7538f5ed3/file_downloaded,https://prod-dcd-datasets-public-files-eu-west-1.s3.eu-west-1.amazonaws.com/32881d8c-9788-46b3-82b3-0a61aa4468c8
leaf blight,maize_leaf_blight,leaf blight329_.jpg,https://data.mendeley.com/public-files/datasets/bwh3zbpkpv/files/09f2ced3-d737-41fe-ab99-bb394e808cd5/file_downloaded,https://prod-dcd-datasets-public-files-eu-west-1.s3.eu-west-1.amazonaws.com/164f0ad2-00e5-40aa-ab45-60f3a9a00106
leaf blight,maize_leaf_blight,leaf blight32_.jpg,https://data.mendeley.com/public-files/datasets/bwh3zbpkpv/files/1a373026-0ece-48de-bc0d-087e476a1efc/file_downloaded,https://prod-dcd-datasets-public-files-eu-west-1.s3.eu-west-1.amazonaws.com/acc6a872-a80e-430e-b602-67501b15a44d
leaf blight,maize_leaf_blight,leaf blight330_.jpg,https://data.mendeley.com/public-files/datasets/bwh3zbpkpv/files/28cc1cf8-2367-4632-a05f-cf1844579a89/file_downloaded,https://prod-dcd-datasets-public-files-eu-west-1.s3.eu-west-1.amazonaws.com/71549c8f-657d-43fb-bcdb-4cfda17e9fdc
leaf blight,maize_leaf_blight,leaf blight331_.jpg,https://data.mendeley.com/public-files/datasets/bwh3zbpkpv/files/28bff6bf-a64e-4c79-97b8-1bb54c33d064/file_downloaded,https://prod-dcd-datasets-public-files-eu-west-1.s3.eu-west-1.amazonaws.com/effe9ed3-0aa4-4c74-b3a3-1c54a5ced842
leaf blight,maize_leaf_blight,leaf blight332_.jpg,https://data.mendeley.com/public-files/datasets/bwh3zbpkpv/files/f53d901c-29ab-4b83-bf9e-bc62bf44e42a/file_downloaded,https://prod-dcd-datasets-public-files-eu-west-1.s3.eu-west-1.amazonaws.com/75c64fdc-a080-40b4-b53b-33f7e299f70c
leaf blight,maize_leaf_blight,leaf blight333_.jpg,https://data.mendeley.com/public-files/datasets/bwh3zbpkpv/files/7f44b835-dfa5-4821-96f8-92d58d81d3f3/file_downloaded,https://prod-dcd-datasets-public-files-eu-west-1.s3.eu-west-1.amazonaws.com/cf53e326-679c-4982-90ed-e6af911b3811
leaf blight,maize_leaf_blight,leaf blight334_.jpg,https://data.mendeley.com/public-files/datasets/bwh3zbpkpv/files/fff68abd-aa02-41a6-b274-65355100419c/file_downloaded,https://prod-dcd-datasets-public-files-eu-west-1.s3.eu-west-1.amazonaws.com/2fac802e-d2d3-401e-9518-7ad839d472a7
leaf blight,maize_leaf_blight,leaf blight335_.jpg,https://data.mendeley.com/public-files/datasets/bwh3zbpkpv/files/8aacec64-4c95-4b96-aa0b-f33ac620d41d/file_downloaded,https://prod-dcd-datasets-public-files-eu-west-1.s3.eu-west-1.amazonaws.com/ed27cf7a-dd26-4016-b20b-6f1bb40eef65
leaf blight,maize_leaf_blight,leaf blight336_.jpg,https://data.mendeley.com/public-files/datasets/bwh3zbpkpv/files/6e546807-b6f0-4f2d-8e3d-e367ec1ff62c/file_downloaded,https://prod-dcd-datasets-public-files-eu-west-1.s3.eu-west-1.amazonaws.com/c1bd6b9a-9e47-4250-b1d0-a65a1001c144
leaf blight,maize_leaf_blight,leaf blight337_.jpg,https://data.mendeley.com/public-files/datasets/bwh3zbpkpv/files/c358ac88-6dd3-4943-a2f0-b2c76b51b088/file_downloaded,https://prod-dcd-datasets-public-files-eu-west-1.s3.eu-west-1.amazonaws.com/d6a869d8-0edb-4c97-902f-3c2ee17e66a9
leaf blight,maize_leaf_blight,leaf blight338_.jpg,https://data.mendeley.com/public-files/datasets/bwh3zbpkpv/files/0c5d47f5-7b57-4e3e-86fc-de5d3f788b1d/file_downloaded,https://prod-dcd-datasets-public-files-eu-west-1.s3.eu-west-1.amazonaws.com/f146bd52-f72e-4201-9c86-1c050b29f355
leaf blight,maize_leaf_blight,leaf blight339_.jpg,https://data.mendeley.com/public-files/datasets/bwh3zbpkpv/files/327d7a5f-f381-4d8d-b501-0769405da34e/file_downloaded,https://prod-dcd-datasets-public-files-eu-west-1.s3.eu-west-1.amazonaws.com/f17b8b83-38d4-494e-ac8b-7981bc41d4c4
leaf blight,maize_leaf_blight,leaf blight33_.jpg,https://data.mendeley.com/public-files/datasets/bwh3zbpkpv/files/861612f6-b79b-4021-860a-3f6c68ba194d/file_downloaded,https://prod-dcd-datasets-public-files-eu-west-1.s3.eu-west-1.amazonaws.com/accd1dea-5f86-4eb9-9486-58aa47ddc8b4
leaf blight,maize_leaf_blight,leaf blight340_.jpg,https://data.mendeley.com/public-files/datasets/bwh3zbpkpv/files/0935a013-ce36-46f3-bb27-d8e8078b7929/file_downloaded,https://prod-dcd-datasets-public-files-eu-west-1.s3.eu-west-1.amazonaws.com/bbe5ed97-ad10-4fe2-b3b2-6e051ad8ba2a
leaf blight,maize_leaf_blight,leaf blight341_.jpg,https://data.mendeley.com/public-files/datasets/bwh3zbpkpv/files/e9a75e5e-8a66-41a0-a74f-c4f9e2db5ab1/file_downloaded,https://prod-dcd-datasets-public-files-eu-west-1.s3.eu-west-1.amazonaws.com/b4e7e74b-a3a5-4409-a8c3-53b5f6a3dcd4
leaf blight,maize_leaf_blight,leaf blight342_.jpg,https://data.mendeley.com/public-files/datasets/bwh3zbpkpv/files/cb8114b7-c7f1-491a-991b-cf4c05539524/file_downloaded,https://prod-dcd-datasets-public-files-eu-west-1.s3.eu-west-1.amazonaws.com/f52b1699-a06e-4d02-9662-f1b3cd1b44a8
leaf blight,maize_leaf_blight,leaf blight343_.jpg,https://data.mendeley.com/public-files/datasets/bwh3zbpkpv/files/24472f36-5860-4b5e-bd9a-30ed6fde97e5/file_downloaded,https://prod-dcd-datasets-public-files-eu-west-1.s3.eu-west-1.amazonaws.com/62a4a793-2d02-4fb8-85e6-298069db5883
leaf blight,maize_leaf_blight,leaf blight344_.jpg,https://data.mendeley.com/public-files/datasets/bwh3zbpkpv/files/33a97813-395f-461b-ac57-ff9be2df4fc5/file_downloaded,https://prod-dcd-datasets-public-files-eu-west-1.s3.eu-west-1.amazonaws.com/e5343bc0-78dc-4bde-8d9a-029e56ba056f
leaf blight,maize_leaf_blight,leaf blight345_.jpg,https://data.mendeley.com/public-files/datasets/bwh3zbpkpv/files/5c3b0b22-8480-4ddb-aa79-4f585217d9a0/file_downloaded,https://prod-dcd-datasets-public-files-eu-west-1.s3.eu-west-1.amazonaws.com/c4d8c3bc-5ac5-40c9-ab3e-b47a4d8d30a2
leaf blight,maize_leaf_blight,leaf blight346_.jpg,https://data.mendeley.com/public-files/datasets/bwh3zbpkpv/files/ab837b87-50be-44fd-9ba8-456362d75dc3/file_downloaded,https://prod-dcd-datasets-public-files-eu-west-1.s3.eu-west-1.amazonaws.com/fde52c3e-aad6-4386-85b3-4299f9c4fb01
leaf blight,maize_leaf_blight,leaf blight347_.jpg,https://data.mendeley.com/public-files/datasets/bwh3zbpkpv/files/fc55a21d-30e7-47f2-a65b-95e5fdbcd41c/file_downloaded,https://prod-dcd-datasets-public-files-eu-west-1.s3.eu-west-1.amazonaws.com/974456a3-d604-4975-aff2-0d058e62aedd
leaf blight,maize_leaf_blight,leaf blight348_.jpg,https://data.mendeley.com/public-files/datasets/bwh3zbpkpv/files/bd0ab04d-879f-4d94-b542-309c6ee3f926/file_downloaded,https://prod-dcd-datasets-public-files-eu-west-1.s3.eu-west-1.amazonaws.com/d60101ea-2531-45e8-96c3-cd800ef6387c
leaf blight,maize_leaf_blight,leaf blight349_.jpg,https://data.mendeley.com/public-files/datasets/bwh3zbpkpv/files/08491551-12fc-4428-b1fe-d8ecfc8a7ce0/file_downloaded,https://prod-dcd-datasets-public-files-eu-west-1.s3.eu-west-1.amazonaws.com/57609223-2db2-48d1-8c73-b1b66b6f120c
leaf blight,maize_leaf_blight,leaf blight34_.jpg,https://data.mendeley.com/public-files/datasets/bwh3zbpkpv/files/f0639fed-58af-4b14-9b54-dabf51bade01/file_downloaded,https://prod-dcd-datasets-public-files-eu-west-1.s3.eu-west-1.amazonaws.com/3667a8b9-d9c1-4c9d-b373-9edbbab0b61f
leaf blight,maize_leaf_blight,leaf blight350_.jpg,https://data.mendeley.com/public-files/datasets/bwh3zbpkpv/files/82bf53ed-7ee2-4e1a-9998-d13264cb3616/file_downloaded,https://prod-dcd-datasets-public-files-eu-west-1.s3.eu-west-1.amazonaws.com/07d24f78-4dc1-4686-a0d3-13a5853bd04e
leaf blight,maize_leaf_blight,leaf blight351_.jpg,https://data.mendeley.com/public-files/datasets/bwh3zbpkpv/files/ba022b5d-f946-432a-96d5-464a73789806/file_downloaded,https://prod-dcd-datasets-public-files-eu-west-1.s3.eu-west-1.amazonaws.com/5cdaa518-7f34-4ca6-9260-91e2f1d515d7
leaf blight,maize_leaf_blight,leaf blight352_.jpg,https://data.mendeley.com/public-files/datasets/bwh3zbpkpv/files/114148a1-fef7-4511-bbd1-4ca9f2d56ce2/file_downloaded,https://prod-dcd-datasets-public-files-eu-west-1.s3.eu-west-1.amazonaws.com/c152a80c-fcdf-404b-91f1-466cfffed903
leaf blight,maize_leaf_blight,leaf blight353_.jpg,https://data.mendeley.com/public-files/datasets/bwh3zbpkpv/files/ae13477f-ec3e-4e27-90a9-1df1626813dc/file_downloaded,https://prod-dcd-datasets-public-files-eu-west-1.s3.eu-west-1.amazonaws.com/71c8ecee-5e18-4b24-83a3-d245b6e199bc
leaf blight,maize_leaf_blight,leaf blight354_.jpg,https://data.mendeley.com/public-files/datasets/bwh3zbpkpv/files/762cbb74-2eb3-4a68-a1f0-74a20fbc3f2a/file_downloaded,https://prod-dcd-datasets-public-files-eu-west-1.s3.eu-west-1.amazonaws.com/d1763af5-cc1e-4665-9e1e-f22d7b3ae011
leaf blight,maize_leaf_blight,leaf blight355_.jpg,https://data.mendeley.com/public-files/datasets/bwh3zbpkpv/files/21e89c84-30a0-4edc-9b5f-bcdf2ed6b8ae/file_downloaded,https://prod-dcd-datasets-public-files-eu-west-1.s3.eu-west-1.amazonaws.com/5c27f08b-6067-46d6-89be-ef0d234980da
leaf blight,maize_leaf_blight,leaf blight356_.jpg,https://data.mendeley.com/public-files/datasets/bwh3zbpkpv/files/4e20f2b0-2c66-4170-8e2e-44216e1fec44/file_downloaded,https://prod-dcd-datasets-public-files-eu-west-1.s3.eu-west-1.amazonaws.com/1edd6c07-5c38-49bf-99b5-a22f3500010a
leaf blight,maize_leaf_blight,leaf blight357_.jpg,https://data.mendeley.com/public-files/datasets/bwh3zbpkpv/files/76ec2674-bb82-4ab7-940c-bb7cdfdbe34b/file_downloaded,https://prod-dcd-datasets-public-files-eu-west-1.s3.eu-west-1.amazonaws.com/b1d3a0d2-6f15-4b25-838e-106ed04d264f
leaf blight,maize_leaf_blight,leaf blight358_.jpg,https://data.mendeley.com/public-files/datasets/bwh3zbpkpv/files/16181622-5539-4989-8ef2-4d8011dcf5da/file_downloaded,https://prod-dcd-datasets-public-files-eu-west-1.s3.eu-west-1.amazonaws.com/76e1b062-f4c7-4b09-97c3-3b971e014919
leaf blight,maize_leaf_blight,leaf blight359_.jpg,https://data.mendeley.com/public-files/datasets/bwh3zbpkpv/files/16547d01-ae40-4588-8cd4-f886cd945edd/file_downloaded,https://prod-dcd-datasets-public-files-eu-west-1.s3.eu-west-1.amazonaws.com/e9300302-3899-4de4-a576-9201d063fc3e
leaf blight,maize_leaf_blight,leaf blight35_.jpg,https://data.mendeley.com/public-files/datasets/bwh3zbpkpv/files/847b5252-ea43-43e0-8c8f-b084e9a8f9b7/file_downloaded,https://prod-dcd-datasets-public-files-eu-west-1.s3.eu-west-1.amazonaws.com/f2a74975-7e50-4203-9b9a-9d5169e68f25
leaf blight,maize_leaf_blight,leaf blight360_.jpg,https://data.mendeley.com/public-files/datasets/bwh3zbpkpv/files/2a3c2e90-4fde-4524-ad12-109b2f7765d7/file_downloaded,https://prod-dcd-datasets-public-files-eu-west-1.s3.eu-west-1.amazonaws.com/ad24bd1e-724c-40ed-a04a-d185ba493910
leaf blight,maize_leaf_blight,leaf blight361_.jpg,https://data.mendeley.com/public-files/datasets/bwh3zbpkpv/files/2ea563e1-a4f3-4303-870a-2c041b171ccb/file_downloaded,https://prod-dcd-datasets-public-files-eu-west-1.s3.eu-west-1.amazonaws.com/c5c6c434-0e55-434f-9c44-a66711212cd4
leaf blight,maize_leaf_blight,leaf blight362_.jpg,https://data.mendeley.com/public-files/datasets/bwh3zbpkpv/files/3d0e9716-ccc9-41b1-b409-c622c5a4fe66/file_downloaded,https://prod-dcd-datasets-public-files-eu-west-1.s3.eu-west-1.amazonaws.com/7b036495-8d0e-4267-b8aa-2d90ba069f29
leaf blight,maize_leaf_blight,leaf blight363_.jpg,https://data.mendeley.com/public-files/datasets/bwh3zbpkpv/files/88e8e3c3-972f-4ef0-85d7-7da0f21e193d/file_downloaded,https://prod-dcd-datasets-public-files-eu-west-1.s3.eu-west-1.amazonaws.com/8b8abbb0-a776-4dc1-8c5a-25c354420442
leaf blight,maize_leaf_blight,leaf blight364_.jpg,https://data.mendeley.com/public-files/datasets/bwh3zbpkpv/files/8cca7a64-9ab7-46dd-b60f-5e2425fb3aee/file_downloaded,https://prod-dcd-datasets-public-files-eu-west-1.s3.eu-west-1.amazonaws.com/973357ce-8dc7-4962-adf6-bb024761c2b4
leaf blight,maize_leaf_blight,leaf blight365_.jpg,https://data.mendeley.com/public-files/datasets/bwh3zbpkpv/files/1cc739ea-19a4-4ecc-a95a-5598329696a4/file_downloaded,https://prod-dcd-datasets-public-files-eu-west-1.s3.eu-west-1.amazonaws.com/6ccbd86d-d882-4ab4-a8a1-60bd9a17da56
leaf blight,maize_leaf_blight,leaf blight366_.jpg,https://data.mendeley.com/public-files/datasets/bwh3zbpkpv/files/42e8124e-5364-48c3-b2b9-63416fd1cb31/file_downloaded,https://prod-dcd-datasets-public-files-eu-west-1.s3.eu-west-1.amazonaws.com/38457bb8-35c5-4b5f-b2b6-9f6c7a806ed3
leaf blight,maize_leaf_blight,leaf blight367_.jpg,https://data.mendeley.com/public-files/datasets/bwh3zbpkpv/files/345946fb-950b-423d-9161-25929bdd99cd/file_downloaded,https://prod-dcd-datasets-public-files-eu-west-1.s3.eu-west-1.amazonaws.com/23fbacd0-9da3-4357-afe0-d0887a660dea
leaf blight,maize_leaf_blight,leaf blight368_.jpg,https://data.mendeley.com/public-files/datasets/bwh3zbpkpv/files/caa921ba-76ea-4400-8cf2-fd182bb8962c/file_downloaded,https://prod-dcd-datasets-public-files-eu-west-1.s3.eu-west-1.amazonaws.com/a23e1756-fec8-46c0-8793-4c2c941c9cf8
leaf blight,maize_leaf_blight,leaf blight369_.jpg,https://data.mendeley.com/public-files/datasets/bwh3zbpkpv/files/42018c64-6aa6-4540-8c73-373b47f27d90/file_downloaded,https://prod-dcd-datasets-public-files-eu-west-1.s3.eu-west-1.amazonaws.com/bd6de900-65a5-4df5-89f9-be74bf1ada9f
leaf blight,maize_leaf_blight,leaf blight36_.jpg,https://data.mendeley.com/public-files/datasets/bwh3zbpkpv/files/45baf23f-13e5-4c03-98e1-fee65ace766e/file_downloaded,https://prod-dcd-datasets-public-files-eu-west-1.s3.eu-west-1.amazonaws.com/c20aaf3a-6699-4b43-8cd4-9acb70af6877
leaf blight,maize_leaf_blight,leaf blight370_.jpg,https://data.mendeley.com/public-files/datasets/bwh3zbpkpv/files/0986ac2a-d51b-4a1a-8e93-1eb9dddfaa8f/file_downloaded,https://prod-dcd-datasets-public-files-eu-west-1.s3.eu-west-1.amazonaws.com/8cd5c094-6ff3-4182-a9f8-ac1c661124c9
leaf blight,maize_leaf_blight,leaf blight371_.jpg,https://data.mendeley.com/public-files/datasets/bwh3zbpkpv/files/b0d83f40-821a-4806-b195-291b2cc9ffc8/file_downloaded,https://prod-dcd-datasets-public-files-eu-west-1.s3.eu-west-1.amazonaws.com/6ccf4353-e3a3-4528-8de7-f0fdc7fc7de7
leaf blight,maize_leaf_blight,leaf blight372_.jpg,https://data.mendeley.com/public-files/datasets/bwh3zbpkpv/files/f1e852ae-91c4-425e-8a69-61ce6b378df9/file_downloaded,https://prod-dcd-datasets-public-files-eu-west-1.s3.eu-west-1.amazonaws.com/cb6dc1ce-49c7-4967-b89c-79f27d154fca
leaf blight,maize_leaf_blight,leaf blight373_.jpg,https://data.mendeley.com/public-files/datasets/bwh3zbpkpv/files/1078668f-5cb4-4ae3-bfa4-7dde27f815ca/file_downloaded,https://prod-dcd-datasets-public-files-eu-west-1.s3.eu-west-1.amazonaws.com/1e051669-2b12-4de7-b8b9-044a3a406a9e
leaf blight,maize_leaf_blight,leaf blight374_.jpg,https://data.mendeley.com/public-files/datasets/bwh3zbpkpv/files/feb0e14a-cffd-4cb1-a01d-70c8cf35ffcd/file_downloaded,https://prod-dcd-datasets-public-files-eu-west-1.s3.eu-west-1.amazonaws.com/a5bb11e1-8e58-4806-b951-988b32b87a1a
leaf blight,maize_leaf_blight,leaf blight375_.jpg,https://data.mendeley.com/public-files/datasets/bwh3zbpkpv/files/161dca6c-1e4b-43a3-a16b-62a9ed823c3a/file_downloaded,https://prod-dcd-datasets-public-files-eu-west-1.s3.eu-west-1.amazonaws.com/fa390ae2-53b0-4fed-88e2-2744b3d3494c
leaf blight,maize_leaf_blight,leaf blight376_.jpg,https://data.mendeley.com/public-files/datasets/bwh3zbpkpv/files/77e1f2b0-45ac-4430-baf6-00dae5f08635/file_downloaded,https://prod-dcd-datasets-public-files-eu-west-1.s3.eu-west-1.amazonaws.com/2bbcc516-084a-427b-9f1f-93eaac53729d
leaf blight,maize_leaf_blight,leaf blight377_.jpg,https://data.mendeley.com/public-files/datasets/bwh3zbpkpv/files/7ca7ddce-a36f-43fc-8ea8-4a34325cf9d6/file_downloaded,https://prod-dcd-datasets-public-files-eu-west-1.s3.eu-west-1.amazonaws.com/6c34232b-6408-4703-952a-6112b3e26954
leaf blight,maize_leaf_blight,leaf blight378_.jpg,https://data.mendeley.com/public-files/datasets/bwh3zbpkpv/files/daad4f26-d8e8-40b8-be82-fbd449305d32/file_downloaded,https://prod-dcd-datasets-public-files-eu-west-1.s3.eu-west-1.amazonaws.com/6b07d86b-298e-439e-8dd2-1dafcf69e174
leaf blight,maize_leaf_blight,leaf blight379_.jpg,https://data.mendeley.com/public-files/datasets/bwh3zbpkpv/files/da5fe7bc-1667-4064-bcbe-2d6791582448/file_downloaded,https://prod-dcd-datasets-public-files-eu-west-1.s3.eu-west-1.amazonaws.com/5fe6109b-4679-40a0-8c21-cc93e98cbba5
leaf blight,maize_leaf_blight,leaf blight37_.jpg,https://data.mendeley.com/public-files/datasets/bwh3zbpkpv/files/c160a30b-19a1-4d33-a10d-8ff2a9866c19/file_downloaded,https://prod-dcd-datasets-public-files-eu-west-1.s3.eu-west-1.amazonaws.com/35557d3c-f93a-49e6-b746-cdd58bca21f5
leaf blight,maize_leaf_blight,leaf blight380_.jpg,https://data.mendeley.com/public-files/datasets/bwh3zbpkpv/files/f0602a42-29f9-4536-a9e6-b54fb0c95245/file_downloaded,https://prod-dcd-datasets-public-files-eu-west-1.s3.eu-west-1.amazonaws.com/ed31dceb-359f-4571-85ed-63684c55a4ba
leaf blight,maize_leaf_blight,leaf blight381_.jpg,https://data.mendeley.com/public-files/datasets/bwh3zbpkpv/files/61ea5764-aec1-4420-92ea-6f80032a6d6d/file_downloaded,https://prod-dcd-datasets-public-files-eu-west-1.s3.eu-west-1.amazonaws.com/3174eae4-cd49-4fc4-a03b-df491753dfe5
leaf blight,maize_leaf_blight,leaf blight382_.jpg,https://data.mendeley.com/public-files/datasets/bwh3zbpkpv/files/e11688ab-d41c-4500-ab69-f0899ff0781d/file_downloaded,https://prod-dcd-datasets-public-files-eu-west-1.s3.eu-west-1.amazonaws.com/7c2d90e3-2efe-465c-b34e-1a553f55a5c0
leaf blight,maize_leaf_blight,leaf blight383_.jpg,https://data.mendeley.com/public-files/datasets/bwh3zbpkpv/files/02a5214b-9b9b-410a-baea-6f53f99a816f/file_downloaded,https://prod-dcd-datasets-public-files-eu-west-1.s3.eu-west-1.amazonaws.com/40adbfc8-97d0-4c47-9382-78992a91a350
leaf blight,maize_leaf_blight,leaf blight384_.jpg,https://data.mendeley.com/public-files/datasets/bwh3zbpkpv/files/3f7e4cd8-b9a8-4576-8e1b-ee4a9d504c94/file_downloaded,https://prod-dcd-datasets-public-files-eu-west-1.s3.eu-west-1.amazonaws.com/dfeed224-6256-4dd5-87a2-b3d887fc19fb
leaf blight,maize_leaf_blight,leaf blight385_.jpg,https://data.mendeley.com/public-files/datasets/bwh3zbpkpv/files/360f9a6c-188a-4662-8266-7782a8b48ecb/file_downloaded,https://prod-dcd-datasets-public-files-eu-west-1.s3.eu-west-1.amazonaws.com/d16ab263-1bc0-446b-9f65-d3dc67b7c45e
leaf blight,maize_leaf_blight,leaf blight386_.jpg,https://data.mendeley.com/public-files/datasets/bwh3zbpkpv/files/04e7c316-c93b-4c5a-bfa8-93040b9f25f9/file_downloaded,https://prod-dcd-datasets-public-files-eu-west-1.s3.eu-west-1.amazonaws.com/42698a9e-9a4e-48e8-a728-0e5ca71216d0
leaf blight,maize_leaf_blight,leaf blight387_.jpg,https://data.mendeley.com/public-files/datasets/bwh3zbpkpv/files/c2653661-0bf0-432e-9d01-f9a8eeabf8cf/file_downloaded,https://prod-dcd-datasets-public-files-eu-west-1.s3.eu-west-1.amazonaws.com/11d004c8-3392-42ee-9751-36ea2cced646
leaf blight,maize_leaf_blight,leaf blight388_.jpg,https://data.mendeley.com/public-files/datasets/bwh3zbpkpv/files/0723d662-cfdc-4540-9782-cf698fe798a5/file_downloaded,https://prod-dcd-datasets-public-files-eu-west-1.s3.eu-west-1.amazonaws.com/a886fd5b-d96f-442d-b614-f9f8e4d78e4e
leaf blight,maize_leaf_blight,leaf blight389_.jpg,https://data.mendeley.com/public-files/datasets/bwh3zbpkpv/files/1ca10a1c-0c51-448c-95e7-641e2da86359/file_downloaded,https://prod-dcd-datasets-public-files-eu-west-1.s3.eu-west-1.amazonaws.com/e0aacca1-adb6-4071-8d69-af8b43fa9f02
leaf blight,maize_leaf_blight,leaf blight38_.jpg,https://data.mendeley.com/public-files/datasets/bwh3zbpkpv/files/66f50fee-a11c-422f-9af0-4b02ef5b173f/file_downloaded,https://prod-dcd-datasets-public-files-eu-west-1.s3.eu-west-1.amazonaws.com/0c6db8fc-92af-430e-9bac-baedb923ce12
leaf blight,maize_leaf_blight,leaf blight390_.jpg,https://data.mendeley.com/public-files/datasets/bwh3zbpkpv/files/511987bd-633a-4969-87d6-5dbbd82c1c5c/file_downloaded,https://prod-dcd-datasets-public-files-eu-west-1.s3.eu-west-1.amazonaws.com/7544a2ba-7230-42bb-8b5a-2ba096512a70
leaf blight,maize_leaf_blight,leaf blight391_.jpg,https://data.mendeley.com/public-files/datasets/bwh3zbpkpv/files/ab936e7c-2c4b-43c6-8890-44d632c9b6db/file_downloaded,https://prod-dcd-datasets-public-files-eu-west-1.s3.eu-west-1.amazonaws.com/09266290-526b-42bc-adef-ccbd2f25ab52
leaf blight,maize_leaf_blight,leaf blight392_.jpg,https://data.mendeley.com/public-files/datasets/bwh3zbpkpv/files/fab3feec-157d-4338-8fb8-3a8e5f9c54bd/file_downloaded,https://prod-dcd-datasets-public-files-eu-west-1.s3.eu-west-1.amazonaws.com/30ba6c62-1d5b-4132-9204-81961a94a632
leaf blight,maize_leaf_blight,leaf blight393_.jpg,https://data.mendeley.com/public-files/datasets/bwh3zbpkpv/files/e864e23c-a1b2-49e1-bf70-f1be723338b9/file_downloaded,https://prod-dcd-datasets-public-files-eu-west-1.s3.eu-west-1.amazonaws.com/e8b084b4-9d04-446b-bc5f-2b7d56d8e494
leaf blight,maize_leaf_blight,leaf blight394_.jpg,https://data.mendeley.com/public-files/datasets/bwh3zbpkpv/files/08a0edf1-e8af-4d5b-8c3a-4b78b030fcfd/file_downloaded,https://prod-dcd-datasets-public-files-eu-west-1.s3.eu-west-1.amazonaws.com/46eed11d-970e-42da-b08a-c8a550f8e0ad
leaf blight,maize_leaf_blight,leaf blight395_.jpg,https://data.mendeley.com/public-files/datasets/bwh3zbpkpv/files/e41753a5-9194-4abc-b797-3ace4c234acb/file_downloaded,https://prod-dcd-datasets-public-files-eu-west-1.s3.eu-west-1.amazonaws.com/83fc23c9-b67a-4815-9354-1fb4d1941f12
leaf blight,maize_leaf_blight,leaf blight396_.jpg,https://data.mendeley.com/public-files/datasets/bwh3zbpkpv/files/555c6098-ee20-4b32-9a54-d581386c1d85/file_downloaded,https://prod-dcd-datasets-public-files-eu-west-1.s3.eu-west-1.amazonaws.com/d72e52b0-455b-4406-8782-141e37ba70ba
leaf blight,maize_leaf_blight,leaf blight397_.jpg,https://data.mendeley.com/public-files/datasets/bwh3zbpkpv/files/5bcc3d98-c503-439e-97ab-43695af30732/file_downloaded,https://prod-dcd-datasets-public-files-eu-west-1.s3.eu-west-1.amazonaws.com/a639d0f6-02d3-49bc-9347-b491b70c5609
leaf blight,maize_leaf_blight,leaf blight398_.jpg,https://data.mendeley.com/public-files/datasets/bwh3zbpkpv/files/c8ae964f-7868-4068-b825-5aec537a63a1/file_downloaded,https://prod-dcd-datasets-public-files-eu-west-1.s3.eu-west-1.amazonaws.com/ded7ba3e-6048-4ea2-bf24-bf61ff83ef8a
leaf blight,maize_leaf_blight,leaf blight399_.jpg,https://data.mendeley.com/public-files/datasets/bwh3zbpkpv/files/8e812fe5-0697-493c-83d0-f101f58cf9fa/file_downloaded,https://prod-dcd-datasets-public-files-eu-west-1.s3.eu-west-1.amazonaws.com/87997771-fc5f-42fd-b9e9-4432de791022
leaf blight,maize_leaf_blight,leaf blight39_.jpg,https://data.mendeley.com/public-files/datasets/bwh3zbpkpv/files/bb9d570c-ccb0-4c7d-b8b0-95a043f758ed/file_downloaded,https://prod-dcd-datasets-public-files-eu-west-1.s3.eu-west-1.amazonaws.com/c41a385f-ede5-481f-a69a-6437d5b2b698
leaf blight,maize_leaf_blight,leaf blight3_.jpg,https://data.mendeley.com/public-files/datasets/bwh3zbpkpv/files/726ec4c4-997c-437b-823d-c029457107c0/file_downloaded,https://prod-dcd-datasets-public-files-eu-west-1.s3.eu-west-1.amazonaws.com/619f360a-47eb-4076-af12-6371e362fd46
leaf blight,maize_leaf_blight,leaf blight400_.jpg,https://data.mendeley.com/public-files/datasets/bwh3zbpkpv/files/0966de53-7ea2-40f9-a88d-1520108cde1a/file_downloaded,https://prod-dcd-datasets-public-files-eu-west-1.s3.eu-west-1.amazonaws.com/b6264b47-7166-48d6-b477-417c1ce2cc45
leaf blight,maize_leaf_blight,leaf blight401_.jpg,https://data.mendeley.com/public-files/datasets/bwh3zbpkpv/files/9e637cd2-0917-4470-8dc9-8cb9f296b0c6/file_downloaded,https://prod-dcd-datasets-public-files-eu-west-1.s3.eu-west-1.amazonaws.com/ba93ca19-5934-443d-a04e-898cd0597103
leaf blight,maize_leaf_blight,leaf blight402_.jpg,https://data.mendeley.com/public-files/datasets/bwh3zbpkpv/files/013dc0d2-a389-428f-96ad-5ec914732d46/file_downloaded,https://prod-dcd-datasets-public-files-eu-west-1.s3.eu-west-1.amazonaws.com/f443e80f-6a24-4bbd-8936-ef32f931db55
leaf blight,maize_leaf_blight,leaf blight403_.jpg,https://data.mendeley.com/public-files/datasets/bwh3zbpkpv/files/948b5332-1ad8-4fde-a421-6a6098a2fcf1/file_downloaded,https://prod-dcd-datasets-public-files-eu-west-1.s3.eu-west-1.amazonaws.com/6b030190-3064-41ba-a5de-1828351d61b4
leaf blight,maize_leaf_blight,leaf blight404_.jpg,https://data.mendeley.com/public-files/datasets/bwh3zbpkpv/files/cd3a9b9b-f743-4d63-9cc2-9abdc243463a/file_downloaded,https://prod-dcd-datasets-public-files-eu-west-1.s3.eu-west-1.amazonaws.com/57fced2e-09f4-4af7-81a0-7b2a3fe59ae7
leaf blight,maize_leaf_blight,leaf blight405_.jpg,https://data.mendeley.com/public-files/datasets/bwh3zbpkpv/files/258958ca-4cf9-4b11-9bb2-df0172f78ffc/file_downloaded,https://prod-dcd-datasets-public-files-eu-west-1.s3.eu-west-1.amazonaws.com/87878505-15d3-4248-a108-02c388a86d43
leaf blight,maize_leaf_blight,leaf blight406_.jpg,https://data.mendeley.com/public-files/datasets/bwh3zbpkpv/files/98b90eac-f08e-4a62-a573-55077bd7a7c3/file_downloaded,https://prod-dcd-datasets-public-files-eu-west-1.s3.eu-west-1.amazonaws.com/19c5602b-316d-44ce-bb73-0192e215afab
leaf blight,maize_leaf_blight,leaf blight407_.jpg,https://data.mendeley.com/public-files/datasets/bwh3zbpkpv/files/ebd2cac7-1b61-4162-9178-665c57adfe7b/file_downloaded,https://prod-dcd-datasets-public-files-eu-west-1.s3.eu-west-1.amazonaws.com/95c27331-3ff3-4731-a540-806e2d5dfcdb
leaf blight,maize_leaf_blight,leaf blight408_.jpg,https://data.mendeley.com/public-files/datasets/bwh3zbpkpv/files/0634036d-acc4-44d5-b965-9f3d91979de4/file_downloaded,https://prod-dcd-datasets-public-files-eu-west-1.s3.eu-west-1.amazonaws.com/1c3905e2-1f4a-4372-b9c2-9c8cb72feec4
leaf blight,maize_leaf_blight,leaf blight409_.jpg,https://data.mendeley.com/public-files/datasets/bwh3zbpkpv/files/f27a5654-5d02-4858-8a8a-5ee0e6c437e1/file_downloaded,https://prod-dcd-datasets-public-files-eu-west-1.s3.eu-west-1.amazonaws.com/54836bc6-d606-4625-91c8-918d281fab2a
leaf blight,maize_leaf_blight,leaf blight40_.jpg,https://data.mendeley.com/public-files/datasets/bwh3zbpkpv/files/d7a7ead4-c02f-4ed7-87ed-1e3464b653c4/file_downloaded,https://prod-dcd-datasets-public-files-eu-west-1.s3.eu-west-1.amazonaws.com/588ea21e-ee3a-46cb-86d4-a2120c4c8124
leaf blight,maize_leaf_blight,leaf blight410_.jpg,https://data.mendeley.com/public-files/datasets/bwh3zbpkpv/files/89f3cbc5-fb20-4d63-964f-fe3778305845/file_downloaded,https://prod-dcd-datasets-public-files-eu-west-1.s3.eu-west-1.amazonaws.com/81ba3713-ad28-4772-928b-5506a574983e
leaf blight,maize_leaf_blight,leaf blight411_.jpg,https://data.mendeley.com/public-files/datasets/bwh3zbpkpv/files/751ef745-1d47-4f38-9cab-d4839da4c490/file_downloaded,https://prod-dcd-datasets-public-files-eu-west-1.s3.eu-west-1.amazonaws.com/1a89ebed-4416-4c16-9616-c5f5aa099987
leaf blight,maize_leaf_blight,leaf blight412_.jpg,https://data.mendeley.com/public-files/datasets/bwh3zbpkpv/files/d25741d3-0114-4823-ad37-ce7ec3a9839e/file_downloaded,https://prod-dcd-datasets-public-files-eu-west-1.s3.eu-west-1.amazonaws.com/87750bb2-578b-4821-85e0-634bbe8f9875
leaf blight,maize_leaf_blight,leaf blight413_.jpg,https://data.mendeley.com/public-files/datasets/bwh3zbpkpv/files/827af874-bc0c-43cc-8498-dfc6b0cb5060/file_downloaded,https://prod-dcd-datasets-public-files-eu-west-1.s3.eu-west-1.amazonaws.com/2047d1b3-3990-466e-b2c0-3c2e0943048b
leaf blight,maize_leaf_blight,leaf blight414_.jpg,https://data.mendeley.com/public-files/datasets/bwh3zbpkpv/files/31b31d8a-0167-4ab9-b3f5-2912beb8f97a/file_downloaded,https://prod-dcd-datasets-public-files-eu-west-1.s3.eu-west-1.amazonaws.com/0eccf88c-0c54-45f8-ba1e-e4038e64b9e9
leaf blight,maize_leaf_blight,leaf blight415_.jpg,https://data.mendeley.com/public-files/datasets/bwh3zbpkpv/files/608ae322-cde0-4f0f-b647-f21d7ab7c538/file_downloaded,https://prod-dcd-datasets-public-files-eu-west-1.s3.eu-west-1.amazonaws.com/cd3d2822-d657-4fdb-a153-0062f6afe146
leaf blight,maize_leaf_blight,leaf blight416_.jpg,https://data.mendeley.com/public-files/datasets/bwh3zbpkpv/files/d88562d6-ea87-4d99-af03-a79e419003c2/file_downloaded,https://prod-dcd-datasets-public-files-eu-west-1.s3.eu-west-1.amazonaws.com/e3cd2224-f264-4b83-929f-6dc48063d89b
leaf blight,maize_leaf_blight,leaf blight417_.jpg,https://data.mendeley.com/public-files/datasets/bwh3zbpkpv/files/9bc789bf-a157-4d39-82b2-ba1812e98d20/file_downloaded,https://prod-dcd-datasets-public-files-eu-west-1.s3.eu-west-1.amazonaws.com/8b9be144-3c6a-4e9a-b60b-b1a11374d0b6
leaf blight,maize_leaf_blight,leaf blight418_.jpg,https://data.mendeley.com/public-files/datasets/bwh3zbpkpv/files/aefc9b78-a629-4d95-80e7-55a4f504d71e/file_downloaded,https://prod-dcd-datasets-public-files-eu-west-1.s3.eu-west-1.amazonaws.com/7c05b886-3a36-420d-be25-0b02db966b78
leaf blight,maize_leaf_blight,leaf blight419_.jpg,https://data.mendeley.com/public-files/datasets/bwh3zbpkpv/files/0a22e5da-4883-4c31-a723-3fa17ee3d9ea/file_downloaded,https://prod-dcd-datasets-public-files-eu-west-1.s3.eu-west-1.amazonaws.com/cb0bcd07-a8f8-4d3d-84d9-da16f3190b5e
leaf blight,maize_leaf_blight,leaf blight41_.jpg,https://data.mendeley.com/public-files/datasets/bwh3zbpkpv/files/ccadcf3a-e5ef-42c8-af92-10674ec4129e/file_downloaded,https://prod-dcd-datasets-public-files-eu-west-1.s3.eu-west-1.amazonaws.com/5c972e56-3fe7-4de2-b7b1-30538389ea45
leaf blight,maize_leaf_blight,leaf blight420_.jpg,https://data.mendeley.com/public-files/datasets/bwh3zbpkpv/files/d3e1ed94-bfb9-4fb7-b669-d81325108d09/file_downloaded,https://prod-dcd-datasets-public-files-eu-west-1.s3.eu-west-1.amazonaws.com/762f628a-8a95-44bf-a340-65775a8e61ed
leaf blight,maize_leaf_blight,leaf blight421_.jpg,https://data.mendeley.com/public-files/datasets/bwh3zbpkpv/files/bce1ee16-d628-4a28-9418-2edfcf73f95b/file_downloaded,https://prod-dcd-datasets-public-files-eu-west-1.s3.eu-west-1.amazonaws.com/47a4c8e3-80f3-45e1-baee-9225cf31aa5b
leaf blight,maize_leaf_blight,leaf blight422_.jpg,https://data.mendeley.com/public-files/datasets/bwh3zbpkpv/files/e70f8469-c91b-451c-8d9e-0e689dbd82f0/file_downloaded,https://prod-dcd-datasets-public-files-eu-west-1.s3.eu-west-1.amazonaws.com/1f09eec4-3d3b-4984-8ae4-92c61837405d
leaf blight,maize_leaf_blight,leaf blight423_.jpg,https://data.mendeley.com/public-files/datasets/bwh3zbpkpv/files/299f0086-55ca-4b03-8904-0878fda47d3d/file_downloaded,https://prod-dcd-datasets-public-files-eu-west-1.s3.eu-west-1.amazonaws.com/9422053c-5934-4708-ac42-efbb2f2e2cf9
leaf blight,maize_leaf_blight,leaf blight424_.jpg,https://data.mendeley.com/public-files/datasets/bwh3zbpkpv/files/e7ebcb3d-0f42-455e-a326-dd0510e7f907/file_downloaded,https://prod-dcd-datasets-public-files-eu-west-1.s3.eu-west-1.amazonaws.com/ec2e7ab9-bf16-4d9d-9bae-601554d8b498
leaf blight,maize_leaf_blight,leaf blight425_.jpg,https://data.mendeley.com/public-files/datasets/bwh3zbpkpv/files/415ef424-9736-4c15-b148-259825cde8aa/file_downloaded,https://prod-dcd-datasets-public-files-eu-west-1.s3.eu-west-1.amazonaws.com/8f7df528-351f-4b58-a765-eea7e66ff33c
leaf blight,maize_leaf_blight,leaf blight426_.jpg,https://data.mendeley.com/public-files/datasets/bwh3zbpkpv/files/4f539373-b8ec-4437-bfb5-9166a69e2fb4/file_downloaded,https://prod-dcd-datasets-public-files-eu-west-1.s3.eu-west-1.amazonaws.com/78bc48b0-b2d2-4fff-9ea8-fcd2d4c3ee6c
leaf blight,maize_leaf_blight,leaf blight427_.jpg,https://data.mendeley.com/public-files/datasets/bwh3zbpkpv/files/26a670fe-4f21-4109-9ed9-4dec43f939b1/file_downloaded,https://prod-dcd-datasets-public-files-eu-west-1.s3.eu-west-1.amazonaws.com/81466358-293c-4af3-bf25-8e7aa469151b
leaf blight,maize_leaf_blight,leaf blight428_.jpg,https://data.mendeley.com/public-files/datasets/bwh3zbpkpv/files/feab73d3-2297-474d-a66e-260ae17c06f5/file_downloaded,https://prod-dcd-datasets-public-files-eu-west-1.s3.eu-west-1.amazonaws.com/76b0a135-afe1-4400-b3aa-412c6f8a6a4d
leaf blight,maize_leaf_blight,leaf blight429_.jpg,https://data.mendeley.com/public-files/datasets/bwh3zbpkpv/files/6e29a4a8-38f2-42ec-af8b-fae941d968ce/file_downloaded,https://prod-dcd-datasets-public-files-eu-west-1.s3.eu-west-1.amazonaws.com/a17c9a41-3ef8-4d35-bcdb-b80a3b58d795
leaf blight,maize_leaf_blight,leaf blight42_.jpg,https://data.mendeley.com/public-files/datasets/bwh3zbpkpv/files/9f583c03-3614-4636-b324-bd3709d8eddd/file_downloaded,https://prod-dcd-datasets-public-files-eu-west-1.s3.eu-west-1.amazonaws.com/c6cf22ac-1a1f-4ee5-9c9f-4088e08b9eca
leaf blight,maize_leaf_blight,leaf blight430_.jpg,https://data.mendeley.com/public-files/datasets/bwh3zbpkpv/files/2720f1aa-8f0c-4b94-b459-aabfda27b9c2/file_downloaded,https://prod-dcd-datasets-public-files-eu-west-1.s3.eu-west-1.amazonaws.com/77ac1c61-56aa-44b2-b19c-e1d2a4a14026
leaf blight,maize_leaf_blight,leaf blight431_.jpg,https://data.mendeley.com/public-files/datasets/bwh3zbpkpv/files/801b83b5-7ab6-4ed9-aa3f-1ef1553011dd/file_downloaded,https://prod-dcd-datasets-public-files-eu-west-1.s3.eu-west-1.amazonaws.com/77b2a337-b9b4-4863-99d1-b73a398f8b9e
leaf blight,maize_leaf_blight,leaf blight432_.jpg,https://data.mendeley.com/public-files/datasets/bwh3zbpkpv/files/dcacad6c-63ea-4194-9d07-702b7fb12faf/file_downloaded,https://prod-dcd-datasets-public-files-eu-west-1.s3.eu-west-1.amazonaws.com/7e9446a1-b7c7-4e86-9b57-194f2419f0aa
leaf blight,maize_leaf_blight,leaf blight433_.jpg,https://data.mendeley.com/public-files/datasets/bwh3zbpkpv/files/5a87cbde-7007-4dd4-b29b-2f112ff5f2c3/file_downloaded,https://prod-dcd-datasets-public-files-eu-west-1.s3.eu-west-1.amazonaws.com/0f3f4290-e233-4daf-b52d-429f93840c61
leaf blight,maize_leaf_blight,leaf blight434_.jpg,https://data.mendeley.com/public-files/datasets/bwh3zbpkpv/files/c317ea4d-9087-4ba6-9328-dca0612cf95c/file_downloaded,https://prod-dcd-datasets-public-files-eu-west-1.s3.eu-west-1.amazonaws.com/67ed0d95-75ce-43de-bc41-0f2f92513649
leaf blight,maize_leaf_blight,leaf blight435_.jpg,https://data.mendeley.com/public-files/datasets/bwh3zbpkpv/files/927e229c-df7f-4254-96fd-626abeff18ee/file_downloaded,https://prod-dcd-datasets-public-files-eu-west-1.s3.eu-west-1.amazonaws.com/29f39b3c-afaf-42c4-9bfa-5db99351a5d2
leaf blight,maize_leaf_blight,leaf blight436_.jpg,https://data.mendeley.com/public-files/datasets/bwh3zbpkpv/files/ec98ce3a-0a68-475d-aaaf-f25ef91e2f41/file_downloaded,https://prod-dcd-datasets-public-files-eu-west-1.s3.eu-west-1.amazonaws.com/bc869415-f3cf-4174-b0b8-f919da9dd0ca
leaf blight,maize_leaf_blight,leaf blight437_.jpg,https://data.mendeley.com/public-files/datasets/bwh3zbpkpv/files/1bf46e52-a88d-4974-b38d-bee006a047c8/file_downloaded,https://prod-dcd-datasets-public-files-eu-west-1.s3.eu-west-1.amazonaws.com/24d1d1fe-2292-4e01-b888-e3eb4c9476a5
leaf blight,maize_leaf_blight,leaf blight438_.jpg,https://data.mendeley.com/public-files/datasets/bwh3zbpkpv/files/521376c2-c3dc-414c-9291-8080ac4843fc/file_downloaded,https://prod-dcd-datasets-public-files-eu-west-1.s3.eu-west-1.amazonaws.com/ad02a0de-93ba-47f8-85a4-1b264aba3a0f
leaf blight,maize_leaf_blight,leaf blight439_.jpg,https://data.mendeley.com/public-files/datasets/bwh3zbpkpv/files/d8fd2093-a25b-4da3-a2e7-409b8d5c6984/file_downloaded,https://prod-dcd-datasets-public-files-eu-west-1.s3.eu-west-1.amazonaws.com/25e126ae-cb14-4cd4-9776-5b61b6196652
leaf blight,maize_leaf_blight,leaf blight43_.jpg,https://data.mendeley.com/public-files/datasets/bwh3zbpkpv/files/254ef91e-4953-4851-85be-b3b214b3fbed/file_downloaded,https://prod-dcd-datasets-public-files-eu-west-1.s3.eu-west-1.amazonaws.com/a65dc379-e0e5-4f77-938e-786728d320a6
leaf blight,maize_leaf_blight,leaf blight440_.jpg,https://data.mendeley.com/public-files/datasets/bwh3zbpkpv/files/d0aa6e9e-caeb-4619-87da-6a70833edbf7/file_downloaded,https://prod-dcd-datasets-public-files-eu-west-1.s3.eu-west-1.amazonaws.com/a50c901c-8a21-40cf-9416-3de00fa33c83
leaf blight,maize_leaf_blight,leaf blight441_.jpg,https://data.mendeley.com/public-files/datasets/bwh3zbpkpv/files/05a8cec2-61db-46df-9b4b-667513b6d9d3/file_downloaded,https://prod-dcd-datasets-public-files-eu-west-1.s3.eu-west-1.amazonaws.com/d9d19a4c-5783-42ca-8eaa-04d150a7e066
leaf blight,maize_leaf_blight,leaf blight442_.jpg,https://data.mendeley.com/public-files/datasets/bwh3zbpkpv/files/efed9777-923f-4107-a140-ab6c4d412db8/file_downloaded,https://prod-dcd-datasets-public-files-eu-west-1.s3.eu-west-1.amazonaws.com/ebdc4c3f-e4c2-4ee5-b1b3-f71a767c4455
leaf blight,maize_leaf_blight,leaf blight443_.jpg,https://data.mendeley.com/public-files/datasets/bwh3zbpkpv/files/12c25ab6-4fdd-40fe-b103-1e2fab1202ea/file_downloaded,https://prod-dcd-datasets-public-files-eu-west-1.s3.eu-west-1.amazonaws.com/a14fff2a-986d-4c1f-a443-daedaeb4a33b
leaf blight,maize_leaf_blight,leaf blight444_.jpg,https://data.mendeley.com/public-files/datasets/bwh3zbpkpv/files/1bd3bbbf-d1d7-4781-b4a8-f6389f1758a3/file_downloaded,https://prod-dcd-datasets-public-files-eu-west-1.s3.eu-west-1.amazonaws.com/745b8fd0-9d6b-45d8-8879-396ae7c8fe2e
leaf blight,maize_leaf_blight,leaf blight445_.jpg,https://data.mendeley.com/public-files/datasets/bwh3zbpkpv/files/2222c10c-5f78-49ba-84d6-cd2ccb24db57/file_downloaded,https://prod-dcd-datasets-public-files-eu-west-1.s3.eu-west-1.amazonaws.com/37d10e32-cf49-4050-91f1-e11da494b72c
leaf blight,maize_leaf_blight,leaf blight446_.jpg,https://data.mendeley.com/public-files/datasets/bwh3zbpkpv/files/98e1b7e1-268a-48ee-bcac-00e1f29bf4a0/file_downloaded,https://prod-dcd-datasets-public-files-eu-west-1.s3.eu-west-1.amazonaws.com/a49385a0-6c01-427e-909c-dcb5eda80b93
leaf blight,maize_leaf_blight,leaf blight447_.jpg,https://data.mendeley.com/public-files/datasets/bwh3zbpkpv/files/d0213596-7689-4016-8059-339f565c6f36/file_downloaded,https://prod-dcd-datasets-public-files-eu-west-1.s3.eu-west-1.amazonaws.com/02788a8f-6a91-44ca-ba22-54849780555d
leaf blight,maize_leaf_blight,leaf blight448_.jpg,https://data.mendeley.com/public-files/datasets/bwh3zbpkpv/files/2e115d72-92cb-4445-a4e0-2e7366945764/file_downloaded,https://prod-dcd-datasets-public-files-eu-west-1.s3.eu-west-1.amazonaws.com/b116e773-ec5e-40cd-8460-b5c1f8daa70c
leaf blight,maize_leaf_blight,leaf blight449_.jpg,https://data.mendeley.com/public-files/datasets/bwh3zbpkpv/files/1bb0616b-5164-4b69-8547-e91ea33f9602/file_downloaded,https://prod-dcd-datasets-public-files-eu-west-1.s3.eu-west-1.amazonaws.com/248f57e2-8865-4a50-a930-caec9c91b054
leaf blight,maize_leaf_blight,leaf blight44_.jpg,https://data.mendeley.com/public-files/datasets/bwh3zbpkpv/files/c7536b7e-e9cf-4b67-99db-8a6fc6a77434/file_downloaded,https://prod-dcd-datasets-public-files-eu-west-1.s3.eu-west-1.amazonaws.com/75a510af-a849-4afb-9204-0caa84302cb0
leaf blight,maize_leaf_blight,leaf blight450_.jpg,https://data.mendeley.com/public-files/datasets/bwh3zbpkpv/files/8cd3a610-f4de-4a20-8d31-c964c451190a/file_downloaded,https://prod-dcd-datasets-public-files-eu-west-1.s3.eu-west-1.amazonaws.com/bf0f00f1-2048-410d-8c22-967d75e84270
leaf blight,maize_leaf_blight,leaf blight451_.jpg,https://data.mendeley.com/public-files/datasets/bwh3zbpkpv/files/ac26b9aa-d1d8-495a-a1a1-9b8a15478d7d/file_downloaded,https://prod-dcd-datasets-public-files-eu-west-1.s3.eu-west-1.amazonaws.com/aabbf61d-9f0a-4b19-83cf-c7d535c13322
leaf blight,maize_leaf_blight,leaf blight452_.jpg,https://data.mendeley.com/public-files/datasets/bwh3zbpkpv/files/f42ac5d7-17d0-4900-a2e0-af4844e90588/file_downloaded,https://prod-dcd-datasets-public-files-eu-west-1.s3.eu-west-1.amazonaws.com/6aaf7c7b-6c79-42fb-9a68-dfabf23d61ab
leaf blight,maize_leaf_blight,leaf blight453_.jpg,https://data.mendeley.com/public-files/datasets/bwh3zbpkpv/files/abbf4f45-deb1-4d4b-8cce-6d4a71f3189e/file_downloaded,https://prod-dcd-datasets-public-files-eu-west-1.s3.eu-west-1.amazonaws.com/cd24d0c8-af75-48e2-af44-87e51965ba9d
leaf blight,maize_leaf_blight,leaf blight454_.jpg,https://data.mendeley.com/public-files/datasets/bwh3zbpkpv/files/5639fc83-0d08-4eee-b161-061b7fc83d23/file_downloaded,https://prod-dcd-datasets-public-files-eu-west-1.s3.eu-west-1.amazonaws.com/bf015375-2bc3-45ec-8f83-bc1a1216b93e
leaf blight,maize_leaf_blight,leaf blight455_.jpg,https://data.mendeley.com/public-files/datasets/bwh3zbpkpv/files/b3623734-e076-43c6-ac53-1d3ae9ad2e1a/file_downloaded,https://prod-dcd-datasets-public-files-eu-west-1.s3.eu-west-1.amazonaws.com/1d1ece74-637f-417a-86da-5fb12bddebc1
leaf blight,maize_leaf_blight,leaf blight456_.jpg,https://data.mendeley.com/public-files/datasets/bwh3zbpkpv/files/b1ba21fa-6ef8-48ab-8bb9-ee05a5a8d1b7/file_downloaded,https://prod-dcd-datasets-public-files-eu-west-1.s3.eu-west-1.amazonaws.com/0554bf83-e5c0-432c-9ab7-2a2c355037b5
leaf blight,maize_leaf_blight,leaf blight457_.jpg,https://data.mendeley.com/public-files/datasets/bwh3zbpkpv/files/80d7dce2-358b-4baa-9e9a-a826eaaf6451/file_downloaded,https://prod-dcd-datasets-public-files-eu-west-1.s3.eu-west-1.amazonaws.com/2b543a83-cabd-40f9-8d76-f47a30906a90
leaf blight,maize_leaf_blight,leaf blight458_.jpg,https://data.mendeley.com/public-files/datasets/bwh3zbpkpv/files/30061bcb-b656-4b60-8a63-5d0d2c9efb9b/file_downloaded,https://prod-dcd-datasets-public-files-eu-west-1.s3.eu-west-1.amazonaws.com/af6db4c2-864b-418a-9af3-818b7c8ce012
leaf blight,maize_leaf_blight,leaf blight459_.jpg,https://data.mendeley.com/public-files/datasets/bwh3zbpkpv/files/7c53eac9-0b21-49e9-98f5-59a25b8f0ee9/file_downloaded,https://prod-dcd-datasets-public-files-eu-west-1.s3.eu-west-1.amazonaws.com/ee7b531b-4527-4e3c-8cd6-489e8124ef56
leaf blight,maize_leaf_blight,leaf blight45_.jpg,https://data.mendeley.com/public-files/datasets/bwh3zbpkpv/files/0487145a-5337-4173-bfb9-f6c4435abb59/file_downloaded,https://prod-dcd-datasets-public-files-eu-west-1.s3.eu-west-1.amazonaws.com/304b912e-aa4f-48d3-87a4-45e04d6f847d
leaf blight,maize_leaf_blight,leaf blight460_.jpg,https://data.mendeley.com/public-files/datasets/bwh3zbpkpv/files/8d156d30-bf00-4960-b405-ead05af5b6fc/file_downloaded,https://prod-dcd-datasets-public-files-eu-west-1.s3.eu-west-1.amazonaws.com/8d7e1c52-6106-4c69-9d3d-0a3a577e4079
leaf blight,maize_leaf_blight,leaf blight461_.jpg,https://data.mendeley.com/public-files/datasets/bwh3zbpkpv/files/c8dd8520-6e58-4a5b-9979-c6b0375eecc0/file_downloaded,https://prod-dcd-datasets-public-files-eu-west-1.s3.eu-west-1.amazonaws.com/b5475681-e522-47ae-b434-35fe478ddca5
leaf blight,maize_leaf_blight,leaf blight462_.jpg,https://data.mendeley.com/public-files/datasets/bwh3zbpkpv/files/ac54a87b-3860-4e8c-8bb0-cb73f196bacf/file_downloaded,https://prod-dcd-datasets-public-files-eu-west-1.s3.eu-west-1.amazonaws.com/7b82d6f0-84c3-429e-a025-e666d86b8e66
leaf blight,maize_leaf_blight,leaf blight463_.jpg,https://data.mendeley.com/public-files/datasets/bwh3zbpkpv/files/148212bf-1eb3-499b-9723-a9ebb74ea5cd/file_downloaded,https://prod-dcd-datasets-public-files-eu-west-1.s3.eu-west-1.amazonaws.com/d2d1615d-5a33-4c78-93a5-185f2ac52ccb
leaf blight,maize_leaf_blight,leaf blight464_.jpg,https://data.mendeley.com/public-files/datasets/bwh3zbpkpv/files/fb8590e3-4ea4-46fb-aaf8-7cb9b44f5370/file_downloaded,https://prod-dcd-datasets-public-files-eu-west-1.s3.eu-west-1.amazonaws.com/6dbd531d-06f2-4dc8-b5cd-18d23e077cc4
leaf blight,maize_leaf_blight,leaf blight465_.jpg,https://data.mendeley.com/public-files/datasets/bwh3zbpkpv/files/54f40745-2b67-46ff-bf87-4f3e47f830a3/file_downloaded,https://prod-dcd-datasets-public-files-eu-west-1.s3.eu-west-1.amazonaws.com/44b187ef-0ee3-45ea-8011-162fad61b60a
leaf blight,maize_leaf_blight,leaf blight466_.jpg,https://data.mendeley.com/public-files/datasets/bwh3zbpkpv/files/d5b5e6e8-f66c-4f3a-b50d-ea23b9e92967/file_downloaded,https://prod-dcd-datasets-public-files-eu-west-1.s3.eu-west-1.amazonaws.com/f607a139-82e2-42b1-ad17-c91c876dbdc1
leaf blight,maize_leaf_blight,leaf blight467_.jpg,https://data.mendeley.com/public-files/datasets/bwh3zbpkpv/files/a97326b1-ca75-40da-ac7e-0844e9bb115f/file_downloaded,https://prod-dcd-datasets-public-files-eu-west-1.s3.eu-west-1.amazonaws.com/11beee40-5053-4cd9-b141-aa6d04c6ca00
leaf blight,maize_leaf_blight,leaf blight468_.jpg,https://data.mendeley.com/public-files/datasets/bwh3zbpkpv/files/5c37bcfc-300e-4e02-b222-c04304074516/file_downloaded,https://prod-dcd-datasets-public-files-eu-west-1.s3.eu-west-1.amazonaws.com/9973b895-3254-4dd9-815a-59aef8dbd456
leaf blight,maize_leaf_blight,leaf blight469_.jpg,https://data.mendeley.com/public-files/datasets/bwh3zbpkpv/files/3bdc64fc-f6ac-4bbf-b81f-4411b611af54/file_downloaded,https://prod-dcd-datasets-public-files-eu-west-1.s3.eu-west-1.amazonaws.com/b515a7f8-1afc-4fe7-9c0f-f3659c721643
leaf blight,maize_leaf_blight,leaf blight46_.jpg,https://data.mendeley.com/public-files/datasets/bwh3zbpkpv/files/90ece06f-8f6c-41dc-8576-03241fc56c38/file_downloaded,https://prod-dcd-datasets-public-files-eu-west-1.s3.eu-west-1.amazonaws.com/795853b8-d377-4f81-9546-dda7d2fd7f09
leaf blight,maize_leaf_blight,leaf blight470_.jpg,https://data.mendeley.com/public-files/datasets/bwh3zbpkpv/files/413822be-5323-4d87-8cc0-3fcbacec0379/file_downloaded,https://prod-dcd-datasets-public-files-eu-west-1.s3.eu-west-1.amazonaws.com/13488f45-61de-441f-95ec-65aa750f0fb6
leaf blight,maize_leaf_blight,leaf blight471_.jpg,https://data.mendeley.com/public-files/datasets/bwh3zbpkpv/files/ec6d6abe-68a5-45da-b987-c28e0d56892a/file_downloaded,https://prod-dcd-datasets-public-files-eu-west-1.s3.eu-west-1.amazonaws.com/9382a4fe-c947-43c0-8152-f4f07b6ab348
leaf blight,maize_leaf_blight,leaf blight472_.jpg,https://data.mendeley.com/public-files/datasets/bwh3zbpkpv/files/f6bbaa6f-7843-410e-b135-5e9093b314c3/file_downloaded,https://prod-dcd-datasets-public-files-eu-west-1.s3.eu-west-1.amazonaws.com/72c1b3e7-744e-4edb-8621-b3f444b9d1eb
leaf blight,maize_leaf_blight,leaf blight473_.jpg,https://data.mendeley.com/public-files/datasets/bwh3zbpkpv/files/475eeb84-80a5-4624-a61d-55c47cd8e9c4/file_downloaded,https://prod-dcd-datasets-public-files-eu-west-1.s3.eu-west-1.amazonaws.com/e6e9e4b4-f546-4654-94c4-56d1c06d669a
leaf blight,maize_leaf_blight,leaf blight474_.jpg,https://data.mendeley.com/public-files/datasets/bwh3zbpkpv/files/df57a471-6a54-462a-be3a-5513d5fc3684/file_downloaded,https://prod-dcd-datasets-public-files-eu-west-1.s3.eu-west-1.amazonaws.com/d5cf64fa-04b7-4044-aafc-786305ab0c37
leaf blight,maize_leaf_blight,leaf blight475_.jpg,https://data.mendeley.com/public-files/datasets/bwh3zbpkpv/files/4c20af01-b408-4bfa-bea8-a4dd89f729b0/file_downloaded,https://prod-dcd-datasets-public-files-eu-west-1.s3.eu-west-1.amazonaws.com/be0dfb61-5a94-4625-846b-531136efae26
leaf blight,maize_leaf_blight,leaf blight476_.jpg,https://data.mendeley.com/public-files/datasets/bwh3zbpkpv/files/c431262e-0f48-45a5-85e3-481005882980/file_downloaded,https://prod-dcd-datasets-public-files-eu-west-1.s3.eu-west-1.amazonaws.com/e11e9dde-8928-4f47-a9e8-d0761cf3f27d
leaf blight,maize_leaf_blight,leaf blight477_.jpg,https://data.mendeley.com/public-files/datasets/bwh3zbpkpv/files/d6d36acb-3483-4a6d-98a5-e42036faab72/file_downloaded,https://prod-dcd-datasets-public-files-eu-west-1.s3.eu-west-1.amazonaws.com/9a87111b-7cac-4024-8438-d46134dfd3db
leaf blight,maize_leaf_blight,leaf blight478_.jpg,https://data.mendeley.com/public-files/datasets/bwh3zbpkpv/files/556a1a9e-f688-4a9c-ac7e-ef185d981629/file_downloaded,https://prod-dcd-datasets-public-files-eu-west-1.s3.eu-west-1.amazonaws.com/06303d9d-f9f4-48f0-93a8-a085a792c43a
leaf blight,maize_leaf_blight,leaf blight479_.jpg,https://data.mendeley.com/public-files/datasets/bwh3zbpkpv/files/e412ffc2-5abd-4817-af3b-f44dd76356ea/file_downloaded,https://prod-dcd-datasets-public-files-eu-west-1.s3.eu-west-1.amazonaws.com/8de44069-9ba4-4b74-a931-532f536e010a
leaf blight,maize_leaf_blight,leaf blight47_.jpg,https://data.mendeley.com/public-files/datasets/bwh3zbpkpv/files/f7071c28-bde2-4f6b-a631-0c687423f987/file_downloaded,https://prod-dcd-datasets-public-files-eu-west-1.s3.eu-west-1.amazonaws.com/49974b2c-79f4-4514-9a5c-1753aaa1ea97
leaf blight,maize_leaf_blight,leaf blight480_.jpg,https://data.mendeley.com/public-files/datasets/bwh3zbpkpv/files/6f1575b3-0835-473a-a10e-bf22532384ff/file_downloaded,https://prod-dcd-datasets-public-files-eu-west-1.s3.eu-west-1.amazonaws.com/e4eb5bb3-35a0-4161-94aa-2d8585a0da53
leaf blight,maize_leaf_blight,leaf blight481_.jpg,https://data.mendeley.com/public-files/datasets/bwh3zbpkpv/files/6f89867c-bda5-4c10-aecb-99fe73e0ff40/file_downloaded,https://prod-dcd-datasets-public-files-eu-west-1.s3.eu-west-1.amazonaws.com/c11ea1a0-9979-4256-a55f-cedd03ab46e6
leaf blight,maize_leaf_blight,leaf blight482_.jpg,https://data.mendeley.com/public-files/datasets/bwh3zbpkpv/files/88f476a8-3275-4a39-b209-9e1613b2caa4/file_downloaded,https://prod-dcd-datasets-public-files-eu-west-1.s3.eu-west-1.amazonaws.com/3c562951-ea0e-4e5c-a673-f656874e4e3e
leaf blight,maize_leaf_blight,leaf blight483_.jpg,https://data.mendeley.com/public-files/datasets/bwh3zbpkpv/files/7a5a5c95-f90c-4508-98e5-53bb9f6aaacf/file_downloaded,https://prod-dcd-datasets-public-files-eu-west-1.s3.eu-west-1.amazonaws.com/f3e4702b-c8dc-489b-a503-01cc0c9c574f
leaf blight,maize_leaf_blight,leaf blight484_.jpg,https://data.mendeley.com/public-files/datasets/bwh3zbpkpv/files/389e4c9e-a344-424a-95ca-482228517b9d/file_downloaded,https://prod-dcd-datasets-public-files-eu-west-1.s3.eu-west-1.amazonaws.com/e5134052-5020-4fd4-b2c6-2486f0b7ac8f
leaf blight,maize_leaf_blight,leaf blight485_.jpg,https://data.mendeley.com/public-files/datasets/bwh3zbpkpv/files/ea0123c6-ed7c-42ad-bf5d-4ff987a077fc/file_downloaded,https://prod-dcd-datasets-public-files-eu-west-1.s3.eu-west-1.amazonaws.com/e1f7a748-b0b0-49ae-a8b3-90f30d8176f1
leaf blight,maize_leaf_blight,leaf blight486_.jpg,https://data.mendeley.com/public-files/datasets/bwh3zbpkpv/files/eb2a3f8c-2c9e-4337-99ba-c28ffb3b880e/file_downloaded,https://prod-dcd-datasets-public-files-eu-west-1.s3.eu-west-1.amazonaws.com/306c538d-6b67-42c0-9b46-444647888daa
leaf blight,maize_leaf_blight,leaf blight487_.jpg,https://data.mendeley.com/public-files/datasets/bwh3zbpkpv/files/78da297a-cdba-4d19-96e2-504d04a0f4a7/file_downloaded,https://prod-dcd-datasets-public-files-eu-west-1.s3.eu-west-1.amazonaws.com/9b12c52c-5579-4492-9773-35ab1bbe3d22
leaf blight,maize_leaf_blight,leaf blight488_.jpg,https://data.mendeley.com/public-files/datasets/bwh3zbpkpv/files/3e418f30-61a6-43bf-9470-37bf7c59f8c5/file_downloaded,https://prod-dcd-datasets-public-files-eu-west-1.s3.eu-west-1.amazonaws.com/2eb804de-ce4c-4ffa-957a-688b0a4147bc
leaf blight,maize_leaf_blight,leaf blight489_.jpg,https://data.mendeley.com/public-files/datasets/bwh3zbpkpv/files/83340a0b-15ed-417d-a652-18e8c81c38d2/file_downloaded,https://prod-dcd-datasets-public-files-eu-west-1.s3.eu-west-1.amazonaws.com/98f29e53-58b8-4223-b401-d807631ab659
leaf blight,maize_leaf_blight,leaf blight48_.jpg,https://data.mendeley.com/public-files/datasets/bwh3zbpkpv/files/c7a08fdc-6480-40db-b2df-13bc7a606de9/file_downloaded,https://prod-dcd-datasets-public-files-eu-west-1.s3.eu-west-1.amazonaws.com/0c55a264-83dc-434a-920d-979b2fb30176
leaf blight,maize_leaf_blight,leaf blight490_.jpg,https://data.mendeley.com/public-files/datasets/bwh3zbpkpv/files/7aeef8af-4866-4396-b2af-0c153d7df5dc/file_downloaded,https://prod-dcd-datasets-public-files-eu-west-1.s3.eu-west-1.amazonaws.com/5ebab17b-5e32-4b32-9f8d-dbca10edb6d7
leaf blight,maize_leaf_blight,leaf blight491_.jpg,https://data.mendeley.com/public-files/datasets/bwh3zbpkpv/files/0835cdc6-3263-4da8-888e-e11433122e3f/file_downloaded,https://prod-dcd-datasets-public-files-eu-west-1.s3.eu-west-1.amazonaws.com/e6fbc7a7-ec84-4bf8-90c4-fa1c569a2b34
leaf blight,maize_leaf_blight,leaf blight492_.jpg,https://data.mendeley.com/public-files/datasets/bwh3zbpkpv/files/cca826c7-03fd-4a7f-9d56-20ceb12f9b2c/file_downloaded,https://prod-dcd-datasets-public-files-eu-west-1.s3.eu-west-1.amazonaws.com/d3ba46a4-8bf4-481e-bb2e-9791ab77dffc
leaf blight,maize_leaf_blight,leaf blight493_.jpg,https://data.mendeley.com/public-files/datasets/bwh3zbpkpv/files/88709888-fc7e-4a92-855b-47628ecf74a3/file_downloaded,https://prod-dcd-datasets-public-files-eu-west-1.s3.eu-west-1.amazonaws.com/cc1baa37-f148-483b-bb7e-5fb16bee05e0
leaf blight,maize_leaf_blight,leaf blight494_.jpg,https://data.mendeley.com/public-files/datasets/bwh3zbpkpv/files/eb85a87f-3c8a-4ef4-865f-d41d5f140d86/file_downloaded,https://prod-dcd-datasets-public-files-eu-west-1.s3.eu-west-1.amazonaws.com/215e7cd2-ee6e-4f5f-b4ae-852518abc0fd
leaf blight,maize_leaf_blight,leaf blight495_.jpg,https://data.mendeley.com/public-files/datasets/bwh3zbpkpv/files/41a83132-cb91-4f1b-8d16-4ec8898c227d/file_downloaded,https://prod-dcd-datasets-public-files-eu-west-1.s3.eu-west-1.amazonaws.com/c8bb18c1-9e30-450f-9112-bba3ad30ab2b
leaf blight,maize_leaf_blight,leaf blight496_.jpg,https://data.mendeley.com/public-files/datasets/bwh3zbpkpv/files/fc1c4316-f996-4148-a70b-38881affeab1/file_downloaded,https://prod-dcd-datasets-public-files-eu-west-1.s3.eu-west-1.amazonaws.com/19c99074-1980-4143-97a0-00ed3597bf3d
leaf blight,maize_leaf_blight,leaf blight497_.jpg,https://data.mendeley.com/public-files/datasets/bwh3zbpkpv/files/3a32303d-32a3-4fe7-95b6-18e2c42c67b0/file_downloaded,https://prod-dcd-datasets-public-files-eu-west-1.s3.eu-west-1.amazonaws.com/95e4178b-4295-4505-ab51-ec16552bb82f
leaf blight,maize_leaf_blight,leaf blight498_.jpg,https://data.mendeley.com/public-files/datasets/bwh3zbpkpv/files/da3d5493-ad7d-4689-913b-1ea669083951/file_downloaded,https://prod-dcd-datasets-public-files-eu-west-1.s3.eu-west-1.amazonaws.com/71adfa87-19b8-4928-bb09-df21a922022a
leaf blight,maize_leaf_blight,leaf blight499_.jpg,https://data.mendeley.com/public-files/datasets/bwh3zbpkpv/files/58793bc5-16c0-470c-a511-19a009700c79/file_downloaded,https://prod-dcd-datasets-public-files-eu-west-1.s3.eu-west-1.amazonaws.com/430e0ce9-4d8d-414e-9420-b3275e4c153a
leaf blight,maize_leaf_blight,leaf blight49_.jpg,https://data.mendeley.com/public-files/datasets/bwh3zbpkpv/files/fab98d20-9d01-4fc1-a0d2-14b6e5687eef/file_downloaded,https://prod-dcd-datasets-public-files-eu-west-1.s3.eu-west-1.amazonaws.com/2bcb30cf-cd7b-4f2f-afbf-2962aca27375
leaf blight,maize_leaf_blight,leaf blight4_.jpg,https://data.mendeley.com/public-files/datasets/bwh3zbpkpv/files/7b2b328a-e61d-4381-aadc-091ea7cf7d30/file_downloaded,https://prod-dcd-datasets-public-files-eu-west-1.s3.eu-west-1.amazonaws.com/c33dd17b-b8ae-48f7-b101-1c2cc4a46b10
leaf blight,maize_leaf_blight,leaf blight500_.jpg,https://data.mendeley.com/public-files/datasets/bwh3zbpkpv/files/628fad96-63b8-499a-b2ca-d17638337f43/file_downloaded,https://prod-dcd-datasets-public-files-eu-west-1.s3.eu-west-1.amazonaws.com/5eb2fe48-b53e-4488-8918-fe040a931054
leaf blight,maize_leaf_blight,leaf blight501_.jpg,https://data.mendeley.com/public-files/datasets/bwh3zbpkpv/files/6b1af011-b542-42bf-b2a3-f0d87ca0f0f0/file_downloaded,https://prod-dcd-datasets-public-files-eu-west-1.s3.eu-west-1.amazonaws.com/e0b06f5a-7131-45ea-8c60-3b4b513d0e11
leaf blight,maize_leaf_blight,leaf blight502_.jpg,https://data.mendeley.com/public-files/datasets/bwh3zbpkpv/files/68498068-93e9-4935-b380-5beb8982f61a/file_downloaded,https://prod-dcd-datasets-public-files-eu-west-1.s3.eu-west-1.amazonaws.com/2b715927-760f-439b-89ab-6fb8553f8e18
leaf blight,maize_leaf_blight,leaf blight503_.jpg,https://data.mendeley.com/public-files/datasets/bwh3zbpkpv/files/edbef27e-a332-428d-8f83-43b3e6c82249/file_downloaded,https://prod-dcd-datasets-public-files-eu-west-1.s3.eu-west-1.amazonaws.com/4008b2e0-ac45-4618-97ca-cffc46a0fed4
leaf blight,maize_leaf_blight,leaf blight504_.jpg,https://data.mendeley.com/public-files/datasets/bwh3zbpkpv/files/d842437f-dcf6-4724-be9c-b092eb3e5d7c/file_downloaded,https://prod-dcd-datasets-public-files-eu-west-1.s3.eu-west-1.amazonaws.com/759d3f72-1c85-48a7-ac41-58d68ad84775
leaf blight,maize_leaf_blight,leaf blight505_.jpg,https://data.mendeley.com/public-files/datasets/bwh3zbpkpv/files/d71fd00e-ee07-4fb1-afdf-6a5626ace004/file_downloaded,https://prod-dcd-datasets-public-files-eu-west-1.s3.eu-west-1.amazonaws.com/dcab9c37-62a6-45fd-840b-9a5b1eea8c05
leaf blight,maize_leaf_blight,leaf blight506_.jpg,https://data.mendeley.com/public-files/datasets/bwh3zbpkpv/files/004f23b8-9346-4d05-8eae-0dad6df95086/file_downloaded,https://prod-dcd-datasets-public-files-eu-west-1.s3.eu-west-1.amazonaws.com/9df91221-9607-42c0-a66e-4989884b358c
leaf blight,maize_leaf_blight,leaf blight507_.jpg,https://data.mendeley.com/public-files/datasets/bwh3zbpkpv/files/2490aa2e-935c-40aa-b2d7-9b06d7a0210c/file_downloaded,https://prod-dcd-datasets-public-files-eu-west-1.s3.eu-west-1.amazonaws.com/f5142e5d-a439-4169-8071-e74d68a6fba4
leaf blight,maize_leaf_blight,leaf blight508_.jpg,https://data.mendeley.com/public-files/datasets/bwh3zbpkpv/files/8b24c979-1764-446c-bc72-e605adb949a7/file_downloaded,https://prod-dcd-datasets-public-files-eu-west-1.s3.eu-west-1.amazonaws.com/d70815a3-498b-4e0a-8786-2716d2b36d1f
leaf blight,maize_leaf_blight,leaf blight509_.jpg,https://data.mendeley.com/public-files/datasets/bwh3zbpkpv/files/59353bbf-8514-4582-be7e-1850a49b024c/file_downloaded,https://prod-dcd-datasets-public-files-eu-west-1.s3.eu-west-1.amazonaws.com/8fbb5031-caa5-4529-9312-57b0ff878846
leaf blight,maize_leaf_blight,leaf blight50_.jpg,https://data.mendeley.com/public-files/datasets/bwh3zbpkpv/files/bfcc44f7-9e0a-4705-bc88-9e565ce588d8/file_downloaded,https://prod-dcd-datasets-public-files-eu-west-1.s3.eu-west-1.amazonaws.com/deb6be9f-b915-467f-aca8-f0e8094df1d4
leaf blight,maize_leaf_blight,leaf blight510_.jpg,https://data.mendeley.com/public-files/datasets/bwh3zbpkpv/files/01f9006a-047b-4273-9aff-1a023dfdacb1/file_downloaded,https://prod-dcd-datasets-public-files-eu-west-1.s3.eu-west-1.amazonaws.com/9be94746-f8ae-49c8-9de2-08f0e8fa1b03
leaf blight,maize_leaf_blight,leaf blight511_.jpg,https://data.mendeley.com/public-files/datasets/bwh3zbpkpv/files/1f659439-7043-4c89-bcd6-d406c0531ad1/file_downloaded,https://prod-dcd-datasets-public-files-eu-west-1.s3.eu-west-1.amazonaws.com/617842f4-6485-4250-9988-03a8b50f3832
leaf blight,maize_leaf_blight,leaf blight512_.jpg,https://data.mendeley.com/public-files/datasets/bwh3zbpkpv/files/0d1f79bc-4f12-4d7b-b0b7-aceccf7decfb/file_downloaded,https://prod-dcd-datasets-public-files-eu-west-1.s3.eu-west-1.amazonaws.com/486c9905-d599-4dcc-8d87-cffbe41c3b04
leaf blight,maize_leaf_blight,leaf blight513_.jpg,https://data.mendeley.com/public-files/datasets/bwh3zbpkpv/files/6f4cea3f-cf90-45c2-9c7d-e88fd5856970/file_downloaded,https://prod-dcd-datasets-public-files-eu-west-1.s3.eu-west-1.amazonaws.com/9636ad66-454c-49ef-b7eb-588cd087df3f
leaf blight,maize_leaf_blight,leaf blight514_.jpg,https://data.mendeley.com/public-files/datasets/bwh3zbpkpv/files/6fee1d6c-df3d-48dd-ac31-0699978f26b4/file_downloaded,https://prod-dcd-datasets-public-files-eu-west-1.s3.eu-west-1.amazonaws.com/db7ce8a8-27f7-4d59-a3ca-c005a41fa5a7
leaf blight,maize_leaf_blight,leaf blight515_.jpg,https://data.mendeley.com/public-files/datasets/bwh3zbpkpv/files/acde977a-993d-4404-ad8b-185f59e0368c/file_downloaded,https://prod-dcd-datasets-public-files-eu-west-1.s3.eu-west-1.amazonaws.com/516c6e13-cf5c-45a4-9cc2-e6add0aac55a
leaf blight,maize_leaf_blight,leaf blight516_.jpg,https://data.mendeley.com/public-files/datasets/bwh3zbpkpv/files/9a8bcd54-6ce3-4a09-a4a3-33384d757e1d/file_downloaded,https://prod-dcd-datasets-public-files-eu-west-1.s3.eu-west-1.amazonaws.com/aa20b705-cdb6-4a06-8ec5-27a8724cf31f
leaf blight,maize_leaf_blight,leaf blight517_.jpg,https://data.mendeley.com/public-files/datasets/bwh3zbpkpv/files/41204dae-9451-4875-bcf8-2f32ae7db2cf/file_downloaded,https://prod-dcd-datasets-public-files-eu-west-1.s3.eu-west-1.amazonaws.com/99b6a018-239f-4513-983f-0e1b9be49ca8
leaf blight,maize_leaf_blight,leaf blight518_.jpg,https://data.mendeley.com/public-files/datasets/bwh3zbpkpv/files/90fbf41a-5de6-4169-893b-695f91605c14/file_downloaded,https://prod-dcd-datasets-public-files-eu-west-1.s3.eu-west-1.amazonaws.com/57cffc85-b732-40f0-9b3a-5340605d924d
leaf blight,maize_leaf_blight,leaf blight519_.jpg,https://data.mendeley.com/public-files/datasets/bwh3zbpkpv/files/feabcfd4-bbe5-41f7-8b81-355406d4637d/file_downloaded,https://prod-dcd-datasets-public-files-eu-west-1.s3.eu-west-1.amazonaws.com/18d28ffb-a0b2-45fe-b5c4-8ccb9f1ded3f
leaf blight,maize_leaf_blight,leaf blight51_.jpg,https://data.mendeley.com/public-files/datasets/bwh3zbpkpv/files/328454d4-dac9-4178-bfd8-2f0cd5742a4b/file_downloaded,https://prod-dcd-datasets-public-files-eu-west-1.s3.eu-west-1.amazonaws.com/98590c22-9eae-4e6d-b7c7-ce01d6b3e955
leaf blight,maize_leaf_blight,leaf blight520_.jpg,https://data.mendeley.com/public-files/datasets/bwh3zbpkpv/files/c0a44311-c35b-42f4-a6b6-bd3dc7708e85/file_downloaded,https://prod-dcd-datasets-public-files-eu-west-1.s3.eu-west-1.amazonaws.com/afa330b9-92a6-4c92-a9f9-1007c6cb50f4
leaf blight,maize_leaf_blight,leaf blight521_.jpg,https://data.mendeley.com/public-files/datasets/bwh3zbpkpv/files/debc8edc-2a45-4a49-96bf-2b71bb9b6306/file_downloaded,https://prod-dcd-datasets-public-files-eu-west-1.s3.eu-west-1.amazonaws.com/7abcea6a-3d64-4616-8efa-cb47b04a827f
leaf blight,maize_leaf_blight,leaf blight522_.jpg,https://data.mendeley.com/public-files/datasets/bwh3zbpkpv/files/39e4ad31-ffc1-4634-8b47-8618bb737f7e/file_downloaded,https://prod-dcd-datasets-public-files-eu-west-1.s3.eu-west-1.amazonaws.com/a8cb9dc4-4d04-4d36-8437-0e2e594d4111
leaf blight,maize_leaf_blight,leaf blight523_.jpg,https://data.mendeley.com/public-files/datasets/bwh3zbpkpv/files/024e9913-843c-4215-8b36-4301e929bcc3/file_downloaded,https://prod-dcd-datasets-public-files-eu-west-1.s3.eu-west-1.amazonaws.com/6690f74c-7c6b-4525-9df0-ec408ca999e2
leaf blight,maize_leaf_blight,leaf blight524_.jpg,https://data.mendeley.com/public-files/datasets/bwh3zbpkpv/files/94e89c33-c2e1-4cdf-a4d4-d5d384710412/file_downloaded,https://prod-dcd-datasets-public-files-eu-west-1.s3.eu-west-1.amazonaws.com/f5de82bd-3cce-40b2-9c82-7364268b1a37
leaf blight,maize_leaf_blight,leaf blight525_.jpg,https://data.mendeley.com/public-files/datasets/bwh3zbpkpv/files/76df972c-79c1-474e-b4f4-4f3a06d51084/file_downloaded,https://prod-dcd-datasets-public-files-eu-west-1.s3.eu-west-1.amazonaws.com/03415679-dec4-4607-a087-f92c30fdc54e
leaf blight,maize_leaf_blight,leaf blight526_.jpg,https://data.mendeley.com/public-files/datasets/bwh3zbpkpv/files/7043700c-d8cf-46d1-9e16-b0731e2d51f1/file_downloaded,https://prod-dcd-datasets-public-files-eu-west-1.s3.eu-west-1.amazonaws.com/be6be97f-0e02-4980-a6c0-d079554a037b
leaf blight,maize_leaf_blight,leaf blight527_.jpg,https://data.mendeley.com/public-files/datasets/bwh3zbpkpv/files/7191226b-e2b7-4aa3-afeb-3926189578f3/file_downloaded,https://prod-dcd-datasets-public-files-eu-west-1.s3.eu-west-1.amazonaws.com/87f77205-05bd-4e82-a250-2658010fd577
leaf blight,maize_leaf_blight,leaf blight528_.jpg,https://data.mendeley.com/public-files/datasets/bwh3zbpkpv/files/db3d059a-cdd8-4be9-9a55-f4d6091608b1/file_downloaded,https://prod-dcd-datasets-public-files-eu-west-1.s3.eu-west-1.amazonaws.com/0b8e8d6b-6e7b-42e7-b1c4-3c01d9410548
leaf blight,maize_leaf_blight,leaf blight529_.jpg,https://data.mendeley.com/public-files/datasets/bwh3zbpkpv/files/6a51d036-d5d9-4203-8e6c-d6dcc0b7744c/file_downloaded,https://prod-dcd-datasets-public-files-eu-west-1.s3.eu-west-1.amazonaws.com/2bf1cfca-308a-4b5f-a844-4e6c70f4ee52
leaf blight,maize_leaf_blight,leaf blight52_.jpg,https://data.mendeley.com/public-files/datasets/bwh3zbpkpv/files/8a1d26f1-92f4-4d3a-88f2-a402076bece7/file_downloaded,https://prod-dcd-datasets-public-files-eu-west-1.s3.eu-west-1.amazonaws.com/583d5bcf-d465-4dc8-8761-e1a1f1c7ecb5
leaf blight,maize_leaf_blight,leaf blight530_.jpg,https://data.mendeley.com/public-files/datasets/bwh3zbpkpv/files/5bc745a6-f4e0-4cd9-b6c4-5981350b2d49/file_downloaded,https://prod-dcd-datasets-public-files-eu-west-1.s3.eu-west-1.amazonaws.com/7bce1490-ca3d-4e3c-94d9-91bfe55829ca
leaf blight,maize_leaf_blight,leaf blight531_.jpg,https://data.mendeley.com/public-files/datasets/bwh3zbpkpv/files/850982e8-2e84-4d83-9e5d-231eb46ee40e/file_downloaded,https://prod-dcd-datasets-public-files-eu-west-1.s3.eu-west-1.amazonaws.com/493bae66-54d6-4d72-9348-8e8c9703ed76
leaf blight,maize_leaf_blight,leaf blight532_.jpg,https://data.mendeley.com/public-files/datasets/bwh3zbpkpv/files/237aa4e4-8d9c-4e7b-a760-d39747d6127f/file_downloaded,https://prod-dcd-datasets-public-files-eu-west-1.s3.eu-west-1.amazonaws.com/b9f25c96-b745-462e-a4fc-54f4873e5334
leaf blight,maize_leaf_blight,leaf blight533_.jpg,https://data.mendeley.com/public-files/datasets/bwh3zbpkpv/files/5aaf710b-167e-4c6c-844a-32eb107eddca/file_downloaded,https://prod-dcd-datasets-public-files-eu-west-1.s3.eu-west-1.amazonaws.com/c6042c13-bdf6-4b5f-827d-c8869e6f999e
leaf blight,maize_leaf_blight,leaf blight534_.jpg,https://data.mendeley.com/public-files/datasets/bwh3zbpkpv/files/fd8175fa-8cdc-49b1-8396-f5e204c24009/file_downloaded,https://prod-dcd-datasets-public-files-eu-west-1.s3.eu-west-1.amazonaws.com/ca4cb497-011b-4401-afbf-6cdeeb21835b
leaf blight,maize_leaf_blight,leaf blight535_.jpg,https://data.mendeley.com/public-files/datasets/bwh3zbpkpv/files/790d53a9-6592-4afb-b7b4-57fccf56bf90/file_downloaded,https://prod-dcd-datasets-public-files-eu-west-1.s3.eu-west-1.amazonaws.com/f8aa8be0-4a09-4a13-b76b-64ece5ae02fd
leaf blight,maize_leaf_blight,leaf blight536_.jpg,https://data.mendeley.com/public-files/datasets/bwh3zbpkpv/files/76aad6a0-edb0-455a-8ea6-cd6cb6ac4a6e/file_downloaded,https://prod-dcd-datasets-public-files-eu-west-1.s3.eu-west-1.amazonaws.com/e3e46fbd-9211-48c9-bdf2-554f5caf7a12
leaf blight,maize_leaf_blight,leaf blight537_.jpg,https://data.mendeley.com/public-files/datasets/bwh3zbpkpv/files/f2355a89-a3f2-497c-9924-793c6505c198/file_downloaded,https://prod-dcd-datasets-public-files-eu-west-1.s3.eu-west-1.amazonaws.com/4e24ee74-cac6-4dbf-950e-431770fd0b59
leaf blight,maize_leaf_blight,leaf blight538_.jpg,https://data.mendeley.com/public-files/datasets/bwh3zbpkpv/files/3059c170-2ec8-4c97-8b97-8b461fff6047/file_downloaded,https://prod-dcd-datasets-public-files-eu-west-1.s3.eu-west-1.amazonaws.com/aafee890-28d8-427e-ba74-1445f64d93e0
leaf blight,maize_leaf_blight,leaf blight539_.jpg,https://data.mendeley.com/public-files/datasets/bwh3zbpkpv/files/44defb6a-9998-4ba4-b9ba-5ea27ead56a1/file_downloaded,https://prod-dcd-datasets-public-files-eu-west-1.s3.eu-west-1.amazonaws.com/a084aae0-3ac0-4930-8795-7b5db6b1b19b
leaf blight,maize_leaf_blight,leaf blight53_.jpg,https://data.mendeley.com/public-files/datasets/bwh3zbpkpv/files/e0aefbf6-4c6b-437b-b8af-a77532a104b8/file_downloaded,https://prod-dcd-datasets-public-files-eu-west-1.s3.eu-west-1.amazonaws.com/81ac4867-e16c-42f3-ae39-0ae42258f869
leaf blight,maize_leaf_blight,leaf blight540_.jpg,https://data.mendeley.com/public-files/datasets/bwh3zbpkpv/files/85a3e013-d0e3-41bf-9d38-68fafcdb7732/file_downloaded,https://prod-dcd-datasets-public-files-eu-west-1.s3.eu-west-1.amazonaws.com/f29b0d10-e08c-4e17-b443-6f172fb6de66
leaf blight,maize_leaf_blight,leaf blight541_.jpg,https://data.mendeley.com/public-files/datasets/bwh3zbpkpv/files/2f870e31-0d2e-4204-9fb6-1905d5a331e7/file_downloaded,https://prod-dcd-datasets-public-files-eu-west-1.s3.eu-west-1.amazonaws.com/2c101109-e819-4222-bd51-f60ca214aa6d
leaf blight,maize_leaf_blight,leaf blight542_.jpg,https://data.mendeley.com/public-files/datasets/bwh3zbpkpv/files/9ebdf9c7-ad3d-46bc-8c90-7fe7d1df12cb/file_downloaded,https://prod-dcd-datasets-public-files-eu-west-1.s3.eu-west-1.amazonaws.com/5946e429-5f8e-4d75-bdc3-6a0851001a9c
leaf blight,maize_leaf_blight,leaf blight543_.jpg,https://data.mendeley.com/public-files/datasets/bwh3zbpkpv/files/1e5f7781-a694-4344-9a24-0c4d5c672072/file_downloaded,https://prod-dcd-datasets-public-files-eu-west-1.s3.eu-west-1.amazonaws.com/e3282e48-b814-455f-859d-71af70373805
leaf blight,maize_leaf_blight,leaf blight544_.jpg,https://data.mendeley.com/public-files/datasets/bwh3zbpkpv/files/930205f2-b990-4be9-bfbb-52200306acec/file_downloaded,https://prod-dcd-datasets-public-files-eu-west-1.s3.eu-west-1.amazonaws.com/16fd7ebe-5093-4703-95f8-238ed83c68d5
leaf blight,maize_leaf_blight,leaf blight545_.jpg,https://data.mendeley.com/public-files/datasets/bwh3zbpkpv/files/b38a4a75-f6c1-4e66-b9c2-c71d61effefc/file_downloaded,https://prod-dcd-datasets-public-files-eu-west-1.s3.eu-west-1.amazonaws.com/0bc83ff0-444f-4eda-8612-5258ce939f17
leaf blight,maize_leaf_blight,leaf blight546_.jpg,https://data.mendeley.com/public-files/datasets/bwh3zbpkpv/files/c6ac35ed-7238-4d6d-8aa2-48d14dc51b82/file_downloaded,https://prod-dcd-datasets-public-files-eu-west-1.s3.eu-west-1.amazonaws.com/74cf897d-0cee-456f-9787-150953dfb3ee
leaf blight,maize_leaf_blight,leaf blight547_.jpg,https://data.mendeley.com/public-files/datasets/bwh3zbpkpv/files/2943803d-47cc-4ca9-8465-e1a8525893f7/file_downloaded,https://prod-dcd-datasets-public-files-eu-west-1.s3.eu-west-1.amazonaws.com/baaba9b9-121f-42a7-a592-22ae8222f0c8
leaf blight,maize_leaf_blight,leaf blight548_.jpg,https://data.mendeley.com/public-files/datasets/bwh3zbpkpv/files/57819d43-b72a-4c2e-8d0e-efa1acad579a/file_downloaded,https://prod-dcd-datasets-public-files-eu-west-1.s3.eu-west-1.amazonaws.com/06e27d0b-d754-446e-a987-67bce98f7503
leaf blight,maize_leaf_blight,leaf blight549_.jpg,https://data.mendeley.com/public-files/datasets/bwh3zbpkpv/files/5c3f87dd-54aa-477d-b71b-faf646a7e310/file_downloaded,https://prod-dcd-datasets-public-files-eu-west-1.s3.eu-west-1.amazonaws.com/7c9d9159-2544-49f9-afb1-17372571b103
leaf blight,maize_leaf_blight,leaf blight54_.jpg,https://data.mendeley.com/public-files/datasets/bwh3zbpkpv/files/e954ba43-ef05-4347-8c5b-13cfe8883b5c/file_downloaded,https://prod-dcd-datasets-public-files-eu-west-1.s3.eu-west-1.amazonaws.com/8cff9aea-cef7-43c4-b173-c324a8b5c3ca
leaf blight,maize_leaf_blight,leaf blight550_.jpg,https://data.mendeley.com/public-files/datasets/bwh3zbpkpv/files/61d7a2cb-1a6f-4e95-b5ea-8e860b4d7bfa/file_downloaded,https://prod-dcd-datasets-public-files-eu-west-1.s3.eu-west-1.amazonaws.com/ca42bd90-c6d8-4464-8abc-49cefbd52593
leaf blight,maize_leaf_blight,leaf blight551_.jpg,https://data.mendeley.com/public-files/datasets/bwh3zbpkpv/files/8a962a70-b03b-4b04-bea0-e03aa8556b33/file_downloaded,https://prod-dcd-datasets-public-files-eu-west-1.s3.eu-west-1.amazonaws.com/bc6746bf-bb26-4150-ae97-8667a64058a1
leaf blight,maize_leaf_blight,leaf blight552_.jpg,https://data.mendeley.com/public-files/datasets/bwh3zbpkpv/files/1520ab9d-eda4-4485-b8f7-daa2a39e06d1/file_downloaded,https://prod-dcd-datasets-public-files-eu-west-1.s3.eu-west-1.amazonaws.com/e7e3473b-aa58-4373-9f1f-2950db3fe565
leaf blight,maize_leaf_blight,leaf blight553_.jpg,https://data.mendeley.com/public-files/datasets/bwh3zbpkpv/files/865c1836-2c87-4a96-af37-ca9e286e90c2/file_downloaded,https://prod-dcd-datasets-public-files-eu-west-1.s3.eu-west-1.amazonaws.com/768a3162-ba7e-4ea0-9a80-91e5c9d82586
leaf blight,maize_leaf_blight,leaf blight554_.jpg,https://data.mendeley.com/public-files/datasets/bwh3zbpkpv/files/a8cfc837-5edd-4104-9b67-b86451681e0f/file_downloaded,https://prod-dcd-datasets-public-files-eu-west-1.s3.eu-west-1.amazonaws.com/6318d6c3-78ac-4d87-b0a2-e36c0e2a3902
leaf blight,maize_leaf_blight,leaf blight555_.jpg,https://data.mendeley.com/public-files/datasets/bwh3zbpkpv/files/ecf2df09-8ea8-432d-9363-6dc279ac1a16/file_downloaded,https://prod-dcd-datasets-public-files-eu-west-1.s3.eu-west-1.amazonaws.com/a91e8ea3-f447-4dd7-8531-ea4eeee0df4e
leaf blight,maize_leaf_blight,leaf blight556_.jpg,https://data.mendeley.com/public-files/datasets/bwh3zbpkpv/files/6ac0f21d-214f-40a3-aca2-7c555d6a1706/file_downloaded,https://prod-dcd-datasets-public-files-eu-west-1.s3.eu-west-1.amazonaws.com/d8d73c6d-6a05-4b87-8b9a-d8013b8c9a8f
leaf blight,maize_leaf_blight,leaf blight557_.jpg,https://data.mendeley.com/public-files/datasets/bwh3zbpkpv/files/a8b88b1e-c0ea-4ced-bf42-f64c4d5a668f/file_downloaded,https://prod-dcd-datasets-public-files-eu-west-1.s3.eu-west-1.amazonaws.com/f61e6dc4-a1be-49e0-82f3-8d1d79772652
leaf blight,maize_leaf_blight,leaf blight558_.jpg,https://data.mendeley.com/public-files/datasets/bwh3zbpkpv/files/68629257-ebf2-47ed-9679-33684a773a74/file_downloaded,https://prod-dcd-datasets-public-files-eu-west-1.s3.eu-west-1.amazonaws.com/f7236563-d7b8-4649-84c0-e589722e0429
leaf blight,maize_leaf_blight,leaf blight559_.jpg,https://data.mendeley.com/public-files/datasets/bwh3zbpkpv/files/76ddeacf-ecff-418a-a43c-52f602b037e2/file_downloaded,https://prod-dcd-datasets-public-files-eu-west-1.s3.eu-west-1.amazonaws.com/ea06efcf-8bf8-41bc-bce5-e85c72138bc2
leaf blight,maize_leaf_blight,leaf blight55_.jpg,https://data.mendeley.com/public-files/datasets/bwh3zbpkpv/files/8b59905d-46e7-4c5d-998f-becb4b0072c0/file_downloaded,https://prod-dcd-datasets-public-files-eu-west-1.s3.eu-west-1.amazonaws.com/d0da6bcb-d585-4da1-a1a6-b2bc9b40c591
leaf blight,maize_leaf_blight,leaf blight560_.jpg,https://data.mendeley.com/public-files/datasets/bwh3zbpkpv/files/3418ef07-7978-44c0-82f4-348acd76e3fb/file_downloaded,https://prod-dcd-datasets-public-files-eu-west-1.s3.eu-west-1.amazonaws.com/95d3ec18-d17c-45de-8f3f-eefcfbefd823
leaf blight,maize_leaf_blight,leaf blight561_.jpg,https://data.mendeley.com/public-files/datasets/bwh3zbpkpv/files/aa87f09b-9584-4408-9289-9ccf2b98a091/file_downloaded,https://prod-dcd-datasets-public-files-eu-west-1.s3.eu-west-1.amazonaws.com/add01e7d-6084-4e85-9abd-c2f02628da78
leaf blight,maize_leaf_blight,leaf blight562_.jpg,https://data.mendeley.com/public-files/datasets/bwh3zbpkpv/files/eb4930ba-23a2-4769-81cb-cf1ee567c7ea/file_downloaded,https://prod-dcd-datasets-public-files-eu-west-1.s3.eu-west-1.amazonaws.com/3840789f-0f48-4a58-8201-419c0e7f79da
leaf blight,maize_leaf_blight,leaf blight563_.jpg,https://data.mendeley.com/public-files/datasets/bwh3zbpkpv/files/510f333d-3fbc-4aee-afef-f4853a5ea3ae/file_downloaded,https://prod-dcd-datasets-public-files-eu-west-1.s3.eu-west-1.amazonaws.com/187e6ec5-df70-40b6-8888-571d7a7e6bc4
leaf blight,maize_leaf_blight,leaf blight564_.jpg,https://data.mendeley.com/public-files/datasets/bwh3zbpkpv/files/7869e304-ddb8-46d6-9409-b1645e3fb0ae/file_downloaded,https://prod-dcd-datasets-public-files-eu-west-1.s3.eu-west-1.amazonaws.com/5a155426-8889-4f38-81fd-ce3207f8855b
leaf blight,maize_leaf_blight,leaf blight565_.jpg,https://data.mendeley.com/public-files/datasets/bwh3zbpkpv/files/9373385e-9b15-4f33-b4c8-80b3e1ce4098/file_downloaded,https://prod-dcd-datasets-public-files-eu-west-1.s3.eu-west-1.amazonaws.com/3000360f-0096-49fe-ac5f-3d590645bb81
leaf blight,maize_leaf_blight,leaf blight566_.jpg,https://data.mendeley.com/public-files/datasets/bwh3zbpkpv/files/3a8f0693-5295-4869-8e84-9fbf0dad66fd/file_downloaded,https://prod-dcd-datasets-public-files-eu-west-1.s3.eu-west-1.amazonaws.com/cb0544be-fc82-42e1-b35e-97c553547b7a
leaf blight,maize_leaf_blight,leaf blight567_.jpg,https://data.mendeley.com/public-files/datasets/bwh3zbpkpv/files/cd3b3a73-ff95-4f0b-8376-38e4dcc733be/file_downloaded,https://prod-dcd-datasets-public-files-eu-west-1.s3.eu-west-1.amazonaws.com/209549db-d2f3-46a4-90c2-3f8d0096d315
leaf blight,maize_leaf_blight,leaf blight568_.jpg,https://data.mendeley.com/public-files/datasets/bwh3zbpkpv/files/261fba41-d556-4604-85d5-8790951c1ee3/file_downloaded,https://prod-dcd-datasets-public-files-eu-west-1.s3.eu-west-1.amazonaws.com/6b0cb207-04c4-4f0e-a5ab-ac10d11412ab
leaf blight,maize_leaf_blight,leaf blight569_.jpg,https://data.mendeley.com/public-files/datasets/bwh3zbpkpv/files/b874efb1-0fa2-4254-b4c4-626ecd4e557d/file_downloaded,https://prod-dcd-datasets-public-files-eu-west-1.s3.eu-west-1.amazonaws.com/8371dacc-c6f0-4f2b-88aa-3d1e5143a6ce
leaf blight,maize_leaf_blight,leaf blight56_.jpg,https://data.mendeley.com/public-files/datasets/bwh3zbpkpv/files/12e6b1b9-b3aa-4c77-bccf-219fa390953a/file_downloaded,https://prod-dcd-datasets-public-files-eu-west-1.s3.eu-west-1.amazonaws.com/08e1db12-94f3-409e-a63f-f7a683b65873
leaf blight,maize_leaf_blight,leaf blight570_.jpg,https://data.mendeley.com/public-files/datasets/bwh3zbpkpv/files/2d5b4908-d9cb-4e19-9ec8-a5dd5bb1a66d/file_downloaded,https://prod-dcd-datasets-public-files-eu-west-1.s3.eu-west-1.amazonaws.com/dce4be04-4a97-4094-9e90-df3bc1cc5d69
leaf blight,maize_leaf_blight,leaf blight571_.jpg,https://data.mendeley.com/public-files/datasets/bwh3zbpkpv/files/e53c32e1-1e64-47c3-bace-10f30aa55f72/file_downloaded,https://prod-dcd-datasets-public-files-eu-west-1.s3.eu-west-1.amazonaws.com/25d97e50-6533-4720-aa5d-ffa629a3b047
leaf blight,maize_leaf_blight,leaf blight572_.jpg,https://data.mendeley.com/public-files/datasets/bwh3zbpkpv/files/6d3e9c68-67d5-4d3f-abab-e707111b9899/file_downloaded,https://prod-dcd-datasets-public-files-eu-west-1.s3.eu-west-1.amazonaws.com/6ce4bb24-91ea-4b5c-a5c6-aef1a80a1633
leaf blight,maize_leaf_blight,leaf blight573_.jpg,https://data.mendeley.com/public-files/datasets/bwh3zbpkpv/files/8d5516cd-fef6-46f7-bcee-514466a317a4/file_downloaded,https://prod-dcd-datasets-public-files-eu-west-1.s3.eu-west-1.amazonaws.com/9d844bca-a936-4014-89c6-c6fd725cc533
leaf blight,maize_leaf_blight,leaf blight574_.jpg,https://data.mendeley.com/public-files/datasets/bwh3zbpkpv/files/2b795ab3-0548-47d8-88b1-4320b5bc62e8/file_downloaded,https://prod-dcd-datasets-public-files-eu-west-1.s3.eu-west-1.amazonaws.com/d74052cd-526e-41c9-b3db-c90391311eb8
leaf blight,maize_leaf_blight,leaf blight575_.jpg,https://data.mendeley.com/public-files/datasets/bwh3zbpkpv/files/2ad93bea-f4ab-453e-8b84-d2c67d9cd731/file_downloaded,https://prod-dcd-datasets-public-files-eu-west-1.s3.eu-west-1.amazonaws.com/293ac87d-7d86-4bec-8c03-f2ad0d6345d4
leaf blight,maize_leaf_blight,leaf blight576_.jpg,https://data.mendeley.com/public-files/datasets/bwh3zbpkpv/files/55eff776-9b1c-40c8-bf18-6fa3076736d5/file_downloaded,https://prod-dcd-datasets-public-files-eu-west-1.s3.eu-west-1.amazonaws.com/76a5406f-6b43-4115-8850-f2c0a6c14b48
leaf blight,maize_leaf_blight,leaf blight577_.jpg,https://data.mendeley.com/public-files/datasets/bwh3zbpkpv/files/08762492-90bd-4882-9f1a-8e22d4aa2e1b/file_downloaded,https://prod-dcd-datasets-public-files-eu-west-1.s3.eu-west-1.amazonaws.com/50a7c85f-70a7-4f3f-bf07-386bf0d8d25a
leaf blight,maize_leaf_blight,leaf blight578_.jpg,https://data.mendeley.com/public-files/datasets/bwh3zbpkpv/files/414a94c2-d9fb-4d9f-af8c-8c533d6dcf10/file_downloaded,https://prod-dcd-datasets-public-files-eu-west-1.s3.eu-west-1.amazonaws.com/3f4c2796-c2e1-4e63-b8b2-682f032573b3
leaf blight,maize_leaf_blight,leaf blight579_.jpg,https://data.mendeley.com/public-files/datasets/bwh3zbpkpv/files/8bc0d0ce-4957-4736-939c-558cb2aa963e/file_downloaded,https://prod-dcd-datasets-public-files-eu-west-1.s3.eu-west-1.amazonaws.com/6086d1ff-c926-47ea-8048-c82abf00afcc
leaf blight,maize_leaf_blight,leaf blight57_.jpg,https://data.mendeley.com/public-files/datasets/bwh3zbpkpv/files/40a9113f-f4a1-495b-a360-da98f735ac77/file_downloaded,https://prod-dcd-datasets-public-files-eu-west-1.s3.eu-west-1.amazonaws.com/8ca89a35-ad35-4aeb-bca3-566613b2ce0a
leaf blight,maize_leaf_blight,leaf blight580_.jpg,https://data.mendeley.com/public-files/datasets/bwh3zbpkpv/files/449206c0-531e-4c9e-8876-afde706769e2/file_downloaded,https://prod-dcd-datasets-public-files-eu-west-1.s3.eu-west-1.amazonaws.com/81221b11-2a1e-4bd9-ab1d-509c09f97b00
leaf blight,maize_leaf_blight,leaf blight581_.jpg,https://data.mendeley.com/public-files/datasets/bwh3zbpkpv/files/1713e453-5636-447e-87cf-ae05830d5cf2/file_downloaded,https://prod-dcd-datasets-public-files-eu-west-1.s3.eu-west-1.amazonaws.com/81fac518-ffe8-4979-b335-9f668de80397
leaf blight,maize_leaf_blight,leaf blight582_.jpg,https://data.mendeley.com/public-files/datasets/bwh3zbpkpv/files/6593b992-b3ad-4d77-81e5-926807e1475b/file_downloaded,https://prod-dcd-datasets-public-files-eu-west-1.s3.eu-west-1.amazonaws.com/be939dba-4948-4426-8888-2f21a806e000
leaf blight,maize_leaf_blight,leaf blight583_.jpg,https://data.mendeley.com/public-files/datasets/bwh3zbpkpv/files/55ef4394-9c71-4f58-93e2-70eb137f495e/file_downloaded,https://prod-dcd-datasets-public-files-eu-west-1.s3.eu-west-1.amazonaws.com/80de2b21-71b4-4e1d-af21-249643c32832
leaf blight,maize_leaf_blight,leaf blight584_.jpg,https://data.mendeley.com/public-files/datasets/bwh3zbpkpv/files/0e964017-5a7f-4760-8626-d5f08a287a86/file_downloaded,https://prod-dcd-datasets-public-files-eu-west-1.s3.eu-west-1.amazonaws.com/1ddb86e3-d12b-4f48-99ad-9af2cd61b580
leaf blight,maize_leaf_blight,leaf blight585_.jpg,https://data.mendeley.com/public-files/datasets/bwh3zbpkpv/files/c12a05e5-d8dc-4c01-b609-b5c8716c65a3/file_downloaded,https://prod-dcd-datasets-public-files-eu-west-1.s3.eu-west-1.amazonaws.com/e3ad12bc-91a9-4534-bd54-451638664de8
leaf blight,maize_leaf_blight,leaf blight586_.jpg,https://data.mendeley.com/public-files/datasets/bwh3zbpkpv/files/669407b1-9e67-4494-bc67-c5bc1f2fa8ea/file_downloaded,https://prod-dcd-datasets-public-files-eu-west-1.s3.eu-west-1.amazonaws.com/fb6a43fd-39ef-4652-bf7e-898589ed953f
leaf blight,maize_leaf_blight,leaf blight587_.jpg,https://data.mendeley.com/public-files/datasets/bwh3zbpkpv/files/c78603ef-9dd7-42a8-aaa2-0401389eee82/file_downloaded,https://prod-dcd-datasets-public-files-eu-west-1.s3.eu-west-1.amazonaws.com/5aed7d58-2d57-41aa-852b-85e71d5a3578
leaf blight,maize_leaf_blight,leaf blight588_.jpg,https://data.mendeley.com/public-files/datasets/bwh3zbpkpv/files/642c388c-e852-40aa-a69e-5baa55fb8fc1/file_downloaded,https://prod-dcd-datasets-public-files-eu-west-1.s3.eu-west-1.amazonaws.com/e06f64f3-8870-4907-8171-7501a7c86779
leaf blight,maize_leaf_blight,leaf blight589_.jpg,https://data.mendeley.com/public-files/datasets/bwh3zbpkpv/files/ea1aa845-cfa0-4867-a247-a7aad7b56c90/file_downloaded,https://prod-dcd-datasets-public-files-eu-west-1.s3.eu-west-1.amazonaws.com/a843d5d7-a1c4-45ac-9caa-4b37a97c0ba6
leaf blight,maize_leaf_blight,leaf blight58_.jpg,https://data.mendeley.com/public-files/datasets/bwh3zbpkpv/files/d92b134d-0ba9-458d-b77a-145040ca06ac/file_downloaded,https://prod-dcd-datasets-public-files-eu-west-1.s3.eu-west-1.amazonaws.com/ef1682d3-2b5d-4852-b034-b14a11f7c3eb
leaf blight,maize_leaf_blight,leaf blight590_.jpg,https://data.mendeley.com/public-files/datasets/bwh3zbpkpv/files/cdfba674-17bc-4036-9524-8415ffa4075f/file_downloaded,https://prod-dcd-datasets-public-files-eu-west-1.s3.eu-west-1.amazonaws.com/48d1553a-6f46-4878-9d77-b39dbd8aa85a
leaf blight,maize_leaf_blight,leaf blight591_.jpg,https://data.mendeley.com/public-files/datasets/bwh3zbpkpv/files/46421d4c-e40c-4224-a6e8-832663b67a99/file_downloaded,https://prod-dcd-datasets-public-files-eu-west-1.s3.eu-west-1.amazonaws.com/978674c2-95d1-413e-8174-b7b7cdfd8a34
leaf blight,maize_leaf_blight,leaf blight592_.jpg,https://data.mendeley.com/public-files/datasets/bwh3zbpkpv/files/2fb25af1-9ca0-41a7-9eaa-fdac73933937/file_downloaded,https://prod-dcd-datasets-public-files-eu-west-1.s3.eu-west-1.amazonaws.com/d5911fb2-103c-4d2a-9ee6-b3c5fc376e77
leaf blight,maize_leaf_blight,leaf blight593_.jpg,https://data.mendeley.com/public-files/datasets/bwh3zbpkpv/files/40c959f0-3b59-43dc-b171-e91c3e838572/file_downloaded,https://prod-dcd-datasets-public-files-eu-west-1.s3.eu-west-1.amazonaws.com/a5762140-b518-4954-b9d4-d714de4077e9
leaf blight,maize_leaf_blight,leaf blight594_.jpg,https://data.mendeley.com/public-files/datasets/bwh3zbpkpv/files/b89aad3d-4448-4f91-b26f-c1039e205a06/file_downloaded,https://prod-dcd-datasets-public-files-eu-west-1.s3.eu-west-1.amazonaws.com/c3fe4ac3-5942-403e-bf4e-189fd3ba71fe
leaf blight,maize_leaf_blight,leaf blight595_.jpg,https://data.mendeley.com/public-files/datasets/bwh3zbpkpv/files/9e5727a8-b53f-4eb1-81b0-101fe65d8fee/file_downloaded,https://prod-dcd-datasets-public-files-eu-west-1.s3.eu-west-1.amazonaws.com/b23cc70b-0ec1-4252-be26-033cc137f470
leaf blight,maize_leaf_blight,leaf blight596_.jpg,https://data.mendeley.com/public-files/datasets/bwh3zbpkpv/files/20cc6947-e80b-46b4-9632-f900b644fde5/file_downloaded,https://prod-dcd-datasets-public-files-eu-west-1.s3.eu-west-1.amazonaws.com/c0a5de37-d2af-4887-a6c1-69da8ac46a91
leaf blight,maize_leaf_blight,leaf blight597_.jpg,https://data.mendeley.com/public-files/datasets/bwh3zbpkpv/files/502f3322-17ac-4b44-ada2-29bafbd5851e/file_downloaded,https://prod-dcd-datasets-public-files-eu-west-1.s3.eu-west-1.amazonaws.com/142a8486-9e08-4969-8569-5636ac2a11b1
leaf blight,maize_leaf_blight,leaf blight598_.jpg,https://data.mendeley.com/public-files/datasets/bwh3zbpkpv/files/c93ef637-ecb8-46d2-9872-c4611e21f489/file_downloaded,https://prod-dcd-datasets-public-files-eu-west-1.s3.eu-west-1.amazonaws.com/3f489b4b-f485-4b62-894b-a85851493fc9
leaf blight,maize_leaf_blight,leaf blight599_.jpg,https://data.mendeley.com/public-files/datasets/bwh3zbpkpv/files/f583866d-9d42-4739-a380-e141e9fb7790/file_downloaded,https://prod-dcd-datasets-public-files-eu-west-1.s3.eu-west-1.amazonaws.com/8c6f3555-e9e4-4e7a-b79e-e46990e2b730
leaf blight,maize_leaf_blight,leaf blight59_.jpg,https://data.mendeley.com/public-files/datasets/bwh3zbpkpv/files/f0a84ca7-816a-43cc-9890-8b8c36034a56/file_downloaded,https://prod-dcd-datasets-public-files-eu-west-1.s3.eu-west-1.amazonaws.com/151aa597-2041-4e9e-819e-4138a5f88186
leaf blight,maize_leaf_blight,leaf blight5_.jpg,https://data.mendeley.com/public-files/datasets/bwh3zbpkpv/files/0b66d7dd-7bf4-4956-acef-48f83ecaa207/file_downloaded,https://prod-dcd-datasets-public-files-eu-west-1.s3.eu-west-1.amazonaws.com/89561cc5-8e76-4f2f-b872-7feb5c1fd6f4
leaf blight,maize_leaf_blight,leaf blight600_.jpg,https://data.mendeley.com/public-files/datasets/bwh3zbpkpv/files/a97a4da2-d249-4bab-972e-ca1bfe1d59a8/file_downloaded,https://prod-dcd-datasets-public-files-eu-west-1.s3.eu-west-1.amazonaws.com/af48a349-d56e-41df-a4ed-3b3b6aa98211
leaf blight,maize_leaf_blight,leaf blight601_.jpg,https://data.mendeley.com/public-files/datasets/bwh3zbpkpv/files/e75a82ea-535c-4375-96ce-fd193598b1cc/file_downloaded,https://prod-dcd-datasets-public-files-eu-west-1.s3.eu-west-1.amazonaws.com/cd7dfee1-b41b-4fa7-acfd-14172e1c5c58
leaf blight,maize_leaf_blight,leaf blight602_.jpg,https://data.mendeley.com/public-files/datasets/bwh3zbpkpv/files/ee9c74cd-1ab8-43ce-a9ec-ab2c5edf42f9/file_downloaded,https://prod-dcd-datasets-public-files-eu-west-1.s3.eu-west-1.amazonaws.com/4e769510-b537-466a-b982-930b8e821dda
leaf blight,maize_leaf_blight,leaf blight603_.jpg,https://data.mendeley.com/public-files/datasets/bwh3zbpkpv/files/4ef0c690-6b7d-4832-ab37-b67fd1ab2e54/file_downloaded,https://prod-dcd-datasets-public-files-eu-west-1.s3.eu-west-1.amazonaws.com/5c432e36-01aa-4d70-ae37-0914a0351fb6
leaf blight,maize_leaf_blight,leaf blight604_.jpg,https://data.mendeley.com/public-files/datasets/bwh3zbpkpv/files/971fae66-c29e-40e4-8d1d-0f007cf1b075/file_downloaded,https://prod-dcd-datasets-public-files-eu-west-1.s3.eu-west-1.amazonaws.com/5fae0618-f822-47ad-9f66-f399d37ddf7d
leaf blight,maize_leaf_blight,leaf blight605_.jpg,https://data.mendeley.com/public-files/datasets/bwh3zbpkpv/files/13b52bae-423d-405e-94d1-face6bf397d2/file_downloaded,https://prod-dcd-datasets-public-files-eu-west-1.s3.eu-west-1.amazonaws.com/e30e6d42-d3fc-49f1-b734-285d52acb4b1
leaf blight,maize_leaf_blight,leaf blight606_.jpg,https://data.mendeley.com/public-files/datasets/bwh3zbpkpv/files/24409bc6-ee7e-4563-a795-64ef506a7a8e/file_downloaded,https://prod-dcd-datasets-public-files-eu-west-1.s3.eu-west-1.amazonaws.com/930ab034-fad3-479e-a563-6b8220cf1a67
leaf blight,maize_leaf_blight,leaf blight607_.jpg,https://data.mendeley.com/public-files/datasets/bwh3zbpkpv/files/dc1cf3ee-0169-4370-b50c-2cafa19b24ad/file_downloaded,https://prod-dcd-datasets-public-files-eu-west-1.s3.eu-west-1.amazonaws.com/3e7c7068-d859-4785-83bd-4e496cfeb614
leaf blight,maize_leaf_blight,leaf blight608_.jpg,https://data.mendeley.com/public-files/datasets/bwh3zbpkpv/files/c6232d8d-0e60-41ca-87d2-c2002e041cb8/file_downloaded,https://prod-dcd-datasets-public-files-eu-west-1.s3.eu-west-1.amazonaws.com/be869f4b-8aae-49db-957e-36b70c4a7b98
leaf blight,maize_leaf_blight,leaf blight609_.jpg,https://data.mendeley.com/public-files/datasets/bwh3zbpkpv/files/2c8f3d60-5ee3-4e20-bd4b-2a01804078c9/file_downloaded,https://prod-dcd-datasets-public-files-eu-west-1.s3.eu-west-1.amazonaws.com/0f3f3a11-1406-40c4-a788-d63839771ff2
leaf blight,maize_leaf_blight,leaf blight60_.jpg,https://data.mendeley.com/public-files/datasets/bwh3zbpkpv/files/39890bb8-b2f3-4516-97fd-0cfd8e0da228/file_downloaded,https://prod-dcd-datasets-public-files-eu-west-1.s3.eu-west-1.amazonaws.com/c0499c93-cbea-4e59-a3a3-b02586f020aa
leaf blight,maize_leaf_blight,leaf blight610_.jpg,https://data.mendeley.com/public-files/datasets/bwh3zbpkpv/files/5658ce7b-4d2b-4c57-88e0-59cd99d34963/file_downloaded,https://prod-dcd-datasets-public-files-eu-west-1.s3.eu-west-1.amazonaws.com/d75933f6-3b51-45aa-907a-45f78bae216b
leaf blight,maize_leaf_blight,leaf blight611_.jpg,https://data.mendeley.com/public-files/datasets/bwh3zbpkpv/files/4bc43ae3-9864-4b66-af8c-7e0c830d6644/file_downloaded,https://prod-dcd-datasets-public-files-eu-west-1.s3.eu-west-1.amazonaws.com/fd258b7d-d47f-49ad-83e7-2164b746d7d3
leaf blight,maize_leaf_blight,leaf blight612_.jpg,https://data.mendeley.com/public-files/datasets/bwh3zbpkpv/files/0b47e3f3-1c00-45c1-a3bd-30c85518b42b/file_downloaded,https://prod-dcd-datasets-public-files-eu-west-1.s3.eu-west-1.amazonaws.com/19ad75b7-af5a-481b-a345-474db6386ce4
leaf blight,maize_leaf_blight,leaf blight613_.jpg,https://data.mendeley.com/public-files/datasets/bwh3zbpkpv/files/e9b74aec-e740-4c7f-8332-bc9666382309/file_downloaded,https://prod-dcd-datasets-public-files-eu-west-1.s3.eu-west-1.amazonaws.com/88dde283-40e6-4425-9f70-43612ea83fdf
leaf blight,maize_leaf_blight,leaf blight614_.jpg,https://data.mendeley.com/public-files/datasets/bwh3zbpkpv/files/b3ac9eec-5a9a-4d68-adec-fcc8b38ca699/file_downloaded,https://prod-dcd-datasets-public-files-eu-west-1.s3.eu-west-1.amazonaws.com/4cd6bb61-1a8b-4545-915a-86dabe8322ec
leaf blight,maize_leaf_blight,leaf blight615_.jpg,https://data.mendeley.com/public-files/datasets/bwh3zbpkpv/files/f7aee9d2-2e04-4b2a-9f80-50740c83e862/file_downloaded,https://prod-dcd-datasets-public-files-eu-west-1.s3.eu-west-1.amazonaws.com/c5e704b3-9013-495a-bee7-f05723bfbb1b
leaf blight,maize_leaf_blight,leaf blight616_.jpg,https://data.mendeley.com/public-files/datasets/bwh3zbpkpv/files/8aff6549-7d77-4b00-bfc2-193efcab9c07/file_downloaded,https://prod-dcd-datasets-public-files-eu-west-1.s3.eu-west-1.amazonaws.com/ca1f0575-e669-41d0-9d4b-17907b9ff829
leaf blight,maize_leaf_blight,leaf blight617_.jpg,https://data.mendeley.com/public-files/datasets/bwh3zbpkpv/files/91bd5230-8f00-4d99-8631-4afddaae7d9e/file_downloaded,https://prod-dcd-datasets-public-files-eu-west-1.s3.eu-west-1.amazonaws.com/c154266e-b2ea-467d-9f97-3149abd25259
leaf blight,maize_leaf_blight,leaf blight618_.jpg,https://data.mendeley.com/public-files/datasets/bwh3zbpkpv/files/5aa7f7c4-35e8-4da3-91b6-cd44a8f8c40b/file_downloaded,https://prod-dcd-datasets-public-files-eu-west-1.s3.eu-west-1.amazonaws.com/4b1f6cd2-8a4f-4a81-bb8f-6bfd95821b74
leaf blight,maize_leaf_blight,leaf blight619_.jpg,https://data.mendeley.com/public-files/datasets/bwh3zbpkpv/files/59c42ff2-2bc2-40a1-82e9-e85bc6bd3bfb/file_downloaded,https://prod-dcd-datasets-public-files-eu-west-1.s3.eu-west-1.amazonaws.com/5aea0a11-9e4f-4b20-babf-1e62eda8fcdb
leaf blight,maize_leaf_blight,leaf blight61_.jpg,https://data.mendeley.com/public-files/datasets/bwh3zbpkpv/files/447a0128-cacf-46a3-a6c1-c3115cf592ef/file_downloaded,https://prod-dcd-datasets-public-files-eu-west-1.s3.eu-west-1.amazonaws.com/0dae9149-81ee-43c0-825c-4986bfb67a32
leaf blight,maize_leaf_blight,leaf blight620_.jpg,https://data.mendeley.com/public-files/datasets/bwh3zbpkpv/files/c238585f-b67b-4351-9986-af26a41b3dc6/file_downloaded,https://prod-dcd-datasets-public-files-eu-west-1.s3.eu-west-1.amazonaws.com/2ac4ce69-0024-484b-b424-32d0b9dd4601
leaf blight,maize_leaf_blight,leaf blight621_.jpg,https://data.mendeley.com/public-files/datasets/bwh3zbpkpv/files/0a398a72-d7c0-4689-baa0-4dc25946f371/file_downloaded,https://prod-dcd-datasets-public-files-eu-west-1.s3.eu-west-1.amazonaws.com/fa46dbe5-5337-4b88-afc0-2f3bd4518d0f
leaf blight,maize_leaf_blight,leaf blight622_.jpg,https://data.mendeley.com/public-files/datasets/bwh3zbpkpv/files/0ba9cbbc-331a-4446-8cee-cd8961bf0acb/file_downloaded,https://prod-dcd-datasets-public-files-eu-west-1.s3.eu-west-1.amazonaws.com/6cc177c8-0f71-470e-8675-417c3eea199d
leaf blight,maize_leaf_blight,leaf blight623_.jpg,https://data.mendeley.com/public-files/datasets/bwh3zbpkpv/files/f606d41e-c5ce-4ac4-9cd8-c89d5faa6ca8/file_downloaded,https://prod-dcd-datasets-public-files-eu-west-1.s3.eu-west-1.amazonaws.com/dbeea28b-2161-493f-90d7-d0be8148313a
leaf blight,maize_leaf_blight,leaf blight624_.jpg,https://data.mendeley.com/public-files/datasets/bwh3zbpkpv/files/7d19997a-f092-43a4-bf7d-3b43bed460eb/file_downloaded,https://prod-dcd-datasets-public-files-eu-west-1.s3.eu-west-1.amazonaws.com/947cf700-129c-46f0-b0eb-b90ebe161bbd
leaf blight,maize_leaf_blight,leaf blight625_.jpg,https://data.mendeley.com/public-files/datasets/bwh3zbpkpv/files/8a3680cd-0f3d-4216-aa5d-858dde4fa1fd/file_downloaded,https://prod-dcd-datasets-public-files-eu-west-1.s3.eu-west-1.amazonaws.com/f251d629-6f95-46e9-9459-6a0b76477dda
leaf blight,maize_leaf_blight,leaf blight626_.jpg,https://data.mendeley.com/public-files/datasets/bwh3zbpkpv/files/d9d5e0f4-f31d-40cc-a27e-1f50cbf6ae88/file_downloaded,https://prod-dcd-datasets-public-files-eu-west-1.s3.eu-west-1.amazonaws.com/dfc05f44-7861-4cc4-a928-3f89258cfad4
leaf blight,maize_leaf_blight,leaf blight627_.jpg,https://data.mendeley.com/public-files/datasets/bwh3zbpkpv/files/ba5fd4ba-043d-4e57-94c3-8087e804b540/file_downloaded,https://prod-dcd-datasets-public-files-eu-west-1.s3.eu-west-1.amazonaws.com/4affed87-bf15-4eb3-9730-0a5bb14941fb
leaf blight,maize_leaf_blight,leaf blight628_.jpg,https://data.mendeley.com/public-files/datasets/bwh3zbpkpv/files/a70d16d8-733f-44fb-b649-ab9d55896516/file_downloaded,https://prod-dcd-datasets-public-files-eu-west-1.s3.eu-west-1.amazonaws.com/900799f7-c8ca-473c-a31b-234b402a5e59
leaf blight,maize_leaf_blight,leaf blight629_.jpg,https://data.mendeley.com/public-files/datasets/bwh3zbpkpv/files/8607ac91-26ff-455d-b867-488fca7f959d/file_downloaded,https://prod-dcd-datasets-public-files-eu-west-1.s3.eu-west-1.amazonaws.com/e023fbcd-e89c-4411-823f-2b4c6ee2f06c
leaf blight,maize_leaf_blight,leaf blight62_.jpg,https://data.mendeley.com/public-files/datasets/bwh3zbpkpv/files/8fad1a33-6d1a-4d68-a326-3bb4f1fe5318/file_downloaded,https://prod-dcd-datasets-public-files-eu-west-1.s3.eu-west-1.amazonaws.com/286c8f19-2209-4c46-b468-e95cf63fcde1
leaf blight,maize_leaf_blight,leaf blight630_.jpg,https://data.mendeley.com/public-files/datasets/bwh3zbpkpv/files/2741622a-1045-42f2-bdce-d6fb826cb19b/file_downloaded,https://prod-dcd-datasets-public-files-eu-west-1.s3.eu-west-1.amazonaws.com/71669eb4-e3d3-424c-8066-6bd92e11f85f
leaf blight,maize_leaf_blight,leaf blight631_.jpg,https://data.mendeley.com/public-files/datasets/bwh3zbpkpv/files/3bc3a06b-1e59-4264-b1eb-9e4f4c0ceae5/file_downloaded,https://prod-dcd-datasets-public-files-eu-west-1.s3.eu-west-1.amazonaws.com/bf0cc425-1d52-4b54-b078-6cc2df0c36cf
leaf blight,maize_leaf_blight,leaf blight632_.jpg,https://data.mendeley.com/public-files/datasets/bwh3zbpkpv/files/98493c57-04a5-415c-9498-693c66a39bf9/file_downloaded,https://prod-dcd-datasets-public-files-eu-west-1.s3.eu-west-1.amazonaws.com/c0806b95-2356-4aaf-90ed-440c078948b6
leaf blight,maize_leaf_blight,leaf blight633_.jpg,https://data.mendeley.com/public-files/datasets/bwh3zbpkpv/files/96ff3a21-5658-4002-89c6-7ac150ee274c/file_downloaded,https://prod-dcd-datasets-public-files-eu-west-1.s3.eu-west-1.amazonaws.com/2a153fb7-ca7c-4786-99c4-24da6597988f
leaf blight,maize_leaf_blight,leaf blight634_.jpg,https://data.mendeley.com/public-files/datasets/bwh3zbpkpv/files/5160b562-ac6e-4947-beae-04152968fea3/file_downloaded,https://prod-dcd-datasets-public-files-eu-west-1.s3.eu-west-1.amazonaws.com/798f5326-c246-40ba-80dc-be073a6451ed
leaf blight,maize_leaf_blight,leaf blight635_.jpg,https://data.mendeley.com/public-files/datasets/bwh3zbpkpv/files/7bbee8a7-e201-478a-b216-5876fbfbc93a/file_downloaded,https://prod-dcd-datasets-public-files-eu-west-1.s3.eu-west-1.amazonaws.com/fd84d936-9f35-4f72-80c4-80d3f3a0ec01
leaf blight,maize_leaf_blight,leaf blight636_.jpg,https://data.mendeley.com/public-files/datasets/bwh3zbpkpv/files/812ada8f-03ac-4457-ab5c-acd421a39577/file_downloaded,https://prod-dcd-datasets-public-files-eu-west-1.s3.eu-west-1.amazonaws.com/87d8f113-a146-4c8b-9f48-7fbd9c7cdd76
leaf blight,maize_leaf_blight,leaf blight637_.jpg,https://data.mendeley.com/public-files/datasets/bwh3zbpkpv/files/90c1177d-8957-4ebf-a8f6-8afd5aaaedcd/file_downloaded,https://prod-dcd-datasets-public-files-eu-west-1.s3.eu-west-1.amazonaws.com/f8005dd8-63e8-465b-85a9-e73b7b8c84c7
leaf blight,maize_leaf_blight,leaf blight638_.jpg,https://data.mendeley.com/public-files/datasets/bwh3zbpkpv/files/74af0c00-e3d4-4d33-8104-ea09e2ab8142/file_downloaded,https://prod-dcd-datasets-public-files-eu-west-1.s3.eu-west-1.amazonaws.com/04e3ed4f-a8b9-4b78-8990-2526b8ea5603
leaf blight,maize_leaf_blight,leaf blight639_.jpg,https://data.mendeley.com/public-files/datasets/bwh3zbpkpv/files/3c24c4ed-9796-4c73-87e7-673cea8643f3/file_downloaded,https://prod-dcd-datasets-public-files-eu-west-1.s3.eu-west-1.amazonaws.com/03d8df90-65a8-4223-b52b-50d4e6548f0b
leaf blight,maize_leaf_blight,leaf blight63_.jpg,https://data.mendeley.com/public-files/datasets/bwh3zbpkpv/files/4ecf1c68-ce50-4db7-bcb4-dc1bdbb0a1a7/file_downloaded,https://prod-dcd-datasets-public-files-eu-west-1.s3.eu-west-1.amazonaws.com/19f4b6ca-e7bb-42ae-bf5a-e122af12e4a2
leaf blight,maize_leaf_blight,leaf blight640_.jpg,https://data.mendeley.com/public-files/datasets/bwh3zbpkpv/files/6d7e4486-e6dc-42b2-8f66-3cf5cf037ec2/file_downloaded,https://prod-dcd-datasets-public-files-eu-west-1.s3.eu-west-1.amazonaws.com/48ff3404-5071-48d5-b056-4df07b9a9171
leaf blight,maize_leaf_blight,leaf blight641_.jpg,https://data.mendeley.com/public-files/datasets/bwh3zbpkpv/files/2b70403d-cdce-46ad-a36f-5f7d09a69e09/file_downloaded,https://prod-dcd-datasets-public-files-eu-west-1.s3.eu-west-1.amazonaws.com/3d9b20af-ee44-46a0-a668-22fa5ad0f3ff
leaf blight,maize_leaf_blight,leaf blight642_.jpg,https://data.mendeley.com/public-files/datasets/bwh3zbpkpv/files/4acbd708-2a40-4de8-b4d4-6f3fbc13d619/file_downloaded,https://prod-dcd-datasets-public-files-eu-west-1.s3.eu-west-1.amazonaws.com/976a8b92-4d7a-49ee-bb53-549e7d2ccc8b
leaf blight,maize_leaf_blight,leaf blight643_.jpg,https://data.mendeley.com/public-files/datasets/bwh3zbpkpv/files/618daa83-b744-4210-8d75-ef61d81a102e/file_downloaded,https://prod-dcd-datasets-public-files-eu-west-1.s3.eu-west-1.amazonaws.com/aae08006-810c-4e91-8b25-be59dd2e4bd0
leaf blight,maize_leaf_blight,leaf blight644_.jpg,https://data.mendeley.com/public-files/datasets/bwh3zbpkpv/files/348b1680-159a-4936-985a-1407e13ac6eb/file_downloaded,https://prod-dcd-datasets-public-files-eu-west-1.s3.eu-west-1.amazonaws.com/e84bb69f-afea-4f30-a40d-3a15a74ca61d
leaf blight,maize_leaf_blight,leaf blight645_.jpg,https://data.mendeley.com/public-files/datasets/bwh3zbpkpv/files/a56bec4d-1451-49b9-b6e0-776021374ce4/file_downloaded,https://prod-dcd-datasets-public-files-eu-west-1.s3.eu-west-1.amazonaws.com/8f91feea-0b70-467b-b0ea-0ee8617d2536
leaf blight,maize_leaf_blight,leaf blight646_.jpg,https://data.mendeley.com/public-files/datasets/bwh3zbpkpv/files/068f8032-64bb-4c0f-a3d0-d083c0028f7f/file_downloaded,https://prod-dcd-datasets-public-files-eu-west-1.s3.eu-west-1.amazonaws.com/4c279c0a-1a0d-463a-a98d-edcdf1d47dbe
leaf blight,maize_leaf_blight,leaf blight647_.jpg,https://data.mendeley.com/public-files/datasets/bwh3zbpkpv/files/c1c6a54c-73e1-4ee9-8357-2a846f1d0790/file_downloaded,https://prod-dcd-datasets-public-files-eu-west-1.s3.eu-west-1.amazonaws.com/a37881cd-5fa6-4d32-b61e-5f0b62cec8b7
leaf blight,maize_leaf_blight,leaf blight648_.jpg,https://data.mendeley.com/public-files/datasets/bwh3zbpkpv/files/ae0dea2a-79fb-4dfc-99b2-6a7905501108/file_downloaded,https://prod-dcd-datasets-public-files-eu-west-1.s3.eu-west-1.amazonaws.com/1fd854cd-071e-49b5-9610-1a7a1f4a1915
leaf blight,maize_leaf_blight,leaf blight649_.jpg,https://data.mendeley.com/public-files/datasets/bwh3zbpkpv/files/ad3c3cd7-9564-4673-97ba-e97a8bf998f0/file_downloaded,https://prod-dcd-datasets-public-files-eu-west-1.s3.eu-west-1.amazonaws.com/f40061e1-9467-42d3-8e82-df51a98535b9
leaf blight,maize_leaf_blight,leaf blight64_.jpg,https://data.mendeley.com/public-files/datasets/bwh3zbpkpv/files/90bd9503-6955-473b-9e9c-396b52a4e5d0/file_downloaded,https://prod-dcd-datasets-public-files-eu-west-1.s3.eu-west-1.amazonaws.com/c986ec1c-e9f7-4a56-8108-49c4ab4bc9cf
leaf blight,maize_leaf_blight,leaf blight650_.jpg,https://data.mendeley.com/public-files/datasets/bwh3zbpkpv/files/0e07af4f-2140-4d1e-b4c0-4263f93be5a3/file_downloaded,https://prod-dcd-datasets-public-files-eu-west-1.s3.eu-west-1.amazonaws.com/ef3b4180-4ed4-4683-86a4-805c1aa6a377
leaf blight,maize_leaf_blight,leaf blight651_.jpg,https://data.mendeley.com/public-files/datasets/bwh3zbpkpv/files/353127b9-def7-4a45-af52-32dede10d3b5/file_downloaded,https://prod-dcd-datasets-public-files-eu-west-1.s3.eu-west-1.amazonaws.com/2f4073d5-df83-4e68-921d-6bcbce261956
leaf blight,maize_leaf_blight,leaf blight652_.jpg,https://data.mendeley.com/public-files/datasets/bwh3zbpkpv/files/101ca9f3-00ef-40d1-9011-69f474eaf5a0/file_downloaded,https://prod-dcd-datasets-public-files-eu-west-1.s3.eu-west-1.amazonaws.com/d20d88b4-4dd1-4456-8f31-cd0581da7dc6
leaf blight,maize_leaf_blight,leaf blight653_.jpg,https://data.mendeley.com/public-files/datasets/bwh3zbpkpv/files/6b4e5acc-9546-4b1f-9a76-1ec584b08d23/file_downloaded,https://prod-dcd-datasets-public-files-eu-west-1.s3.eu-west-1.amazonaws.com/cce95db8-36ed-42ce-a7d4-166fe30ac8b8
leaf blight,maize_leaf_blight,leaf blight654_.jpg,https://data.mendeley.com/public-files/datasets/bwh3zbpkpv/files/9680b3f2-e78d-434a-ae15-3d7d4794fb9d/file_downloaded,https://prod-dcd-datasets-public-files-eu-west-1.s3.eu-west-1.amazonaws.com/2eb13c91-f7c8-4684-b4e5-908798c2e7fe
leaf blight,maize_leaf_blight,leaf blight655_.jpg,https://data.mendeley.com/public-files/datasets/bwh3zbpkpv/files/fdd3a8f1-2d90-453f-ae23-41bdfb42de3f/file_downloaded,https://prod-dcd-datasets-public-files-eu-west-1.s3.eu-west-1.amazonaws.com/7ff98512-689c-4665-8b0d-f9764e7077b0
leaf blight,maize_leaf_blight,leaf blight656_.jpg,https://data.mendeley.com/public-files/datasets/bwh3zbpkpv/files/1e02add2-2e5c-44e3-9d45-bf67f8c74d17/file_downloaded,https://prod-dcd-datasets-public-files-eu-west-1.s3.eu-west-1.amazonaws.com/ee9abd96-d0b9-44cd-8757-f7e0b7453dbc
leaf blight,maize_leaf_blight,leaf blight657_.jpg,https://data.mendeley.com/public-files/datasets/bwh3zbpkpv/files/1f4b3b3d-bde4-47df-a98f-a95d7d861ed6/file_downloaded,https://prod-dcd-datasets-public-files-eu-west-1.s3.eu-west-1.amazonaws.com/f1104d19-15a3-47a9-a293-651b87d1df5f
leaf blight,maize_leaf_blight,leaf blight658_.jpg,https://data.mendeley.com/public-files/datasets/bwh3zbpkpv/files/054691a9-8897-4b45-9b47-4f4a9f7e9012/file_downloaded,https://prod-dcd-datasets-public-files-eu-west-1.s3.eu-west-1.amazonaws.com/1c344122-6791-46c2-84a4-f5561449953f
leaf blight,maize_leaf_blight,leaf blight659_.jpg,https://data.mendeley.com/public-files/datasets/bwh3zbpkpv/files/ac5e2c0c-14fc-4270-981b-9df8072e06cf/file_downloaded,https://prod-dcd-datasets-public-files-eu-west-1.s3.eu-west-1.amazonaws.com/c9a3b8c1-1d52-4593-93a4-02a6c6f5cfb3
leaf blight,maize_leaf_blight,leaf blight65_.jpg,https://data.mendeley.com/public-files/datasets/bwh3zbpkpv/files/2b835d95-6451-45ed-9f45-bb0d201e27fa/file_downloaded,https://prod-dcd-datasets-public-files-eu-west-1.s3.eu-west-1.amazonaws.com/e1e307ca-47c0-4290-a102-6671e641b883
leaf blight,maize_leaf_blight,leaf blight660_.jpg,https://data.mendeley.com/public-files/datasets/bwh3zbpkpv/files/95b62fba-547b-47ae-aa2e-33e5922c7336/file_downloaded,https://prod-dcd-datasets-public-files-eu-west-1.s3.eu-west-1.amazonaws.com/c7587cd3-9754-4542-8363-3cfbaec8e24f
leaf blight,maize_leaf_blight,leaf blight661_.jpg,https://data.mendeley.com/public-files/datasets/bwh3zbpkpv/files/76a969f3-6dd0-40a6-80c7-0461047ad32d/file_downloaded,https://prod-dcd-datasets-public-files-eu-west-1.s3.eu-west-1.amazonaws.com/dc9abef0-f3bf-4fbe-a707-ca84e0b3973b
leaf blight,maize_leaf_blight,leaf blight662_.jpg,https://data.mendeley.com/public-files/datasets/bwh3zbpkpv/files/b88a9987-39cf-4d83-97d5-60f64635cd5d/file_downloaded,https://prod-dcd-datasets-public-files-eu-west-1.s3.eu-west-1.amazonaws.com/ed45d71b-1fc3-44c3-a8ed-9035a9ea10e1
leaf blight,maize_leaf_blight,leaf blight663_.jpg,https://data.mendeley.com/public-files/datasets/bwh3zbpkpv/files/edb02552-399e-456b-a47a-a9677abb2d82/file_downloaded,https://prod-dcd-datasets-public-files-eu-west-1.s3.eu-west-1.amazonaws.com/036bb481-cad4-4e77-9245-55eb80796e2f
leaf blight,maize_leaf_blight,leaf blight664_.jpg,https://data.mendeley.com/public-files/datasets/bwh3zbpkpv/files/1c6650fd-d85a-47e6-bece-e85d9463c144/file_downloaded,https://prod-dcd-datasets-public-files-eu-west-1.s3.eu-west-1.amazonaws.com/8522aa87-7a97-4d80-9b76-035f4159a007
leaf blight,maize_leaf_blight,leaf blight665_.jpg,https://data.mendeley.com/public-files/datasets/bwh3zbpkpv/files/6ab97fa4-a31c-446a-aaa5-a1d468a199c1/file_downloaded,https://prod-dcd-datasets-public-files-eu-west-1.s3.eu-west-1.amazonaws.com/190eb8e2-d63a-4008-b68b-df1ad554824f
leaf blight,maize_leaf_blight,leaf blight666_.jpg,https://data.mendeley.com/public-files/datasets/bwh3zbpkpv/files/4c854fc2-ac37-480d-92e4-9e7b49647049/file_downloaded,https://prod-dcd-datasets-public-files-eu-west-1.s3.eu-west-1.amazonaws.com/9f495322-6a88-4c7e-a2a3-ca9036beca76
leaf blight,maize_leaf_blight,leaf blight667_.jpg,https://data.mendeley.com/public-files/datasets/bwh3zbpkpv/files/b3769247-c1a0-4fce-9d9b-857fada0dc8f/file_downloaded,https://prod-dcd-datasets-public-files-eu-west-1.s3.eu-west-1.amazonaws.com/92e7861f-2f9b-4eef-b816-65835ef0159c
leaf blight,maize_leaf_blight,leaf blight668_.jpg,https://data.mendeley.com/public-files/datasets/bwh3zbpkpv/files/1ddc9fbf-e4b1-4019-87ec-da871e29603f/file_downloaded,https://prod-dcd-datasets-public-files-eu-west-1.s3.eu-west-1.amazonaws.com/a5f27e90-d03d-42b5-a928-eba0dbe15cb6
leaf blight,maize_leaf_blight,leaf blight669_.jpg,https://data.mendeley.com/public-files/datasets/bwh3zbpkpv/files/68f9558a-31de-4159-9d69-e8d6c84ac116/file_downloaded,https://prod-dcd-datasets-public-files-eu-west-1.s3.eu-west-1.amazonaws.com/9a49e5d6-1b55-46a7-88f7-86d6e8eae44f
leaf blight,maize_leaf_blight,leaf blight66_.jpg,https://data.mendeley.com/public-files/datasets/bwh3zbpkpv/files/f2e531bc-8a21-4a24-8b48-ac5cf25c47d9/file_downloaded,https://prod-dcd-datasets-public-files-eu-west-1.s3.eu-west-1.amazonaws.com/d16b193a-c93a-41db-9d04-684f63aa6011
leaf blight,maize_leaf_blight,leaf blight670_.jpg,https://data.mendeley.com/public-files/datasets/bwh3zbpkpv/files/d6dc57af-5295-4a0a-a0ed-074dcd21740a/file_downloaded,https://prod-dcd-datasets-public-files-eu-west-1.s3.eu-west-1.amazonaws.com/047bf2bc-9efa-43ab-98a9-0bfe63bede13
leaf blight,maize_leaf_blight,leaf blight671_.jpg,https://data.mendeley.com/public-files/datasets/bwh3zbpkpv/files/08004bcf-b0d7-4c2b-8ca8-c7cf7494fe5b/file_downloaded,https://prod-dcd-datasets-public-files-eu-west-1.s3.eu-west-1.amazonaws.com/d2e876dc-fd51-4a64-87ea-259b3accdd3a
leaf blight,maize_leaf_blight,leaf blight672_.jpg,https://data.mendeley.com/public-files/datasets/bwh3zbpkpv/files/cd9d7562-fcb6-4b7e-b109-a8e7318dab8f/file_downloaded,https://prod-dcd-datasets-public-files-eu-west-1.s3.eu-west-1.amazonaws.com/1f7aee1a-d17d-4cb4-b6c7-ba66ec2bc216
leaf blight,maize_leaf_blight,leaf blight673_.jpg,https://data.mendeley.com/public-files/datasets/bwh3zbpkpv/files/13f36303-f112-4522-9e43-3753fde7fdcb/file_downloaded,https://prod-dcd-datasets-public-files-eu-west-1.s3.eu-west-1.amazonaws.com/f5d32b64-abcf-4e5c-b344-59c59e863be8
leaf blight,maize_leaf_blight,leaf blight674_.jpg,https://data.mendeley.com/public-files/datasets/bwh3zbpkpv/files/e7d9a532-e5f5-4333-af97-b3df227cbcca/file_downloaded,https://prod-dcd-datasets-public-files-eu-west-1.s3.eu-west-1.amazonaws.com/23b48d26-8ecc-418d-bf1e-8dc677e2c943
leaf blight,maize_leaf_blight,leaf blight675_.jpg,https://data.mendeley.com/public-files/datasets/bwh3zbpkpv/files/5612099d-f9ee-4f57-b3c3-f99c0c5cd490/file_downloaded,https://prod-dcd-datasets-public-files-eu-west-1.s3.eu-west-1.amazonaws.com/7e0284b7-c976-4d76-9be5-9606aabd0073
leaf blight,maize_leaf_blight,leaf blight676_.jpg,https://data.mendeley.com/public-files/datasets/bwh3zbpkpv/files/853ff0cb-a841-4595-86b8-eeb214f45d9e/file_downloaded,https://prod-dcd-datasets-public-files-eu-west-1.s3.eu-west-1.amazonaws.com/70cb85bd-1a83-4568-b24e-fb951963dfac
leaf blight,maize_leaf_blight,leaf blight677_.jpg,https://data.mendeley.com/public-files/datasets/bwh3zbpkpv/files/a1ca45f2-cd7b-4fc9-bb81-17d969fb65c7/file_downloaded,https://prod-dcd-datasets-public-files-eu-west-1.s3.eu-west-1.amazonaws.com/67df001b-69e6-4439-a514-82724fb8587d
leaf blight,maize_leaf_blight,leaf blight678_.jpg,https://data.mendeley.com/public-files/datasets/bwh3zbpkpv/files/eb6634f7-151e-452a-8ae8-749257e42133/file_downloaded,https://prod-dcd-datasets-public-files-eu-west-1.s3.eu-west-1.amazonaws.com/b8b199df-a42a-416a-91ad-7f1d32536ce3
leaf blight,maize_leaf_blight,leaf blight679_.jpg,https://data.mendeley.com/public-files/datasets/bwh3zbpkpv/files/638687e5-3e5f-4ab4-82b8-b6439c230f83/file_downloaded,https://prod-dcd-datasets-public-files-eu-west-1.s3.eu-west-1.amazonaws.com/19d436d4-29ad-4c2e-a341-f347c5109956
leaf blight,maize_leaf_blight,leaf blight67_.jpg,https://data.mendeley.com/public-files/datasets/bwh3zbpkpv/files/89d6a573-d038-490e-aa7e-8d93f371e81e/file_downloaded,https://prod-dcd-datasets-public-files-eu-west-1.s3.eu-west-1.amazonaws.com/312b30a0-bb8c-4979-932d-fac1f8476fd8
leaf blight,maize_leaf_blight,leaf blight680_.jpg,https://data.mendeley.com/public-files/datasets/bwh3zbpkpv/files/e6e31385-b3d9-459c-980c-d60bacca2dfb/file_downloaded,https://prod-dcd-datasets-public-files-eu-west-1.s3.eu-west-1.amazonaws.com/1fedfbd1-184f-4c8f-813c-38cd3b6977ab
leaf blight,maize_leaf_blight,leaf blight681_.jpg,https://data.mendeley.com/public-files/datasets/bwh3zbpkpv/files/9dbbf2f4-e9e3-43cb-9fb5-b02cf356a45e/file_downloaded,https://prod-dcd-datasets-public-files-eu-west-1.s3.eu-west-1.amazonaws.com/806d30df-d2a6-4845-b78a-151bdbfa9b28
leaf blight,maize_leaf_blight,leaf blight682_.jpg,https://data.mendeley.com/public-files/datasets/bwh3zbpkpv/files/f7068029-02a7-4f88-939d-0c5518bc5b73/file_downloaded,https://prod-dcd-datasets-public-files-eu-west-1.s3.eu-west-1.amazonaws.com/5347c8e5-7ea0-495c-abc9-86b54486ed6a
leaf blight,maize_leaf_blight,leaf blight683_.jpg,https://data.mendeley.com/public-files/datasets/bwh3zbpkpv/files/af77881d-9729-4cb2-87be-7b5bdba32722/file_downloaded,https://prod-dcd-datasets-public-files-eu-west-1.s3.eu-west-1.amazonaws.com/2092b597-55ba-4383-8e50-60499babd2a3
leaf blight,maize_leaf_blight,leaf blight684_.jpg,https://data.mendeley.com/public-files/datasets/bwh3zbpkpv/files/554420b6-2927-4643-8fbe-956066f100f9/file_downloaded,https://prod-dcd-datasets-public-files-eu-west-1.s3.eu-west-1.amazonaws.com/de9e87d9-3c26-4775-97fe-2a3caa2379bb
leaf blight,maize_leaf_blight,leaf blight685_.jpg,https://data.mendeley.com/public-files/datasets/bwh3zbpkpv/files/a9153ddc-45e6-4de5-a446-fe8cbbeb53df/file_downloaded,https://prod-dcd-datasets-public-files-eu-west-1.s3.eu-west-1.amazonaws.com/97b08f0d-15e3-46fd-8394-ce9b358f635b
leaf blight,maize_leaf_blight,leaf blight686_.jpg,https://data.mendeley.com/public-files/datasets/bwh3zbpkpv/files/992590c6-083f-4817-8096-97682ccc3736/file_downloaded,https://prod-dcd-datasets-public-files-eu-west-1.s3.eu-west-1.amazonaws.com/ae065304-96ce-4823-9b09-c76ac16fda84
leaf blight,maize_leaf_blight,leaf blight687_.jpg,https://data.mendeley.com/public-files/datasets/bwh3zbpkpv/files/f98f47e1-cfec-4d34-bfad-0d503ed4e0c3/file_downloaded,https://prod-dcd-datasets-public-files-eu-west-1.s3.eu-west-1.amazonaws.com/448e88b8-f843-47c5-b0db-7a052436032f
leaf blight,maize_leaf_blight,leaf blight688_.jpg,https://data.mendeley.com/public-files/datasets/bwh3zbpkpv/files/ab6fab4e-db76-457f-9481-d61aa4d99a8f/file_downloaded,https://prod-dcd-datasets-public-files-eu-west-1.s3.eu-west-1.amazonaws.com/d7ea93a0-e6c4-4b87-9d39-5365371be494
leaf blight,maize_leaf_blight,leaf blight689_.jpg,https://data.mendeley.com/public-files/datasets/bwh3zbpkpv/files/a6777739-8821-4612-a655-8add679310e6/file_downloaded,https://prod-dcd-datasets-public-files-eu-west-1.s3.eu-west-1.amazonaws.com/7fee14fa-ad1d-4232-bd72-27bf820bddfb
leaf blight,maize_leaf_blight,leaf blight68_.jpg,https://data.mendeley.com/public-files/datasets/bwh3zbpkpv/files/99007f32-3d1d-4f64-b80e-7798440037af/file_downloaded,https://prod-dcd-datasets-public-files-eu-west-1.s3.eu-west-1.amazonaws.com/ccf0a4ae-8b2c-4b2c-ae13-d0845c0e17ba
leaf blight,maize_leaf_blight,leaf blight690_.jpg,https://data.mendeley.com/public-files/datasets/bwh3zbpkpv/files/7eef1e4e-d75f-487f-a216-98ba5109a7b4/file_downloaded,https://prod-dcd-datasets-public-files-eu-west-1.s3.eu-west-1.amazonaws.com/a34ff5b7-aab5-41a6-83cc-c82abb85f227
leaf blight,maize_leaf_blight,leaf blight691_.jpg,https://data.mendeley.com/public-files/datasets/bwh3zbpkpv/files/f49330e6-bf5d-469e-975a-bfcf3ed8f756/file_downloaded,https://prod-dcd-datasets-public-files-eu-west-1.s3.eu-west-1.amazonaws.com/126e56a5-8b34-47e3-96f0-a516ea86dce8
leaf blight,maize_leaf_blight,leaf blight692_.jpg,https://data.mendeley.com/public-files/datasets/bwh3zbpkpv/files/a2320069-d8fa-4316-b9ec-0dc423cc9da0/file_downloaded,https://prod-dcd-datasets-public-files-eu-west-1.s3.eu-west-1.amazonaws.com/1ee19f44-6485-4130-bfe4-01a2428337ee
leaf blight,maize_leaf_blight,leaf blight693_.jpg,https://data.mendeley.com/public-files/datasets/bwh3zbpkpv/files/b0408693-796b-4bfe-b449-741debb2919e/file_downloaded,https://prod-dcd-datasets-public-files-eu-west-1.s3.eu-west-1.amazonaws.com/26bf5d02-522a-488b-8475-96bc8041ebc7
leaf blight,maize_leaf_blight,leaf blight694_.jpg,https://data.mendeley.com/public-files/datasets/bwh3zbpkpv/files/e57f9c31-9a8e-4219-9051-8a86eb1d99f4/file_downloaded,https://prod-dcd-datasets-public-files-eu-west-1.s3.eu-west-1.amazonaws.com/329264a4-f855-4b02-90c5-55f7a8b57956
leaf blight,maize_leaf_blight,leaf blight695_.jpg,https://data.mendeley.com/public-files/datasets/bwh3zbpkpv/files/875f1022-4b5c-4bc7-b56d-6f8092d907d2/file_downloaded,https://prod-dcd-datasets-public-files-eu-west-1.s3.eu-west-1.amazonaws.com/4e5f3078-fd83-4d1d-9589-ae00258ef061
leaf blight,maize_leaf_blight,leaf blight696_.jpg,https://data.mendeley.com/public-files/datasets/bwh3zbpkpv/files/08e72ae0-92e1-42c6-8b97-a8641b63ffda/file_downloaded,https://prod-dcd-datasets-public-files-eu-west-1.s3.eu-west-1.amazonaws.com/4a1f4b27-b118-42aa-9aa9-8a5bc189ce33
leaf blight,maize_leaf_blight,leaf blight697_.jpg,https://data.mendeley.com/public-files/datasets/bwh3zbpkpv/files/1dd95dc2-e6bb-416f-9ff0-d9583a623299/file_downloaded,https://prod-dcd-datasets-public-files-eu-west-1.s3.eu-west-1.amazonaws.com/a9abb72e-1540-43d4-9cae-d13cfd323756
leaf blight,maize_leaf_blight,leaf blight698_.jpg,https://data.mendeley.com/public-files/datasets/bwh3zbpkpv/files/45b26aef-bfca-47fb-abd6-2cdb8b7f9f15/file_downloaded,https://prod-dcd-datasets-public-files-eu-west-1.s3.eu-west-1.amazonaws.com/b0520315-ddf7-4b22-a607-598dfb876a5a
leaf blight,maize_leaf_blight,leaf blight699_.jpg,https://data.mendeley.com/public-files/datasets/bwh3zbpkpv/files/c6a27a52-ce61-4c46-a351-bf9b876a9af8/file_downloaded,https://prod-dcd-datasets-public-files-eu-west-1.s3.eu-west-1.amazonaws.com/5e584509-151d-4184-b071-c06a49b986d8
leaf blight,maize_leaf_blight,leaf blight69_.jpg,https://data.mendeley.com/public-files/datasets/bwh3zbpkpv/files/68291ffc-c631-451c-b28f-c9be6a13af87/file_downloaded,https://prod-dcd-datasets-public-files-eu-west-1.s3.eu-west-1.amazonaws.com/bf59eeea-c76d-4fb2-be0b-fd080373da48
leaf blight,maize_leaf_blight,leaf blight6_.jpg,https://data.mendeley.com/public-files/datasets/bwh3zbpkpv/files/008a04cb-ae76-4418-9a9e-b5a2f3e52425/file_downloaded,https://prod-dcd-datasets-public-files-eu-west-1.s3.eu-west-1.amazonaws.com/dfd99630-6732-41da-bc1b-3f3b922cf132
leaf blight,maize_leaf_blight,leaf blight700_.jpg,https://data.mendeley.com/public-files/datasets/bwh3zbpkpv/files/895df789-8d92-4fb6-bbdd-48c2450f4145/file_downloaded,https://prod-dcd-datasets-public-files-eu-west-1.s3.eu-west-1.amazonaws.com/02c3430a-6a88-4e9a-bed5-648049a40151
leaf blight,maize_leaf_blight,leaf blight701_.jpg,https://data.mendeley.com/public-files/datasets/bwh3zbpkpv/files/10531566-f196-4c5e-8c9a-5da308fd8eba/file_downloaded,https://prod-dcd-datasets-public-files-eu-west-1.s3.eu-west-1.amazonaws.com/4f6c28bc-b3f9-44ea-a5df-b52562c507df
leaf blight,maize_leaf_blight,leaf blight702_.jpg,https://data.mendeley.com/public-files/datasets/bwh3zbpkpv/files/fb03955a-f772-448b-a2ac-e35cd5453630/file_downloaded,https://prod-dcd-datasets-public-files-eu-west-1.s3.eu-west-1.amazonaws.com/1c0cbf3c-9569-43bd-9a30-afd4794523af
leaf blight,maize_leaf_blight,leaf blight703_.jpg,https://data.mendeley.com/public-files/datasets/bwh3zbpkpv/files/7ffa0618-842d-4079-9663-495a161887cf/file_downloaded,https://prod-dcd-datasets-public-files-eu-west-1.s3.eu-west-1.amazonaws.com/dc7f4702-2e75-45d5-bd11-1b1732f776e8
leaf blight,maize_leaf_blight,leaf blight704_.jpg,https://data.mendeley.com/public-files/datasets/bwh3zbpkpv/files/d72b099d-7f6e-44c5-bcc9-435388729b24/file_downloaded,https://prod-dcd-datasets-public-files-eu-west-1.s3.eu-west-1.amazonaws.com/00924935-531d-4d9f-80cb-26ad4cd29c35
leaf blight,maize_leaf_blight,leaf blight705_.jpg,https://data.mendeley.com/public-files/datasets/bwh3zbpkpv/files/46aff266-3a60-4fa5-8cca-c1e1aa53874c/file_downloaded,https://prod-dcd-datasets-public-files-eu-west-1.s3.eu-west-1.amazonaws.com/36d103ac-3c38-4c84-9828-2708c857168d
leaf blight,maize_leaf_blight,leaf blight706_.jpg,https://data.mendeley.com/public-files/datasets/bwh3zbpkpv/files/cd3752fb-1267-4be4-bb4e-c220557f667e/file_downloaded,https://prod-dcd-datasets-public-files-eu-west-1.s3.eu-west-1.amazonaws.com/30063652-86e2-4d18-9a0d-6f9e5b9bd5d5
leaf blight,maize_leaf_blight,leaf blight707_.jpg,https://data.mendeley.com/public-files/datasets/bwh3zbpkpv/files/9304f16d-c723-4f30-a128-d77e8d922da6/file_downloaded,https://prod-dcd-datasets-public-files-eu-west-1.s3.eu-west-1.amazonaws.com/d2de2432-7884-4967-8caa-571ccafc112d
leaf blight,maize_leaf_blight,leaf blight708_.jpg,https://data.mendeley.com/public-files/datasets/bwh3zbpkpv/files/13397b41-9bb0-4e19-8c6d-d914cd82f1b2/file_downloaded,https://prod-dcd-datasets-public-files-eu-west-1.s3.eu-west-1.amazonaws.com/5412a888-cc27-447a-a72d-3445ba59c579
leaf blight,maize_leaf_blight,leaf blight709_.jpg,https://data.mendeley.com/public-files/datasets/bwh3zbpkpv/files/539b9636-dd91-4f41-9eae-51376b63b62b/file_downloaded,https://prod-dcd-datasets-public-files-eu-west-1.s3.eu-west-1.amazonaws.com/5dc397f4-1166-4f6d-a506-7745a505ab9d
leaf blight,maize_leaf_blight,leaf blight70_.jpg,https://data.mendeley.com/public-files/datasets/bwh3zbpkpv/files/a38963c3-a647-44db-9111-dffb795a454b/file_downloaded,https://prod-dcd-datasets-public-files-eu-west-1.s3.eu-west-1.amazonaws.com/713de7f8-9281-495f-b4f7-bd748d2fb2b6
leaf blight,maize_leaf_blight,leaf blight710_.jpg,https://data.mendeley.com/public-files/datasets/bwh3zbpkpv/files/212d0ee6-2d8e-4364-b987-d9170c230996/file_downloaded,https://prod-dcd-datasets-public-files-eu-west-1.s3.eu-west-1.amazonaws.com/4c798610-7fb4-4c2d-a361-6e4696a4fd12
leaf blight,maize_leaf_blight,leaf blight711_.jpg,https://data.mendeley.com/public-files/datasets/bwh3zbpkpv/files/8f37237e-2aff-4632-ac01-a0c62c127dc6/file_downloaded,https://prod-dcd-datasets-public-files-eu-west-1.s3.eu-west-1.amazonaws.com/5ab83677-cba3-41f2-8e23-09b83635709d
leaf blight,maize_leaf_blight,leaf blight712_.jpg,https://data.mendeley.com/public-files/datasets/bwh3zbpkpv/files/deea311c-4561-4dce-bd5b-6cc602198767/file_downloaded,https://prod-dcd-datasets-public-files-eu-west-1.s3.eu-west-1.amazonaws.com/b7752db9-6278-4a9f-8f2d-88374e38a540
leaf blight,maize_leaf_blight,leaf blight713_.jpg,https://data.mendeley.com/public-files/datasets/bwh3zbpkpv/files/98906550-0434-483c-9643-d8755d67b74c/file_downloaded,https://prod-dcd-datasets-public-files-eu-west-1.s3.eu-west-1.amazonaws.com/06d565e8-3d73-46b0-84e4-eebea649e7aa
leaf blight,maize_leaf_blight,leaf blight714_.jpg,https://data.mendeley.com/public-files/datasets/bwh3zbpkpv/files/c46c787c-0d94-4edd-9fec-31becc7ebce3/file_downloaded,https://prod-dcd-datasets-public-files-eu-west-1.s3.eu-west-1.amazonaws.com/8b43560a-bf87-42bf-806c-7125a839c168
leaf blight,maize_leaf_blight,leaf blight715_.jpg,https://data.mendeley.com/public-files/datasets/bwh3zbpkpv/files/875fbb03-5ecf-4cb2-87dc-66ae76cf46d9/file_downloaded,https://prod-dcd-datasets-public-files-eu-west-1.s3.eu-west-1.amazonaws.com/09b2b321-ec09-47e0-adc6-7664d1ec27d1
leaf blight,maize_leaf_blight,leaf blight716_.jpg,https://data.mendeley.com/public-files/datasets/bwh3zbpkpv/files/3452d746-205c-4298-a818-c2b12e244a61/file_downloaded,https://prod-dcd-datasets-public-files-eu-west-1.s3.eu-west-1.amazonaws.com/5ddb8590-254b-4630-93dd-d816ff5109a6
leaf blight,maize_leaf_blight,leaf blight717_.jpg,https://data.mendeley.com/public-files/datasets/bwh3zbpkpv/files/d56cce0f-2566-4ceb-93cf-ce1d43236c60/file_downloaded,https://prod-dcd-datasets-public-files-eu-west-1.s3.eu-west-1.amazonaws.com/84a4aa33-a207-4da1-8509-2122526a4107
leaf blight,maize_leaf_blight,leaf blight718_.jpg,https://data.mendeley.com/public-files/datasets/bwh3zbpkpv/files/53ffdf40-4465-4ee3-9821-4e718564b016/file_downloaded,https://prod-dcd-datasets-public-files-eu-west-1.s3.eu-west-1.amazonaws.com/4b20466a-60d4-43fa-80a3-e75775740c9f
leaf blight,maize_leaf_blight,leaf blight719_.jpg,https://data.mendeley.com/public-files/datasets/bwh3zbpkpv/files/fbb09f5e-6500-472e-ad07-605ed25d0b3a/file_downloaded,https://prod-dcd-datasets-public-files-eu-west-1.s3.eu-west-1.amazonaws.com/ee5d6d88-9000-4d11-83b3-a3b328b5789e
leaf blight,maize_leaf_blight,leaf blight71_.jpg,https://data.mendeley.com/public-files/datasets/bwh3zbpkpv/files/09c0d2f1-9517-4c00-b7f5-d3326c0f453b/file_downloaded,https://prod-dcd-datasets-public-files-eu-west-1.s3.eu-west-1.amazonaws.com/ddf71c93-4c2f-464a-b59c-d101acd6fb99
leaf blight,maize_leaf_blight,leaf blight720_.jpg,https://data.mendeley.com/public-files/datasets/bwh3zbpkpv/files/a093efbc-83a3-4c2c-89d5-6e10e60e34e2/file_downloaded,https://prod-dcd-datasets-public-files-eu-west-1.s3.eu-west-1.amazonaws.com/6e3e39be-54f2-42a8-8c94-2747f1ec53ff
leaf blight,maize_leaf_blight,leaf blight721_.jpg,https://data.mendeley.com/public-files/datasets/bwh3zbpkpv/files/de954a11-2307-47c2-aa0e-70e83f5e2886/file_downloaded,https://prod-dcd-datasets-public-files-eu-west-1.s3.eu-west-1.amazonaws.com/e93393cb-ae76-45c5-91d4-6f42886cbc22
leaf blight,maize_leaf_blight,leaf blight722_.jpg,https://data.mendeley.com/public-files/datasets/bwh3zbpkpv/files/91602363-ccfd-4d08-848a-0745de875434/file_downloaded,https://prod-dcd-datasets-public-files-eu-west-1.s3.eu-west-1.amazonaws.com/726f71ef-803c-4d66-aa15-d143a913394d
leaf blight,maize_leaf_blight,leaf blight723_.jpg,https://data.mendeley.com/public-files/datasets/bwh3zbpkpv/files/d359d690-15e1-4d84-80e7-4320ae5603ba/file_downloaded,https://prod-dcd-datasets-public-files-eu-west-1.s3.eu-west-1.amazonaws.com/e6c65d53-2cb5-44ce-99c7-29d068b4d747
leaf blight,maize_leaf_blight,leaf blight724_.jpg,https://data.mendeley.com/public-files/datasets/bwh3zbpkpv/files/94babc0e-4393-41e6-95d3-7bbf16a7a7f3/file_downloaded,https://prod-dcd-datasets-public-files-eu-west-1.s3.eu-west-1.amazonaws.com/cb47c767-77bb-4277-9439-92b3ce7db759
leaf blight,maize_leaf_blight,leaf blight725_.jpg,https://data.mendeley.com/public-files/datasets/bwh3zbpkpv/files/084baae0-a3f8-4287-894f-f2a7972f4e1e/file_downloaded,https://prod-dcd-datasets-public-files-eu-west-1.s3.eu-west-1.amazonaws.com/90f1931e-819c-432f-9e87-24e76825bf9c
leaf blight,maize_leaf_blight,leaf blight726_.jpg,https://data.mendeley.com/public-files/datasets/bwh3zbpkpv/files/71648a8c-9079-47e9-b6f6-9f8b7fb88887/file_downloaded,https://prod-dcd-datasets-public-files-eu-west-1.s3.eu-west-1.amazonaws.com/c466b20c-9e10-4c17-87fd-855599338bf8
leaf blight,maize_leaf_blight,leaf blight727_.jpg,https://data.mendeley.com/public-files/datasets/bwh3zbpkpv/files/60647025-6c0f-485d-a9ac-1843530a68cd/file_downloaded,https://prod-dcd-datasets-public-files-eu-west-1.s3.eu-west-1.amazonaws.com/7654f5e4-37f1-4518-aac5-fec00014c7bb
leaf blight,maize_leaf_blight,leaf blight728_.jpg,https://data.mendeley.com/public-files/datasets/bwh3zbpkpv/files/d3b8fa32-d5f0-4cbb-9b71-2eb8ec9e2ca0/file_downloaded,https://prod-dcd-datasets-public-files-eu-west-1.s3.eu-west-1.amazonaws.com/c0161ad6-d01c-4e43-8029-5b1ef1083641
leaf blight,maize_leaf_blight,leaf blight729_.jpg,https://data.mendeley.com/public-files/datasets/bwh3zbpkpv/files/1166c9f1-2f6e-42f9-ad80-b58a28481eb1/file_downloaded,https://prod-dcd-datasets-public-files-eu-west-1.s3.eu-west-1.amazonaws.com/467c6527-dbe6-4f5d-8774-87632a43d80a
leaf blight,maize_leaf_blight,leaf blight72_.jpg,https://data.mendeley.com/public-files/datasets/bwh3zbpkpv/files/1be2a82b-a790-4715-b466-6451a380f3ab/file_downloaded,https://prod-dcd-datasets-public-files-eu-west-1.s3.eu-west-1.amazonaws.com/813f5f81-47ba-4dd6-9ce7-bf23d11f1480
leaf blight,maize_leaf_blight,leaf blight730_.jpg,https://data.mendeley.com/public-files/datasets/bwh3zbpkpv/files/c8585db4-a858-4aaf-bc46-e61763fb47a5/file_downloaded,https://prod-dcd-datasets-public-files-eu-west-1.s3.eu-west-1.amazonaws.com/1b2e24ec-c00b-42ba-bc67-2778d37683d0
leaf blight,maize_leaf_blight,leaf blight731_.jpg,https://data.mendeley.com/public-files/datasets/bwh3zbpkpv/files/3b69afaf-6706-430c-8a6d-ec0a3eea2cf8/file_downloaded,https://prod-dcd-datasets-public-files-eu-west-1.s3.eu-west-1.amazonaws.com/e02e79d3-0284-4672-bd3c-5e663eed7de7
leaf blight,maize_leaf_blight,leaf blight732_.jpg,https://data.mendeley.com/public-files/datasets/bwh3zbpkpv/files/fc7e0d76-cbd7-45d2-9b05-a2986626280f/file_downloaded,https://prod-dcd-datasets-public-files-eu-west-1.s3.eu-west-1.amazonaws.com/7e07198f-a652-441e-8a10-b35ccd8c0b1f
leaf blight,maize_leaf_blight,leaf blight733_.jpg,https://data.mendeley.com/public-files/datasets/bwh3zbpkpv/files/72830555-996e-4918-9eb6-22b1bfddb516/file_downloaded,https://prod-dcd-datasets-public-files-eu-west-1.s3.eu-west-1.amazonaws.com/5648d432-20a1-4f64-8e7e-40103facc39f
leaf blight,maize_leaf_blight,leaf blight734_.jpg,https://data.mendeley.com/public-files/datasets/bwh3zbpkpv/files/6a0307fa-baec-4d4b-9dbc-f3030ec8def0/file_downloaded,https://prod-dcd-datasets-public-files-eu-west-1.s3.eu-west-1.amazonaws.com/e5c0ea07-0855-4221-b98e-4cd499ec10a7
leaf blight,maize_leaf_blight,leaf blight735_.jpg,https://data.mendeley.com/public-files/datasets/bwh3zbpkpv/files/33bbf12f-743e-49d9-bedc-a340ed4f20fa/file_downloaded,https://prod-dcd-datasets-public-files-eu-west-1.s3.eu-west-1.amazonaws.com/54093aca-8c16-4b74-a43d-f52dbf0e4d31
leaf blight,maize_leaf_blight,leaf blight736_.jpg,https://data.mendeley.com/public-files/datasets/bwh3zbpkpv/files/5f951471-faa6-4508-9bbc-393a8993a2a1/file_downloaded,https://prod-dcd-datasets-public-files-eu-west-1.s3.eu-west-1.amazonaws.com/5154510e-74bf-42fc-a011-39c20c10304d
leaf blight,maize_leaf_blight,leaf blight737_.jpg,https://data.mendeley.com/public-files/datasets/bwh3zbpkpv/files/49c60f8e-5a02-448a-89b9-d64fc98e4ba6/file_downloaded,https://prod-dcd-datasets-public-files-eu-west-1.s3.eu-west-1.amazonaws.com/61ac22ca-4239-47a6-be92-7d30f36efddb
leaf blight,maize_leaf_blight,leaf blight738_.jpg,https://data.mendeley.com/public-files/datasets/bwh3zbpkpv/files/f089f3bf-bd04-4e87-95c9-3d862e83a4e4/file_downloaded,https://prod-dcd-datasets-public-files-eu-west-1.s3.eu-west-1.amazonaws.com/6141b192-066a-47bf-b3cd-415418208606
leaf blight,maize_leaf_blight,leaf blight739_.jpg,https://data.mendeley.com/public-files/datasets/bwh3zbpkpv/files/af9ebd61-5168-4bce-bc7d-ea6d61e807e7/file_downloaded,https://prod-dcd-datasets-public-files-eu-west-1.s3.eu-west-1.amazonaws.com/baa26173-fe78-419c-8e1e-e245c7909bc9
leaf blight,maize_leaf_blight,leaf blight73_.jpg,https://data.mendeley.com/public-files/datasets/bwh3zbpkpv/files/357a66cf-950d-4550-a15f-263bf9e50829/file_downloaded,https://prod-dcd-datasets-public-files-eu-west-1.s3.eu-west-1.amazonaws.com/40e838fa-ae36-4a50-b981-9e93aa204487
leaf blight,maize_leaf_blight,leaf blight740_.jpg,https://data.mendeley.com/public-files/datasets/bwh3zbpkpv/files/8b06c54c-f6d6-4f22-9685-ad1cc899e8f4/file_downloaded,https://prod-dcd-datasets-public-files-eu-west-1.s3.eu-west-1.amazonaws.com/6ba283e3-7a9b-4b36-b01e-acea76b8850b
leaf blight,maize_leaf_blight,leaf blight741_.jpg,https://data.mendeley.com/public-files/datasets/bwh3zbpkpv/files/abebc37a-2c35-43a0-9ee7-f84ce369a456/file_downloaded,https://prod-dcd-datasets-public-files-eu-west-1.s3.eu-west-1.amazonaws.com/e5a7344b-8928-4a34-96a7-c84fbf6b59c5
leaf blight,maize_leaf_blight,leaf blight742_.jpg,https://data.mendeley.com/public-files/datasets/bwh3zbpkpv/files/fa8664e3-29d2-4214-b8d5-dd8439707dcc/file_downloaded,https://prod-dcd-datasets-public-files-eu-west-1.s3.eu-west-1.amazonaws.com/e3a9d382-b712-43d3-982d-833e679a035e
leaf blight,maize_leaf_blight,leaf blight743_.jpg,https://data.mendeley.com/public-files/datasets/bwh3zbpkpv/files/d11813d0-549f-47e9-af8a-f3a1db541353/file_downloaded,https://prod-dcd-datasets-public-files-eu-west-1.s3.eu-west-1.amazonaws.com/ce8692f3-1bdf-4287-bb1c-b7dd0036ac26
leaf blight,maize_leaf_blight,leaf blight744_.jpg,https://data.mendeley.com/public-files/datasets/bwh3zbpkpv/files/e2714b9c-578f-4161-a2c9-32854cb0228b/file_downloaded,https://prod-dcd-datasets-public-files-eu-west-1.s3.eu-west-1.amazonaws.com/f7c3a5f1-1c4f-4dac-b6ea-6cc5ff717889
leaf blight,maize_leaf_blight,leaf blight745_.jpg,https://data.mendeley.com/public-files/datasets/bwh3zbpkpv/files/f3c94867-97da-4684-a1d1-92862c7cb2ca/file_downloaded,https://prod-dcd-datasets-public-files-eu-west-1.s3.eu-west-1.amazonaws.com/5fecc421-baf3-4103-aac7-4c2eeb85467a
leaf blight,maize_leaf_blight,leaf blight746_.jpg,https://data.mendeley.com/public-files/datasets/bwh3zbpkpv/files/980ee7a3-5f4a-4475-a2eb-5c80b88c7ee4/file_downloaded,https://prod-dcd-datasets-public-files-eu-west-1.s3.eu-west-1.amazonaws.com/94391cfc-7556-49dc-a1b8-947c4bc9b265
leaf blight,maize_leaf_blight,leaf blight747_.jpg,https://data.mendeley.com/public-files/datasets/bwh3zbpkpv/files/b60d47e6-8363-499d-8723-8bb55a677572/file_downloaded,https://prod-dcd-datasets-public-files-eu-west-1.s3.eu-west-1.amazonaws.com/caf2238d-1d1c-45fd-a9e5-87f772a2b8ab
leaf blight,maize_leaf_blight,leaf blight748_.jpg,https://data.mendeley.com/public-files/datasets/bwh3zbpkpv/files/aafa0bef-8029-4f28-ac27-9be45dd303d0/file_downloaded,https://prod-dcd-datasets-public-files-eu-west-1.s3.eu-west-1.amazonaws.com/3fded63d-7028-41c1-9730-bf8a65652af6
leaf blight,maize_leaf_blight,leaf blight749_.jpg,https://data.mendeley.com/public-files/datasets/bwh3zbpkpv/files/97cf1de7-3a43-4b61-af3d-9bfff6d42ae4/file_downloaded,https://prod-dcd-datasets-public-files-eu-west-1.s3.eu-west-1.amazonaws.com/2b89ff8e-4758-4beb-acc8-e81d446cd09b
leaf blight,maize_leaf_blight,leaf blight74_.jpg,https://data.mendeley.com/public-files/datasets/bwh3zbpkpv/files/acea4d71-e667-476b-879c-c7f6e463f16e/file_downloaded,https://prod-dcd-datasets-public-files-eu-west-1.s3.eu-west-1.amazonaws.com/8d1f0a8f-1bed-40cb-9363-fa47c02e1236
leaf blight,maize_leaf_blight,leaf blight750_.jpg,https://data.mendeley.com/public-files/datasets/bwh3zbpkpv/files/2a62d223-5aae-4f1c-b6eb-64a57ddca93f/file_downloaded,https://prod-dcd-datasets-public-files-eu-west-1.s3.eu-west-1.amazonaws.com/22749e3a-9838-4192-bba5-538665be28a4
leaf blight,maize_leaf_blight,leaf blight751_.jpg,https://data.mendeley.com/public-files/datasets/bwh3zbpkpv/files/9bb5092e-9489-451f-b04f-ed68634bc131/file_downloaded,https://prod-dcd-datasets-public-files-eu-west-1.s3.eu-west-1.amazonaws.com/6e306341-8e82-4812-a413-2ab394cb71d5
leaf blight,maize_leaf_blight,leaf blight752_.jpg,https://data.mendeley.com/public-files/datasets/bwh3zbpkpv/files/7368b33d-7d2a-4f15-905c-1edeceaf0c50/file_downloaded,https://prod-dcd-datasets-public-files-eu-west-1.s3.eu-west-1.amazonaws.com/2e4f6e01-1857-4e03-a1d6-84fa5d88fd08
leaf blight,maize_leaf_blight,leaf blight753_.jpg,https://data.mendeley.com/public-files/datasets/bwh3zbpkpv/files/1923a521-7b14-4f72-862e-124be6a61e2a/file_downloaded,https://prod-dcd-datasets-public-files-eu-west-1.s3.eu-west-1.amazonaws.com/e9a652e6-2b9d-4de5-8d46-f2fb4f52ed16
leaf blight,maize_leaf_blight,leaf blight754_.jpg,https://data.mendeley.com/public-files/datasets/bwh3zbpkpv/files/d37651fe-a5d8-402f-9263-1f6736658b61/file_downloaded,https://prod-dcd-datasets-public-files-eu-west-1.s3.eu-west-1.amazonaws.com/131b946f-48bf-4714-9a1e-8fb18788812c
leaf blight,maize_leaf_blight,leaf blight755_.jpg,https://data.mendeley.com/public-files/datasets/bwh3zbpkpv/files/ac5bc8b1-1fc5-41e5-b862-bdf45c20f442/file_downloaded,https://prod-dcd-datasets-public-files-eu-west-1.s3.eu-west-1.amazonaws.com/1842c98e-c82d-4fac-bc59-2148a3e77e46
leaf blight,maize_leaf_blight,leaf blight756_.jpg,https://data.mendeley.com/public-files/datasets/bwh3zbpkpv/files/34f8efd7-58c3-46b2-9b75-6b29d6a842a0/file_downloaded,https://prod-dcd-datasets-public-files-eu-west-1.s3.eu-west-1.amazonaws.com/608adaee-9c3d-4957-9230-03c7f310d351
leaf blight,maize_leaf_blight,leaf blight757_.jpg,https://data.mendeley.com/public-files/datasets/bwh3zbpkpv/files/08a85856-4248-4114-96ec-81b93b0c16b3/file_downloaded,https://prod-dcd-datasets-public-files-eu-west-1.s3.eu-west-1.amazonaws.com/1ee7faad-4d08-4e21-83d4-88deea5ed198
leaf blight,maize_leaf_blight,leaf blight758_.jpg,https://data.mendeley.com/public-files/datasets/bwh3zbpkpv/files/6b9e6925-2532-4f71-a0f7-65b26c120fa6/file_downloaded,https://prod-dcd-datasets-public-files-eu-west-1.s3.eu-west-1.amazonaws.com/c454c91a-287f-424f-a41e-348a1ebf21c3
leaf blight,maize_leaf_blight,leaf blight759_.jpg,https://data.mendeley.com/public-files/datasets/bwh3zbpkpv/files/82124abf-dee5-4ec9-a5d2-42ee10c8a917/file_downloaded,https://prod-dcd-datasets-public-files-eu-west-1.s3.eu-west-1.amazonaws.com/2c6a42d8-f32a-4b77-8def-a9ce0367d6f1
leaf blight,maize_leaf_blight,leaf blight75_.jpg,https://data.mendeley.com/public-files/datasets/bwh3zbpkpv/files/7d4e1727-9132-4944-8c60-f7bfb0738abd/file_downloaded,https://prod-dcd-datasets-public-files-eu-west-1.s3.eu-west-1.amazonaws.com/ed88239c-de11-43c9-9c23-6f7d227ad5a5
leaf blight,maize_leaf_blight,leaf blight760_.jpg,https://data.mendeley.com/public-files/datasets/bwh3zbpkpv/files/77011a6d-fe9c-4448-bba7-f8159ed12d18/file_downloaded,https://prod-dcd-datasets-public-files-eu-west-1.s3.eu-west-1.amazonaws.com/f02ec5bc-3e8d-4d4f-afcf-aa4845e3d062
leaf blight,maize_leaf_blight,leaf blight761_.jpg,https://data.mendeley.com/public-files/datasets/bwh3zbpkpv/files/81a0d6cc-2843-4763-99af-98dab7d4cc98/file_downloaded,https://prod-dcd-datasets-public-files-eu-west-1.s3.eu-west-1.amazonaws.com/6882c5ed-dd92-4933-bd1c-43940c286e74
leaf blight,maize_leaf_blight,leaf blight762_.jpg,https://data.mendeley.com/public-files/datasets/bwh3zbpkpv/files/9a23f89c-e70e-4b66-b044-1a263de6de20/file_downloaded,https://prod-dcd-datasets-public-files-eu-west-1.s3.eu-west-1.amazonaws.com/2b5f503d-2e8d-4be6-9a73-ff32cf7e8953
leaf blight,maize_leaf_blight,leaf blight763_.jpg,https://data.mendeley.com/public-files/datasets/bwh3zbpkpv/files/4cd619cf-a468-4f02-8727-e87e286f69ad/file_downloaded,https://prod-dcd-datasets-public-files-eu-west-1.s3.eu-west-1.amazonaws.com/062185d7-12ae-45fb-b47a-e824f4563e7f
leaf blight,maize_leaf_blight,leaf blight764_.jpg,https://data.mendeley.com/public-files/datasets/bwh3zbpkpv/files/95c4d49c-a710-4ca8-9da8-a851a225d34b/file_downloaded,https://prod-dcd-datasets-public-files-eu-west-1.s3.eu-west-1.amazonaws.com/f64ee19a-4a1e-4e16-bd28-528aeee5db4f
leaf blight,maize_leaf_blight,leaf blight765_.jpg,https://data.mendeley.com/public-files/datasets/bwh3zbpkpv/files/7b3e3b31-bec2-42d0-96ec-f053a1f89d72/file_downloaded,https://prod-dcd-datasets-public-files-eu-west-1.s3.eu-west-1.amazonaws.com/e2771c2f-cb0d-48c6-a13b-bdfaa7613660
leaf blight,maize_leaf_blight,leaf blight766_.jpg,https://data.mendeley.com/public-files/datasets/bwh3zbpkpv/files/ec16dff9-b8b7-4741-922f-c194452ec3e3/file_downloaded,https://prod-dcd-datasets-public-files-eu-west-1.s3.eu-west-1.amazonaws.com/d5d7eb42-2181-486a-aaed-13302dec51cf
leaf blight,maize_leaf_blight,leaf blight767_.jpg,https://data.mendeley.com/public-files/datasets/bwh3zbpkpv/files/e1c4614b-2ce5-4110-8aa8-dc7bcac835cf/file_downloaded,https://prod-dcd-datasets-public-files-eu-west-1.s3.eu-west-1.amazonaws.com/e59eb7f9-568f-4f33-babc-c6ab5f658fd3
leaf blight,maize_leaf_blight,leaf blight768_.jpg,https://data.mendeley.com/public-files/datasets/bwh3zbpkpv/files/318df11e-f5cd-462b-a82f-a78a19717121/file_downloaded,https://prod-dcd-datasets-public-files-eu-west-1.s3.eu-west-1.amazonaws.com/ae82736c-ff7a-47a8-863e-5fa7596d1d18
leaf blight,maize_leaf_blight,leaf blight769_.jpg,https://data.mendeley.com/public-files/datasets/bwh3zbpkpv/files/2e403b78-82b2-4a15-8d4b-3475305b113c/file_downloaded,https://prod-dcd-datasets-public-files-eu-west-1.s3.eu-west-1.amazonaws.com/b7b159cc-f08a-4c61-9965-5a289ab9965c
leaf blight,maize_leaf_blight,leaf blight76_.jpg,https://data.mendeley.com/public-files/datasets/bwh3zbpkpv/files/6959d3aa-b119-4e70-8def-442d9a86bf5c/file_downloaded,https://prod-dcd-datasets-public-files-eu-west-1.s3.eu-west-1.amazonaws.com/df69dbd8-bce8-4d92-b258-0bbcbc0225da
leaf blight,maize_leaf_blight,leaf blight770_.jpg,https://data.mendeley.com/public-files/datasets/bwh3zbpkpv/files/3b34ee94-15ab-49d6-be98-b4389af8ea40/file_downloaded,https://prod-dcd-datasets-public-files-eu-west-1.s3.eu-west-1.amazonaws.com/69c72abc-4a16-424b-bd39-8e99e94a25a5
leaf blight,maize_leaf_blight,leaf blight771_.jpg,https://data.mendeley.com/public-files/datasets/bwh3zbpkpv/files/c1192906-3417-418a-8312-9002a5ad688c/file_downloaded,https://prod-dcd-datasets-public-files-eu-west-1.s3.eu-west-1.amazonaws.com/72389b8b-f30b-4814-ba98-c663ece9cbde
leaf blight,maize_leaf_blight,leaf blight772_.jpg,https://data.mendeley.com/public-files/datasets/bwh3zbpkpv/files/e2cbf3e1-572d-48d4-a96f-49728db7bce4/file_downloaded,https://prod-dcd-datasets-public-files-eu-west-1.s3.eu-west-1.amazonaws.com/5d3c1871-fbdc-4328-960d-eb83b62ca12d
leaf blight,maize_leaf_blight,leaf blight773_.jpg,https://data.mendeley.com/public-files/datasets/bwh3zbpkpv/files/4c643f0f-4819-4097-9b7b-bface5949534/file_downloaded,https://prod-dcd-datasets-public-files-eu-west-1.s3.eu-west-1.amazonaws.com/c590652b-7728-40fe-89dc-ed3d082743e0
leaf blight,maize_leaf_blight,leaf blight774_.jpg,https://data.mendeley.com/public-files/datasets/bwh3zbpkpv/files/2fcb1b08-73f9-4a57-9e90-1a9aece4f462/file_downloaded,https://prod-dcd-datasets-public-files-eu-west-1.s3.eu-west-1.amazonaws.com/4709980a-4282-41e5-b105-52666ceba1c4
leaf blight,maize_leaf_blight,leaf blight775_.jpg,https://data.mendeley.com/public-files/datasets/bwh3zbpkpv/files/9ca3ab6d-45c2-486c-b1c2-bb015dcec167/file_downloaded,https://prod-dcd-datasets-public-files-eu-west-1.s3.eu-west-1.amazonaws.com/3e2ac1d7-2541-4546-9a6c-f5561969ca80
leaf blight,maize_leaf_blight,leaf blight776_.jpg,https://data.mendeley.com/public-files/datasets/bwh3zbpkpv/files/736bc607-9e32-40a9-a836-2e00e0539cf8/file_downloaded,https://prod-dcd-datasets-public-files-eu-west-1.s3.eu-west-1.amazonaws.com/ae981084-f027-4ab6-91b2-7ae2edab4c68
leaf blight,maize_leaf_blight,leaf blight777_.jpg,https://data.mendeley.com/public-files/datasets/bwh3zbpkpv/files/91b4debc-8768-47c1-8fb6-c11fcfad3bbe/file_downloaded,https://prod-dcd-datasets-public-files-eu-west-1.s3.eu-west-1.amazonaws.com/068b3e0c-2e96-4692-9906-bd9c80c35884
leaf blight,maize_leaf_blight,leaf blight778_.jpg,https://data.mendeley.com/public-files/datasets/bwh3zbpkpv/files/12c979a2-8c72-4039-a17d-eb245125492f/file_downloaded,https://prod-dcd-datasets-public-files-eu-west-1.s3.eu-west-1.amazonaws.com/f5564b41-52a0-45a9-90a9-b220e70dbf33
leaf blight,maize_leaf_blight,leaf blight779_.jpg,https://data.mendeley.com/public-files/datasets/bwh3zbpkpv/files/f65d8408-21fe-49d0-8b93-a3d83ac28dd0/file_downloaded,https://prod-dcd-datasets-public-files-eu-west-1.s3.eu-west-1.amazonaws.com/a0f89147-9db0-4234-80e4-5f9530822c4d
leaf blight,maize_leaf_blight,leaf blight77_.jpg,https://data.mendeley.com/public-files/datasets/bwh3zbpkpv/files/b0e2eba6-785c-469a-9374-b090c83c0669/file_downloaded,https://prod-dcd-datasets-public-files-eu-west-1.s3.eu-west-1.amazonaws.com/eb121244-0dca-488f-a39f-a7cd0ab3df42
leaf blight,maize_leaf_blight,leaf blight780_.jpg,https://data.mendeley.com/public-files/datasets/bwh3zbpkpv/files/d6b038c2-30a2-4016-800d-b3e6ca17fcaa/file_downloaded,https://prod-dcd-datasets-public-files-eu-west-1.s3.eu-west-1.amazonaws.com/040ebef1-0a9b-42d8-b615-2e9dd3f79366
leaf blight,maize_leaf_blight,leaf blight781_.jpg,https://data.mendeley.com/public-files/datasets/bwh3zbpkpv/files/a9b2c7e4-203d-4520-b16f-dfa05b486ca4/file_downloaded,https://prod-dcd-datasets-public-files-eu-west-1.s3.eu-west-1.amazonaws.com/0dbcc4c3-4a10-4778-9b5a-0f67414673a3
leaf blight,maize_leaf_blight,leaf blight782_.jpg,https://data.mendeley.com/public-files/datasets/bwh3zbpkpv/files/1240cd09-9b4a-436d-aad3-aab777f590f8/file_downloaded,https://prod-dcd-datasets-public-files-eu-west-1.s3.eu-west-1.amazonaws.com/2e4666ce-e6b1-4c1e-b84e-8f83179b40fb
leaf blight,maize_leaf_blight,leaf blight783_.jpg,https://data.mendeley.com/public-files/datasets/bwh3zbpkpv/files/773bc977-033b-4acc-9b5c-8fdc0ab05ec2/file_downloaded,https://prod-dcd-datasets-public-files-eu-west-1.s3.eu-west-1.amazonaws.com/b432d729-866d-45ce-ad75-908796a451f8
leaf blight,maize_leaf_blight,leaf blight784_.jpg,https://data.mendeley.com/public-files/datasets/bwh3zbpkpv/files/916f3d81-79d3-49d7-b842-987be2f89c0c/file_downloaded,https://prod-dcd-datasets-public-files-eu-west-1.s3.eu-west-1.amazonaws.com/136c8782-0561-4aa1-9e75-e8edc3dd516c
leaf blight,maize_leaf_blight,leaf blight785_.jpg,https://data.mendeley.com/public-files/datasets/bwh3zbpkpv/files/df969f23-75aa-48b0-af50-a1e8106e452f/file_downloaded,https://prod-dcd-datasets-public-files-eu-west-1.s3.eu-west-1.amazonaws.com/244fd86c-8674-4e17-a498-d5bd097cad67
leaf blight,maize_leaf_blight,leaf blight786_.jpg,https://data.mendeley.com/public-files/datasets/bwh3zbpkpv/files/32fd1c77-c55d-4e4f-a507-02c19687fae3/file_downloaded,https://prod-dcd-datasets-public-files-eu-west-1.s3.eu-west-1.amazonaws.com/92bcebdf-5e2e-44af-a64f-c465a80fe876
leaf blight,maize_leaf_blight,leaf blight787_.jpg,https://data.mendeley.com/public-files/datasets/bwh3zbpkpv/files/a29955dd-bc6a-46f1-8fc5-475fa055fbf2/file_downloaded,https://prod-dcd-datasets-public-files-eu-west-1.s3.eu-west-1.amazonaws.com/23a5a603-e2a2-4072-b765-1e86e527af3c
leaf blight,maize_leaf_blight,leaf blight788_.jpg,https://data.mendeley.com/public-files/datasets/bwh3zbpkpv/files/a5c915e9-036b-4321-9a81-2faa08013503/file_downloaded,https://prod-dcd-datasets-public-files-eu-west-1.s3.eu-west-1.amazonaws.com/ad6d6f0c-e54b-4c0f-95ed-fc77ba6e2b63
leaf blight,maize_leaf_blight,leaf blight789_.jpg,https://data.mendeley.com/public-files/datasets/bwh3zbpkpv/files/116a9736-5fe7-4898-8cd6-4b5e0939de87/file_downloaded,https://prod-dcd-datasets-public-files-eu-west-1.s3.eu-west-1.amazonaws.com/f915ec7e-8c66-4f42-a81c-9eb976fd0709
leaf blight,maize_leaf_blight,leaf blight78_.jpg,https://data.mendeley.com/public-files/datasets/bwh3zbpkpv/files/f267ae1d-01c9-487b-9653-19a1c70d0e31/file_downloaded,https://prod-dcd-datasets-public-files-eu-west-1.s3.eu-west-1.amazonaws.com/53011c0e-bc4c-4906-a7f5-9d6b106a2c8e
leaf blight,maize_leaf_blight,leaf blight790_.jpg,https://data.mendeley.com/public-files/datasets/bwh3zbpkpv/files/bc02beb6-1cac-4509-8488-094e1424464e/file_downloaded,https://prod-dcd-datasets-public-files-eu-west-1.s3.eu-west-1.amazonaws.com/e8ff2091-392b-4527-adf4-4e6914d4ce23
leaf blight,maize_leaf_blight,leaf blight791_.jpg,https://data.mendeley.com/public-files/datasets/bwh3zbpkpv/files/120eb0b2-87fc-4b07-b081-991cfb215651/file_downloaded,https://prod-dcd-datasets-public-files-eu-west-1.s3.eu-west-1.amazonaws.com/cc8c78ef-a728-4b40-b8d1-1a9f807a1235
leaf blight,maize_leaf_blight,leaf blight792_.jpg,https://data.mendeley.com/public-files/datasets/bwh3zbpkpv/files/2522ebcd-e5ee-4d7a-9316-40ee72bdc033/file_downloaded,https://prod-dcd-datasets-public-files-eu-west-1.s3.eu-west-1.amazonaws.com/eef840d5-c5f1-4b79-85e0-cbc766c97d35
leaf blight,maize_leaf_blight,leaf blight793_.jpg,https://data.mendeley.com/public-files/datasets/bwh3zbpkpv/files/59e01029-442e-456b-b76f-edc040456974/file_downloaded,https://prod-dcd-datasets-public-files-eu-west-1.s3.eu-west-1.amazonaws.com/99a9edcd-8b28-44c8-acd1-2412c04d75fc
leaf blight,maize_leaf_blight,leaf blight794_.jpg,https://data.mendeley.com/public-files/datasets/bwh3zbpkpv/files/57eb49dc-fb7c-498f-bb1c-db33e0f33287/file_downloaded,https://prod-dcd-datasets-public-files-eu-west-1.s3.eu-west-1.amazonaws.com/d544aa22-1ffc-4269-9a62-3c895091bef1
leaf blight,maize_leaf_blight,leaf blight795_.jpg,https://data.mendeley.com/public-files/datasets/bwh3zbpkpv/files/c04e8464-31aa-43b0-9884-430aa5edc158/file_downloaded,https://prod-dcd-datasets-public-files-eu-west-1.s3.eu-west-1.amazonaws.com/07c13f73-1f72-4dfa-9888-487289bdd512
leaf blight,maize_leaf_blight,leaf blight796_.jpg,https://data.mendeley.com/public-files/datasets/bwh3zbpkpv/files/3a8f5f7e-efe1-4001-9444-c0d13f6afe2b/file_downloaded,https://prod-dcd-datasets-public-files-eu-west-1.s3.eu-west-1.amazonaws.com/6558cc7a-5f06-4614-adaf-ad106255acb0
leaf blight,maize_leaf_blight,leaf blight797_.jpg,https://data.mendeley.com/public-files/datasets/bwh3zbpkpv/files/1b57f16d-940a-4fdf-a850-9b8f45d7d677/file_downloaded,https://prod-dcd-datasets-public-files-eu-west-1.s3.eu-west-1.amazonaws.com/765bb22b-a544-4c4b-a876-a9947ef1a116
leaf blight,maize_leaf_blight,leaf blight798_.jpg,https://data.mendeley.com/public-files/datasets/bwh3zbpkpv/files/67afe890-01fe-4f61-8595-4d732ad06eca/file_downloaded,https://prod-dcd-datasets-public-files-eu-west-1.s3.eu-west-1.amazonaws.com/85ac5f42-d069-4fae-8f67-9fc7ab6e3acf
leaf blight,maize_leaf_blight,leaf blight799_.jpg,https://data.mendeley.com/public-files/datasets/bwh3zbpkpv/files/2c078066-e0fb-4256-9eb7-72e83e27de0f/file_downloaded,https://prod-dcd-datasets-public-files-eu-west-1.s3.eu-west-1.amazonaws.com/921694c2-ea75-46da-81bd-44f005cfdc09
leaf blight,maize_leaf_blight,leaf blight79_.jpg,https://data.mendeley.com/public-files/datasets/bwh3zbpkpv/files/a574075e-572e-493b-8bb5-12501b0f754d/file_downloaded,https://prod-dcd-datasets-public-files-eu-west-1.s3.eu-west-1.amazonaws.com/c653d7a1-03e4-4e47-ac3b-e25fcc6ce9e4
leaf blight,maize_leaf_blight,leaf blight7_.jpg,https://data.mendeley.com/public-files/datasets/bwh3zbpkpv/files/610d02e3-cb53-403d-b62e-4acb9b47f469/file_downloaded,https://prod-dcd-datasets-public-files-eu-west-1.s3.eu-west-1.amazonaws.com/f0da719f-1a23-4163-a4f0-8de3876be021
leaf blight,maize_leaf_blight,leaf blight800_.jpg,https://data.mendeley.com/public-files/datasets/bwh3zbpkpv/files/a0648266-92b0-4cce-a53e-68a4aef202b0/file_downloaded,https://prod-dcd-datasets-public-files-eu-west-1.s3.eu-west-1.amazonaws.com/f3bcccf6-acd0-49c5-a54a-9d4cb0745550
leaf blight,maize_leaf_blight,leaf blight801_.jpg,https://data.mendeley.com/public-files/datasets/bwh3zbpkpv/files/05a04236-de2f-449e-9196-c6c18566d8c4/file_downloaded,https://prod-dcd-datasets-public-files-eu-west-1.s3.eu-west-1.amazonaws.com/3f3e95f4-f517-4848-8d59-ade678171afb
leaf blight,maize_leaf_blight,leaf blight807_.jpg,https://data.mendeley.com/public-files/datasets/bwh3zbpkpv/files/7680e97a-181b-4f07-9f8e-3e922b88826d/file_downloaded,https://prod-dcd-datasets-public-files-eu-west-1.s3.eu-west-1.amazonaws.com/66f075a6-5447-4d81-abf3-5699a429c3fa
leaf blight,maize_leaf_blight,leaf blight808_.jpg,https://data.mendeley.com/public-files/datasets/bwh3zbpkpv/files/1b60c371-3b49-4194-8549-fb4cce872a2c/file_downloaded,https://prod-dcd-datasets-public-files-eu-west-1.s3.eu-west-1.amazonaws.com/fa7eea8f-4458-4473-8549-35b7ad3853a3
leaf blight,maize_leaf_blight,leaf blight809_.jpg,https://data.mendeley.com/public-files/datasets/bwh3zbpkpv/files/a9425d31-72a5-44bb-8aec-0d99df5bb13d/file_downloaded,https://prod-dcd-datasets-public-files-eu-west-1.s3.eu-west-1.amazonaws.com/0508b99e-8774-4986-9297-516d02143a97
leaf blight,maize_leaf_blight,leaf blight80_.jpg,https://data.mendeley.com/public-files/datasets/bwh3zbpkpv/files/a18c8f01-3b52-4aff-b45d-8b98eb74e4ce/file_downloaded,https://prod-dcd-datasets-public-files-eu-west-1.s3.eu-west-1.amazonaws.com/8a4cfba4-28f5-4673-9bad-e88092dc393d
leaf blight,maize_leaf_blight,leaf blight810_.jpg,https://data.mendeley.com/public-files/datasets/bwh3zbpkpv/files/3e3466d3-b23a-448e-ae47-37ccdab17164/file_downloaded,https://prod-dcd-datasets-public-files-eu-west-1.s3.eu-west-1.amazonaws.com/c9e79f23-7f10-4fed-9b41-eda0d1a2b357
leaf blight,maize_leaf_blight,leaf blight811_.jpg,https://data.mendeley.com/public-files/datasets/bwh3zbpkpv/files/5fc000b4-7711-47f6-b4f5-013acae88285/file_downloaded,https://prod-dcd-datasets-public-files-eu-west-1.s3.eu-west-1.amazonaws.com/404d4dc2-396d-4313-952d-e41314f750d4
leaf blight,maize_leaf_blight,leaf blight812_.jpg,https://data.mendeley.com/public-files/datasets/bwh3zbpkpv/files/2858ab27-bb9f-49d6-ac63-ddfaf80f576e/file_downloaded,https://prod-dcd-datasets-public-files-eu-west-1.s3.eu-west-1.amazonaws.com/fadcef0a-90c0-48f1-adb5-c43570017dbe
leaf blight,maize_leaf_blight,leaf blight813_.jpg,https://data.mendeley.com/public-files/datasets/bwh3zbpkpv/files/92746c15-4a29-4e9d-8fa2-d09e9d8ff577/file_downloaded,https://prod-dcd-datasets-public-files-eu-west-1.s3.eu-west-1.amazonaws.com/7f230a26-29df-4786-a109-d95c13f83e4f
leaf blight,maize_leaf_blight,leaf blight814_.jpg,https://data.mendeley.com/public-files/datasets/bwh3zbpkpv/files/eec51a0a-a29d-46ce-a793-855f9fe2be14/file_downloaded,https://prod-dcd-datasets-public-files-eu-west-1.s3.eu-west-1.amazonaws.com/5032c2fe-054a-4b88-976e-2c5e2884f8bc
leaf blight,maize_leaf_blight,leaf blight815_.jpg,https://data.mendeley.com/public-files/datasets/bwh3zbpkpv/files/b9a48ce5-c927-4e93-a20d-b90d99f10b44/file_downloaded,https://prod-dcd-datasets-public-files-eu-west-1.s3.eu-west-1.amazonaws.com/4c1bfe00-fdc4-4510-a285-c1c73147b333
leaf blight,maize_leaf_blight,leaf blight816_.jpg,https://data.mendeley.com/public-files/datasets/bwh3zbpkpv/files/bb64f8cf-29ae-44ee-a436-27eb6cb2e383/file_downloaded,https://prod-dcd-datasets-public-files-eu-west-1.s3.eu-west-1.amazonaws.com/cac4d8c4-d4a0-4df6-8097-1b49dbffafdc
leaf blight,maize_leaf_blight,leaf blight817_.jpg,https://data.mendeley.com/public-files/datasets/bwh3zbpkpv/files/5023f798-343b-4c15-9f14-6cbf273c7b20/file_downloaded,https://prod-dcd-datasets-public-files-eu-west-1.s3.eu-west-1.amazonaws.com/bc617806-ed92-42d8-a934-677155c55a3f
leaf blight,maize_leaf_blight,leaf blight818_.jpg,https://data.mendeley.com/public-files/datasets/bwh3zbpkpv/files/b948b39d-20f5-4341-b71a-4cde282a1d22/file_downloaded,https://prod-dcd-datasets-public-files-eu-west-1.s3.eu-west-1.amazonaws.com/fede56e5-c9ae-49f8-a6de-9cccc080f5c6
leaf blight,maize_leaf_blight,leaf blight819_.jpg,https://data.mendeley.com/public-files/datasets/bwh3zbpkpv/files/13667d43-4df9-4acd-ad81-8b47b02a9cf1/file_downloaded,https://prod-dcd-datasets-public-files-eu-west-1.s3.eu-west-1.amazonaws.com/efc60500-9c7d-4659-94b7-82b85dccb1d6
leaf blight,maize_leaf_blight,leaf blight81_.jpg,https://data.mendeley.com/public-files/datasets/bwh3zbpkpv/files/c2468122-431b-481f-a23d-781c5b23cf62/file_downloaded,https://prod-dcd-datasets-public-files-eu-west-1.s3.eu-west-1.amazonaws.com/0345b48e-0e6a-4524-a6ce-0af51258a0bd
leaf blight,maize_leaf_blight,leaf blight820_.jpg,https://data.mendeley.com/public-files/datasets/bwh3zbpkpv/files/64523a86-1b00-4217-a562-538482a43542/file_downloaded,https://prod-dcd-datasets-public-files-eu-west-1.s3.eu-west-1.amazonaws.com/e94f2487-d20a-4cdf-8a06-701fb34b2a35
leaf blight,maize_leaf_blight,leaf blight821_.jpg,https://data.mendeley.com/public-files/datasets/bwh3zbpkpv/files/1bd8a2fb-0e91-420e-86c2-50dd0d1e29d1/file_downloaded,https://prod-dcd-datasets-public-files-eu-west-1.s3.eu-west-1.amazonaws.com/b808e33e-5eb6-4e07-922b-d17c4dcd86b4
leaf blight,maize_leaf_blight,leaf blight822_.jpg,https://data.mendeley.com/public-files/datasets/bwh3zbpkpv/files/692f2549-287d-46e3-815d-215552ea1820/file_downloaded,https://prod-dcd-datasets-public-files-eu-west-1.s3.eu-west-1.amazonaws.com/242d5ae4-022b-424c-8376-c0fc4e7a27b3
leaf blight,maize_leaf_blight,leaf blight823_.jpg,https://data.mendeley.com/public-files/datasets/bwh3zbpkpv/files/2dbe8077-922d-46ec-bc79-d7f5dfdac2c9/file_downloaded,https://prod-dcd-datasets-public-files-eu-west-1.s3.eu-west-1.amazonaws.com/2815f6f6-3fd2-4312-9245-c70b691b7020
leaf blight,maize_leaf_blight,leaf blight824_.jpg,https://data.mendeley.com/public-files/datasets/bwh3zbpkpv/files/c92f1f9b-7d72-4965-8d40-5c5ab048a5cf/file_downloaded,https://prod-dcd-datasets-public-files-eu-west-1.s3.eu-west-1.amazonaws.com/3a428418-017b-44da-9ad3-39e9fdd38113
leaf blight,maize_leaf_blight,leaf blight825_.jpg,https://data.mendeley.com/public-files/datasets/bwh3zbpkpv/files/23dd5a02-6d69-460b-b7f6-e53ee7890277/file_downloaded,https://prod-dcd-datasets-public-files-eu-west-1.s3.eu-west-1.amazonaws.com/ed9a64ae-c64e-4233-832b-146eb16f759c
leaf blight,maize_leaf_blight,leaf blight826_.jpg,https://data.mendeley.com/public-files/datasets/bwh3zbpkpv/files/a0e8605f-b0ea-4073-988f-33a352554471/file_downloaded,https://prod-dcd-datasets-public-files-eu-west-1.s3.eu-west-1.amazonaws.com/fd922686-6f21-4776-bed9-d6c8b7514ddd
leaf blight,maize_leaf_blight,leaf blight827_.jpg,https://data.mendeley.com/public-files/datasets/bwh3zbpkpv/files/0be4805d-035f-4692-9fe1-a85acb3040a8/file_downloaded,https://prod-dcd-datasets-public-files-eu-west-1.s3.eu-west-1.amazonaws.com/c39a58a1-1d1b-419e-adca-1e0090161e77
leaf blight,maize_leaf_blight,leaf blight828_.jpg,https://data.mendeley.com/public-files/datasets/bwh3zbpkpv/files/7e83552d-5499-4749-917c-6a9016333b40/file_downloaded,https://prod-dcd-datasets-public-files-eu-west-1.s3.eu-west-1.amazonaws.com/c1f9947c-dae5-491b-a323-bc0e8f20c514
leaf blight,maize_leaf_blight,leaf blight829_.jpg,https://data.mendeley.com/public-files/datasets/bwh3zbpkpv/files/ee71adc6-944a-4237-909d-655eb483462e/file_downloaded,https://prod-dcd-datasets-public-files-eu-west-1.s3.eu-west-1.amazonaws.com/f4352265-e066-4dd5-9dc5-fb9253a78db5
leaf blight,maize_leaf_blight,leaf blight82_.jpg,https://data.mendeley.com/public-files/datasets/bwh3zbpkpv/files/0b1ed971-e4a6-42b9-8a4e-c9e50c61b4b9/file_downloaded,https://prod-dcd-datasets-public-files-eu-west-1.s3.eu-west-1.amazonaws.com/7285cca8-b445-451c-b2bd-6142c7267b2e
leaf blight,maize_leaf_blight,leaf blight830_.jpg,https://data.mendeley.com/public-files/datasets/bwh3zbpkpv/files/47df3ebd-065b-4b9c-9b13-3cfc33f79a2c/file_downloaded,https://prod-dcd-datasets-public-files-eu-west-1.s3.eu-west-1.amazonaws.com/ce495578-f8be-4c28-9046-4807b897f551
leaf blight,maize_leaf_blight,leaf blight831_.jpg,https://data.mendeley.com/public-files/datasets/bwh3zbpkpv/files/4269dda0-df2d-41e5-9f37-2cc45d353869/file_downloaded,https://prod-dcd-datasets-public-files-eu-west-1.s3.eu-west-1.amazonaws.com/9fd7d969-b4d2-4f50-896d-a0433616841e
leaf blight,maize_leaf_blight,leaf blight832_.jpg,https://data.mendeley.com/public-files/datasets/bwh3zbpkpv/files/011e8fbf-3513-4d58-ae26-7583f1a6e5e6/file_downloaded,https://prod-dcd-datasets-public-files-eu-west-1.s3.eu-west-1.amazonaws.com/a18aa025-d1d8-46d0-9173-8437fdc5dd98
leaf blight,maize_leaf_blight,leaf blight833_.jpg,https://data.mendeley.com/public-files/datasets/bwh3zbpkpv/files/33bf410a-e37d-46af-bdba-9a69ea85774f/file_downloaded,https://prod-dcd-datasets-public-files-eu-west-1.s3.eu-west-1.amazonaws.com/7e82affd-4f19-4ba1-9e60-ef673e9f1a42
leaf blight,maize_leaf_blight,leaf blight834_.jpg,https://data.mendeley.com/public-files/datasets/bwh3zbpkpv/files/f1133cf0-1fc6-484d-87a9-5b33b3c45aa5/file_downloaded,https://prod-dcd-datasets-public-files-eu-west-1.s3.eu-west-1.amazonaws.com/326c95c5-b78d-4026-9985-e576ac2fa30b
leaf blight,maize_leaf_blight,leaf blight835_.jpg,https://data.mendeley.com/public-files/datasets/bwh3zbpkpv/files/8f76f8ca-155e-4e13-a5f9-89f8fbf95a44/file_downloaded,https://prod-dcd-datasets-public-files-eu-west-1.s3.eu-west-1.amazonaws.com/c5c3a7da-0889-4cfd-9fd5-ececcd7a2f56
leaf blight,maize_leaf_blight,leaf blight836_.jpg,https://data.mendeley.com/public-files/datasets/bwh3zbpkpv/files/98beaa8b-3fce-47e0-a8bc-730c3c409b4c/file_downloaded,https://prod-dcd-datasets-public-files-eu-west-1.s3.eu-west-1.amazonaws.com/af520561-e684-44e7-addd-bf12ad2b5717
leaf blight,maize_leaf_blight,leaf blight837_.jpg,https://data.mendeley.com/public-files/datasets/bwh3zbpkpv/files/741954d1-9631-4cda-b205-c68491a8a473/file_downloaded,https://prod-dcd-datasets-public-files-eu-west-1.s3.eu-west-1.amazonaws.com/1a777fde-d372-4d39-b286-8040a5b787db
leaf blight,maize_leaf_blight,leaf blight838_.jpg,https://data.mendeley.com/public-files/datasets/bwh3zbpkpv/files/9f19dd5a-5e16-40d9-a629-b73e21fc4ed2/file_downloaded,https://prod-dcd-datasets-public-files-eu-west-1.s3.eu-west-1.amazonaws.com/474c9c18-b891-41f7-a040-35016c4c9ff5
leaf blight,maize_leaf_blight,leaf blight839_.jpg,https://data.mendeley.com/public-files/datasets/bwh3zbpkpv/files/d5dff739-8438-4bc2-9bf2-468f3b47e4c8/file_downloaded,https://prod-dcd-datasets-public-files-eu-west-1.s3.eu-west-1.amazonaws.com/ac671294-4a09-46fd-85f4-b09b9b3122ac
leaf blight,maize_leaf_blight,leaf blight83_.jpg,https://data.mendeley.com/public-files/datasets/bwh3zbpkpv/files/8bb542c4-89a8-49db-8c1b-27f7b983da3c/file_downloaded,https://prod-dcd-datasets-public-files-eu-west-1.s3.eu-west-1.amazonaws.com/baf39dd4-2caf-4424-8709-7aecb758572e
leaf blight,maize_leaf_blight,leaf blight840_.jpg,https://data.mendeley.com/public-files/datasets/bwh3zbpkpv/files/4a19e1f0-ecf3-4a3e-b0cd-ef6b4c848304/file_downloaded,https://prod-dcd-datasets-public-files-eu-west-1.s3.eu-west-1.amazonaws.com/2d9b529d-8e18-466e-96be-f7863de20101
leaf blight,maize_leaf_blight,leaf blight841_.jpg,https://data.mendeley.com/public-files/datasets/bwh3zbpkpv/files/c5205eb6-6fee-4879-901b-fe9b6b52779d/file_downloaded,https://prod-dcd-datasets-public-files-eu-west-1.s3.eu-west-1.amazonaws.com/47b3ed93-0875-43b5-a71f-f18d0bfcc767
leaf blight,maize_leaf_blight,leaf blight842_.jpg,https://data.mendeley.com/public-files/datasets/bwh3zbpkpv/files/dca27703-415d-4ec4-a998-afb43836d6bf/file_downloaded,https://prod-dcd-datasets-public-files-eu-west-1.s3.eu-west-1.amazonaws.com/45b78496-3b68-4648-a74a-ddac58ee7bb1
leaf blight,maize_leaf_blight,leaf blight843_.jpg,https://data.mendeley.com/public-files/datasets/bwh3zbpkpv/files/e8ac5eea-33a6-4459-a7b2-6b33c2b02458/file_downloaded,https://prod-dcd-datasets-public-files-eu-west-1.s3.eu-west-1.amazonaws.com/354b0149-8547-46dd-becb-d9e83ef5063e
leaf blight,maize_leaf_blight,leaf blight844_.jpg,https://data.mendeley.com/public-files/datasets/bwh3zbpkpv/files/effc71df-d068-4164-a935-1a48966eeb97/file_downloaded,https://prod-dcd-datasets-public-files-eu-west-1.s3.eu-west-1.amazonaws.com/6302c1f7-3f69-4e4c-9023-3e2b78a32348
leaf blight,maize_leaf_blight,leaf blight845_.jpg,https://data.mendeley.com/public-files/datasets/bwh3zbpkpv/files/8e7843c2-884c-418a-89df-a9d4f6f4c554/file_downloaded,https://prod-dcd-datasets-public-files-eu-west-1.s3.eu-west-1.amazonaws.com/a28bc962-a18f-46e5-88bc-3f2ff88fffe5
leaf blight,maize_leaf_blight,leaf blight846_.jpg,https://data.mendeley.com/public-files/datasets/bwh3zbpkpv/files/5d4e94a6-1cb8-4bf7-b719-3e38cad76ef8/file_downloaded,https://prod-dcd-datasets-public-files-eu-west-1.s3.eu-west-1.amazonaws.com/6d34b718-236c-4227-a972-bfcd089ab3b7
leaf blight,maize_leaf_blight,leaf blight847_.jpg,https://data.mendeley.com/public-files/datasets/bwh3zbpkpv/files/6791172c-a858-4d84-b59a-edec8f156021/file_downloaded,https://prod-dcd-datasets-public-files-eu-west-1.s3.eu-west-1.amazonaws.com/2dc46be6-a631-44d2-aacf-791938b02851
leaf blight,maize_leaf_blight,leaf blight848_.jpg,https://data.mendeley.com/public-files/datasets/bwh3zbpkpv/files/0e96dd73-efb9-4a55-a65c-c05ad22f3bfd/file_downloaded,https://prod-dcd-datasets-public-files-eu-west-1.s3.eu-west-1.amazonaws.com/341a04fe-958c-4669-b64d-baa513961ef3
leaf blight,maize_leaf_blight,leaf blight849_.jpg,https://data.mendeley.com/public-files/datasets/bwh3zbpkpv/files/2a8fc2ff-f7bc-499c-a265-c7ebc66faddd/file_downloaded,https://prod-dcd-datasets-public-files-eu-west-1.s3.eu-west-1.amazonaws.com/2fe3e40d-db0f-4761-867a-754d53f556d1
leaf blight,maize_leaf_blight,leaf blight84_.jpg,https://data.mendeley.com/public-files/datasets/bwh3zbpkpv/files/77b9b0a6-39c1-4c2c-a513-5fcdf42cec6b/file_downloaded,https://prod-dcd-datasets-public-files-eu-west-1.s3.eu-west-1.amazonaws.com/4f2708ff-468b-454f-a6f0-59a85b44bc8f
leaf blight,maize_leaf_blight,leaf blight850_.jpg,https://data.mendeley.com/public-files/datasets/bwh3zbpkpv/files/014bca8d-cf93-4d63-8f18-9c309d6883de/file_downloaded,https://prod-dcd-datasets-public-files-eu-west-1.s3.eu-west-1.amazonaws.com/d7cf8446-3d89-41c9-8dae-61c88b15f598
leaf blight,maize_leaf_blight,leaf blight851_.jpg,https://data.mendeley.com/public-files/datasets/bwh3zbpkpv/files/0123f349-5458-458b-a214-d45db3b01cec/file_downloaded,https://prod-dcd-datasets-public-files-eu-west-1.s3.eu-west-1.amazonaws.com/26726ffe-4128-472e-b729-8a67e009d10b
leaf blight,maize_leaf_blight,leaf blight852_.jpg,https://data.mendeley.com/public-files/datasets/bwh3zbpkpv/files/4d820bb6-6e34-4e32-9a1d-f59f32b7689a/file_downloaded,https://prod-dcd-datasets-public-files-eu-west-1.s3.eu-west-1.amazonaws.com/af480780-6ee8-4b0c-b24a-ec6ed5402cbf
leaf blight,maize_leaf_blight,leaf blight853_.jpg,https://data.mendeley.com/public-files/datasets/bwh3zbpkpv/files/9350bbe2-d76a-47b4-b947-910c8ec9f895/file_downloaded,https://prod-dcd-datasets-public-files-eu-west-1.s3.eu-west-1.amazonaws.com/9e2a991e-d0cf-49bb-a4da-78f7468fb699
leaf blight,maize_leaf_blight,leaf blight854_.jpg,https://data.mendeley.com/public-files/datasets/bwh3zbpkpv/files/b7b8ffc6-e3b1-4fa8-a1fd-27114e7f2535/file_downloaded,https://prod-dcd-datasets-public-files-eu-west-1.s3.eu-west-1.amazonaws.com/760d1071-988f-41de-8825-2085d545ab44
leaf blight,maize_leaf_blight,leaf blight855_.jpg,https://data.mendeley.com/public-files/datasets/bwh3zbpkpv/files/69f97690-1365-4f1c-a84c-61a9ba1d837d/file_downloaded,https://prod-dcd-datasets-public-files-eu-west-1.s3.eu-west-1.amazonaws.com/760ad47e-805f-4fe9-922e-d53a93f1293d
leaf blight,maize_leaf_blight,leaf blight856_.jpg,https://data.mendeley.com/public-files/datasets/bwh3zbpkpv/files/1e2078a4-bdc5-47a2-85b1-9fd170e8ab22/file_downloaded,https://prod-dcd-datasets-public-files-eu-west-1.s3.eu-west-1.amazonaws.com/e8ede6eb-6f7a-4010-bc3f-c5b8e3957a7b
leaf blight,maize_leaf_blight,leaf blight857_.jpg,https://data.mendeley.com/public-files/datasets/bwh3zbpkpv/files/b666356c-d9fa-4b1b-834b-25d9b6eb0561/file_downloaded,https://prod-dcd-datasets-public-files-eu-west-1.s3.eu-west-1.amazonaws.com/20d19406-327a-45e2-8e95-6c7b7e4def8d
leaf blight,maize_leaf_blight,leaf blight858_.jpg,https://data.mendeley.com/public-files/datasets/bwh3zbpkpv/files/8a65ad76-bcd6-4ec4-a18b-00eb4e76a937/file_downloaded,https://prod-dcd-datasets-public-files-eu-west-1.s3.eu-west-1.amazonaws.com/d70d75bb-1807-4786-978e-cd776ee4b21b
leaf blight,maize_leaf_blight,leaf blight859_.jpg,https://data.mendeley.com/public-files/datasets/bwh3zbpkpv/files/224454eb-c419-4c9d-bdd1-f275f31a19c4/file_downloaded,https://prod-dcd-datasets-public-files-eu-west-1.s3.eu-west-1.amazonaws.com/91f4d1b5-825e-424f-abd5-a0dc05b84b89
leaf blight,maize_leaf_blight,leaf blight85_.jpg,https://data.mendeley.com/public-files/datasets/bwh3zbpkpv/files/59e251ba-609f-401f-9847-0f81e0c276fa/file_downloaded,https://prod-dcd-datasets-public-files-eu-west-1.s3.eu-west-1.amazonaws.com/0d5c75d4-15af-4319-a314-32ebaf30afdb
leaf blight,maize_leaf_blight,leaf blight860_.jpg,https://data.mendeley.com/public-files/datasets/bwh3zbpkpv/files/8f944ea9-e753-45a2-9cd2-2edf3fe8d2ea/file_downloaded,https://prod-dcd-datasets-public-files-eu-west-1.s3.eu-west-1.amazonaws.com/c83cf4ef-487f-4f8d-aac0-90ee54a5dd83
leaf blight,maize_leaf_blight,leaf blight861_.jpg,https://data.mendeley.com/public-files/datasets/bwh3zbpkpv/files/9c9db4c5-55a2-4b27-b44c-625bfa9dc74b/file_downloaded,https://prod-dcd-datasets-public-files-eu-west-1.s3.eu-west-1.amazonaws.com/fc9c0c79-39e7-4cf0-a7c1-b66b7b733608
leaf blight,maize_leaf_blight,leaf blight862_.jpg,https://data.mendeley.com/public-files/datasets/bwh3zbpkpv/files/6b428b99-9907-4862-99fe-7a32c60f0fbc/file_downloaded,https://prod-dcd-datasets-public-files-eu-west-1.s3.eu-west-1.amazonaws.com/7661e0a0-c337-4864-a24c-722b9e312db7
leaf blight,maize_leaf_blight,leaf blight863_.jpg,https://data.mendeley.com/public-files/datasets/bwh3zbpkpv/files/156f3cfe-f3c6-4941-a7a9-8b57700cda45/file_downloaded,https://prod-dcd-datasets-public-files-eu-west-1.s3.eu-west-1.amazonaws.com/19c0618b-6d66-4f51-8af3-502d5680e007
leaf blight,maize_leaf_blight,leaf blight864_.jpg,https://data.mendeley.com/public-files/datasets/bwh3zbpkpv/files/c3dd5b3f-4d6c-4210-8d45-f649761b1702/file_downloaded,https://prod-dcd-datasets-public-files-eu-west-1.s3.eu-west-1.amazonaws.com/1a8a7589-4152-422c-bb89-525a6ac20b4c
leaf blight,maize_leaf_blight,leaf blight865_.jpg,https://data.mendeley.com/public-files/datasets/bwh3zbpkpv/files/5bdd768c-bdf8-4f75-aee2-26893c36d144/file_downloaded,https://prod-dcd-datasets-public-files-eu-west-1.s3.eu-west-1.amazonaws.com/d02aca91-89e6-41e1-9a06-e71a8e0442f2
leaf blight,maize_leaf_blight,leaf blight866_.jpg,https://data.mendeley.com/public-files/datasets/bwh3zbpkpv/files/4aa5c6b4-ec01-4a8b-a7d7-b68a9c7cafac/file_downloaded,https://prod-dcd-datasets-public-files-eu-west-1.s3.eu-west-1.amazonaws.com/047f7342-40fc-4c24-a5ea-f4193bc0e145
leaf blight,maize_leaf_blight,leaf blight867_.jpg,https://data.mendeley.com/public-files/datasets/bwh3zbpkpv/files/e604c17e-96de-45e0-b535-0c91efe9b640/file_downloaded,https://prod-dcd-datasets-public-files-eu-west-1.s3.eu-west-1.amazonaws.com/205f5590-8d7d-4330-bbcf-429b10a476df
leaf blight,maize_leaf_blight,leaf blight868_.jpg,https://data.mendeley.com/public-files/datasets/bwh3zbpkpv/files/9dcde1b3-4b12-4645-9ece-bd9483200a79/file_downloaded,https://prod-dcd-datasets-public-files-eu-west-1.s3.eu-west-1.amazonaws.com/ad7a3008-f5b3-4aa6-88f2-93499f02d5e4
leaf blight,maize_leaf_blight,leaf blight869_.jpg,https://data.mendeley.com/public-files/datasets/bwh3zbpkpv/files/648df2ff-b75b-4a53-a8ed-b196e422b67f/file_downloaded,https://prod-dcd-datasets-public-files-eu-west-1.s3.eu-west-1.amazonaws.com/d93d9481-aa46-46fa-b4cc-9eba7835036e
leaf blight,maize_leaf_blight,leaf blight86_.jpg,https://data.mendeley.com/public-files/datasets/bwh3zbpkpv/files/2552be21-6015-4ee8-8c30-655b5cdb5baa/file_downloaded,https://prod-dcd-datasets-public-files-eu-west-1.s3.eu-west-1.amazonaws.com/8c1ad1c6-6c49-4916-bf0b-df6ebf89ac43
leaf blight,maize_leaf_blight,leaf blight870_.jpg,https://data.mendeley.com/public-files/datasets/bwh3zbpkpv/files/a92d63d4-3904-44f6-a730-3dc6cf7108a5/file_downloaded,https://prod-dcd-datasets-public-files-eu-west-1.s3.eu-west-1.amazonaws.com/6fb109d3-4cec-4484-b4be-d7e904b167d0
leaf blight,maize_leaf_blight,leaf blight871_.jpg,https://data.mendeley.com/public-files/datasets/bwh3zbpkpv/files/2724e7a0-a89f-4ffc-941c-2f2b8bad8cac/file_downloaded,https://prod-dcd-datasets-public-files-eu-west-1.s3.eu-west-1.amazonaws.com/f11cc5ef-1f4b-48da-8451-317f33d10e8c
leaf blight,maize_leaf_blight,leaf blight872_.jpg,https://data.mendeley.com/public-files/datasets/bwh3zbpkpv/files/9d9412f1-1300-4f9d-8bdc-ac26e64cb880/file_downloaded,https://prod-dcd-datasets-public-files-eu-west-1.s3.eu-west-1.amazonaws.com/495a6637-1b3d-434a-bf50-313bc333dadb
leaf blight,maize_leaf_blight,leaf blight873_.jpg,https://data.mendeley.com/public-files/datasets/bwh3zbpkpv/files/83c1647c-59c8-4466-aadb-0436f521cf5c/file_downloaded,https://prod-dcd-datasets-public-files-eu-west-1.s3.eu-west-1.amazonaws.com/10727dd7-a30a-424e-b3b4-abfc5e01ae10
leaf blight,maize_leaf_blight,leaf blight874_.jpg,https://data.mendeley.com/public-files/datasets/bwh3zbpkpv/files/7d730080-740f-4821-95ce-e67bb591417c/file_downloaded,https://prod-dcd-datasets-public-files-eu-west-1.s3.eu-west-1.amazonaws.com/3575cf9e-a245-4f64-b435-33f68d328693
leaf blight,maize_leaf_blight,leaf blight875_.jpg,https://data.mendeley.com/public-files/datasets/bwh3zbpkpv/files/977d4e5a-4723-4541-b1c8-7899e2cb6ca1/file_downloaded,https://prod-dcd-datasets-public-files-eu-west-1.s3.eu-west-1.amazonaws.com/78430e7b-de78-42f5-b758-f8433c13ceac
leaf blight,maize_leaf_blight,leaf blight876_.jpg,https://data.mendeley.com/public-files/datasets/bwh3zbpkpv/files/7898f2c3-4ac5-4952-9aa4-5e5f5c273c0e/file_downloaded,https://prod-dcd-datasets-public-files-eu-west-1.s3.eu-west-1.amazonaws.com/6f48fecd-1a74-45de-a60b-04cf1be5f4b8
leaf blight,maize_leaf_blight,leaf blight877_.jpg,https://data.mendeley.com/public-files/datasets/bwh3zbpkpv/files/70aed850-1107-4701-86f0-d074859ea417/file_downloaded,https://prod-dcd-datasets-public-files-eu-west-1.s3.eu-west-1.amazonaws.com/c9064231-2ecf-402a-b686-c264fd780ee6
leaf blight,maize_leaf_blight,leaf blight878_.jpg,https://data.mendeley.com/public-files/datasets/bwh3zbpkpv/files/dcce6b7e-5ed9-4754-b9da-fead9a3bcc27/file_downloaded,https://prod-dcd-datasets-public-files-eu-west-1.s3.eu-west-1.amazonaws.com/04922de7-d14c-493f-aa7e-47f5e3528dc5
leaf blight,maize_leaf_blight,leaf blight879_.jpg,https://data.mendeley.com/public-files/datasets/bwh3zbpkpv/files/160f5bae-0154-44d5-9f27-684ed1b83a0f/file_downloaded,https://prod-dcd-datasets-public-files-eu-west-1.s3.eu-west-1.amazonaws.com/8ab7be4a-b50d-4596-a164-7686a84a466b
leaf blight,maize_leaf_blight,leaf blight87_.jpg,https://data.mendeley.com/public-files/datasets/bwh3zbpkpv/files/4587f9cb-be52-4502-81d9-64aa7db9180d/file_downloaded,https://prod-dcd-datasets-public-files-eu-west-1.s3.eu-west-1.amazonaws.com/abb1396d-c6a8-4231-95b1-d078afcbee18
leaf blight,maize_leaf_blight,leaf blight880_.jpg,https://data.mendeley.com/public-files/datasets/bwh3zbpkpv/files/f2672d54-cb44-4bb4-b03e-58ed671a1bd3/file_downloaded,https://prod-dcd-datasets-public-files-eu-west-1.s3.eu-west-1.amazonaws.com/0b69eb0e-3f96-440f-ae11-8debccf22153
leaf blight,maize_leaf_blight,leaf blight881_.jpg,https://data.mendeley.com/public-files/datasets/bwh3zbpkpv/files/37fc3f77-9a88-4a94-b401-7f2fc8da9af3/file_downloaded,https://prod-dcd-datasets-public-files-eu-west-1.s3.eu-west-1.amazonaws.com/666e185e-29cf-4937-bfe8-4d18bf04a808
leaf blight,maize_leaf_blight,leaf blight882_.jpg,https://data.mendeley.com/public-files/datasets/bwh3zbpkpv/files/4359c6b2-49f5-4848-95eb-4ae27f01f252/file_downloaded,https://prod-dcd-datasets-public-files-eu-west-1.s3.eu-west-1.amazonaws.com/3558634e-7ddd-4a83-a7c2-a9bb3d4c4072
leaf blight,maize_leaf_blight,leaf blight883_.jpg,https://data.mendeley.com/public-files/datasets/bwh3zbpkpv/files/ec9f0406-51b6-4366-b418-a7bc15d84c15/file_downloaded,https://prod-dcd-datasets-public-files-eu-west-1.s3.eu-west-1.amazonaws.com/dd8cb441-407d-440a-9fa4-33937501b43a
leaf blight,maize_leaf_blight,leaf blight884_.jpg,https://data.mendeley.com/public-files/datasets/bwh3zbpkpv/files/d6cfc9c9-ff74-49eb-b1d4-23d596588782/file_downloaded,https://prod-dcd-datasets-public-files-eu-west-1.s3.eu-west-1.amazonaws.com/13072e20-8bd6-4cb5-8410-806edac4c5bf
leaf blight,maize_leaf_blight,leaf blight885_.jpg,https://data.mendeley.com/public-files/datasets/bwh3zbpkpv/files/60a4ee0d-bc99-41ce-8140-e2264553baa8/file_downloaded,https://prod-dcd-datasets-public-files-eu-west-1.s3.eu-west-1.amazonaws.com/dde4e006-fba5-4c38-b637-4bcd3868adf6
leaf blight,maize_leaf_blight,leaf blight886_.jpg,https://data.mendeley.com/public-files/datasets/bwh3zbpkpv/files/8c3a0f2f-4984-48af-ab5a-827a9d195b56/file_downloaded,https://prod-dcd-datasets-public-files-eu-west-1.s3.eu-west-1.amazonaws.com/adf1e7c0-d84f-4e89-95e4-9e13e21747f3
leaf blight,maize_leaf_blight,leaf blight887_.jpg,https://data.mendeley.com/public-files/datasets/bwh3zbpkpv/files/3a62c2a0-43fd-4731-ac5f-408482c1f88c/file_downloaded,https://prod-dcd-datasets-public-files-eu-west-1.s3.eu-west-1.amazonaws.com/b8edf2c8-cf06-4fba-a7ab-2840d2805efe
leaf blight,maize_leaf_blight,leaf blight888_.jpg,https://data.mendeley.com/public-files/datasets/bwh3zbpkpv/files/b37fb0a3-836c-4086-b9ed-896756460e7c/file_downloaded,https://prod-dcd-datasets-public-files-eu-west-1.s3.eu-west-1.amazonaws.com/c81b8c09-b530-4f55-998f-03c6a4b8d2b1
leaf blight,maize_leaf_blight,leaf blight889_.jpg,https://data.mendeley.com/public-files/datasets/bwh3zbpkpv/files/b02d99a8-1398-476c-b55b-7dde196b6aaa/file_downloaded,https://prod-dcd-datasets-public-files-eu-west-1.s3.eu-west-1.amazonaws.com/46895814-42d3-4ef7-b5b2-57331b4aebc5
leaf blight,maize_leaf_blight,leaf blight88_.jpg,https://data.mendeley.com/public-files/datasets/bwh3zbpkpv/files/65169abb-4f48-4c89-b47f-06e7d21e4e9e/file_downloaded,https://prod-dcd-datasets-public-files-eu-west-1.s3.eu-west-1.amazonaws.com/1887d0f8-7500-441e-94ba-e604174ff47a
leaf blight,maize_leaf_blight,leaf blight890_.jpg,https://data.mendeley.com/public-files/datasets/bwh3zbpkpv/files/4d927c67-07b2-4fac-b249-3e8e36913b6f/file_downloaded,https://prod-dcd-datasets-public-files-eu-west-1.s3.eu-west-1.amazonaws.com/1f7f9ff3-b5b9-4fc8-a2c8-20e882f89c76
leaf blight,maize_leaf_blight,leaf blight891_.jpg,https://data.mendeley.com/public-files/datasets/bwh3zbpkpv/files/4195d3ee-d14a-4d66-9cf8-c2266b2eece0/file_downloaded,https://prod-dcd-datasets-public-files-eu-west-1.s3.eu-west-1.amazonaws.com/80802fe1-4738-4d86-ba5a-9a8badf53ac8
leaf blight,maize_leaf_blight,leaf blight892_.jpg,https://data.mendeley.com/public-files/datasets/bwh3zbpkpv/files/f19e65e9-76d9-4c3d-b356-1fbcfd1ca4c4/file_downloaded,https://prod-dcd-datasets-public-files-eu-west-1.s3.eu-west-1.amazonaws.com/3826570f-ffac-400d-9928-e9158394d25d
leaf blight,maize_leaf_blight,leaf blight893_.jpg,https://data.mendeley.com/public-files/datasets/bwh3zbpkpv/files/8a3aa9bc-12b8-4b42-afad-cd42c28e5492/file_downloaded,https://prod-dcd-datasets-public-files-eu-west-1.s3.eu-west-1.amazonaws.com/43255425-b9bb-4a14-a561-53eebc6b7931
leaf blight,maize_leaf_blight,leaf blight894_.jpg,https://data.mendeley.com/public-files/datasets/bwh3zbpkpv/files/3b8e77b7-2329-44a5-b6f3-d4f003b4f731/file_downloaded,https://prod-dcd-datasets-public-files-eu-west-1.s3.eu-west-1.amazonaws.com/f41892fd-288c-4acd-9623-2ba2b3c0370a
leaf blight,maize_leaf_blight,leaf blight895_.jpg,https://data.mendeley.com/public-files/datasets/bwh3zbpkpv/files/7c96a2e6-38ec-4120-a5dc-a29e6180f433/file_downloaded,https://prod-dcd-datasets-public-files-eu-west-1.s3.eu-west-1.amazonaws.com/b255a162-686b-471b-a9eb-aa98fcd590fc
leaf blight,maize_leaf_blight,leaf blight896_.jpg,https://data.mendeley.com/public-files/datasets/bwh3zbpkpv/files/6a2d1b39-e0c4-4a6b-bc7d-eef59e0c4967/file_downloaded,https://prod-dcd-datasets-public-files-eu-west-1.s3.eu-west-1.amazonaws.com/685bd41d-74cf-4575-a074-dca361d30938
leaf blight,maize_leaf_blight,leaf blight897_.jpg,https://data.mendeley.com/public-files/datasets/bwh3zbpkpv/files/b89e618f-bc26-4d23-b623-f39e45b41b8f/file_downloaded,https://prod-dcd-datasets-public-files-eu-west-1.s3.eu-west-1.amazonaws.com/d9417477-1688-4f63-a7eb-99d77e639b4b
leaf blight,maize_leaf_blight,leaf blight898_.jpg,https://data.mendeley.com/public-files/datasets/bwh3zbpkpv/files/8763d201-fd86-4d14-9d4b-b6501360ba38/file_downloaded,https://prod-dcd-datasets-public-files-eu-west-1.s3.eu-west-1.amazonaws.com/4baa2cdb-f4ec-4fe0-84e5-90b64657bbe7
leaf blight,maize_leaf_blight,leaf blight899_.jpg,https://data.mendeley.com/public-files/datasets/bwh3zbpkpv/files/e788b590-952d-4b80-8501-6bf6e926603e/file_downloaded,https://prod-dcd-datasets-public-files-eu-west-1.s3.eu-west-1.amazonaws.com/f2eadc2e-1474-422a-9607-b6b98f42f8d8
leaf blight,maize_leaf_blight,leaf blight89_.jpg,https://data.mendeley.com/public-files/datasets/bwh3zbpkpv/files/01267f9f-2247-4c1f-a9ba-8c2b3b70cb6f/file_downloaded,https://prod-dcd-datasets-public-files-eu-west-1.s3.eu-west-1.amazonaws.com/f12fd308-70fe-4670-91f7-592cc90a75b3
leaf blight,maize_leaf_blight,leaf blight8_.jpg,https://data.mendeley.com/public-files/datasets/bwh3zbpkpv/files/b1556e98-1069-47a3-9c8f-71e942730bf1/file_downloaded,https://prod-dcd-datasets-public-files-eu-west-1.s3.eu-west-1.amazonaws.com/b50326eb-43a5-484f-82e5-fad006d63ae5
leaf blight,maize_leaf_blight,leaf blight900_.jpg,https://data.mendeley.com/public-files/datasets/bwh3zbpkpv/files/18a3ffbb-ed61-46ca-87ca-a25b50794f59/file_downloaded,https://prod-dcd-datasets-public-files-eu-west-1.s3.eu-west-1.amazonaws.com/fe126244-8cea-4b14-9fa4-4558eb096f57
leaf blight,maize_leaf_blight,leaf blight901_.jpg,https://data.mendeley.com/public-files/datasets/bwh3zbpkpv/files/536e027e-973b-4bc5-9b0b-ca767f451c46/file_downloaded,https://prod-dcd-datasets-public-files-eu-west-1.s3.eu-west-1.amazonaws.com/6c96a131-925b-44f4-836d-a7e8d41f5c46
leaf blight,maize_leaf_blight,leaf blight902_.jpg,https://data.mendeley.com/public-files/datasets/bwh3zbpkpv/files/e8cabd63-c135-41e3-b260-9cc5ea44c0bb/file_downloaded,https://prod-dcd-datasets-public-files-eu-west-1.s3.eu-west-1.amazonaws.com/70285351-b11c-4b72-bdae-98929797eabe
leaf blight,maize_leaf_blight,leaf blight903_.jpg,https://data.mendeley.com/public-files/datasets/bwh3zbpkpv/files/0e84d39f-1ace-433b-a92b-19ef7d2e11f9/file_downloaded,https://prod-dcd-datasets-public-files-eu-west-1.s3.eu-west-1.amazonaws.com/761c0999-2a88-497b-9f53-be7362a95d9e
leaf blight,maize_leaf_blight,leaf blight904_.jpg,https://data.mendeley.com/public-files/datasets/bwh3zbpkpv/files/e6ce9d6b-070a-4d34-9de3-6a3a24f27f74/file_downloaded,https://prod-dcd-datasets-public-files-eu-west-1.s3.eu-west-1.amazonaws.com/77698264-76bb-4729-9a17-6b53a95d2dd9
leaf blight,maize_leaf_blight,leaf blight905_.jpg,https://data.mendeley.com/public-files/datasets/bwh3zbpkpv/files/0c7ca2c8-87da-48dd-bce1-851651739849/file_downloaded,https://prod-dcd-datasets-public-files-eu-west-1.s3.eu-west-1.amazonaws.com/06552ef3-3709-409b-9d17-44f0c028cfda
leaf blight,maize_leaf_blight,leaf blight906_.jpg,https://data.mendeley.com/public-files/datasets/bwh3zbpkpv/files/1864fe7c-112c-4216-b841-92ccfa1fb2d0/file_downloaded,https://prod-dcd-datasets-public-files-eu-west-1.s3.eu-west-1.amazonaws.com/6262dc53-93f7-4e4e-a87a-7d17f47385f6
leaf blight,maize_leaf_blight,leaf blight907_.jpg,https://data.mendeley.com/public-files/datasets/bwh3zbpkpv/files/ebc34257-0429-4d4c-9241-afb943bba231/file_downloaded,https://prod-dcd-datasets-public-files-eu-west-1.s3.eu-west-1.amazonaws.com/457a4f1e-222b-4363-8ff5-1290d4b05975
leaf blight,maize_leaf_blight,leaf blight908_.jpg,https://data.mendeley.com/public-files/datasets/bwh3zbpkpv/files/f948bd68-ea08-42c3-b3d5-56127f64d5bc/file_downloaded,https://prod-dcd-datasets-public-files-eu-west-1.s3.eu-west-1.amazonaws.com/d5f59458-93a4-44ac-9538-398a31113315
leaf blight,maize_leaf_blight,leaf blight909_.jpg,https://data.mendeley.com/public-files/datasets/bwh3zbpkpv/files/6a563d26-76bc-4d5f-b7ef-383ccb9e90fe/file_downloaded,https://prod-dcd-datasets-public-files-eu-west-1.s3.eu-west-1.amazonaws.com/2322b6fe-9133-4eff-929b-3643ba9cc959
leaf blight,maize_leaf_blight,leaf blight90_.jpg,https://data.mendeley.com/public-files/datasets/bwh3zbpkpv/files/9470f030-9b94-4dc5-9498-31a531e657d0/file_downloaded,https://prod-dcd-datasets-public-files-eu-west-1.s3.eu-west-1.amazonaws.com/c339331d-3630-47d0-aede-de9b5fb06e82
leaf blight,maize_leaf_blight,leaf blight910_.jpg,https://data.mendeley.com/public-files/datasets/bwh3zbpkpv/files/ddd05f36-02ae-4f8c-a0f4-4611d15be9bf/file_downloaded,https://prod-dcd-datasets-public-files-eu-west-1.s3.eu-west-1.amazonaws.com/bc224430-1d62-449f-9564-3ce99e0b61ff
leaf blight,maize_leaf_blight,leaf blight911_.jpg,https://data.mendeley.com/public-files/datasets/bwh3zbpkpv/files/4da17b3d-bcfb-44d5-ab4a-df2d977b73ab/file_downloaded,https://prod-dcd-datasets-public-files-eu-west-1.s3.eu-west-1.amazonaws.com/793892bb-3ecf-4406-b725-f1940fcc6468
leaf blight,maize_leaf_blight,leaf blight912_.jpg,https://data.mendeley.com/public-files/datasets/bwh3zbpkpv/files/6ebc1cbb-55ce-4991-9e23-5e811dfe7429/file_downloaded,https://prod-dcd-datasets-public-files-eu-west-1.s3.eu-west-1.amazonaws.com/15681c49-310a-4015-a83b-dd5f96c74dfd
leaf blight,maize_leaf_blight,leaf blight913_.jpg,https://data.mendeley.com/public-files/datasets/bwh3zbpkpv/files/b2e0d00d-4459-4860-8937-725d41d8caff/file_downloaded,https://prod-dcd-datasets-public-files-eu-west-1.s3.eu-west-1.amazonaws.com/7d542f9a-8754-4dca-a80c-a1ff63f56f08
leaf blight,maize_leaf_blight,leaf blight914_.jpg,https://data.mendeley.com/public-files/datasets/bwh3zbpkpv/files/a5bbe54c-f4d0-451f-8938-268b08e917cd/file_downloaded,https://prod-dcd-datasets-public-files-eu-west-1.s3.eu-west-1.amazonaws.com/564ee565-3861-42ca-a7d7-f3ad61eee829
leaf blight,maize_leaf_blight,leaf blight915_.jpg,https://data.mendeley.com/public-files/datasets/bwh3zbpkpv/files/6e0fb47f-759f-4eb8-a065-b96d5ae15803/file_downloaded,https://prod-dcd-datasets-public-files-eu-west-1.s3.eu-west-1.amazonaws.com/0a61486d-2249-4570-ba3b-ee35918eb6fd
leaf blight,maize_leaf_blight,leaf blight916_.jpg,https://data.mendeley.com/public-files/datasets/bwh3zbpkpv/files/13507f3a-33f3-4dc2-b3b4-1166e85bb91a/file_downloaded,https://prod-dcd-datasets-public-files-eu-west-1.s3.eu-west-1.amazonaws.com/3b1dc94c-55e4-4026-b497-2c16d42047ae
leaf blight,maize_leaf_blight,leaf blight917_.jpg,https://data.mendeley.com/public-files/datasets/bwh3zbpkpv/files/3f08cd79-28db-4b89-8dda-ee5a7c9dda74/file_downloaded,https://prod-dcd-datasets-public-files-eu-west-1.s3.eu-west-1.amazonaws.com/2dc554a7-4991-4af7-a5bf-d960119c9daf
leaf blight,maize_leaf_blight,leaf blight918_.jpg,https://data.mendeley.com/public-files/datasets/bwh3zbpkpv/files/727452f9-eefd-4916-90a1-6b2015de6375/file_downloaded,https://prod-dcd-datasets-public-files-eu-west-1.s3.eu-west-1.amazonaws.com/78fde43e-016d-4838-8caa-4c5a156d6514
leaf blight,maize_leaf_blight,leaf blight919_.jpg,https://data.mendeley.com/public-files/datasets/bwh3zbpkpv/files/35cd3e97-9968-4a90-8435-b0c661e9b0eb/file_downloaded,https://prod-dcd-datasets-public-files-eu-west-1.s3.eu-west-1.amazonaws.com/8877bce5-c03f-4d85-940b-a9f4e498bad8
leaf blight,maize_leaf_blight,leaf blight91_.jpg,https://data.mendeley.com/public-files/datasets/bwh3zbpkpv/files/901e009f-bed5-4320-b222-7cdffa47efe7/file_downloaded,https://prod-dcd-datasets-public-files-eu-west-1.s3.eu-west-1.amazonaws.com/17b1ba30-4dbb-41df-8cac-31a01da01992
leaf blight,maize_leaf_blight,leaf blight920_.jpg,https://data.mendeley.com/public-files/datasets/bwh3zbpkpv/files/ea023e92-be3f-4df5-ba9d-dede4cb05867/file_downloaded,https://prod-dcd-datasets-public-files-eu-west-1.s3.eu-west-1.amazonaws.com/97bd7dde-2967-42b5-aa04-62fbf69e9cf3
leaf blight,maize_leaf_blight,leaf blight921_.jpg,https://data.mendeley.com/public-files/datasets/bwh3zbpkpv/files/a80b09d9-cd03-4d83-a9f2-3116fb6559c5/file_downloaded,https://prod-dcd-datasets-public-files-eu-west-1.s3.eu-west-1.amazonaws.com/e0fd40c6-901a-40f4-8074-938c3d9c9411
leaf blight,maize_leaf_blight,leaf blight922_.jpg,https://data.mendeley.com/public-files/datasets/bwh3zbpkpv/files/58834c86-9ea5-40f8-a421-9678e3f119bd/file_downloaded,https://prod-dcd-datasets-public-files-eu-west-1.s3.eu-west-1.amazonaws.com/487d9f84-ef0a-4a5d-a92c-f2ffb96d5c02
leaf blight,maize_leaf_blight,leaf blight923_.jpg,https://data.mendeley.com/public-files/datasets/bwh3zbpkpv/files/fbf8cefa-ade1-4433-9461-b8f23ac6c734/file_downloaded,https://prod-dcd-datasets-public-files-eu-west-1.s3.eu-west-1.amazonaws.com/4f2f0727-255e-4af0-8669-2a452f482a66
leaf blight,maize_leaf_blight,leaf blight924_.jpg,https://data.mendeley.com/public-files/datasets/bwh3zbpkpv/files/390a07d0-7bcf-4487-9a44-d5631213a705/file_downloaded,https://prod-dcd-datasets-public-files-eu-west-1.s3.eu-west-1.amazonaws.com/e4f3f19e-37cc-4517-ba00-e3da073e9605
leaf blight,maize_leaf_blight,leaf blight925_.jpg,https://data.mendeley.com/public-files/datasets/bwh3zbpkpv/files/baf234c4-ce49-46fe-976c-89055bdbe65c/file_downloaded,https://prod-dcd-datasets-public-files-eu-west-1.s3.eu-west-1.amazonaws.com/0c1cf9c2-4195-4de9-ae7e-d7f323f0aeca
leaf blight,maize_leaf_blight,leaf blight926_.jpg,https://data.mendeley.com/public-files/datasets/bwh3zbpkpv/files/d5c7f0f4-800a-47a1-bcd8-b613a3983140/file_downloaded,https://prod-dcd-datasets-public-files-eu-west-1.s3.eu-west-1.amazonaws.com/d07d5f51-fe61-4edf-8f6e-7f4389919b4b
leaf blight,maize_leaf_blight,leaf blight927_.jpg,https://data.mendeley.com/public-files/datasets/bwh3zbpkpv/files/26c1e005-8306-43f7-8490-1b895416aa0f/file_downloaded,https://prod-dcd-datasets-public-files-eu-west-1.s3.eu-west-1.amazonaws.com/453a2c5d-c364-47bb-ba02-f4b21aab56a0
leaf blight,maize_leaf_blight,leaf blight928_.jpg,https://data.mendeley.com/public-files/datasets/bwh3zbpkpv/files/e30d630a-1ef6-4720-a68e-fb8c6d835051/file_downloaded,https://prod-dcd-datasets-public-files-eu-west-1.s3.eu-west-1.amazonaws.com/a7488f02-33fe-4365-b7b9-21da99747305
leaf blight,maize_leaf_blight,leaf blight929_.jpg,https://data.mendeley.com/public-files/datasets/bwh3zbpkpv/files/0e545f85-58c9-48a0-b214-333a90da9d60/file_downloaded,https://prod-dcd-datasets-public-files-eu-west-1.s3.eu-west-1.amazonaws.com/6d254910-467b-4a71-b01b-12b78d3f88c1
leaf blight,maize_leaf_blight,leaf blight92_.jpg,https://data.mendeley.com/public-files/datasets/bwh3zbpkpv/files/b872a81b-7895-4a43-8455-c1c5458d2ac4/file_downloaded,https://prod-dcd-datasets-public-files-eu-west-1.s3.eu-west-1.amazonaws.com/338ce8fe-8893-4c61-8789-bbbf6598762a
leaf blight,maize_leaf_blight,leaf blight930_.jpg,https://data.mendeley.com/public-files/datasets/bwh3zbpkpv/files/8b59b93e-bf1e-4a0d-b6ff-5a5bc22cbf34/file_downloaded,https://prod-dcd-datasets-public-files-eu-west-1.s3.eu-west-1.amazonaws.com/f35b837d-37af-418e-a365-2bccef139742
leaf blight,maize_leaf_blight,leaf blight931_.jpg,https://data.mendeley.com/public-files/datasets/bwh3zbpkpv/files/11667a38-8eaf-4d3c-a36e-aa44f6b20fa9/file_downloaded,https://prod-dcd-datasets-public-files-eu-west-1.s3.eu-west-1.amazonaws.com/d6d40196-4291-4453-8ab6-5f5ed4d17657
leaf blight,maize_leaf_blight,leaf blight932_.jpg,https://data.mendeley.com/public-files/datasets/bwh3zbpkpv/files/ba59e207-a85e-45c1-9b00-bb439d34af99/file_downloaded,https://prod-dcd-datasets-public-files-eu-west-1.s3.eu-west-1.amazonaws.com/9d67e30e-3351-4df9-8ec6-d27f6d1d8a1c
leaf blight,maize_leaf_blight,leaf blight933_.jpg,https://data.mendeley.com/public-files/datasets/bwh3zbpkpv/files/69d95f16-70c0-4201-925e-ec4ce8086bdb/file_downloaded,https://prod-dcd-datasets-public-files-eu-west-1.s3.eu-west-1.amazonaws.com/952419a2-682a-49a1-a766-05e7c659da36
leaf blight,maize_leaf_blight,leaf blight934_.jpg,https://data.mendeley.com/public-files/datasets/bwh3zbpkpv/files/86e87d7e-1280-46f0-b0c2-e252ce3869f8/file_downloaded,https://prod-dcd-datasets-public-files-eu-west-1.s3.eu-west-1.amazonaws.com/957cc6ff-3fca-4ce3-9e91-ebb81a42bce0
leaf blight,maize_leaf_blight,leaf blight935_.jpg,https://data.mendeley.com/public-files/datasets/bwh3zbpkpv/files/cbd9fea1-4ad8-40ad-b3ee-371d15d77e29/file_downloaded,https://prod-dcd-datasets-public-files-eu-west-1.s3.eu-west-1.amazonaws.com/bd94911e-8023-4503-adf7-66feb48cae15
leaf blight,maize_leaf_blight,leaf blight936_.jpg,https://data.mendeley.com/public-files/datasets/bwh3zbpkpv/files/0c60bd77-028a-446b-b116-672bf25e87d4/file_downloaded,https://prod-dcd-datasets-public-files-eu-west-1.s3.eu-west-1.amazonaws.com/14344bb3-9e7e-4bb1-8cbf-ce6f1529374b
leaf blight,maize_leaf_blight,leaf blight937_.jpg,https://data.mendeley.com/public-files/datasets/bwh3zbpkpv/files/0aeb5a78-0ad6-40f8-9d0e-a0b51f4db5b8/file_downloaded,https://prod-dcd-datasets-public-files-eu-west-1.s3.eu-west-1.amazonaws.com/6534c745-0ef7-4bff-86c4-50b660c18f63
leaf blight,maize_leaf_blight,leaf blight938_.jpg,https://data.mendeley.com/public-files/datasets/bwh3zbpkpv/files/d351ff49-9ce3-4797-ae45-cc8dedfe9825/file_downloaded,https://prod-dcd-datasets-public-files-eu-west-1.s3.eu-west-1.amazonaws.com/9e5cd94d-aa1f-489a-91a8-31f5d5c14db1
leaf blight,maize_leaf_blight,leaf blight939_.jpg,https://data.mendeley.com/public-files/datasets/bwh3zbpkpv/files/d9c84c39-692b-436c-8df5-802d5c732ccb/file_downloaded,https://prod-dcd-datasets-public-files-eu-west-1.s3.eu-west-1.amazonaws.com/30767a9c-c856-4922-81ab-34cb3c903996
leaf blight,maize_leaf_blight,leaf blight93_.jpg,https://data.mendeley.com/public-files/datasets/bwh3zbpkpv/files/c12c9c61-2036-4d20-8594-2d6f25a6caf8/file_downloaded,https://prod-dcd-datasets-public-files-eu-west-1.s3.eu-west-1.amazonaws.com/2d8ec964-ae8d-42d0-84e3-7da625c4b0b4
leaf blight,maize_leaf_blight,leaf blight940_.jpg,https://data.mendeley.com/public-files/datasets/bwh3zbpkpv/files/7123d98b-e670-443c-8bde-2f5eff3969ea/file_downloaded,https://prod-dcd-datasets-public-files-eu-west-1.s3.eu-west-1.amazonaws.com/7fdf4e74-9171-4896-8daa-da88e731b8d9
leaf blight,maize_leaf_blight,leaf blight941_.jpg,https://data.mendeley.com/public-files/datasets/bwh3zbpkpv/files/79b9283a-d789-4d45-9849-6a31797681f5/file_downloaded,https://prod-dcd-datasets-public-files-eu-west-1.s3.eu-west-1.amazonaws.com/be3dd69c-d3b8-4363-87ac-7c2f35078af8
leaf blight,maize_leaf_blight,leaf blight942_.jpg,https://data.mendeley.com/public-files/datasets/bwh3zbpkpv/files/da9fb52f-0c13-48f9-8fd1-ddf788463533/file_downloaded,https://prod-dcd-datasets-public-files-eu-west-1.s3.eu-west-1.amazonaws.com/ce5ba05c-ef7c-4673-a157-29e1fca94890
leaf blight,maize_leaf_blight,leaf blight943_.jpg,https://data.mendeley.com/public-files/datasets/bwh3zbpkpv/files/20f034c1-bf29-4a9a-a78e-3d9610a86858/file_downloaded,https://prod-dcd-datasets-public-files-eu-west-1.s3.eu-west-1.amazonaws.com/eb858d54-3825-463c-b7f1-5276c155a43b
leaf blight,maize_leaf_blight,leaf blight944_.jpg,https://data.mendeley.com/public-files/datasets/bwh3zbpkpv/files/fde3f056-b049-4307-b03f-35624beec7a3/file_downloaded,https://prod-dcd-datasets-public-files-eu-west-1.s3.eu-west-1.amazonaws.com/5ed47170-6351-48e6-ad59-a29fbd775e1c
leaf blight,maize_leaf_blight,leaf blight945_.jpg,https://data.mendeley.com/public-files/datasets/bwh3zbpkpv/files/1e29426c-ed3c-48d4-a0aa-35e04fa5bb34/file_downloaded,https://prod-dcd-datasets-public-files-eu-west-1.s3.eu-west-1.amazonaws.com/7e248ad3-89f1-42bc-adee-33db4ba189a6
leaf blight,maize_leaf_blight,leaf blight946_.jpg,https://data.mendeley.com/public-files/datasets/bwh3zbpkpv/files/f07581c6-70e3-485c-8277-0366bb5d6090/file_downloaded,https://prod-dcd-datasets-public-files-eu-west-1.s3.eu-west-1.amazonaws.com/bfde41a7-957f-4a01-b40a-ed92a0b11da3
leaf blight,maize_leaf_blight,leaf blight947_.jpg,https://data.mendeley.com/public-files/datasets/bwh3zbpkpv/files/8346c9f3-182b-4e7d-b9a6-3297c813f4c8/file_downloaded,https://prod-dcd-datasets-public-files-eu-west-1.s3.eu-west-1.amazonaws.com/c022059e-8504-48c4-9cea-46c1434c95fe
leaf blight,maize_leaf_blight,leaf blight948_.jpg,https://data.mendeley.com/public-files/datasets/bwh3zbpkpv/files/517992ae-457f-4f51-86ac-83e04f867de4/file_downloaded,https://prod-dcd-datasets-public-files-eu-west-1.s3.eu-west-1.amazonaws.com/55c62dfa-b42c-4b5c-a70b-d97666733378
leaf blight,maize_leaf_blight,leaf blight949_.jpg,https://data.mendeley.com/public-files/datasets/bwh3zbpkpv/files/431cb7d9-a415-4d78-bf8d-f3840a1b5f88/file_downloaded,https://prod-dcd-datasets-public-files-eu-west-1.s3.eu-west-1.amazonaws.com/1b0a141d-a769-42d3-94db-70b690c284a3
leaf blight,maize_leaf_blight,leaf blight94_.jpg,https://data.mendeley.com/public-files/datasets/bwh3zbpkpv/files/a8e1c8f0-31a8-4540-b38b-5d040b8c9e8e/file_downloaded,https://prod-dcd-datasets-public-files-eu-west-1.s3.eu-west-1.amazonaws.com/82071eed-e592-4aa4-888f-6d949582f16e
leaf blight,maize_leaf_blight,leaf blight950_.jpg,https://data.mendeley.com/public-files/datasets/bwh3zbpkpv/files/cd20f304-28ec-4546-925a-22d6ceba27f6/file_downloaded,https://prod-dcd-datasets-public-files-eu-west-1.s3.eu-west-1.amazonaws.com/3e9839b3-9f28-415b-bb32-9f9c244f8a1e
leaf blight,maize_leaf_blight,leaf blight951_.jpg,https://data.mendeley.com/public-files/datasets/bwh3zbpkpv/files/67fa955c-0ee8-4151-803b-2576e585da54/file_downloaded,https://prod-dcd-datasets-public-files-eu-west-1.s3.eu-west-1.amazonaws.com/cd0eefcd-1cf7-4483-95ed-445517944964
leaf blight,maize_leaf_blight,leaf blight952_.jpg,https://data.mendeley.com/public-files/datasets/bwh3zbpkpv/files/017c9cdf-5894-49fa-a914-c63fc37806c3/file_downloaded,https://prod-dcd-datasets-public-files-eu-west-1.s3.eu-west-1.amazonaws.com/0019eb08-fafc-4065-ab37-45a53c411b01
leaf blight,maize_leaf_blight,leaf blight953_.jpg,https://data.mendeley.com/public-files/datasets/bwh3zbpkpv/files/a5067e25-f628-43bc-b3da-956dba367651/file_downloaded,https://prod-dcd-datasets-public-files-eu-west-1.s3.eu-west-1.amazonaws.com/d12367af-935c-4144-aac0-f80b5ace939e
leaf blight,maize_leaf_blight,leaf blight954_.jpg,https://data.mendeley.com/public-files/datasets/bwh3zbpkpv/files/04757a87-7be1-47ca-bf8c-93e41cdd45ec/file_downloaded,https://prod-dcd-datasets-public-files-eu-west-1.s3.eu-west-1.amazonaws.com/9f64c2e7-3f8c-4d68-b255-af4de3432f83
leaf blight,maize_leaf_blight,leaf blight955_.jpg,https://data.mendeley.com/public-files/datasets/bwh3zbpkpv/files/19ed53c7-44d3-41e1-ab5e-1aa67acd25c0/file_downloaded,https://prod-dcd-datasets-public-files-eu-west-1.s3.eu-west-1.amazonaws.com/77554557-885d-4f3e-85fe-da86716f0da9
leaf blight,maize_leaf_blight,leaf blight956_.jpg,https://data.mendeley.com/public-files/datasets/bwh3zbpkpv/files/8d96f996-cc5c-40d7-94e7-95dbbaca7457/file_downloaded,https://prod-dcd-datasets-public-files-eu-west-1.s3.eu-west-1.amazonaws.com/65a4bf48-afa2-42a5-bfa8-3382ff58d651
leaf blight,maize_leaf_blight,leaf blight957_.jpg,https://data.mendeley.com/public-files/datasets/bwh3zbpkpv/files/e0ccd2f3-75f9-4295-b043-41e8bccda51a/file_downloaded,https://prod-dcd-datasets-public-files-eu-west-1.s3.eu-west-1.amazonaws.com/ceb4a7bb-d343-4157-b705-4ff17cdc9782
leaf blight,maize_leaf_blight,leaf blight958_.jpg,https://data.mendeley.com/public-files/datasets/bwh3zbpkpv/files/2a18cf1d-5325-49f8-94d7-366e5a3aa7c5/file_downloaded,https://prod-dcd-datasets-public-files-eu-west-1.s3.eu-west-1.amazonaws.com/c3eabe22-2097-4f15-b5c7-034184fc565c
leaf blight,maize_leaf_blight,leaf blight959_.jpg,https://data.mendeley.com/public-files/datasets/bwh3zbpkpv/files/675f2d8b-e40d-4e9d-87c7-c59fbf15843f/file_downloaded,https://prod-dcd-datasets-public-files-eu-west-1.s3.eu-west-1.amazonaws.com/c9143743-8bb0-4312-99bd-fe74672aa2bd
leaf blight,maize_leaf_blight,leaf blight95_.jpg,https://data.mendeley.com/public-files/datasets/bwh3zbpkpv/files/8a9d4916-aaac-4b17-9dfa-73e854e62aea/file_downloaded,https://prod-dcd-datasets-public-files-eu-west-1.s3.eu-west-1.amazonaws.com/db5829a4-c25a-465c-a8f6-fd0f912c927c
leaf blight,maize_leaf_blight,leaf blight960_.jpg,https://data.mendeley.com/public-files/datasets/bwh3zbpkpv/files/61facb85-b906-43f9-9fae-a303d313bab3/file_downloaded,https://prod-dcd-datasets-public-files-eu-west-1.s3.eu-west-1.amazonaws.com/94dbae39-9296-4982-a57c-87832b306341
leaf blight,maize_leaf_blight,leaf blight961_.jpg,https://data.mendeley.com/public-files/datasets/bwh3zbpkpv/files/446908b0-a0ff-46ef-b06f-32b733eddc91/file_downloaded,https://prod-dcd-datasets-public-files-eu-west-1.s3.eu-west-1.amazonaws.com/7b0989b6-55d0-4161-bf33-067b26c050c3
leaf blight,maize_leaf_blight,leaf blight962_.jpg,https://data.mendeley.com/public-files/datasets/bwh3zbpkpv/files/83edd590-578a-4387-ba6f-9c02af4bfc24/file_downloaded,https://prod-dcd-datasets-public-files-eu-west-1.s3.eu-west-1.amazonaws.com/b658f804-9901-4481-906c-389833abb519
leaf blight,maize_leaf_blight,leaf blight963_.jpg,https://data.mendeley.com/public-files/datasets/bwh3zbpkpv/files/60dbcc7e-dcc6-4354-b728-9b1332fad138/file_downloaded,https://prod-dcd-datasets-public-files-eu-west-1.s3.eu-west-1.amazonaws.com/1b6c5f50-1af6-4840-81df-d07ae9efbee9
leaf blight,maize_leaf_blight,leaf blight964_.jpg,https://data.mendeley.com/public-files/datasets/bwh3zbpkpv/files/afd96a51-bed7-4821-b61c-a3ebd816dbf7/file_downloaded,https://prod-dcd-datasets-public-files-eu-west-1.s3.eu-west-1.amazonaws.com/2931c9f2-33b4-470d-8d6a-9fb096f18a19
leaf blight,maize_leaf_blight,leaf blight965_.jpg,https://data.mendeley.com/public-files/datasets/bwh3zbpkpv/files/558e4408-4ebe-4452-a031-1af731a985ba/file_downloaded,https://prod-dcd-datasets-public-files-eu-west-1.s3.eu-west-1.amazonaws.com/348420a9-24dc-42e2-ae3d-ba3cf7a7a1df
leaf blight,maize_leaf_blight,leaf blight966_.jpg,https://data.mendeley.com/public-files/datasets/bwh3zbpkpv/files/3f3675e1-de07-4f81-9fb1-eaec8625cdb6/file_downloaded,https://prod-dcd-datasets-public-files-eu-west-1.s3.eu-west-1.amazonaws.com/b0eda76d-2eed-4a76-8213-309459d8c614
leaf blight,maize_leaf_blight,leaf blight967_.jpg,https://data.mendeley.com/public-files/datasets/bwh3zbpkpv/files/30674fac-3cf6-43bb-9168-58bd66f51892/file_downloaded,https://prod-dcd-datasets-public-files-eu-west-1.s3.eu-west-1.amazonaws.com/5b0c8f61-41ad-4448-a508-d134395e4bd3
leaf blight,maize_leaf_blight,leaf blight968_.jpg,https://data.mendeley.com/public-files/datasets/bwh3zbpkpv/files/8500aa7e-13d5-4e69-800e-fd44d74589be/file_downloaded,https://prod-dcd-datasets-public-files-eu-west-1.s3.eu-west-1.amazonaws.com/8a52d959-585b-4498-a274-fa4776e040c2
leaf blight,maize_leaf_blight,leaf blight969_.jpg,https://data.mendeley.com/public-files/datasets/bwh3zbpkpv/files/6059091f-31ae-47d5-898c-40bd3061f6a1/file_downloaded,https://prod-dcd-datasets-public-files-eu-west-1.s3.eu-west-1.amazonaws.com/7a41168a-170e-40b3-8cb1-33a63f789a31
leaf blight,maize_leaf_blight,leaf blight96_.jpg,https://data.mendeley.com/public-files/datasets/bwh3zbpkpv/files/0e9b41b6-2aa7-4e2b-af4c-8dd5b96f8e22/file_downloaded,https://prod-dcd-datasets-public-files-eu-west-1.s3.eu-west-1.amazonaws.com/d01cec23-6f93-4a96-a8de-507edb2c0066
leaf blight,maize_leaf_blight,leaf blight970_.jpg,https://data.mendeley.com/public-files/datasets/bwh3zbpkpv/files/a31238db-eb5d-4a16-b526-bbbe4449e141/file_downloaded,https://prod-dcd-datasets-public-files-eu-west-1.s3.eu-west-1.amazonaws.com/802dcbc0-9c1f-4f3f-9784-52c3732b4d0b
leaf blight,maize_leaf_blight,leaf blight971_.jpg,https://data.mendeley.com/public-files/datasets/bwh3zbpkpv/files/0e600f21-b91c-4837-8f28-3843d6e37345/file_downloaded,https://prod-dcd-datasets-public-files-eu-west-1.s3.eu-west-1.amazonaws.com/7c56c308-1cb3-47e8-94ba-43c7bb92dd7e
leaf blight,maize_leaf_blight,leaf blight972_.jpg,https://data.mendeley.com/public-files/datasets/bwh3zbpkpv/files/e0532c28-24fa-49e8-8a0f-ebc8aaa71776/file_downloaded,https://prod-dcd-datasets-public-files-eu-west-1.s3.eu-west-1.amazonaws.com/720a87d2-d6f9-4f6c-993e-17010a7022c0
leaf blight,maize_leaf_blight,leaf blight973_.jpg,https://data.mendeley.com/public-files/datasets/bwh3zbpkpv/files/8d177b67-c9a1-4fcf-a94c-c7b5292bae76/file_downloaded,https://prod-dcd-datasets-public-files-eu-west-1.s3.eu-west-1.amazonaws.com/e81862be-8e95-4339-a3ad-34c15332664a
leaf blight,maize_leaf_blight,leaf blight974_.jpg,https://data.mendeley.com/public-files/datasets/bwh3zbpkpv/files/1eb27a3c-7902-474a-844c-ad10d3230620/file_downloaded,https://prod-dcd-datasets-public-files-eu-west-1.s3.eu-west-1.amazonaws.com/3fabfff1-b537-4da7-8774-d15edcacdf7b
leaf blight,maize_leaf_blight,leaf blight975_.jpg,https://data.mendeley.com/public-files/datasets/bwh3zbpkpv/files/924942cd-85f5-42c1-8473-b523da08b249/file_downloaded,https://prod-dcd-datasets-public-files-eu-west-1.s3.eu-west-1.amazonaws.com/63dee0dc-8dfa-410e-b923-4035afaf3afd
leaf blight,maize_leaf_blight,leaf blight976_.jpg,https://data.mendeley.com/public-files/datasets/bwh3zbpkpv/files/197dc0a9-8773-4d18-ad7d-74d98e903561/file_downloaded,https://prod-dcd-datasets-public-files-eu-west-1.s3.eu-west-1.amazonaws.com/276f9dcb-519b-498b-a006-9d37239bb70a
leaf blight,maize_leaf_blight,leaf blight977_.jpg,https://data.mendeley.com/public-files/datasets/bwh3zbpkpv/files/8ab155a1-8dcd-4851-847d-a190cf433a4b/file_downloaded,https://prod-dcd-datasets-public-files-eu-west-1.s3.eu-west-1.amazonaws.com/0cd1fa46-c5ab-4416-b55c-8021e863e0e0
leaf blight,maize_leaf_blight,leaf blight978_.jpg,https://data.mendeley.com/public-files/datasets/bwh3zbpkpv/files/fb9009c6-d9a6-40fa-a7b1-916a07777ed0/file_downloaded,https://prod-dcd-datasets-public-files-eu-west-1.s3.eu-west-1.amazonaws.com/21ef86d4-c7a3-4980-8dba-5fda14e74bf3
leaf blight,maize_leaf_blight,leaf blight979_.jpg,https://data.mendeley.com/public-files/datasets/bwh3zbpkpv/files/40d45137-4b00-4fc7-b4a8-00fb2e2948d2/file_downloaded,https://prod-dcd-datasets-public-files-eu-west-1.s3.eu-west-1.amazonaws.com/fe5f60b0-5ddc-41e6-ba30-f0aeab4b8a12
leaf blight,maize_leaf_blight,leaf blight97_.jpg,https://data.mendeley.com/public-files/datasets/bwh3zbpkpv/files/f21da83a-d51a-4357-a955-4323a8c6195f/file_downloaded,https://prod-dcd-datasets-public-files-eu-west-1.s3.eu-west-1.amazonaws.com/960ebfae-dfbf-457c-aed1-afff6484ef65
leaf blight,maize_leaf_blight,leaf blight980_.jpg,https://data.mendeley.com/public-files/datasets/bwh3zbpkpv/files/f32d053c-559a-4f49-a781-79f72369f415/file_downloaded,https://prod-dcd-datasets-public-files-eu-west-1.s3.eu-west-1.amazonaws.com/6bc1b018-a3b3-4355-aa3f-5d29fd91fa96
leaf blight,maize_leaf_blight,leaf blight981_.jpg,https://data.mendeley.com/public-files/datasets/bwh3zbpkpv/files/04434473-bb78-45e6-a68f-2871f6954d3d/file_downloaded,https://prod-dcd-datasets-public-files-eu-west-1.s3.eu-west-1.amazonaws.com/8df0e736-380b-4d4c-97d4-349acb2f870c
leaf blight,maize_leaf_blight,leaf blight982_.jpg,https://data.mendeley.com/public-files/datasets/bwh3zbpkpv/files/338c774a-b038-4277-b021-7341a6816e81/file_downloaded,https://prod-dcd-datasets-public-files-eu-west-1.s3.eu-west-1.amazonaws.com/35b167b9-7d35-4cb7-90c2-1520736a94fc
leaf blight,maize_leaf_blight,leaf blight983_.jpg,https://data.mendeley.com/public-files/datasets/bwh3zbpkpv/files/0231f1e8-1162-4496-aa9e-13b0e06f6b08/file_downloaded,https://prod-dcd-datasets-public-files-eu-west-1.s3.eu-west-1.amazonaws.com/e31c0f8e-4f8d-4450-91c9-4df757ec5b8d
leaf blight,maize_leaf_blight,leaf blight984_.jpg,https://data.mendeley.com/public-files/datasets/bwh3zbpkpv/files/e92c357f-45c9-4263-93df-fcc0c00ac815/file_downloaded,https://prod-dcd-datasets-public-files-eu-west-1.s3.eu-west-1.amazonaws.com/c7ce6d85-272d-4eb4-9e21-f38761dd0ed0
leaf blight,maize_leaf_blight,leaf blight985_.jpg,https://data.mendeley.com/public-files/datasets/bwh3zbpkpv/files/ac3811f4-7083-45b3-9758-13430756160b/file_downloaded,https://prod-dcd-datasets-public-files-eu-west-1.s3.eu-west-1.amazonaws.com/cd51bf29-090e-4b82-bf51-adfb1239c8f5
leaf blight,maize_leaf_blight,leaf blight986_.jpg,https://data.mendeley.com/public-files/datasets/bwh3zbpkpv/files/18bc0cc6-5a55-430b-a6ab-8063c6faf4d4/file_downloaded,https://prod-dcd-datasets-public-files-eu-west-1.s3.eu-west-1.amazonaws.com/f351d379-0133-4aa5-8ed9-b5e817dd049e
leaf blight,maize_leaf_blight,leaf blight987_.jpg,https://data.mendeley.com/public-files/datasets/bwh3zbpkpv/files/bb77a6b8-2192-493c-8d62-974ebb0337ab/file_downloaded,https://prod-dcd-datasets-public-files-eu-west-1.s3.eu-west-1.amazonaws.com/5433f3b8-f809-427f-aa2d-9340a201a208
leaf blight,maize_leaf_blight,leaf blight988_.jpg,https://data.mendeley.com/public-files/datasets/bwh3zbpkpv/files/74df51e7-bf1e-422b-a0a9-ee729fe8577f/file_downloaded,https://prod-dcd-datasets-public-files-eu-west-1.s3.eu-west-1.amazonaws.com/8f359eb7-f15b-475e-89f7-4f50a713fbf0
leaf blight,maize_leaf_blight,leaf blight989_.jpg,https://data.mendeley.com/public-files/datasets/bwh3zbpkpv/files/401cb10d-d45b-4f32-a7ab-5502f4812464/file_downloaded,https://prod-dcd-datasets-public-files-eu-west-1.s3.eu-west-1.amazonaws.com/006ca976-5a07-477c-aa32-ba5407f88cfa
leaf blight,maize_leaf_blight,leaf blight98_.jpg,https://data.mendeley.com/public-files/datasets/bwh3zbpkpv/files/ef506562-1920-40c9-9d8e-a695f1edf31d/file_downloaded,https://prod-dcd-datasets-public-files-eu-west-1.s3.eu-west-1.amazonaws.com/420d301a-8fc2-41b2-8e0b-0f731c654082
leaf blight,maize_leaf_blight,leaf blight990_.jpg,https://data.mendeley.com/public-files/datasets/bwh3zbpkpv/files/8ba3e44c-0362-4615-b581-968d86446de6/file_downloaded,https://prod-dcd-datasets-public-files-eu-west-1.s3.eu-west-1.amazonaws.com/9b0f5834-33ec-44f8-83bc-0982fc3f753a
leaf blight,maize_leaf_blight,leaf blight991_.jpg,https://data.mendeley.com/public-files/datasets/bwh3zbpkpv/files/6d858ea2-aa2a-4b9f-ade5-6a55092b7f3d/file_downloaded,https://prod-dcd-datasets-public-files-eu-west-1.s3.eu-west-1.amazonaws.com/17d13632-fd4b-4424-b6a3-9a2c2578d55b
leaf blight,maize_leaf_blight,leaf blight992_.jpg,https://data.mendeley.com/public-files/datasets/bwh3zbpkpv/files/7aef3d5d-9337-414c-8e3a-d33038c25acd/file_downloaded,https://prod-dcd-datasets-public-files-eu-west-1.s3.eu-west-1.amazonaws.com/08a6b390-b9ac-48a7-a635-e486b6d9364c
leaf blight,maize_leaf_blight,leaf blight993_.jpg,https://data.mendeley.com/public-files/datasets/bwh3zbpkpv/files/408393fd-ad0e-4ad9-a103-953c5f882c23/file_downloaded,https://prod-dcd-datasets-public-files-eu-west-1.s3.eu-west-1.amazonaws.com/44418a35-3dc1-4912-be42-77999e8846bf
leaf blight,maize_leaf_blight,leaf blight994_.jpg,https://data.mendeley.com/public-files/datasets/bwh3zbpkpv/files/754d3ac1-ee45-49fa-b781-fd156f009372/file_downloaded,https://prod-dcd-datasets-public-files-eu-west-1.s3.eu-west-1.amazonaws.com/afb768fd-1f66-4c18-b8d9-72c96702444c
leaf blight,maize_leaf_blight,leaf blight995_.jpg,https://data.mendeley.com/public-files/datasets/bwh3zbpkpv/files/fbe5906a-247c-4daf-93e0-7f02e5fa9748/file_downloaded,https://prod-dcd-datasets-public-files-eu-west-1.s3.eu-west-1.amazonaws.com/30482035-4575-4276-9ba0-b1f305689162
leaf spot,maize_leaf_spot,leaf spot1000_.jpg,https://data.mendeley.com/public-files/datasets/bwh3zbpkpv/files/582147fb-9e85-4d1f-8832-ba78f5c5e4c9/file_downloaded,https://prod-dcd-datasets-public-files-eu-west-1.s3.eu-west-1.amazonaws.com/d5d6148f-3ae1-40e8-827c-67eb84bfcf39
leaf spot,maize_leaf_spot,leaf spot1001_.jpg,https://data.mendeley.com/public-files/datasets/bwh3zbpkpv/files/5925fba1-b285-4574-a8fc-2dc8e5f4db8c/file_downloaded,https://prod-dcd-datasets-public-files-eu-west-1.s3.eu-west-1.amazonaws.com/2ce2917e-5183-4a68-b55f-f050a29f2f8c
leaf spot,maize_leaf_spot,leaf spot1002_.jpg,https://data.mendeley.com/public-files/datasets/bwh3zbpkpv/files/59b9caac-5b78-45ed-8d87-725e1d642f43/file_downloaded,https://prod-dcd-datasets-public-files-eu-west-1.s3.eu-west-1.amazonaws.com/4eaa2e39-7fc9-4aa8-8c8a-fd6ec57cb0da
leaf spot,maize_leaf_spot,leaf spot1003_.jpg,https://data.mendeley.com/public-files/datasets/bwh3zbpkpv/files/b5c232ec-a1ed-495d-9267-9c02d88a6657/file_downloaded,https://prod-dcd-datasets-public-files-eu-west-1.s3.eu-west-1.amazonaws.com/1b98c144-6e9e-43bd-9d01-325f55e0486e
leaf spot,maize_leaf_spot,leaf spot1004_.jpg,https://data.mendeley.com/public-files/datasets/bwh3zbpkpv/files/78c8b768-9ede-4fcc-a331-05e1e3fa5910/file_downloaded,https://prod-dcd-datasets-public-files-eu-west-1.s3.eu-west-1.amazonaws.com/f8d8912e-36c2-4c74-b4f5-466dd80bc2ed
leaf spot,maize_leaf_spot,leaf spot1005_.jpg,https://data.mendeley.com/public-files/datasets/bwh3zbpkpv/files/b9c8129b-6341-47dc-bfd6-1d7844c77ab2/file_downloaded,https://prod-dcd-datasets-public-files-eu-west-1.s3.eu-west-1.amazonaws.com/91c0baec-674d-4cd8-a12a-b286b153628d
leaf spot,maize_leaf_spot,leaf spot1006_.jpg,https://data.mendeley.com/public-files/datasets/bwh3zbpkpv/files/cebf2739-6635-4a4c-af85-f1e500ae416c/file_downloaded,https://prod-dcd-datasets-public-files-eu-west-1.s3.eu-west-1.amazonaws.com/828a27b3-c5d6-4fe5-ad79-f93369248735
leaf spot,maize_leaf_spot,leaf spot1007_.jpg,https://data.mendeley.com/public-files/datasets/bwh3zbpkpv/files/4feeae3e-2da6-46e6-8658-1ce68743d500/file_downloaded,https://prod-dcd-datasets-public-files-eu-west-1.s3.eu-west-1.amazonaws.com/f44bc602-3a8e-41c6-b7c6-fbc7df008856
leaf spot,maize_leaf_spot,leaf spot1008_.jpg,https://data.mendeley.com/public-files/datasets/bwh3zbpkpv/files/76a81752-72a0-43ba-8e23-fbe420d56549/file_downloaded,https://prod-dcd-datasets-public-files-eu-west-1.s3.eu-west-1.amazonaws.com/bade913f-b19d-44c8-b678-26133653f664
leaf spot,maize_leaf_spot,leaf spot1009_.jpg,https://data.mendeley.com/public-files/datasets/bwh3zbpkpv/files/fba95555-e2b6-4471-b115-efd0d0af7065/file_downloaded,https://prod-dcd-datasets-public-files-eu-west-1.s3.eu-west-1.amazonaws.com/dbd3defe-1733-4da7-a182-b65cf0092a9b
leaf spot,maize_leaf_spot,leaf spot100_.jpg,https://data.mendeley.com/public-files/datasets/bwh3zbpkpv/files/0d422e81-8c3d-43d6-832e-6421c3d361d8/file_downloaded,https://prod-dcd-datasets-public-files-eu-west-1.s3.eu-west-1.amazonaws.com/80194998-509a-4584-af4a-22e99af3a3ca
leaf spot,maize_leaf_spot,leaf spot1010_.jpg,https://data.mendeley.com/public-files/datasets/bwh3zbpkpv/files/ecf2f098-22be-4a85-b1f3-21bc3b687e83/file_downloaded,https://prod-dcd-datasets-public-files-eu-west-1.s3.eu-west-1.amazonaws.com/f4131f2f-8770-4537-99d2-3cad094b677d
leaf spot,maize_leaf_spot,leaf spot1011_.jpg,https://data.mendeley.com/public-files/datasets/bwh3zbpkpv/files/5182b64d-e9b4-4f3d-86cb-36b34e4fc446/file_downloaded,https://prod-dcd-datasets-public-files-eu-west-1.s3.eu-west-1.amazonaws.com/2f5959a5-f4b1-4e7a-8d5d-3ba57f3ec64d
leaf spot,maize_leaf_spot,leaf spot1012_.jpg,https://data.mendeley.com/public-files/datasets/bwh3zbpkpv/files/284e00b6-9425-458b-ae47-36c2504764e7/file_downloaded,https://prod-dcd-datasets-public-files-eu-west-1.s3.eu-west-1.amazonaws.com/feaddb0b-1200-4d6c-8cce-c69cd0654791
leaf spot,maize_leaf_spot,leaf spot1013_.jpg,https://data.mendeley.com/public-files/datasets/bwh3zbpkpv/files/1f354e21-92db-490a-89d8-95a33612c3f3/file_downloaded,https://prod-dcd-datasets-public-files-eu-west-1.s3.eu-west-1.amazonaws.com/11ad0ba9-a8b9-4a29-a2e4-5bed362af754
leaf spot,maize_leaf_spot,leaf spot1014_.jpg,https://data.mendeley.com/public-files/datasets/bwh3zbpkpv/files/6013750c-5dc7-4acf-bb3b-0c9ddba1d107/file_downloaded,https://prod-dcd-datasets-public-files-eu-west-1.s3.eu-west-1.amazonaws.com/f9893fb4-d6d4-440a-a1a0-5e2b7d772a12
leaf spot,maize_leaf_spot,leaf spot1015_.jpg,https://data.mendeley.com/public-files/datasets/bwh3zbpkpv/files/2a701828-5d4f-4edf-a343-fc51c57a589b/file_downloaded,https://prod-dcd-datasets-public-files-eu-west-1.s3.eu-west-1.amazonaws.com/02628ee4-4932-4fee-be1a-214f516d9356
leaf spot,maize_leaf_spot,leaf spot1016_.jpg,https://data.mendeley.com/public-files/datasets/bwh3zbpkpv/files/2501de70-19b0-42b5-9ae3-49874b592e8f/file_downloaded,https://prod-dcd-datasets-public-files-eu-west-1.s3.eu-west-1.amazonaws.com/6fbe24e9-8263-42ac-9a74-33365b48f707
leaf spot,maize_leaf_spot,leaf spot1017_.jpg,https://data.mendeley.com/public-files/datasets/bwh3zbpkpv/files/d67f94be-6939-4d72-aea1-cf62e040e23e/file_downloaded,https://prod-dcd-datasets-public-files-eu-west-1.s3.eu-west-1.amazonaws.com/012c6843-ab54-4669-90f6-6fe05cbc3ecc
leaf spot,maize_leaf_spot,leaf spot1018_.jpg,https://data.mendeley.com/public-files/datasets/bwh3zbpkpv/files/9c6ea7f6-04df-4745-8255-18d7e5286298/file_downloaded,https://prod-dcd-datasets-public-files-eu-west-1.s3.eu-west-1.amazonaws.com/466e20c0-549a-447c-9c21-669f5e49e985
leaf spot,maize_leaf_spot,leaf spot1019_.jpg,https://data.mendeley.com/public-files/datasets/bwh3zbpkpv/files/c22d4051-b787-407d-bf12-c91bedcd4ee8/file_downloaded,https://prod-dcd-datasets-public-files-eu-west-1.s3.eu-west-1.amazonaws.com/94fa3207-8530-4b2b-a9f7-7368dc4ea7cc
leaf spot,maize_leaf_spot,leaf spot101_.jpg,https://data.mendeley.com/public-files/datasets/bwh3zbpkpv/files/41f42c0e-2756-4198-bda7-a7b1df7ee1cf/file_downloaded,https://prod-dcd-datasets-public-files-eu-west-1.s3.eu-west-1.amazonaws.com/5082981e-787f-455a-bdbc-7d6668af28ef
leaf spot,maize_leaf_spot,leaf spot1020_.jpg,https://data.mendeley.com/public-files/datasets/bwh3zbpkpv/files/81bc5ba0-ed2f-4aee-92aa-125534ae8eae/file_downloaded,https://prod-dcd-datasets-public-files-eu-west-1.s3.eu-west-1.amazonaws.com/c8db39ec-2a86-445f-ae5d-493127f1e89f
leaf spot,maize_leaf_spot,leaf spot1021_.jpg,https://data.mendeley.com/public-files/datasets/bwh3zbpkpv/files/b2823007-1faf-4ddc-ab83-3e663b5821fe/file_downloaded,https://prod-dcd-datasets-public-files-eu-west-1.s3.eu-west-1.amazonaws.com/1d5515c6-0875-4451-9898-a8f234f108b9
leaf spot,maize_leaf_spot,leaf spot1022_.jpg,https://data.mendeley.com/public-files/datasets/bwh3zbpkpv/files/85801f34-5560-41f0-b024-fce965b7149a/file_downloaded,https://prod-dcd-datasets-public-files-eu-west-1.s3.eu-west-1.amazonaws.com/6921b456-33e0-4604-8331-1848bac25151
leaf spot,maize_leaf_spot,leaf spot1023_.jpg,https://data.mendeley.com/public-files/datasets/bwh3zbpkpv/files/e203f0fe-2335-4dd9-b2c4-b13fde38734a/file_downloaded,https://prod-dcd-datasets-public-files-eu-west-1.s3.eu-west-1.amazonaws.com/d665ba49-ce73-4a9b-9978-a884ede7e02e
leaf spot,maize_leaf_spot,leaf spot1024_.jpg,https://data.mendeley.com/public-files/datasets/bwh3zbpkpv/files/99b4638b-234e-48e8-94c3-5e85878c6392/file_downloaded,https://prod-dcd-datasets-public-files-eu-west-1.s3.eu-west-1.amazonaws.com/3e5bff99-bea5-40be-8255-877e735d5fbd
leaf spot,maize_leaf_spot,leaf spot1025_.jpg,https://data.mendeley.com/public-files/datasets/bwh3zbpkpv/files/bf3ee2e9-606e-4ec4-9d9b-c4b0d0330858/file_downloaded,https://prod-dcd-datasets-public-files-eu-west-1.s3.eu-west-1.amazonaws.com/c5f6a26b-bb8d-4852-918a-26aadb3600e4
leaf spot,maize_leaf_spot,leaf spot1026_.jpg,https://data.mendeley.com/public-files/datasets/bwh3zbpkpv/files/bd8eca64-41e2-4060-a52f-1ef09ba54f58/file_downloaded,https://prod-dcd-datasets-public-files-eu-west-1.s3.eu-west-1.amazonaws.com/edc183ea-8aff-4393-844e-d69e7da5eafe
leaf spot,maize_leaf_spot,leaf spot1027_.jpg,https://data.mendeley.com/public-files/datasets/bwh3zbpkpv/files/2e1ce511-9d08-4107-be62-dbbb11fb0cfa/file_downloaded,https://prod-dcd-datasets-public-files-eu-west-1.s3.eu-west-1.amazonaws.com/c8287b9c-b90b-4cd4-86e2-c8195ec44e5b
leaf spot,maize_leaf_spot,leaf spot1028_.jpg,https://data.mendeley.com/public-files/datasets/bwh3zbpkpv/files/06cbe02a-7829-4ad0-987b-bde57bece2d6/file_downloaded,https://prod-dcd-datasets-public-files-eu-west-1.s3.eu-west-1.amazonaws.com/e7ff3182-0ef6-4309-a9ca-26559eda083e
leaf spot,maize_leaf_spot,leaf spot1029_.jpg,https://data.mendeley.com/public-files/datasets/bwh3zbpkpv/files/06c11392-78d3-459c-8d14-53a97595f385/file_downloaded,https://prod-dcd-datasets-public-files-eu-west-1.s3.eu-west-1.amazonaws.com/0a88d680-e274-4f5b-85d7-1add6b52fde1
leaf spot,maize_leaf_spot,leaf spot102_.jpg,https://data.mendeley.com/public-files/datasets/bwh3zbpkpv/files/577dfae7-8b03-4cab-948c-13bf63040d7e/file_downloaded,https://prod-dcd-datasets-public-files-eu-west-1.s3.eu-west-1.amazonaws.com/7cc18521-edaf-4bd3-bee3-08b001611655
leaf spot,maize_leaf_spot,leaf spot1030_.jpg,https://data.mendeley.com/public-files/datasets/bwh3zbpkpv/files/7e15717d-58a2-4100-9cff-294998868e71/file_downloaded,https://prod-dcd-datasets-public-files-eu-west-1.s3.eu-west-1.amazonaws.com/7536c678-44e8-46c4-aad2-87add8919dd9
leaf spot,maize_leaf_spot,leaf spot1031_.jpg,https://data.mendeley.com/public-files/datasets/bwh3zbpkpv/files/24ce3b6b-7db1-4eb8-b048-0c80d5d6e830/file_downloaded,https://prod-dcd-datasets-public-files-eu-west-1.s3.eu-west-1.amazonaws.com/7ca99f0f-e7d1-46b9-96ec-b73c9e8e19e6
leaf spot,maize_leaf_spot,leaf spot1032_.jpg,https://data.mendeley.com/public-files/datasets/bwh3zbpkpv/files/b2a266a5-bf0b-4dba-a00e-643a019792dd/file_downloaded,https://prod-dcd-datasets-public-files-eu-west-1.s3.eu-west-1.amazonaws.com/fa25130d-d00c-4577-ad02-e560d8e80e78
leaf spot,maize_leaf_spot,leaf spot1033_.jpg,https://data.mendeley.com/public-files/datasets/bwh3zbpkpv/files/bf61fb56-282f-4c10-b87f-ea7bb0fd53db/file_downloaded,https://prod-dcd-datasets-public-files-eu-west-1.s3.eu-west-1.amazonaws.com/960b9e49-84c6-43d5-a48a-eecbbf3847de
leaf spot,maize_leaf_spot,leaf spot1034_.jpg,https://data.mendeley.com/public-files/datasets/bwh3zbpkpv/files/df27ca76-796b-4d10-ab81-a4a1c949570b/file_downloaded,https://prod-dcd-datasets-public-files-eu-west-1.s3.eu-west-1.amazonaws.com/09bfcda5-72f2-4aad-b6a4-72c85a3edd1b
leaf spot,maize_leaf_spot,leaf spot1035_.jpg,https://data.mendeley.com/public-files/datasets/bwh3zbpkpv/files/f31670db-92d8-4a74-917a-43d135d42e0f/file_downloaded,https://prod-dcd-datasets-public-files-eu-west-1.s3.eu-west-1.amazonaws.com/326876eb-70d4-496c-87b1-c2fcbb90d11f
leaf spot,maize_leaf_spot,leaf spot1036_.jpg,https://data.mendeley.com/public-files/datasets/bwh3zbpkpv/files/dc3f0fe4-d84f-47a9-9907-5450f6909216/file_downloaded,https://prod-dcd-datasets-public-files-eu-west-1.s3.eu-west-1.amazonaws.com/4e7fd2c6-bb99-49a4-9d4f-e36bc7f00bea
leaf spot,maize_leaf_spot,leaf spot1037_.jpg,https://data.mendeley.com/public-files/datasets/bwh3zbpkpv/files/3d0aea00-89b1-4dd2-9961-97a8a8873a35/file_downloaded,https://prod-dcd-datasets-public-files-eu-west-1.s3.eu-west-1.amazonaws.com/14867a64-6f3d-44f8-91b2-69fb44149547
leaf spot,maize_leaf_spot,leaf spot1038_.jpg,https://data.mendeley.com/public-files/datasets/bwh3zbpkpv/files/dcf155b0-81ec-4c98-9b37-f53779ce883a/file_downloaded,https://prod-dcd-datasets-public-files-eu-west-1.s3.eu-west-1.amazonaws.com/f9c08b44-37b4-44a9-b0d3-696cbdb47866
leaf spot,maize_leaf_spot,leaf spot1039_.jpg,https://data.mendeley.com/public-files/datasets/bwh3zbpkpv/files/fd192a2c-5d42-4add-b50d-05d103e2fe25/file_downloaded,https://prod-dcd-datasets-public-files-eu-west-1.s3.eu-west-1.amazonaws.com/2c50100c-43a8-41ae-baf7-b503d437bfd9
leaf spot,maize_leaf_spot,leaf spot103_.jpg,https://data.mendeley.com/public-files/datasets/bwh3zbpkpv/files/5877463b-c018-41d0-ad19-5708248500f8/file_downloaded,https://prod-dcd-datasets-public-files-eu-west-1.s3.eu-west-1.amazonaws.com/f187ab64-ccee-45f5-ab79-675ab9f11009
leaf spot,maize_leaf_spot,leaf spot1040_.jpg,https://data.mendeley.com/public-files/datasets/bwh3zbpkpv/files/19a08451-6bd4-4a9f-a2ff-2f3b0410938c/file_downloaded,https://prod-dcd-datasets-public-files-eu-west-1.s3.eu-west-1.amazonaws.com/b5f47528-edbb-4b70-8e73-a7356ff82eaf
leaf spot,maize_leaf_spot,leaf spot1041_.jpg,https://data.mendeley.com/public-files/datasets/bwh3zbpkpv/files/330f8745-314a-4214-921c-7012a6524b7d/file_downloaded,https://prod-dcd-datasets-public-files-eu-west-1.s3.eu-west-1.amazonaws.com/fbb97ccd-7f79-4243-893a-1a20c299080a
leaf spot,maize_leaf_spot,leaf spot1042_.jpg,https://data.mendeley.com/public-files/datasets/bwh3zbpkpv/files/4f8a03f6-849e-47b0-abf9-20af01a7a441/file_downloaded,https://prod-dcd-datasets-public-files-eu-west-1.s3.eu-west-1.amazonaws.com/6ac9a284-898b-4a2e-b201-230ab9868859
leaf spot,maize_leaf_spot,leaf spot1043_.jpg,https://data.mendeley.com/public-files/datasets/bwh3zbpkpv/files/1e8a9839-5840-4fcf-9817-35b098eca49d/file_downloaded,https://prod-dcd-datasets-public-files-eu-west-1.s3.eu-west-1.amazonaws.com/9068c8d8-17c1-4e6a-9fa4-5e8a7410b63b
leaf spot,maize_leaf_spot,leaf spot1044_.jpg,https://data.mendeley.com/public-files/datasets/bwh3zbpkpv/files/98361532-69a2-4d97-b3ee-3f2575b9a5f1/file_downloaded,https://prod-dcd-datasets-public-files-eu-west-1.s3.eu-west-1.amazonaws.com/3bf00890-5986-478e-b2da-a515649a6f7b
leaf spot,maize_leaf_spot,leaf spot1045_.jpg,https://data.mendeley.com/public-files/datasets/bwh3zbpkpv/files/7960d4f0-6ea7-421a-9551-6c0e8d59c2c4/file_downloaded,https://prod-dcd-datasets-public-files-eu-west-1.s3.eu-west-1.amazonaws.com/114e9e9e-3b86-4b5c-9ce7-225a390d8ebd
leaf spot,maize_leaf_spot,leaf spot1046_.jpg,https://data.mendeley.com/public-files/datasets/bwh3zbpkpv/files/23c8f2e8-ded5-4680-9a4f-2a976055544c/file_downloaded,https://prod-dcd-datasets-public-files-eu-west-1.s3.eu-west-1.amazonaws.com/1eefaeec-41fe-4b20-85b3-519a488126c4
leaf spot,maize_leaf_spot,leaf spot1047_.jpg,https://data.mendeley.com/public-files/datasets/bwh3zbpkpv/files/633e97d0-5cb4-406f-b99f-0b9e23a5e107/file_downloaded,https://prod-dcd-datasets-public-files-eu-west-1.s3.eu-west-1.amazonaws.com/5e3de095-2ff4-4b90-9879-ec46f3dfb932
leaf spot,maize_leaf_spot,leaf spot1048_.jpg,https://data.mendeley.com/public-files/datasets/bwh3zbpkpv/files/f6e67ecd-b874-4718-970e-5e22cf4d09c0/file_downloaded,https://prod-dcd-datasets-public-files-eu-west-1.s3.eu-west-1.amazonaws.com/87bb5ed3-b16f-4103-a78a-37d9c4075855
leaf spot,maize_leaf_spot,leaf spot1049_.jpg,https://data.mendeley.com/public-files/datasets/bwh3zbpkpv/files/d4eaa27a-2813-44ae-928b-790e720b792f/file_downloaded,https://prod-dcd-datasets-public-files-eu-west-1.s3.eu-west-1.amazonaws.com/56004c2f-8cab-4abd-9f2f-ccc19d0ba985
leaf spot,maize_leaf_spot,leaf spot104_.jpg,https://data.mendeley.com/public-files/datasets/bwh3zbpkpv/files/332a45f6-73eb-41c3-a5d0-eca7e834de00/file_downloaded,https://prod-dcd-datasets-public-files-eu-west-1.s3.eu-west-1.amazonaws.com/8eefee0e-2e8a-4b31-8c3b-0c9aefa79254
leaf spot,maize_leaf_spot,leaf spot1050_.jpg,https://data.mendeley.com/public-files/datasets/bwh3zbpkpv/files/7fb9b9a2-2d9d-4452-9aec-494ad8152b96/file_downloaded,https://prod-dcd-datasets-public-files-eu-west-1.s3.eu-west-1.amazonaws.com/7add4344-6843-42bb-9deb-11ac7cbf6eb9
leaf spot,maize_leaf_spot,leaf spot1051_.jpg,https://data.mendeley.com/public-files/datasets/bwh3zbpkpv/files/50f7a038-4f85-406c-a4b0-1c768a5e8796/file_downloaded,https://prod-dcd-datasets-public-files-eu-west-1.s3.eu-west-1.amazonaws.com/cc1316d5-2a71-47b5-8aaa-d39510675609
leaf spot,maize_leaf_spot,leaf spot1052_.jpg,https://data.mendeley.com/public-files/datasets/bwh3zbpkpv/files/0b796f27-1607-4e14-bd56-000309d90a80/file_downloaded,https://prod-dcd-datasets-public-files-eu-west-1.s3.eu-west-1.amazonaws.com/bc07f660-0eee-449f-9b95-e540394105c9
leaf spot,maize_leaf_spot,leaf spot1053_.jpg,https://data.mendeley.com/public-files/datasets/bwh3zbpkpv/files/b430336c-aa16-4b2a-a999-4b18b67fde0f/file_downloaded,https://prod-dcd-datasets-public-files-eu-west-1.s3.eu-west-1.amazonaws.com/818b479e-6b5e-4f72-8909-bd51bbdac4d7
leaf spot,maize_leaf_spot,leaf spot1054_.jpg,https://data.mendeley.com/public-files/datasets/bwh3zbpkpv/files/9e8ccaae-a622-4490-8ffe-c8ddd036fdfc/file_downloaded,https://prod-dcd-datasets-public-files-eu-west-1.s3.eu-west-1.amazonaws.com/9397780f-b62c-454a-a039-350753d466ee
leaf spot,maize_leaf_spot,leaf spot1055_.jpg,https://data.mendeley.com/public-files/datasets/bwh3zbpkpv/files/7bcfce9f-c84b-450c-b754-d04cf790fa86/file_downloaded,https://prod-dcd-datasets-public-files-eu-west-1.s3.eu-west-1.amazonaws.com/7a1d3f23-dbfe-4245-917a-6945bd8e40b8
leaf spot,maize_leaf_spot,leaf spot1056_.jpg,https://data.mendeley.com/public-files/datasets/bwh3zbpkpv/files/d4797eff-c115-4ddf-9e6a-c525e01ce25e/file_downloaded,https://prod-dcd-datasets-public-files-eu-west-1.s3.eu-west-1.amazonaws.com/4b792851-5c27-45a9-bb67-3c71aa9fea9d
leaf spot,maize_leaf_spot,leaf spot1057_.jpg,https://data.mendeley.com/public-files/datasets/bwh3zbpkpv/files/4daaac9e-cf7d-4915-8c3b-f52d0549f431/file_downloaded,https://prod-dcd-datasets-public-files-eu-west-1.s3.eu-west-1.amazonaws.com/3dc912fb-3368-4229-870e-d69f0f652163
leaf spot,maize_leaf_spot,leaf spot1058_.jpg,https://data.mendeley.com/public-files/datasets/bwh3zbpkpv/files/5c4466b8-ac4f-42b7-ae53-be8c17679233/file_downloaded,https://prod-dcd-datasets-public-files-eu-west-1.s3.eu-west-1.amazonaws.com/5ad440d4-310e-4644-a3fd-cc8f35dcce55
leaf spot,maize_leaf_spot,leaf spot1059_.jpg,https://data.mendeley.com/public-files/datasets/bwh3zbpkpv/files/600d5150-c075-497a-a657-cad1b26d66d6/file_downloaded,https://prod-dcd-datasets-public-files-eu-west-1.s3.eu-west-1.amazonaws.com/d5ec03e2-f55f-46e4-b9d0-925e9ade103a
leaf spot,maize_leaf_spot,leaf spot105_.jpg,https://data.mendeley.com/public-files/datasets/bwh3zbpkpv/files/36cdc9c5-9a02-4049-bbe4-580bdbeba5ed/file_downloaded,https://prod-dcd-datasets-public-files-eu-west-1.s3.eu-west-1.amazonaws.com/2fdeaaa7-b765-417e-b7d5-b3e3bce2b00f
leaf spot,maize_leaf_spot,leaf spot1060_.jpg,https://data.mendeley.com/public-files/datasets/bwh3zbpkpv/files/f9e0d286-4cc2-433b-b813-a743d866721b/file_downloaded,https://prod-dcd-datasets-public-files-eu-west-1.s3.eu-west-1.amazonaws.com/0c936659-90fd-4afc-b1c9-86862a5e37b0
leaf spot,maize_leaf_spot,leaf spot1061_.jpg,https://data.mendeley.com/public-files/datasets/bwh3zbpkpv/files/b7f46d83-0482-464a-98ec-d6562ffeab68/file_downloaded,https://prod-dcd-datasets-public-files-eu-west-1.s3.eu-west-1.amazonaws.com/f1174ddc-8d4c-44e9-99e7-569a59317cc0
leaf spot,maize_leaf_spot,leaf spot1062_.jpg,https://data.mendeley.com/public-files/datasets/bwh3zbpkpv/files/143ad1c1-f049-4fff-b1f8-1f550b2e2dfb/file_downloaded,https://prod-dcd-datasets-public-files-eu-west-1.s3.eu-west-1.amazonaws.com/79a912c6-924c-4353-ad7e-b5b7dbc96c6f
leaf spot,maize_leaf_spot,leaf spot1063_.jpg,https://data.mendeley.com/public-files/datasets/bwh3zbpkpv/files/4a5a9b38-0c40-44b6-b8a3-b5e86ce3fe03/file_downloaded,https://prod-dcd-datasets-public-files-eu-west-1.s3.eu-west-1.amazonaws.com/a7f212b8-2003-4fb1-9975-d88613c8d48e
leaf spot,maize_leaf_spot,leaf spot1064_.jpg,https://data.mendeley.com/public-files/datasets/bwh3zbpkpv/files/6fdd9d60-eb71-4ebb-8dfd-0600351cdf6a/file_downloaded,https://prod-dcd-datasets-public-files-eu-west-1.s3.eu-west-1.amazonaws.com/228754f7-65cb-4b09-b18c-8005579187c9
leaf spot,maize_leaf_spot,leaf spot1065_.jpg,https://data.mendeley.com/public-files/datasets/bwh3zbpkpv/files/c09e87e7-b31f-45d0-9352-d7ed83be0b6a/file_downloaded,https://prod-dcd-datasets-public-files-eu-west-1.s3.eu-west-1.amazonaws.com/625f783a-6498-4486-8a17-abc789b2e749
leaf spot,maize_leaf_spot,leaf spot1066_.jpg,https://data.mendeley.com/public-files/datasets/bwh3zbpkpv/files/3958ecf7-54d1-4931-a545-6b5e7e5697cd/file_downloaded,https://prod-dcd-datasets-public-files-eu-west-1.s3.eu-west-1.amazonaws.com/9391b27e-0620-42ef-b38f-30e122d07ecd
leaf spot,maize_leaf_spot,leaf spot1067_.jpg,https://data.mendeley.com/public-files/datasets/bwh3zbpkpv/files/05be9ce0-6564-4b53-a300-fbc310f92037/file_downloaded,https://prod-dcd-datasets-public-files-eu-west-1.s3.eu-west-1.amazonaws.com/cd4ba454-c9c1-42b1-b4fd-48106e5e593c
leaf spot,maize_leaf_spot,leaf spot1068_.jpg,https://data.mendeley.com/public-files/datasets/bwh3zbpkpv/files/4ffdb1e8-fc80-451f-b6ac-c434e5738fa1/file_downloaded,https://prod-dcd-datasets-public-files-eu-west-1.s3.eu-west-1.amazonaws.com/1b845f58-add4-4df5-90b1-2faca4d2907e
leaf spot,maize_leaf_spot,leaf spot1069_.jpg,https://data.mendeley.com/public-files/datasets/bwh3zbpkpv/files/3f906568-0dff-4448-8c7a-2dbcab5ae305/file_downloaded,https://prod-dcd-datasets-public-files-eu-west-1.s3.eu-west-1.amazonaws.com/95bd2cab-0c00-4d96-86e4-fadb2435a748
leaf spot,maize_leaf_spot,leaf spot106_.jpg,https://data.mendeley.com/public-files/datasets/bwh3zbpkpv/files/30329fe5-860e-4096-8816-27dd266d84fa/file_downloaded,https://prod-dcd-datasets-public-files-eu-west-1.s3.eu-west-1.amazonaws.com/ed301199-3078-4cc9-b16d-1c02d3130aa1
leaf spot,maize_leaf_spot,leaf spot1070_.jpg,https://data.mendeley.com/public-files/datasets/bwh3zbpkpv/files/1b1ebc58-37d5-4557-acb6-de1aafde31b9/file_downloaded,https://prod-dcd-datasets-public-files-eu-west-1.s3.eu-west-1.amazonaws.com/0bf951ca-8d0a-4bba-89ed-eec7da1c1aaa
leaf spot,maize_leaf_spot,leaf spot1071_.jpg,https://data.mendeley.com/public-files/datasets/bwh3zbpkpv/files/021da57f-8fce-4d52-8d7f-b5b8939f45ed/file_downloaded,https://prod-dcd-datasets-public-files-eu-west-1.s3.eu-west-1.amazonaws.com/372ffe0d-02a4-4e7e-acac-7d14e094549b
leaf spot,maize_leaf_spot,leaf spot1072_.jpg,https://data.mendeley.com/public-files/datasets/bwh3zbpkpv/files/4592d038-80c2-45bf-b517-f2bcb5a369ef/file_downloaded,https://prod-dcd-datasets-public-files-eu-west-1.s3.eu-west-1.amazonaws.com/95755ffa-6b06-4876-a235-15396af7d17e
leaf spot,maize_leaf_spot,leaf spot1073_.jpg,https://data.mendeley.com/public-files/datasets/bwh3zbpkpv/files/fea07e6f-dbc7-4ffa-b8ad-76b8197ed780/file_downloaded,https://prod-dcd-datasets-public-files-eu-west-1.s3.eu-west-1.amazonaws.com/3a2a3667-f6f0-458c-b1b8-ffeeb2e4cfb7
leaf spot,maize_leaf_spot,leaf spot1074_.jpg,https://data.mendeley.com/public-files/datasets/bwh3zbpkpv/files/fd6bbc39-e0fc-418b-a2bd-4f312287eb7e/file_downloaded,https://prod-dcd-datasets-public-files-eu-west-1.s3.eu-west-1.amazonaws.com/910beec7-db8f-4ba0-a4d7-c0700badbbdb
leaf spot,maize_leaf_spot,leaf spot1075_.jpg,https://data.mendeley.com/public-files/datasets/bwh3zbpkpv/files/48392d0c-6fa4-45f8-95fa-7acf12154a2c/file_downloaded,https://prod-dcd-datasets-public-files-eu-west-1.s3.eu-west-1.amazonaws.com/b356e0d6-75d4-49af-b9bd-e0f17f1d5df4
leaf spot,maize_leaf_spot,leaf spot1076_.jpg,https://data.mendeley.com/public-files/datasets/bwh3zbpkpv/files/622b7bdf-6415-4c2b-9a44-d1f1407bfd05/file_downloaded,https://prod-dcd-datasets-public-files-eu-west-1.s3.eu-west-1.amazonaws.com/b504a4f5-398b-4fdc-b440-3c12719ef704
leaf spot,maize_leaf_spot,leaf spot1077_.jpg,https://data.mendeley.com/public-files/datasets/bwh3zbpkpv/files/317f7302-7d84-44f2-9eb2-94d6813a8b5b/file_downloaded,https://prod-dcd-datasets-public-files-eu-west-1.s3.eu-west-1.amazonaws.com/5f71fcad-d02f-44a8-9aaa-e3531b61090e
leaf spot,maize_leaf_spot,leaf spot1078_.jpg,https://data.mendeley.com/public-files/datasets/bwh3zbpkpv/files/70991d3d-00aa-468a-a626-5d65540d047c/file_downloaded,https://prod-dcd-datasets-public-files-eu-west-1.s3.eu-west-1.amazonaws.com/3bce9fdd-f06c-4e68-9b06-5b39b973b0ac
leaf spot,maize_leaf_spot,leaf spot1079_.jpg,https://data.mendeley.com/public-files/datasets/bwh3zbpkpv/files/6bab0df3-b705-45f1-b715-a74e59ddd70e/file_downloaded,https://prod-dcd-datasets-public-files-eu-west-1.s3.eu-west-1.amazonaws.com/6000e293-c10f-413e-98ec-cf9f9cff5f8a
leaf spot,maize_leaf_spot,leaf spot107_.jpg,https://data.mendeley.com/public-files/datasets/bwh3zbpkpv/files/c689ae9c-7f4e-47ca-b46a-978ed3282c94/file_downloaded,https://prod-dcd-datasets-public-files-eu-west-1.s3.eu-west-1.amazonaws.com/ceeeb3d9-5c55-42f8-8327-c396a4c4b0ad
leaf spot,maize_leaf_spot,leaf spot1080_.jpg,https://data.mendeley.com/public-files/datasets/bwh3zbpkpv/files/b0874c7b-1b87-4471-b380-5d71a7c34637/file_downloaded,https://prod-dcd-datasets-public-files-eu-west-1.s3.eu-west-1.amazonaws.com/d189db45-9dc2-45c7-a80c-4aa4d4419b11
leaf spot,maize_leaf_spot,leaf spot1081_.jpg,https://data.mendeley.com/public-files/datasets/bwh3zbpkpv/files/3df00348-1dd8-4cfe-bbea-1239966c161f/file_downloaded,https://prod-dcd-datasets-public-files-eu-west-1.s3.eu-west-1.amazonaws.com/ebff8c8a-7fea-4f9b-b376-1b4af688fb69
leaf spot,maize_leaf_spot,leaf spot1082_.jpg,https://data.mendeley.com/public-files/datasets/bwh3zbpkpv/files/3cfe9c26-5538-4d02-b462-75c54a936c61/file_downloaded,https://prod-dcd-datasets-public-files-eu-west-1.s3.eu-west-1.amazonaws.com/426f31b6-bf45-48b0-99ea-0a9c84134b23
leaf spot,maize_leaf_spot,leaf spot1083_.jpg,https://data.mendeley.com/public-files/datasets/bwh3zbpkpv/files/e48c33c6-fea4-4da0-84c6-ab7d24dbd411/file_downloaded,https://prod-dcd-datasets-public-files-eu-west-1.s3.eu-west-1.amazonaws.com/972b2e51-e666-4468-bb91-d4576fb968a3
leaf spot,maize_leaf_spot,leaf spot1084_.jpg,https://data.mendeley.com/public-files/datasets/bwh3zbpkpv/files/59e72ea0-d147-42bc-a1ea-edb7a7d6b31f/file_downloaded,https://prod-dcd-datasets-public-files-eu-west-1.s3.eu-west-1.amazonaws.com/7a868d98-1e45-47ad-a7df-04e099145516
leaf spot,maize_leaf_spot,leaf spot1085_.jpg,https://data.mendeley.com/public-files/datasets/bwh3zbpkpv/files/e1e7ad14-b256-4998-ae91-56db41eab0b4/file_downloaded,https://prod-dcd-datasets-public-files-eu-west-1.s3.eu-west-1.amazonaws.com/b67b587f-c81a-44ad-b1bb-a3dc0eb6bd6f
leaf spot,maize_leaf_spot,leaf spot1086_.jpg,https://data.mendeley.com/public-files/datasets/bwh3zbpkpv/files/fc4d3331-4336-4a69-bc5e-2635e15125b5/file_downloaded,https://prod-dcd-datasets-public-files-eu-west-1.s3.eu-west-1.amazonaws.com/a309fa40-43b7-49c2-8530-5b6c7d4d1c3a
leaf spot,maize_leaf_spot,leaf spot1087_.jpg,https://data.mendeley.com/public-files/datasets/bwh3zbpkpv/files/ce98ea74-f69e-45fc-81f7-e83145828132/file_downloaded,https://prod-dcd-datasets-public-files-eu-west-1.s3.eu-west-1.amazonaws.com/8135c304-93c1-4d4f-8eaf-aaa0e2a428f7
leaf spot,maize_leaf_spot,leaf spot1088_.jpg,https://data.mendeley.com/public-files/datasets/bwh3zbpkpv/files/fad5af8f-650c-403e-97af-681b18f78057/file_downloaded,https://prod-dcd-datasets-public-files-eu-west-1.s3.eu-west-1.amazonaws.com/72ef0f69-ac66-4090-940a-2e3c11f424b1
leaf spot,maize_leaf_spot,leaf spot1089_.jpg,https://data.mendeley.com/public-files/datasets/bwh3zbpkpv/files/65acb94d-95a0-43de-bf3f-e0ee2215b798/file_downloaded,https://prod-dcd-datasets-public-files-eu-west-1.s3.eu-west-1.amazonaws.com/d4575cc9-9c99-4ea1-888f-52378f1d365d
leaf spot,maize_leaf_spot,leaf spot108_.jpg,https://data.mendeley.com/public-files/datasets/bwh3zbpkpv/files/d3e30e27-b51f-4dff-b424-fc0f585ddd0c/file_downloaded,https://prod-dcd-datasets-public-files-eu-west-1.s3.eu-west-1.amazonaws.com/1c8f9016-23bd-4e12-9531-b69c80994cca
leaf spot,maize_leaf_spot,leaf spot1090_.jpg,https://data.mendeley.com/public-files/datasets/bwh3zbpkpv/files/7c71efc6-0878-436f-8d22-5100ea901e5d/file_downloaded,https://prod-dcd-datasets-public-files-eu-west-1.s3.eu-west-1.amazonaws.com/d1605ce9-48b3-4098-8139-23a3541c2789
leaf spot,maize_leaf_spot,leaf spot1091_.jpg,https://data.mendeley.com/public-files/datasets/bwh3zbpkpv/files/c98e3fa8-6acd-4048-8f09-c4b9d960e602/file_downloaded,https://prod-dcd-datasets-public-files-eu-west-1.s3.eu-west-1.amazonaws.com/6c74eced-4628-4055-af36-dd2d483aceca
leaf spot,maize_leaf_spot,leaf spot1092_.jpg,https://data.mendeley.com/public-files/datasets/bwh3zbpkpv/files/e84d139f-e56f-41c7-bf93-bfbb052722ba/file_downloaded,https://prod-dcd-datasets-public-files-eu-west-1.s3.eu-west-1.amazonaws.com/385c945a-4828-4051-a3c2-83c3f4ab90a6
leaf spot,maize_leaf_spot,leaf spot1093_.jpg,https://data.mendeley.com/public-files/datasets/bwh3zbpkpv/files/b7d98f0e-06df-4193-bfb3-f2eacbd6e710/file_downloaded,https://prod-dcd-datasets-public-files-eu-west-1.s3.eu-west-1.amazonaws.com/b91f180c-e322-49d2-ab49-7215cbdc009f
leaf spot,maize_leaf_spot,leaf spot1094_.jpg,https://data.mendeley.com/public-files/datasets/bwh3zbpkpv/files/d916c753-8c9a-4566-9fac-d27a6f2bb317/file_downloaded,https://prod-dcd-datasets-public-files-eu-west-1.s3.eu-west-1.amazonaws.com/99ec95ed-69bb-46e3-95e1-a8c730030ef7
leaf spot,maize_leaf_spot,leaf spot1095_.jpg,https://data.mendeley.com/public-files/datasets/bwh3zbpkpv/files/834942c9-8e87-47d8-a38c-070c3d33093e/file_downloaded,https://prod-dcd-datasets-public-files-eu-west-1.s3.eu-west-1.amazonaws.com/4991d9c0-3e4f-4589-92c2-72bd4bccc5d3
leaf spot,maize_leaf_spot,leaf spot1096_.jpg,https://data.mendeley.com/public-files/datasets/bwh3zbpkpv/files/4773c7ff-8005-4e07-a739-153b224e873e/file_downloaded,https://prod-dcd-datasets-public-files-eu-west-1.s3.eu-west-1.amazonaws.com/cf11c53b-ff12-4631-889f-d1b4f41f496c
leaf spot,maize_leaf_spot,leaf spot1097_.jpg,https://data.mendeley.com/public-files/datasets/bwh3zbpkpv/files/fff70a25-8491-49f6-a96f-b2cb2e61a595/file_downloaded,https://prod-dcd-datasets-public-files-eu-west-1.s3.eu-west-1.amazonaws.com/2b779fe1-6bbf-4695-9584-59dff2819791
leaf spot,maize_leaf_spot,leaf spot1098_.jpg,https://data.mendeley.com/public-files/datasets/bwh3zbpkpv/files/55deea05-da39-44fe-abbc-80335856f465/file_downloaded,https://prod-dcd-datasets-public-files-eu-west-1.s3.eu-west-1.amazonaws.com/7a82c09a-1a7e-4fa4-ad5d-9e834f74fafd
leaf spot,maize_leaf_spot,leaf spot1099_.jpg,https://data.mendeley.com/public-files/datasets/bwh3zbpkpv/files/846873a8-22de-4db4-9ccb-07ab4c5c7347/file_downloaded,https://prod-dcd-datasets-public-files-eu-west-1.s3.eu-west-1.amazonaws.com/07ced1b8-3fd1-4065-a95a-e8cb4fee1eb9
leaf spot,maize_leaf_spot,leaf spot109_.jpg,https://data.mendeley.com/public-files/datasets/bwh3zbpkpv/files/00152135-1367-4197-bd0c-c68c7ee7ff5e/file_downloaded,https://prod-dcd-datasets-public-files-eu-west-1.s3.eu-west-1.amazonaws.com/4664aa4d-f18b-4cb6-8963-e4eceaca491b
leaf spot,maize_leaf_spot,leaf spot10_.jpg,https://data.mendeley.com/public-files/datasets/bwh3zbpkpv/files/ad08e4b2-9253-41f4-bfff-ca276a579e69/file_downloaded,https://prod-dcd-datasets-public-files-eu-west-1.s3.eu-west-1.amazonaws.com/4b352995-39f5-4e89-adab-09ae7776a384
leaf spot,maize_leaf_spot,leaf spot1100_.jpg,https://data.mendeley.com/public-files/datasets/bwh3zbpkpv/files/5892d963-7afa-4590-98e7-7c27039b3267/file_downloaded,https://prod-dcd-datasets-public-files-eu-west-1.s3.eu-west-1.amazonaws.com/a93dddb6-b88c-4779-827e-a0a931c425a4
leaf spot,maize_leaf_spot,leaf spot1101_.jpg,https://data.mendeley.com/public-files/datasets/bwh3zbpkpv/files/3e50f8fc-c888-47d7-9296-4a8a1923654d/file_downloaded,https://prod-dcd-datasets-public-files-eu-west-1.s3.eu-west-1.amazonaws.com/dcd3b830-755c-4c4c-a0dc-666855231bf6
leaf spot,maize_leaf_spot,leaf spot1102_.jpg,https://data.mendeley.com/public-files/datasets/bwh3zbpkpv/files/66d3bcef-55b7-422e-9e48-911f017b1eeb/file_downloaded,https://prod-dcd-datasets-public-files-eu-west-1.s3.eu-west-1.amazonaws.com/0b155760-ea33-4cb4-8c5f-378b6a9e846a
leaf spot,maize_leaf_spot,leaf spot1103_.jpg,https://data.mendeley.com/public-files/datasets/bwh3zbpkpv/files/4e3cfd20-8aa3-4e60-b2b3-b488e1f500d1/file_downloaded,https://prod-dcd-datasets-public-files-eu-west-1.s3.eu-west-1.amazonaws.com/ba45c613-5e5a-462b-8f0f-1504330c0427
leaf spot,maize_leaf_spot,leaf spot1104_.jpg,https://data.mendeley.com/public-files/datasets/bwh3zbpkpv/files/9e75945d-c3b2-4603-ab78-4df2b0cece54/file_downloaded,https://prod-dcd-datasets-public-files-eu-west-1.s3.eu-west-1.amazonaws.com/fafa801a-6be4-4103-8792-70fd3733bc1f
leaf spot,maize_leaf_spot,leaf spot1105_.jpg,https://data.mendeley.com/public-files/datasets/bwh3zbpkpv/files/a112cb9e-bc38-488c-afef-e75a544a79c6/file_downloaded,https://prod-dcd-datasets-public-files-eu-west-1.s3.eu-west-1.amazonaws.com/5b5acfcd-1ff1-4a06-a981-586b90a2efe5
leaf spot,maize_leaf_spot,leaf spot1106_.jpg,https://data.mendeley.com/public-files/datasets/bwh3zbpkpv/files/0a08aa8a-ceff-4f57-b986-511d093ff70c/file_downloaded,https://prod-dcd-datasets-public-files-eu-west-1.s3.eu-west-1.amazonaws.com/fdd990cb-0982-4c10-84a3-f6415d708dab
leaf spot,maize_leaf_spot,leaf spot1107_.jpg,https://data.mendeley.com/public-files/datasets/bwh3zbpkpv/files/0e58807e-78d2-40ea-aa42-c7f71631a442/file_downloaded,https://prod-dcd-datasets-public-files-eu-west-1.s3.eu-west-1.amazonaws.com/e67102e6-cb47-48d6-8588-c745788fb2c2
leaf spot,maize_leaf_spot,leaf spot1108_.jpg,https://data.mendeley.com/public-files/datasets/bwh3zbpkpv/files/341100bb-a5f0-4764-bca3-22c615ab2f2a/file_downloaded,https://prod-dcd-datasets-public-files-eu-west-1.s3.eu-west-1.amazonaws.com/a90ef89c-254e-4953-b02f-96121724e5a5
leaf spot,maize_leaf_spot,leaf spot1109_.jpg,https://data.mendeley.com/public-files/datasets/bwh3zbpkpv/files/a3c2a4ff-2650-49ac-8d5f-8d0f186a2cd4/file_downloaded,https://prod-dcd-datasets-public-files-eu-west-1.s3.eu-west-1.amazonaws.com/3b401551-283c-4cb1-8659-debbc5ab5db8
leaf spot,maize_leaf_spot,leaf spot110_.jpg,https://data.mendeley.com/public-files/datasets/bwh3zbpkpv/files/bf420283-5ad7-4e91-b3ae-6fdc898538bb/file_downloaded,https://prod-dcd-datasets-public-files-eu-west-1.s3.eu-west-1.amazonaws.com/413dda56-96e8-4641-ab3f-9077ddc3e7b0
leaf spot,maize_leaf_spot,leaf spot1110_.jpg,https://data.mendeley.com/public-files/datasets/bwh3zbpkpv/files/db8e335d-a10e-47ba-ad8b-13d7f9059339/file_downloaded,https://prod-dcd-datasets-public-files-eu-west-1.s3.eu-west-1.amazonaws.com/656afa61-7214-4936-916e-d090205c38f3
leaf spot,maize_leaf_spot,leaf spot1111_.jpg,https://data.mendeley.com/public-files/datasets/bwh3zbpkpv/files/5fe189d2-ed82-4fdb-98f2-d3eb47fe4e32/file_downloaded,https://prod-dcd-datasets-public-files-eu-west-1.s3.eu-west-1.amazonaws.com/fe03fe45-9709-4ddb-8ec7-ab1f50f10a81
leaf spot,maize_leaf_spot,leaf spot1112_.jpg,https://data.mendeley.com/public-files/datasets/bwh3zbpkpv/files/8002a850-507e-4ba0-a9b5-fbbee917ad66/file_downloaded,https://prod-dcd-datasets-public-files-eu-west-1.s3.eu-west-1.amazonaws.com/2b3daa32-0ee7-47bc-a9eb-51a8590e62f9
leaf spot,maize_leaf_spot,leaf spot1113_.jpg,https://data.mendeley.com/public-files/datasets/bwh3zbpkpv/files/8d46531c-7adc-418e-ae8c-6ca8b0ae633f/file_downloaded,https://prod-dcd-datasets-public-files-eu-west-1.s3.eu-west-1.amazonaws.com/b2e6eefb-f038-4164-ac82-2ff4193f0026
leaf spot,maize_leaf_spot,leaf spot1114_.jpg,https://data.mendeley.com/public-files/datasets/bwh3zbpkpv/files/d05c31a5-5920-47b9-a163-17b2fbce577e/file_downloaded,https://prod-dcd-datasets-public-files-eu-west-1.s3.eu-west-1.amazonaws.com/44315368-3dda-449c-9170-809574d81ca4
leaf spot,maize_leaf_spot,leaf spot1115_.jpg,https://data.mendeley.com/public-files/datasets/bwh3zbpkpv/files/c1635387-a21d-45dd-a02c-c272c4f35aad/file_downloaded,https://prod-dcd-datasets-public-files-eu-west-1.s3.eu-west-1.amazonaws.com/6957387d-d7b4-4c46-8641-d83582a7aade
leaf spot,maize_leaf_spot,leaf spot1116_.jpg,https://data.mendeley.com/public-files/datasets/bwh3zbpkpv/files/1f4b22b6-bdda-42d2-9523-ea8a06ee156c/file_downloaded,https://prod-dcd-datasets-public-files-eu-west-1.s3.eu-west-1.amazonaws.com/f4f3af9b-7aeb-48d7-96e7-f993ad6751eb
leaf spot,maize_leaf_spot,leaf spot1117_.jpg,https://data.mendeley.com/public-files/datasets/bwh3zbpkpv/files/daa2e2b0-e715-40f5-8b07-c69e78ce3d21/file_downloaded,https://prod-dcd-datasets-public-files-eu-west-1.s3.eu-west-1.amazonaws.com/d5a78be2-58f9-4f7f-b7f5-6f9497cc04fd
leaf spot,maize_leaf_spot,leaf spot1118_.jpg,https://data.mendeley.com/public-files/datasets/bwh3zbpkpv/files/de3d1cc9-2de9-4ab0-93c4-2c3fcba6db36/file_downloaded,https://prod-dcd-datasets-public-files-eu-west-1.s3.eu-west-1.amazonaws.com/3f93ba73-a972-4578-bbe6-b1bccd0b1f00
leaf spot,maize_leaf_spot,leaf spot1119_.jpg,https://data.mendeley.com/public-files/datasets/bwh3zbpkpv/files/f78c5e68-d1fc-44e6-bc47-e6ce264c46f1/file_downloaded,https://prod-dcd-datasets-public-files-eu-west-1.s3.eu-west-1.amazonaws.com/9df83a88-b7d6-4081-802f-658da8c78e63
leaf spot,maize_leaf_spot,leaf spot111_.jpg,https://data.mendeley.com/public-files/datasets/bwh3zbpkpv/files/1a2e2605-7b3c-49c0-b4c5-1eeca07ad8a9/file_downloaded,https://prod-dcd-datasets-public-files-eu-west-1.s3.eu-west-1.amazonaws.com/93428843-3288-4e8d-be53-cdb0418e9dbd
leaf spot,maize_leaf_spot,leaf spot1120_.jpg,https://data.mendeley.com/public-files/datasets/bwh3zbpkpv/files/59fbdb44-5491-4f6d-9e72-3594ea0ed402/file_downloaded,https://prod-dcd-datasets-public-files-eu-west-1.s3.eu-west-1.amazonaws.com/4d977abb-1ae1-4466-aa50-23927a238aa2
leaf spot,maize_leaf_spot,leaf spot1121_.jpg,https://data.mendeley.com/public-files/datasets/bwh3zbpkpv/files/241d1055-5975-4d1e-bfd0-c69d274b8dc6/file_downloaded,https://prod-dcd-datasets-public-files-eu-west-1.s3.eu-west-1.amazonaws.com/b96a1233-5a97-4ff7-bf48-3c0a9e5b2a48
leaf spot,maize_leaf_spot,leaf spot1122_.jpg,https://data.mendeley.com/public-files/datasets/bwh3zbpkpv/files/c00f6789-5432-4d0c-9301-83841bd1dd22/file_downloaded,https://prod-dcd-datasets-public-files-eu-west-1.s3.eu-west-1.amazonaws.com/f279a8d6-ed7e-43af-b05e-0db80783e91f
leaf spot,maize_leaf_spot,leaf spot1123_.jpg,https://data.mendeley.com/public-files/datasets/bwh3zbpkpv/files/290661be-a848-442e-bc72-6b8acb7c4dce/file_downloaded,https://prod-dcd-datasets-public-files-eu-west-1.s3.eu-west-1.amazonaws.com/9f0aa7a5-643b-4a91-aa77-969241585933
leaf spot,maize_leaf_spot,leaf spot1124_.jpg,https://data.mendeley.com/public-files/datasets/bwh3zbpkpv/files/76d82276-aca6-493f-b598-2049b73c5047/file_downloaded,https://prod-dcd-datasets-public-files-eu-west-1.s3.eu-west-1.amazonaws.com/1a41cea1-fc55-4a46-a50d-82a846b0356a
leaf spot,maize_leaf_spot,leaf spot1125_.jpg,https://data.mendeley.com/public-files/datasets/bwh3zbpkpv/files/efc7aa27-9f69-456c-a998-7ec21dcf3d7f/file_downloaded,https://prod-dcd-datasets-public-files-eu-west-1.s3.eu-west-1.amazonaws.com/0b586b89-e423-47a0-8bc0-0be981a3841d
leaf spot,maize_leaf_spot,leaf spot1126_.jpg,https://data.mendeley.com/public-files/datasets/bwh3zbpkpv/files/6db74fca-d74b-42a5-83be-0d667b20a338/file_downloaded,https://prod-dcd-datasets-public-files-eu-west-1.s3.eu-west-1.amazonaws.com/33dd90ee-5eb8-4c4b-940c-148a9f0172a2
leaf spot,maize_leaf_spot,leaf spot1127_.jpg,https://data.mendeley.com/public-files/datasets/bwh3zbpkpv/files/d37f3cd8-d761-422b-a35f-3240b6757d8e/file_downloaded,https://prod-dcd-datasets-public-files-eu-west-1.s3.eu-west-1.amazonaws.com/6469a628-2790-4276-b47d-49328cad717c
leaf spot,maize_leaf_spot,leaf spot1128_.jpg,https://data.mendeley.com/public-files/datasets/bwh3zbpkpv/files/74f96016-e907-4b4d-ae62-d5226a892464/file_downloaded,https://prod-dcd-datasets-public-files-eu-west-1.s3.eu-west-1.amazonaws.com/f6fafa3c-60ea-4027-a48b-b43a4d3cc31c
leaf spot,maize_leaf_spot,leaf spot1129_.jpg,https://data.mendeley.com/public-files/datasets/bwh3zbpkpv/files/15c05375-5fc9-4747-a52c-cd7afe56e5de/file_downloaded,https://prod-dcd-datasets-public-files-eu-west-1.s3.eu-west-1.amazonaws.com/d8e6cad5-ee77-4fe6-95d3-5aa3bfd865fe
leaf spot,maize_leaf_spot,leaf spot112_.jpg,https://data.mendeley.com/public-files/datasets/bwh3zbpkpv/files/73a61d68-6fe3-4035-ba73-08e9a011f7ec/file_downloaded,https://prod-dcd-datasets-public-files-eu-west-1.s3.eu-west-1.amazonaws.com/2d53e2e4-536f-4da2-a057-1aec95aacd28
leaf spot,maize_leaf_spot,leaf spot1130_.jpg,https://data.mendeley.com/public-files/datasets/bwh3zbpkpv/files/4d9b940a-39bd-495e-8b85-b64ae7d97313/file_downloaded,https://prod-dcd-datasets-public-files-eu-west-1.s3.eu-west-1.amazonaws.com/6719fa68-ac57-46ae-ae41-810bacbd61c6
leaf spot,maize_leaf_spot,leaf spot1131_.jpg,https://data.mendeley.com/public-files/datasets/bwh3zbpkpv/files/d8192140-9420-477c-b37a-f1b489ea49d7/file_downloaded,https://prod-dcd-datasets-public-files-eu-west-1.s3.eu-west-1.amazonaws.com/1ae9fd65-8bff-4a84-86e8-e99476e19ff3
leaf spot,maize_leaf_spot,leaf spot1132_.jpg,https://data.mendeley.com/public-files/datasets/bwh3zbpkpv/files/6a8d6cd1-ea69-4253-a69c-70e52243bb6c/file_downloaded,https://prod-dcd-datasets-public-files-eu-west-1.s3.eu-west-1.amazonaws.com/92c300d9-71fb-401f-bd50-f6fc4304ce71
leaf spot,maize_leaf_spot,leaf spot1133_.jpg,https://data.mendeley.com/public-files/datasets/bwh3zbpkpv/files/d022b373-2f81-421b-9f16-c3363a28c3f7/file_downloaded,https://prod-dcd-datasets-public-files-eu-west-1.s3.eu-west-1.amazonaws.com/acbd3c04-f77d-4cc9-9d92-eb6699d37202
leaf spot,maize_leaf_spot,leaf spot1134_.jpg,https://data.mendeley.com/public-files/datasets/bwh3zbpkpv/files/869070dc-1c62-4845-bb06-16556431a9f7/file_downloaded,https://prod-dcd-datasets-public-files-eu-west-1.s3.eu-west-1.amazonaws.com/4b938685-4caa-4450-8784-fda6cb58e4d8
leaf spot,maize_leaf_spot,leaf spot1135_.jpg,https://data.mendeley.com/public-files/datasets/bwh3zbpkpv/files/e61305a5-8e83-4d56-a78f-c5ab5eace995/file_downloaded,https://prod-dcd-datasets-public-files-eu-west-1.s3.eu-west-1.amazonaws.com/d84c96ce-879e-444b-a636-29a687f99323
leaf spot,maize_leaf_spot,leaf spot1136_.jpg,https://data.mendeley.com/public-files/datasets/bwh3zbpkpv/files/5e4100cf-567a-430f-9e65-cdcc0b82dd2d/file_downloaded,https://prod-dcd-datasets-public-files-eu-west-1.s3.eu-west-1.amazonaws.com/dc7f5bab-0e23-439d-822a-4c96292d45b8
leaf spot,maize_leaf_spot,leaf spot1137_.jpg,https://data.mendeley.com/public-files/datasets/bwh3zbpkpv/files/1f40e974-b8bd-4ed5-b644-448f72aaf05b/file_downloaded,https://prod-dcd-datasets-public-files-eu-west-1.s3.eu-west-1.amazonaws.com/cacc7a91-9fa3-4645-a59c-9ca7ddc990cf
leaf spot,maize_leaf_spot,leaf spot1138_.jpg,https://data.mendeley.com/public-files/datasets/bwh3zbpkpv/files/ae47d6af-6799-494d-8910-4af45c1c1f85/file_downloaded,https://prod-dcd-datasets-public-files-eu-west-1.s3.eu-west-1.amazonaws.com/625caa1f-7fae-4fef-a19a-08d40a5162b4
leaf spot,maize_leaf_spot,leaf spot1139_.jpg,https://data.mendeley.com/public-files/datasets/bwh3zbpkpv/files/4624b70a-6ed2-4ad0-afb3-7dddb74814b2/file_downloaded,https://prod-dcd-datasets-public-files-eu-west-1.s3.eu-west-1.amazonaws.com/28f89307-0387-4560-ae0f-600624861ed9
leaf spot,maize_leaf_spot,leaf spot113_.jpg,https://data.mendeley.com/public-files/datasets/bwh3zbpkpv/files/8f17d357-382d-4ad8-b244-de3c89a643d7/file_downloaded,https://prod-dcd-datasets-public-files-eu-west-1.s3.eu-west-1.amazonaws.com/be6e5557-6197-437e-b98c-c7a63125dd1e
leaf spot,maize_leaf_spot,leaf spot1140_.jpg,https://data.mendeley.com/public-files/datasets/bwh3zbpkpv/files/0faa430d-8009-4d54-a775-aafa92709260/file_downloaded,https://prod-dcd-datasets-public-files-eu-west-1.s3.eu-west-1.amazonaws.com/66fdd3bd-2ec3-40d1-834a-9775affcd691
leaf spot,maize_leaf_spot,leaf spot1141_.jpg,https://data.mendeley.com/public-files/datasets/bwh3zbpkpv/files/c5adf6ef-d030-4135-ad5a-f64a75e7042a/file_downloaded,https://prod-dcd-datasets-public-files-eu-west-1.s3.eu-west-1.amazonaws.com/ad73e7fa-e91b-4718-8cb7-1d6994c8369a
leaf spot,maize_leaf_spot,leaf spot1142_.jpg,https://data.mendeley.com/public-files/datasets/bwh3zbpkpv/files/ae5bf2a4-35db-49ef-89f7-f62db8ed2cb6/file_downloaded,https://prod-dcd-datasets-public-files-eu-west-1.s3.eu-west-1.amazonaws.com/fedc2406-0bad-41ea-9035-952084889429
leaf spot,maize_leaf_spot,leaf spot1143_.jpg,https://data.mendeley.com/public-files/datasets/bwh3zbpkpv/files/dc24be63-8669-4f21-bdeb-b2d96bf4f312/file_downloaded,https://prod-dcd-datasets-public-files-eu-west-1.s3.eu-west-1.amazonaws.com/fdd38cdc-3f1c-49dd-bc3b-b0dca886e0e9
leaf spot,maize_leaf_spot,leaf spot1144_.jpg,https://data.mendeley.com/public-files/datasets/bwh3zbpkpv/files/2e8c46c6-ccb1-4f8e-82ed-69589161f817/file_downloaded,https://prod-dcd-datasets-public-files-eu-west-1.s3.eu-west-1.amazonaws.com/9f64a1fc-051b-44ed-9026-0b399d1c7099
leaf spot,maize_leaf_spot,leaf spot1145_.jpg,https://data.mendeley.com/public-files/datasets/bwh3zbpkpv/files/19f5e5f0-fade-4e09-9e3e-7867fa5ee7b9/file_downloaded,https://prod-dcd-datasets-public-files-eu-west-1.s3.eu-west-1.amazonaws.com/edc09095-c93a-4959-920f-c98f05447b29
leaf spot,maize_leaf_spot,leaf spot1146_.jpg,https://data.mendeley.com/public-files/datasets/bwh3zbpkpv/files/99e82ed7-4a7c-4066-911d-6420306bd56c/file_downloaded,https://prod-dcd-datasets-public-files-eu-west-1.s3.eu-west-1.amazonaws.com/76cbe6a5-e667-446c-8794-fea079fd867b
leaf spot,maize_leaf_spot,leaf spot1147_.jpg,https://data.mendeley.com/public-files/datasets/bwh3zbpkpv/files/9aeec675-6ccb-4730-b860-ed837795e97a/file_downloaded,https://prod-dcd-datasets-public-files-eu-west-1.s3.eu-west-1.amazonaws.com/a56d16db-4f0e-4b68-9733-b2649900afa9
leaf spot,maize_leaf_spot,leaf spot1148_.jpg,https://data.mendeley.com/public-files/datasets/bwh3zbpkpv/files/f613e3e2-0fd9-414c-bf07-4cf3562462ff/file_downloaded,https://prod-dcd-datasets-public-files-eu-west-1.s3.eu-west-1.amazonaws.com/7562f802-c2b9-47df-a627-765a8c3344fe
leaf spot,maize_leaf_spot,leaf spot1149_.jpg,https://data.mendeley.com/public-files/datasets/bwh3zbpkpv/files/e08f6141-3492-4ea1-aa7c-f8d6ad7ab3c4/file_downloaded,https://prod-dcd-datasets-public-files-eu-west-1.s3.eu-west-1.amazonaws.com/0add3135-4cc7-4bb0-8ef3-abdb0b7ea620
leaf spot,maize_leaf_spot,leaf spot114_.jpg,https://data.mendeley.com/public-files/datasets/bwh3zbpkpv/files/99ca5c68-0756-4d4d-9d0d-5b04a6caf0a1/file_downloaded,https://prod-dcd-datasets-public-files-eu-west-1.s3.eu-west-1.amazonaws.com/69c56c26-53f0-4ab8-844b-629c44982bf7
leaf spot,maize_leaf_spot,leaf spot1150_.jpg,https://data.mendeley.com/public-files/datasets/bwh3zbpkpv/files/45c4af8b-557c-4e33-8a6c-b10e332c2e0b/file_downloaded,https://prod-dcd-datasets-public-files-eu-west-1.s3.eu-west-1.amazonaws.com/6eee0756-090a-49ac-831b-2968f66db667
leaf spot,maize_leaf_spot,leaf spot1151_.jpg,https://data.mendeley.com/public-files/datasets/bwh3zbpkpv/files/5d944a60-4e4b-4abe-8762-c58c6abc0a81/file_downloaded,https://prod-dcd-datasets-public-files-eu-west-1.s3.eu-west-1.amazonaws.com/04da54f3-82ed-44f0-be83-3530b44ef4b6
leaf spot,maize_leaf_spot,leaf spot1152_.jpg,https://data.mendeley.com/public-files/datasets/bwh3zbpkpv/files/9189fafb-ae2f-4e8a-bccc-594d9de4b62b/file_downloaded,https://prod-dcd-datasets-public-files-eu-west-1.s3.eu-west-1.amazonaws.com/b33efad9-2aec-414c-bb73-cd6d4852e404
leaf spot,maize_leaf_spot,leaf spot1153_.jpg,https://data.mendeley.com/public-files/datasets/bwh3zbpkpv/files/38599838-6a8f-47f2-ac68-c0e6a7cf09e8/file_downloaded,https://prod-dcd-datasets-public-files-eu-west-1.s3.eu-west-1.amazonaws.com/2f13c813-f312-4c5a-ad9a-e5b0fd17a3af
leaf spot,maize_leaf_spot,leaf spot1154_.jpg,https://data.mendeley.com/public-files/datasets/bwh3zbpkpv/files/fbc5b636-aa42-4336-b2f2-55222af83700/file_downloaded,https://prod-dcd-datasets-public-files-eu-west-1.s3.eu-west-1.amazonaws.com/0e195599-27e1-4e6d-b489-db090c503df2
leaf spot,maize_leaf_spot,leaf spot1155_.jpg,https://data.mendeley.com/public-files/datasets/bwh3zbpkpv/files/469018c5-b347-47d1-9e5d-ddbb6d719c27/file_downloaded,https://prod-dcd-datasets-public-files-eu-west-1.s3.eu-west-1.amazonaws.com/c3db06a4-c756-4f58-a271-ca649cc3dcf1
leaf spot,maize_leaf_spot,leaf spot1156_.jpg,https://data.mendeley.com/public-files/datasets/bwh3zbpkpv/files/5d518a05-b738-4cfe-811d-d40e5e639d6f/file_downloaded,https://prod-dcd-datasets-public-files-eu-west-1.s3.eu-west-1.amazonaws.com/e99f93a6-1583-4b46-bf4f-be279b0f78b7
leaf spot,maize_leaf_spot,leaf spot1157_.jpg,https://data.mendeley.com/public-files/datasets/bwh3zbpkpv/files/acb7a9ad-aa17-434e-b9f1-c2f077933b04/file_downloaded,https://prod-dcd-datasets-public-files-eu-west-1.s3.eu-west-1.amazonaws.com/cb0896dc-7161-4122-859d-aff4ec82b4e3
leaf spot,maize_leaf_spot,leaf spot1158_.jpg,https://data.mendeley.com/public-files/datasets/bwh3zbpkpv/files/a82f1db0-49dd-4a31-a79c-8ac33733dfb6/file_downloaded,https://prod-dcd-datasets-public-files-eu-west-1.s3.eu-west-1.amazonaws.com/394e4e12-e153-462e-a654-def2a7e5b02f
leaf spot,maize_leaf_spot,leaf spot1159_.jpg,https://data.mendeley.com/public-files/datasets/bwh3zbpkpv/files/635b0eb6-1447-4df5-8d6d-2c98e40c026b/file_downloaded,https://prod-dcd-datasets-public-files-eu-west-1.s3.eu-west-1.amazonaws.com/64a7286f-3f4c-4223-9b5b-2ac7c204b8b4
leaf spot,maize_leaf_spot,leaf spot115_.jpg,https://data.mendeley.com/public-files/datasets/bwh3zbpkpv/files/6ecb0dd9-0947-4e69-8e56-603589a8a8b0/file_downloaded,https://prod-dcd-datasets-public-files-eu-west-1.s3.eu-west-1.amazonaws.com/e1c0edb9-bce3-4598-92c4-26b784763d88
leaf spot,maize_leaf_spot,leaf spot1160_.jpg,https://data.mendeley.com/public-files/datasets/bwh3zbpkpv/files/1649dbe6-3d88-4062-abdc-e7eeee468136/file_downloaded,https://prod-dcd-datasets-public-files-eu-west-1.s3.eu-west-1.amazonaws.com/88bdabda-1418-40eb-af7c-2a09f59a667d
leaf spot,maize_leaf_spot,leaf spot1161_.jpg,https://data.mendeley.com/public-files/datasets/bwh3zbpkpv/files/26652b8f-7475-44e2-bf60-b712a48b5df9/file_downloaded,https://prod-dcd-datasets-public-files-eu-west-1.s3.eu-west-1.amazonaws.com/e3f6106c-a6a3-4223-9ed1-7d6a05a28936
leaf spot,maize_leaf_spot,leaf spot1162_.jpg,https://data.mendeley.com/public-files/datasets/bwh3zbpkpv/files/fe6bac2a-09c8-4b24-96b7-fe74903d88ac/file_downloaded,https://prod-dcd-datasets-public-files-eu-west-1.s3.eu-west-1.amazonaws.com/f6e52baa-916b-4acf-85f0-d11ebaf8b78b
leaf spot,maize_leaf_spot,leaf spot1163_.jpg,https://data.mendeley.com/public-files/datasets/bwh3zbpkpv/files/9c76c80f-28ee-480d-b3fd-fcb30d639b1a/file_downloaded,https://prod-dcd-datasets-public-files-eu-west-1.s3.eu-west-1.amazonaws.com/f01567e5-8fc1-43f5-b88a-b89b9244870c
leaf spot,maize_leaf_spot,leaf spot1164_.jpg,https://data.mendeley.com/public-files/datasets/bwh3zbpkpv/files/3dbca914-1077-4f95-8cb9-7947f957bf77/file_downloaded,https://prod-dcd-datasets-public-files-eu-west-1.s3.eu-west-1.amazonaws.com/e25ec580-182a-4179-a763-3d5db906307b
leaf spot,maize_leaf_spot,leaf spot1165_.jpg,https://data.mendeley.com/public-files/datasets/bwh3zbpkpv/files/cff5ba68-ed44-466d-b07f-6bfab40522e5/file_downloaded,https://prod-dcd-datasets-public-files-eu-west-1.s3.eu-west-1.amazonaws.com/3d0f7a06-b8db-41f9-916e-6e22b4bab7fb
leaf spot,maize_leaf_spot,leaf spot1166_.jpg,https://data.mendeley.com/public-files/datasets/bwh3zbpkpv/files/169822a8-a4fc-44ae-9cc3-5a4f338eb39c/file_downloaded,https://prod-dcd-datasets-public-files-eu-west-1.s3.eu-west-1.amazonaws.com/878010b1-7944-4f6b-8ee6-0fac349eba45
leaf spot,maize_leaf_spot,leaf spot1167_.jpg,https://data.mendeley.com/public-files/datasets/bwh3zbpkpv/files/4fa89940-ef66-4b50-854e-d7bae2006cb3/file_downloaded,https://prod-dcd-datasets-public-files-eu-west-1.s3.eu-west-1.amazonaws.com/dcb53c21-ad0d-455f-8795-66dace3be97d
leaf spot,maize_leaf_spot,leaf spot1168_.jpg,https://data.mendeley.com/public-files/datasets/bwh3zbpkpv/files/4c9d0a4b-94f9-4dbc-9b16-3aab68c9a49f/file_downloaded,https://prod-dcd-datasets-public-files-eu-west-1.s3.eu-west-1.amazonaws.com/cb592a6e-6e1b-432e-b0cc-581ff095dff4
leaf spot,maize_leaf_spot,leaf spot1169_.jpg,https://data.mendeley.com/public-files/datasets/bwh3zbpkpv/files/55a756d0-6590-4d53-9553-918dde3f5a5f/file_downloaded,https://prod-dcd-datasets-public-files-eu-west-1.s3.eu-west-1.amazonaws.com/45d86b71-30f4-45b2-b19e-96693531d6a9
leaf spot,maize_leaf_spot,leaf spot116_.jpg,https://data.mendeley.com/public-files/datasets/bwh3zbpkpv/files/831ac751-87f0-42bd-8bed-c17cf22a1996/file_downloaded,https://prod-dcd-datasets-public-files-eu-west-1.s3.eu-west-1.amazonaws.com/3a13efc3-3041-4cb9-90e4-b8455c3ceb29
leaf spot,maize_leaf_spot,leaf spot1170_.jpg,https://data.mendeley.com/public-files/datasets/bwh3zbpkpv/files/f2be90c4-1da4-4937-a446-52737d572d54/file_downloaded,https://prod-dcd-datasets-public-files-eu-west-1.s3.eu-west-1.amazonaws.com/f1efea1d-33cf-4ce2-972d-49eacc1935a3
leaf spot,maize_leaf_spot,leaf spot1171_.jpg,https://data.mendeley.com/public-files/datasets/bwh3zbpkpv/files/d1993a70-27e1-4a57-be41-fa80fc23c538/file_downloaded,https://prod-dcd-datasets-public-files-eu-west-1.s3.eu-west-1.amazonaws.com/aeae1a4b-ac51-4070-a9bb-0006dc402a45
leaf spot,maize_leaf_spot,leaf spot1172_.jpg,https://data.mendeley.com/public-files/datasets/bwh3zbpkpv/files/444f71c3-0b2b-4c2e-a68f-5a0cfb8e8e74/file_downloaded,https://prod-dcd-datasets-public-files-eu-west-1.s3.eu-west-1.amazonaws.com/fd7b8691-00b5-4747-a099-9fd2f3882536
leaf spot,maize_leaf_spot,leaf spot1173_.jpg,https://data.mendeley.com/public-files/datasets/bwh3zbpkpv/files/abb0e2f7-c952-48d9-9f5a-d028f000b088/file_downloaded,https://prod-dcd-datasets-public-files-eu-west-1.s3.eu-west-1.amazonaws.com/59084cc2-24f0-465f-b6bb-8bf4e7c2fec5
leaf spot,maize_leaf_spot,leaf spot1174_.jpg,https://data.mendeley.com/public-files/datasets/bwh3zbpkpv/files/32e130f1-0aa9-4b71-835a-da3cd299cfac/file_downloaded,https://prod-dcd-datasets-public-files-eu-west-1.s3.eu-west-1.amazonaws.com/9a1a3593-ab59-4090-8d6a-ea94be116eea
leaf spot,maize_leaf_spot,leaf spot1175_.jpg,https://data.mendeley.com/public-files/datasets/bwh3zbpkpv/files/c66d26ec-d289-4b39-beed-0fbcfdf2af2c/file_downloaded,https://prod-dcd-datasets-public-files-eu-west-1.s3.eu-west-1.amazonaws.com/bac76816-3b1c-47d8-9629-039e3aa0cb5d
leaf spot,maize_leaf_spot,leaf spot1176_.jpg,https://data.mendeley.com/public-files/datasets/bwh3zbpkpv/files/2a69d50c-1ad3-452e-9664-91d4f2470735/file_downloaded,https://prod-dcd-datasets-public-files-eu-west-1.s3.eu-west-1.amazonaws.com/32b0929f-8224-4737-b3af-6663444c1df3
leaf spot,maize_leaf_spot,leaf spot1177_.jpg,https://data.mendeley.com/public-files/datasets/bwh3zbpkpv/files/c6fbd0e3-72dc-4090-aaf7-743cda42def8/file_downloaded,https://prod-dcd-datasets-public-files-eu-west-1.s3.eu-west-1.amazonaws.com/dc6b0554-1cce-4a6c-8332-23e29789b5cf
leaf spot,maize_leaf_spot,leaf spot1178_.jpg,https://data.mendeley.com/public-files/datasets/bwh3zbpkpv/files/23c1b190-9cc7-46d7-b080-8e82cadf5f09/file_downloaded,https://prod-dcd-datasets-public-files-eu-west-1.s3.eu-west-1.amazonaws.com/bbb5f719-0f23-4848-9397-fff41e7d52b7
leaf spot,maize_leaf_spot,leaf spot1179_.jpg,https://data.mendeley.com/public-files/datasets/bwh3zbpkpv/files/2e27b447-297e-445f-b7cf-931745edee8f/file_downloaded,https://prod-dcd-datasets-public-files-eu-west-1.s3.eu-west-1.amazonaws.com/da0c9dbf-e6fa-4793-9d6a-5c07f4aff7cb
leaf spot,maize_leaf_spot,leaf spot117_.jpg,https://data.mendeley.com/public-files/datasets/bwh3zbpkpv/files/0b3c48f0-2717-4170-9ce1-ef6534bef320/file_downloaded,https://prod-dcd-datasets-public-files-eu-west-1.s3.eu-west-1.amazonaws.com/facd09df-2f13-40cd-b2a9-1d7b8a61cb9e
leaf spot,maize_leaf_spot,leaf spot1180_.jpg,https://data.mendeley.com/public-files/datasets/bwh3zbpkpv/files/3369e4d8-e08e-46a8-be7d-f9fb287a3798/file_downloaded,https://prod-dcd-datasets-public-files-eu-west-1.s3.eu-west-1.amazonaws.com/3ec07a1f-55df-4960-ae8e-56dfd6f229d0
leaf spot,maize_leaf_spot,leaf spot1181_.jpg,https://data.mendeley.com/public-files/datasets/bwh3zbpkpv/files/5abf77d3-ce68-4a6e-83ae-a8fa62725f6e/file_downloaded,https://prod-dcd-datasets-public-files-eu-west-1.s3.eu-west-1.amazonaws.com/660059e9-0544-406c-9299-37e88f09e0f0
leaf spot,maize_leaf_spot,leaf spot1182_.jpg,https://data.mendeley.com/public-files/datasets/bwh3zbpkpv/files/f0f97e05-c948-4379-a004-73b69bc058bb/file_downloaded,https://prod-dcd-datasets-public-files-eu-west-1.s3.eu-west-1.amazonaws.com/ac5f1998-5535-48d4-ae17-90233a4de3bd
leaf spot,maize_leaf_spot,leaf spot1183_.jpg,https://data.mendeley.com/public-files/datasets/bwh3zbpkpv/files/c02613e3-f2d2-4f16-aaf1-5cbe58d298a7/file_downloaded,https://prod-dcd-datasets-public-files-eu-west-1.s3.eu-west-1.amazonaws.com/d1b2b0aa-f36a-4e1d-8795-98859f219505
leaf spot,maize_leaf_spot,leaf spot1184_.jpg,https://data.mendeley.com/public-files/datasets/bwh3zbpkpv/files/8b9373f8-eed0-49e5-b79f-022192b8f0fc/file_downloaded,https://prod-dcd-datasets-public-files-eu-west-1.s3.eu-west-1.amazonaws.com/42b3a295-5d78-4b5a-b6ff-d83382b7cc0a
leaf spot,maize_leaf_spot,leaf spot1185_.jpg,https://data.mendeley.com/public-files/datasets/bwh3zbpkpv/files/8c147a4f-c14c-427d-a5d3-eea1cf5c3e43/file_downloaded,https://prod-dcd-datasets-public-files-eu-west-1.s3.eu-west-1.amazonaws.com/bc425380-c295-4422-b826-f10838357cfd
leaf spot,maize_leaf_spot,leaf spot1186_.jpg,https://data.mendeley.com/public-files/datasets/bwh3zbpkpv/files/abc17f76-7915-4004-90bf-a9d9a10c55a8/file_downloaded,https://prod-dcd-datasets-public-files-eu-west-1.s3.eu-west-1.amazonaws.com/c4b53485-69fc-4316-bc7b-f6e2e77ea313
leaf spot,maize_leaf_spot,leaf spot1187_.jpg,https://data.mendeley.com/public-files/datasets/bwh3zbpkpv/files/8079a5e2-58da-4383-800b-9001bc2dc7c9/file_downloaded,https://prod-dcd-datasets-public-files-eu-west-1.s3.eu-west-1.amazonaws.com/19f2c8f9-474c-4dee-92e3-6f172ca31d6d
leaf spot,maize_leaf_spot,leaf spot1188_.jpg,https://data.mendeley.com/public-files/datasets/bwh3zbpkpv/files/45094dd5-85ac-4c45-a9b3-987ee99ecce3/file_downloaded,https://prod-dcd-datasets-public-files-eu-west-1.s3.eu-west-1.amazonaws.com/bb2fe3bc-6427-47a3-b3ff-c787b51a0661
leaf spot,maize_leaf_spot,leaf spot1189_.jpg,https://data.mendeley.com/public-files/datasets/bwh3zbpkpv/files/24180290-36eb-4ce4-8317-b203e15e4bc1/file_downloaded,https://prod-dcd-datasets-public-files-eu-west-1.s3.eu-west-1.amazonaws.com/4e692f90-86c1-4515-92ef-8f8f6151389f
leaf spot,maize_leaf_spot,leaf spot118_.jpg,https://data.mendeley.com/public-files/datasets/bwh3zbpkpv/files/8a36775b-b6a0-4488-962e-4e70416a2cb0/file_downloaded,https://prod-dcd-datasets-public-files-eu-west-1.s3.eu-west-1.amazonaws.com/5e9d75fd-d5ad-4a8b-9b0a-210237523d7c
leaf spot,maize_leaf_spot,leaf spot1190_.jpg,https://data.mendeley.com/public-files/datasets/bwh3zbpkpv/files/5d0461df-7bd0-40f5-bfb9-e9fa1887f8af/file_downloaded,https://prod-dcd-datasets-public-files-eu-west-1.s3.eu-west-1.amazonaws.com/9ed162ec-08c6-4c93-86cc-8e6f758ac9b1
leaf spot,maize_leaf_spot,leaf spot1191_.jpg,https://data.mendeley.com/public-files/datasets/bwh3zbpkpv/files/91ebdb51-417c-4212-87d4-433a1670fba1/file_downloaded,https://prod-dcd-datasets-public-files-eu-west-1.s3.eu-west-1.amazonaws.com/23c80ce3-b845-4d81-8886-2e6221ce59af
leaf spot,maize_leaf_spot,leaf spot1192_.jpg,https://data.mendeley.com/public-files/datasets/bwh3zbpkpv/files/309e4676-146a-4335-9294-9de948d96901/file_downloaded,https://prod-dcd-datasets-public-files-eu-west-1.s3.eu-west-1.amazonaws.com/558e402c-b375-4809-976d-3b2c163a02da
leaf spot,maize_leaf_spot,leaf spot1193_.jpg,https://data.mendeley.com/public-files/datasets/bwh3zbpkpv/files/e5e8ecfc-d1c4-4a39-8497-f928095e446b/file_downloaded,https://prod-dcd-datasets-public-files-eu-west-1.s3.eu-west-1.amazonaws.com/c3f6a1e1-9bde-4577-9983-e2d59d437946
leaf spot,maize_leaf_spot,leaf spot1194_.jpg,https://data.mendeley.com/public-files/datasets/bwh3zbpkpv/files/9caba9dc-e13b-4729-8987-986623bf791f/file_downloaded,https://prod-dcd-datasets-public-files-eu-west-1.s3.eu-west-1.amazonaws.com/f9027d58-10d1-48dc-a398-6615d6baec73
leaf spot,maize_leaf_spot,leaf spot1195_.jpg,https://data.mendeley.com/public-files/datasets/bwh3zbpkpv/files/4ad6b1a8-c09c-4ca0-ab7b-851a775f3dba/file_downloaded,https://prod-dcd-datasets-public-files-eu-west-1.s3.eu-west-1.amazonaws.com/b3551b00-250f-4c60-94aa-e93ae90b6c66
leaf spot,maize_leaf_spot,leaf spot1196_.jpg,https://data.mendeley.com/public-files/datasets/bwh3zbpkpv/files/d4c6153d-bdb5-4071-97b0-a9eecc500b49/file_downloaded,https://prod-dcd-datasets-public-files-eu-west-1.s3.eu-west-1.amazonaws.com/3af4bb06-f176-4971-86ad-ca5ed117b6f6
leaf spot,maize_leaf_spot,leaf spot1197_.jpg,https://data.mendeley.com/public-files/datasets/bwh3zbpkpv/files/5350637c-1322-42d3-b2b2-184563f1b0d4/file_downloaded,https://prod-dcd-datasets-public-files-eu-west-1.s3.eu-west-1.amazonaws.com/d469d952-1344-4681-a8d0-0d2acd970a03
leaf spot,maize_leaf_spot,leaf spot1198_.jpg,https://data.mendeley.com/public-files/datasets/bwh3zbpkpv/files/b679ced8-c00f-43c9-8017-936cd56e1124/file_downloaded,https://prod-dcd-datasets-public-files-eu-west-1.s3.eu-west-1.amazonaws.com/b751e8cc-63aa-450e-9378-a6844482a5a8
leaf spot,maize_leaf_spot,leaf spot1199_.jpg,https://data.mendeley.com/public-files/datasets/bwh3zbpkpv/files/f6f7461d-48e6-4ddb-a85a-a1bf779c55f7/file_downloaded,https://prod-dcd-datasets-public-files-eu-west-1.s3.eu-west-1.amazonaws.com/ca2f8f21-eedd-4166-bfb9-fea048000b73
leaf spot,maize_leaf_spot,leaf spot119_.jpg,https://data.mendeley.com/public-files/datasets/bwh3zbpkpv/files/ff866e7a-55d6-409d-a0bc-abc258d4e596/file_downloaded,https://prod-dcd-datasets-public-files-eu-west-1.s3.eu-west-1.amazonaws.com/80aead04-2c9d-4b4b-b696-fc2ffb36a0ce
leaf spot,maize_leaf_spot,leaf spot11_.jpg,https://data.mendeley.com/public-files/datasets/bwh3zbpkpv/files/45f4440b-8744-4a7b-b3b8-6d23770f29bb/file_downloaded,https://prod-dcd-datasets-public-files-eu-west-1.s3.eu-west-1.amazonaws.com/595c208f-f48e-4d29-902f-c2f639d58776
leaf spot,maize_leaf_spot,leaf spot1200_.jpg,https://data.mendeley.com/public-files/datasets/bwh3zbpkpv/files/f005cf3c-9ae8-46c6-82a2-79accd035287/file_downloaded,https://prod-dcd-datasets-public-files-eu-west-1.s3.eu-west-1.amazonaws.com/962b67b7-d717-4827-9107-63444f7ec302
leaf spot,maize_leaf_spot,leaf spot1201_.jpg,https://data.mendeley.com/public-files/datasets/bwh3zbpkpv/files/6931745d-7732-4ea7-a829-39598365670b/file_downloaded,https://prod-dcd-datasets-public-files-eu-west-1.s3.eu-west-1.amazonaws.com/e344e3ca-d0c1-4b1e-bd1c-e8bd7df0499b
leaf spot,maize_leaf_spot,leaf spot1202_.jpg,https://data.mendeley.com/public-files/datasets/bwh3zbpkpv/files/1d6ffe83-3e72-4ddf-b2c4-a4d47d688bc8/file_downloaded,https://prod-dcd-datasets-public-files-eu-west-1.s3.eu-west-1.amazonaws.com/b902c970-67b7-410d-bc9d-34597ac7a981
leaf spot,maize_leaf_spot,leaf spot1203_.jpg,https://data.mendeley.com/public-files/datasets/bwh3zbpkpv/files/49d45bda-fd18-4404-9f40-8d1fd3f79a4c/file_downloaded,https://prod-dcd-datasets-public-files-eu-west-1.s3.eu-west-1.amazonaws.com/af306f63-2156-4a3c-9d84-4d504466d464
leaf spot,maize_leaf_spot,leaf spot1204_.jpg,https://data.mendeley.com/public-files/datasets/bwh3zbpkpv/files/e76476a1-c0b6-45a9-a642-d4a534931866/file_downloaded,https://prod-dcd-datasets-public-files-eu-west-1.s3.eu-west-1.amazonaws.com/1ef47937-2677-4e9f-8a2d-e97562b5e3ae
leaf spot,maize_leaf_spot,leaf spot1205_.jpg,https://data.mendeley.com/public-files/datasets/bwh3zbpkpv/files/3730a1ff-fe77-424f-bfd6-34a9f6a7cbd1/file_downloaded,https://prod-dcd-datasets-public-files-eu-west-1.s3.eu-west-1.amazonaws.com/9a2201c2-c1c4-4a36-ae12-05cb63e817ba
leaf spot,maize_leaf_spot,leaf spot1206_.jpg,https://data.mendeley.com/public-files/datasets/bwh3zbpkpv/files/7b328e95-2b2d-4dd2-8ded-32187b1adb7b/file_downloaded,https://prod-dcd-datasets-public-files-eu-west-1.s3.eu-west-1.amazonaws.com/930140f7-4423-4031-afda-f55536091e9c
leaf spot,maize_leaf_spot,leaf spot1207_.jpg,https://data.mendeley.com/public-files/datasets/bwh3zbpkpv/files/0efd3568-cc0f-4113-9c88-e619481235ac/file_downloaded,https://prod-dcd-datasets-public-files-eu-west-1.s3.eu-west-1.amazonaws.com/ee8d3700-f82d-4da1-8837-cb6754eb0fb2
leaf spot,maize_leaf_spot,leaf spot1208_.jpg,https://data.mendeley.com/public-files/datasets/bwh3zbpkpv/files/101a5e6a-4c3b-4579-a76b-910dbf093cdd/file_downloaded,https://prod-dcd-datasets-public-files-eu-west-1.s3.eu-west-1.amazonaws.com/f79d8667-ec56-4426-bd0a-1bb9f7336436
leaf spot,maize_leaf_spot,leaf spot1209_.jpg,https://data.mendeley.com/public-files/datasets/bwh3zbpkpv/files/b209ec37-ac4b-4970-8f1f-69ec5b8fbdb1/file_downloaded,https://prod-dcd-datasets-public-files-eu-west-1.s3.eu-west-1.amazonaws.com/9208f701-27f4-46c1-b96c-e0f76c90eb6a
leaf spot,maize_leaf_spot,leaf spot120_.jpg,https://data.mendeley.com/public-files/datasets/bwh3zbpkpv/files/20ec81af-6368-41b4-adf4-54ffc33f59ce/file_downloaded,https://prod-dcd-datasets-public-files-eu-west-1.s3.eu-west-1.amazonaws.com/2c3c9a6a-3d4b-436d-9eb9-170f14e3bab1
leaf spot,maize_leaf_spot,leaf spot1210_.jpg,https://data.mendeley.com/public-files/datasets/bwh3zbpkpv/files/602cc618-4107-4a71-af9f-bb5a4f52b3b4/file_downloaded,https://prod-dcd-datasets-public-files-eu-west-1.s3.eu-west-1.amazonaws.com/c93bd6b0-2307-4f06-9937-bf77cdcaeda7
leaf spot,maize_leaf_spot,leaf spot1211_.jpg,https://data.mendeley.com/public-files/datasets/bwh3zbpkpv/files/7442770e-e61d-4fc1-a601-11f797e31b64/file_downloaded,https://prod-dcd-datasets-public-files-eu-west-1.s3.eu-west-1.amazonaws.com/8a15286c-3b64-4c57-8956-da6da08ee0f3
leaf spot,maize_leaf_spot,leaf spot1212_.jpg,https://data.mendeley.com/public-files/datasets/bwh3zbpkpv/files/00a45a94-9045-4cf0-b452-a84ed7936c6b/file_downloaded,https://prod-dcd-datasets-public-files-eu-west-1.s3.eu-west-1.amazonaws.com/15e9156d-e079-4922-94ad-34c6a3f4e5cd
leaf spot,maize_leaf_spot,leaf spot1213_.jpg,https://data.mendeley.com/public-files/datasets/bwh3zbpkpv/files/93c7516b-e964-4c29-90bb-73c88e10c374/file_downloaded,https://prod-dcd-datasets-public-files-eu-west-1.s3.eu-west-1.amazonaws.com/420c4182-9dde-4dc0-9a85-8362afbc6163
leaf spot,maize_leaf_spot,leaf spot1214_.jpg,https://data.mendeley.com/public-files/datasets/bwh3zbpkpv/files/8d12e0e4-4884-4866-b844-f0759482bf5e/file_downloaded,https://prod-dcd-datasets-public-files-eu-west-1.s3.eu-west-1.amazonaws.com/9ed77042-1e15-4cdc-9295-a5cf59245fd5
leaf spot,maize_leaf_spot,leaf spot1215_.jpg,https://data.mendeley.com/public-files/datasets/bwh3zbpkpv/files/263c1c86-367f-48ea-ad91-e90d66631175/file_downloaded,https://prod-dcd-datasets-public-files-eu-west-1.s3.eu-west-1.amazonaws.com/d606e534-688d-4c52-b5a4-dd41933d2224
leaf spot,maize_leaf_spot,leaf spot1216_.jpg,https://data.mendeley.com/public-files/datasets/bwh3zbpkpv/files/9fb8ee51-a33e-4c36-88e1-97ccc78a87f9/file_downloaded,https://prod-dcd-datasets-public-files-eu-west-1.s3.eu-west-1.amazonaws.com/d26abf40-19c7-450e-a1cd-90f7eacde00e
leaf spot,maize_leaf_spot,leaf spot1217_.jpg,https://data.mendeley.com/public-files/datasets/bwh3zbpkpv/files/da0240be-a8b0-436e-bde7-ecd1fe11e00b/file_downloaded,https://prod-dcd-datasets-public-files-eu-west-1.s3.eu-west-1.amazonaws.com/41b6f5bc-cdea-4c2b-863a-2ab7eb492b0b
leaf spot,maize_leaf_spot,leaf spot1218_.jpg,https://data.mendeley.com/public-files/datasets/bwh3zbpkpv/files/70af23c9-1366-489f-9e29-174c58aee7f4/file_downloaded,https://prod-dcd-datasets-public-files-eu-west-1.s3.eu-west-1.amazonaws.com/bd042423-acac-43d0-8792-bc10036afae2
leaf spot,maize_leaf_spot,leaf spot1219_.jpg,https://data.mendeley.com/public-files/datasets/bwh3zbpkpv/files/56ea34c3-51d5-42cc-b8a2-cc9f87bcbc16/file_downloaded,https://prod-dcd-datasets-public-files-eu-west-1.s3.eu-west-1.amazonaws.com/36617ea2-de6d-4bfd-963f-3c10ed9ee896
leaf spot,maize_leaf_spot,leaf spot121_.jpg,https://data.mendeley.com/public-files/datasets/bwh3zbpkpv/files/f834269e-d949-4dfc-add9-8ebbe776081b/file_downloaded,https://prod-dcd-datasets-public-files-eu-west-1.s3.eu-west-1.amazonaws.com/7b3dc1e3-7eb9-4266-8b8d-0fb4b7743af9
leaf spot,maize_leaf_spot,leaf spot1220_.jpg,https://data.mendeley.com/public-files/datasets/bwh3zbpkpv/files/e84f3e66-88f2-4670-87d0-8ef8c282bd01/file_downloaded,https://prod-dcd-datasets-public-files-eu-west-1.s3.eu-west-1.amazonaws.com/883c33e5-d11a-4a24-abc2-ceddfef4f11c
leaf spot,maize_leaf_spot,leaf spot1221_.jpg,https://data.mendeley.com/public-files/datasets/bwh3zbpkpv/files/95c7a688-3526-4dec-80a0-084470951dc8/file_downloaded,https://prod-dcd-datasets-public-files-eu-west-1.s3.eu-west-1.amazonaws.com/4bcad94a-3395-4f75-ad9d-a664ffa18a75
leaf spot,maize_leaf_spot,leaf spot1222_.jpg,https://data.mendeley.com/public-files/datasets/bwh3zbpkpv/files/563b95ed-e5e4-49d4-9a80-5f72217bd589/file_downloaded,https://prod-dcd-datasets-public-files-eu-west-1.s3.eu-west-1.amazonaws.com/a4894356-9def-4ce4-b8cf-b32c9bd6fe13
leaf spot,maize_leaf_spot,leaf spot1223_.jpg,https://data.mendeley.com/public-files/datasets/bwh3zbpkpv/files/bd6b8930-adf4-4190-8e16-d3f6ca65f580/file_downloaded,https://prod-dcd-datasets-public-files-eu-west-1.s3.eu-west-1.amazonaws.com/d1dbef03-a225-40c4-8cef-5eaaa425baba
leaf spot,maize_leaf_spot,leaf spot1224_.jpg,https://data.mendeley.com/public-files/datasets/bwh3zbpkpv/files/9a0e720a-885c-4563-93a3-df587bd90488/file_downloaded,https://prod-dcd-datasets-public-files-eu-west-1.s3.eu-west-1.amazonaws.com/1d8d53aa-7655-4d02-b0aa-934dbe7193ef
leaf spot,maize_leaf_spot,leaf spot1225_.jpg,https://data.mendeley.com/public-files/datasets/bwh3zbpkpv/files/59d3a3d5-50bb-4b08-8ab2-6bb000717bde/file_downloaded,https://prod-dcd-datasets-public-files-eu-west-1.s3.eu-west-1.amazonaws.com/dfb6939e-db82-40df-9957-7f104353d826
leaf spot,maize_leaf_spot,leaf spot1226_.jpg,https://data.mendeley.com/public-files/datasets/bwh3zbpkpv/files/7ab4fbfc-6ad0-4aa4-a47b-07ee78931bac/file_downloaded,https://prod-dcd-datasets-public-files-eu-west-1.s3.eu-west-1.amazonaws.com/ae11e39f-ffb0-437b-89ab-93c6aa1d9a56
leaf spot,maize_leaf_spot,leaf spot1227_.jpg,https://data.mendeley.com/public-files/datasets/bwh3zbpkpv/files/c00c5160-be61-40a7-958b-4224be6e25ed/file_downloaded,https://prod-dcd-datasets-public-files-eu-west-1.s3.eu-west-1.amazonaws.com/504152fb-e2c9-436a-bb68-4c76e55286c3
leaf spot,maize_leaf_spot,leaf spot1228_.jpg,https://data.mendeley.com/public-files/datasets/bwh3zbpkpv/files/7580f9f5-3141-420f-9db1-9ac72d323322/file_downloaded,https://prod-dcd-datasets-public-files-eu-west-1.s3.eu-west-1.amazonaws.com/c4207835-6e5b-4965-baf7-d9679e2265cd
leaf spot,maize_leaf_spot,leaf spot1229_.jpg,https://data.mendeley.com/public-files/datasets/bwh3zbpkpv/files/972ac0c2-b11d-48ec-aa70-9d42ff4bd362/file_downloaded,https://prod-dcd-datasets-public-files-eu-west-1.s3.eu-west-1.amazonaws.com/02687f3a-72c9-42a1-9d03-e5fb41c1d613
leaf spot,maize_leaf_spot,leaf spot122_.jpg,https://data.mendeley.com/public-files/datasets/bwh3zbpkpv/files/72d4cf54-9de2-4206-890d-d4183ba8d50c/file_downloaded,https://prod-dcd-datasets-public-files-eu-west-1.s3.eu-west-1.amazonaws.com/7dc1b10a-576e-4a4f-a457-fb181dfc0b73
leaf spot,maize_leaf_spot,leaf spot1230_.jpg,https://data.mendeley.com/public-files/datasets/bwh3zbpkpv/files/65c03655-592f-4bc6-a239-baf1a955fb86/file_downloaded,https://prod-dcd-datasets-public-files-eu-west-1.s3.eu-west-1.amazonaws.com/dea4ce31-399b-4e6c-aac8-0eb4137b5f5f
leaf spot,maize_leaf_spot,leaf spot1231_.jpg,https://data.mendeley.com/public-files/datasets/bwh3zbpkpv/files/cef85fac-8be2-4873-9111-bb2dde2a3cde/file_downloaded,https://prod-dcd-datasets-public-files-eu-west-1.s3.eu-west-1.amazonaws.com/51997b0f-cd00-4234-9a36-e480fd681b71
leaf spot,maize_leaf_spot,leaf spot1232_.jpg,https://data.mendeley.com/public-files/datasets/bwh3zbpkpv/files/44608f9b-9da1-4168-a7cc-74486bdf1be2/file_downloaded,https://prod-dcd-datasets-public-files-eu-west-1.s3.eu-west-1.amazonaws.com/b22ea269-e2b4-46d2-8abc-89f062292fc6
leaf spot,maize_leaf_spot,leaf spot1233_.jpg,https://data.mendeley.com/public-files/datasets/bwh3zbpkpv/files/bd94ab3d-5f1f-4d83-bfbf-505d36ee9d04/file_downloaded,https://prod-dcd-datasets-public-files-eu-west-1.s3.eu-west-1.amazonaws.com/eb729ae5-d8ed-41fc-9ccb-caaf02c6bc23
leaf spot,maize_leaf_spot,leaf spot1234_.jpg,https://data.mendeley.com/public-files/datasets/bwh3zbpkpv/files/c148fa83-05ee-4038-b9c7-dcf5b9279ec8/file_downloaded,https://prod-dcd-datasets-public-files-eu-west-1.s3.eu-west-1.amazonaws.com/c6d079a4-74f6-4ae6-b2a0-e249d6bb4a09
leaf spot,maize_leaf_spot,leaf spot1235_.jpg,https://data.mendeley.com/public-files/datasets/bwh3zbpkpv/files/dce634cc-f6e6-4c3a-b596-3821beb6e036/file_downloaded,https://prod-dcd-datasets-public-files-eu-west-1.s3.eu-west-1.amazonaws.com/86574b26-f948-484d-ba41-d2db1e2bb0d6
leaf spot,maize_leaf_spot,leaf spot1236_.jpg,https://data.mendeley.com/public-files/datasets/bwh3zbpkpv/files/63aa2309-0c9b-41f2-a027-00c8bc19bec5/file_downloaded,https://prod-dcd-datasets-public-files-eu-west-1.s3.eu-west-1.amazonaws.com/3e80458f-23d8-45d4-9814-2b592f899ee0
leaf spot,maize_leaf_spot,leaf spot1237_.jpg,https://data.mendeley.com/public-files/datasets/bwh3zbpkpv/files/33f1884e-02d3-44b8-bfa2-35706ddbc378/file_downloaded,https://prod-dcd-datasets-public-files-eu-west-1.s3.eu-west-1.amazonaws.com/418b1deb-0078-4ceb-aee2-1cac11898ff7
leaf spot,maize_leaf_spot,leaf spot1238_.jpg,https://data.mendeley.com/public-files/datasets/bwh3zbpkpv/files/72def715-5d50-4e3b-92f2-0f45417b6827/file_downloaded,https://prod-dcd-datasets-public-files-eu-west-1.s3.eu-west-1.amazonaws.com/6d199604-2038-4d0c-a375-fed402c4584e
leaf spot,maize_leaf_spot,leaf spot1239_.jpg,https://data.mendeley.com/public-files/datasets/bwh3zbpkpv/files/a3d55110-1a47-475d-bff3-5eb2a96e6a68/file_downloaded,https://prod-dcd-datasets-public-files-eu-west-1.s3.eu-west-1.amazonaws.com/db392fe8-e8d1-401d-9a67-b84446a358f4
leaf spot,maize_leaf_spot,leaf spot123_.jpg,https://data.mendeley.com/public-files/datasets/bwh3zbpkpv/files/e68710c5-d96a-4afc-9acb-9159d0db9285/file_downloaded,https://prod-dcd-datasets-public-files-eu-west-1.s3.eu-west-1.amazonaws.com/6d350b88-4897-44ba-873b-48233cf0cbb3
leaf spot,maize_leaf_spot,leaf spot1240_.jpg,https://data.mendeley.com/public-files/datasets/bwh3zbpkpv/files/22fa0e0d-6230-4e7a-b663-dbfc63561fe2/file_downloaded,https://prod-dcd-datasets-public-files-eu-west-1.s3.eu-west-1.amazonaws.com/832e550f-63ea-40ed-a5c5-3f12fed2e6b3
leaf spot,maize_leaf_spot,leaf spot1241_.jpg,https://data.mendeley.com/public-files/datasets/bwh3zbpkpv/files/00c5a360-d64f-42b3-98ca-9974d5973055/file_downloaded,https://prod-dcd-datasets-public-files-eu-west-1.s3.eu-west-1.amazonaws.com/141d6e15-49da-4bc0-92a3-32a04485de53
leaf spot,maize_leaf_spot,leaf spot1242_.jpg,https://data.mendeley.com/public-files/datasets/bwh3zbpkpv/files/fbbec9ab-a280-45ef-9b6d-7253b3e9e354/file_downloaded,https://prod-dcd-datasets-public-files-eu-west-1.s3.eu-west-1.amazonaws.com/4316a545-f558-44bf-be26-13fb41ae43f9
leaf spot,maize_leaf_spot,leaf spot1243_.jpg,https://data.mendeley.com/public-files/datasets/bwh3zbpkpv/files/d8982130-7473-4f04-b458-fd860f1b48db/file_downloaded,https://prod-dcd-datasets-public-files-eu-west-1.s3.eu-west-1.amazonaws.com/a6fae4e6-b604-4507-afdd-afa03232a73c
leaf spot,maize_leaf_spot,leaf spot1244_.jpg,https://data.mendeley.com/public-files/datasets/bwh3zbpkpv/files/760e7fe1-2b07-496d-bd91-373dbca7ca3e/file_downloaded,https://prod-dcd-datasets-public-files-eu-west-1.s3.eu-west-1.amazonaws.com/51cb9ad4-7efc-4570-b8aa-3c0c8c264d7f
leaf spot,maize_leaf_spot,leaf spot1245_.jpg,https://data.mendeley.com/public-files/datasets/bwh3zbpkpv/files/7db841db-5386-4f8e-beca-4addf77668f4/file_downloaded,https://prod-dcd-datasets-public-files-eu-west-1.s3.eu-west-1.amazonaws.com/91367b2a-2fe2-4e14-9e96-fdc29f5f115c
leaf spot,maize_leaf_spot,leaf spot1246_.jpg,https://data.mendeley.com/public-files/datasets/bwh3zbpkpv/files/2b928d69-5a77-4ddd-94bd-0909eaeac971/file_downloaded,https://prod-dcd-datasets-public-files-eu-west-1.s3.eu-west-1.amazonaws.com/4ecfe53c-933b-4a74-a593-ec218b1c690f
leaf spot,maize_leaf_spot,leaf spot1247_.jpg,https://data.mendeley.com/public-files/datasets/bwh3zbpkpv/files/6cf6e8a4-ea7f-487a-afae-fc1fae64ba5c/file_downloaded,https://prod-dcd-datasets-public-files-eu-west-1.s3.eu-west-1.amazonaws.com/716ddcff-bf89-4aa8-b516-2392fe26707b
leaf spot,maize_leaf_spot,leaf spot1248_.jpg,https://data.mendeley.com/public-files/datasets/bwh3zbpkpv/files/74aa432b-824d-4dee-a80b-7699bedeab7a/file_downloaded,https://prod-dcd-datasets-public-files-eu-west-1.s3.eu-west-1.amazonaws.com/c2491ebb-280d-40dd-a020-9f373c303fcd
leaf spot,maize_leaf_spot,leaf spot1249_.jpg,https://data.mendeley.com/public-files/datasets/bwh3zbpkpv/files/dc0025b1-a85e-48e4-8b81-51ab8b988e11/file_downloaded,https://prod-dcd-datasets-public-files-eu-west-1.s3.eu-west-1.amazonaws.com/2c8b23e8-2ebd-4912-9303-738925beca8e
leaf spot,maize_leaf_spot,leaf spot124_.jpg,https://data.mendeley.com/public-files/datasets/bwh3zbpkpv/files/80f8fec5-67f9-4100-b2a9-847addf6918b/file_downloaded,https://prod-dcd-datasets-public-files-eu-west-1.s3.eu-west-1.amazonaws.com/a146ff8f-ae5e-445d-bbd4-d1a5703850fa
leaf spot,maize_leaf_spot,leaf spot1250_.jpg,https://data.mendeley.com/public-files/datasets/bwh3zbpkpv/files/4446ddb6-a7f4-4ffc-b21b-b790116b09a5/file_downloaded,https://prod-dcd-datasets-public-files-eu-west-1.s3.eu-west-1.amazonaws.com/0d92f08c-4781-4511-ab9e-458343e47f05
leaf spot,maize_leaf_spot,leaf spot1251_.jpg,https://data.mendeley.com/public-files/datasets/bwh3zbpkpv/files/f94ed8de-1092-432f-b10f-1df061c6df55/file_downloaded,https://prod-dcd-datasets-public-files-eu-west-1.s3.eu-west-1.amazonaws.com/6caa97d1-a08c-4677-ace3-a3e8d31438d3
leaf spot,maize_leaf_spot,leaf spot1252_.jpg,https://data.mendeley.com/public-files/datasets/bwh3zbpkpv/files/1517c5e8-7f00-4797-a0ff-890be49588a0/file_downloaded,https://prod-dcd-datasets-public-files-eu-west-1.s3.eu-west-1.amazonaws.com/dfca7c61-ed5a-4f4d-93e3-bd2e70f02cd6
leaf spot,maize_leaf_spot,leaf spot1253_.jpg,https://data.mendeley.com/public-files/datasets/bwh3zbpkpv/files/e2c8b632-f39c-412d-a51e-0d97c0a3df29/file_downloaded,https://prod-dcd-datasets-public-files-eu-west-1.s3.eu-west-1.amazonaws.com/f5c605cb-85a0-4c29-838c-c514d70244bd
leaf spot,maize_leaf_spot,leaf spot1254_.jpg,https://data.mendeley.com/public-files/datasets/bwh3zbpkpv/files/8958bdda-467f-4f86-8040-b9428c994252/file_downloaded,https://prod-dcd-datasets-public-files-eu-west-1.s3.eu-west-1.amazonaws.com/278c30e7-658e-4168-9ec3-cbc76d565d27
leaf spot,maize_leaf_spot,leaf spot1255_.jpg,https://data.mendeley.com/public-files/datasets/bwh3zbpkpv/files/b2674fb7-b325-4059-a5d4-c644e1b98cff/file_downloaded,https://prod-dcd-datasets-public-files-eu-west-1.s3.eu-west-1.amazonaws.com/9aedd06b-1ead-4079-b24f-830fc30eea84
leaf spot,maize_leaf_spot,leaf spot1256_.jpg,https://data.mendeley.com/public-files/datasets/bwh3zbpkpv/files/83c44e71-7a92-4d2c-b3ec-d78678806870/file_downloaded,https://prod-dcd-datasets-public-files-eu-west-1.s3.eu-west-1.amazonaws.com/300dc2f8-95d2-4c8d-b8b2-875d2d6c1dc7
leaf spot,maize_leaf_spot,leaf spot1257_.jpg,https://data.mendeley.com/public-files/datasets/bwh3zbpkpv/files/7daf86ec-56f6-4b15-91d7-ad1ece557eee/file_downloaded,https://prod-dcd-datasets-public-files-eu-west-1.s3.eu-west-1.amazonaws.com/c79ea61e-0a02-4dac-ae3a-9f16a530a64d
leaf spot,maize_leaf_spot,leaf spot1258_.jpg,https://data.mendeley.com/public-files/datasets/bwh3zbpkpv/files/b36b6183-4fa5-4262-8f65-5b75d74b6fda/file_downloaded,https://prod-dcd-datasets-public-files-eu-west-1.s3.eu-west-1.amazonaws.com/58953dee-2a2d-4a76-b9ae-257f89b68d64
leaf spot,maize_leaf_spot,leaf spot1259_.jpg,https://data.mendeley.com/public-files/datasets/bwh3zbpkpv/files/6d47ebb4-7cb7-42ec-853c-b953c67c30e8/file_downloaded,https://prod-dcd-datasets-public-files-eu-west-1.s3.eu-west-1.amazonaws.com/ced1ba31-2648-40a0-a95b-05de709bfc1d
leaf spot,maize_leaf_spot,leaf spot125_.jpg,https://data.mendeley.com/public-files/datasets/bwh3zbpkpv/files/e7f8b096-8f9e-4643-812f-bba56a58aa61/file_downloaded,https://prod-dcd-datasets-public-files-eu-west-1.s3.eu-west-1.amazonaws.com/4a6a3221-0373-42ec-83af-0b66a5d30bcd
leaf spot,maize_leaf_spot,leaf spot1260_.jpg,https://data.mendeley.com/public-files/datasets/bwh3zbpkpv/files/61f6a107-529a-4653-922b-a0b6fa118590/file_downloaded,https://prod-dcd-datasets-public-files-eu-west-1.s3.eu-west-1.amazonaws.com/a6463462-d105-453b-be8f-3cd275450279
leaf spot,maize_leaf_spot,leaf spot1261_.jpg,https://data.mendeley.com/public-files/datasets/bwh3zbpkpv/files/b88d9677-b35f-4eb6-b3c8-87eed3f3ecda/file_downloaded,https://prod-dcd-datasets-public-files-eu-west-1.s3.eu-west-1.amazonaws.com/68b971cb-093c-449d-97a8-9a010b9b0c51
leaf spot,maize_leaf_spot,leaf spot1262_.jpg,https://data.mendeley.com/public-files/datasets/bwh3zbpkpv/files/0c6958fc-f720-4157-b59c-b8febfdfea47/file_downloaded,https://prod-dcd-datasets-public-files-eu-west-1.s3.eu-west-1.amazonaws.com/cc4c8758-e0a6-4040-bd1a-dfb2e803d954
leaf spot,maize_leaf_spot,leaf spot1263_.jpg,https://data.mendeley.com/public-files/datasets/bwh3zbpkpv/files/a8f1128b-52f7-4129-bc39-4cf42de432ac/file_downloaded,https://prod-dcd-datasets-public-files-eu-west-1.s3.eu-west-1.amazonaws.com/536dc124-9148-4f7d-81b5-6877e6fd5440
leaf spot,maize_leaf_spot,leaf spot1264_.jpg,https://data.mendeley.com/public-files/datasets/bwh3zbpkpv/files/5505452a-0abc-4f0d-8c92-d964bb9e035b/file_downloaded,https://prod-dcd-datasets-public-files-eu-west-1.s3.eu-west-1.amazonaws.com/12b8bd00-a367-4bb5-93d3-2cf274296df2
leaf spot,maize_leaf_spot,leaf spot126_.jpg,https://data.mendeley.com/public-files/datasets/bwh3zbpkpv/files/7b332146-05f2-4a18-9be4-a18b843b3277/file_downloaded,https://prod-dcd-datasets-public-files-eu-west-1.s3.eu-west-1.amazonaws.com/67ec39b0-dace-4d2c-9978-e50066c97fe1
leaf spot,maize_leaf_spot,leaf spot127_.jpg,https://data.mendeley.com/public-files/datasets/bwh3zbpkpv/files/773477eb-20d7-4350-8665-69a693ae5b75/file_downloaded,https://prod-dcd-datasets-public-files-eu-west-1.s3.eu-west-1.amazonaws.com/52a999c1-0769-414f-87f2-6109b1c52249
leaf spot,maize_leaf_spot,leaf spot128_.jpg,https://data.mendeley.com/public-files/datasets/bwh3zbpkpv/files/6ecd6e25-bed0-4ac3-b6cb-75dd4e32ddd1/file_downloaded,https://prod-dcd-datasets-public-files-eu-west-1.s3.eu-west-1.amazonaws.com/04d7f3c9-4b0e-462f-9a33-bc30a3ee805d
leaf spot,maize_leaf_spot,leaf spot129_.jpg,https://data.mendeley.com/public-files/datasets/bwh3zbpkpv/files/fca73d20-a40d-4b50-9e6d-91a35e3de25f/file_downloaded,https://prod-dcd-datasets-public-files-eu-west-1.s3.eu-west-1.amazonaws.com/76f8d148-7710-42a8-9e4a-6930fcc369ad
leaf spot,maize_leaf_spot,leaf spot12_.jpg,https://data.mendeley.com/public-files/datasets/bwh3zbpkpv/files/10b2eecb-8d92-4dd6-aab6-68c2db01db63/file_downloaded,https://prod-dcd-datasets-public-files-eu-west-1.s3.eu-west-1.amazonaws.com/9f2f0491-f872-4e1d-922b-b850e2f3b5ea
leaf spot,maize_leaf_spot,leaf spot130_.jpg,https://data.mendeley.com/public-files/datasets/bwh3zbpkpv/files/c257d0f6-da8d-4fab-8acd-39d534771478/file_downloaded,https://prod-dcd-datasets-public-files-eu-west-1.s3.eu-west-1.amazonaws.com/9516fac4-bd6f-4528-afe3-388b0ef415d4
leaf spot,maize_leaf_spot,leaf spot131_.jpg,https://data.mendeley.com/public-files/datasets/bwh3zbpkpv/files/f4790bf0-da5f-41ce-aa5e-2995befcdc59/file_downloaded,https://prod-dcd-datasets-public-files-eu-west-1.s3.eu-west-1.amazonaws.com/a94ac969-b011-40cb-8675-7087fb483cc2
leaf spot,maize_leaf_spot,leaf spot132_.jpg,https://data.mendeley.com/public-files/datasets/bwh3zbpkpv/files/1eb4ef81-4940-4464-97a7-1a8ee4724975/file_downloaded,https://prod-dcd-datasets-public-files-eu-west-1.s3.eu-west-1.amazonaws.com/45c03af9-a8ca-4e6b-8787-74f112aa1905
leaf spot,maize_leaf_spot,leaf spot133_.jpg,https://data.mendeley.com/public-files/datasets/bwh3zbpkpv/files/b6cfc612-3a88-4c22-8ead-fd654b40b7a9/file_downloaded,https://prod-dcd-datasets-public-files-eu-west-1.s3.eu-west-1.amazonaws.com/1d0fe345-8df8-4edb-a92b-f42f475ec22a
leaf spot,maize_leaf_spot,leaf spot134_.jpg,https://data.mendeley.com/public-files/datasets/bwh3zbpkpv/files/f291672b-6951-44d9-afc8-a817ff31a24c/file_downloaded,https://prod-dcd-datasets-public-files-eu-west-1.s3.eu-west-1.amazonaws.com/8f97fd1d-1894-486e-ac7c-75959cf317ef
leaf spot,maize_leaf_spot,leaf spot135_.jpg,https://data.mendeley.com/public-files/datasets/bwh3zbpkpv/files/449567cd-6f73-474e-bcc1-6cad5b8de97c/file_downloaded,https://prod-dcd-datasets-public-files-eu-west-1.s3.eu-west-1.amazonaws.com/ec11458f-d4a1-4694-981c-6735ad2b3866
leaf spot,maize_leaf_spot,leaf spot136_.jpg,https://data.mendeley.com/public-files/datasets/bwh3zbpkpv/files/c469cc8a-d972-4b73-ba4d-0ee01f649dde/file_downloaded,https://prod-dcd-datasets-public-files-eu-west-1.s3.eu-west-1.amazonaws.com/fde6ee2c-5d28-4e4c-a1bd-ca4cb8c6450d
leaf spot,maize_leaf_spot,leaf spot137_.jpg,https://data.mendeley.com/public-files/datasets/bwh3zbpkpv/files/7511e32f-c280-46e0-bbb4-37b96f813eb3/file_downloaded,https://prod-dcd-datasets-public-files-eu-west-1.s3.eu-west-1.amazonaws.com/e17d7d58-104b-4dae-a792-34f2edaa7a1d
leaf spot,maize_leaf_spot,leaf spot138_.jpg,https://data.mendeley.com/public-files/datasets/bwh3zbpkpv/files/beedacc3-e63a-47d7-b1e2-9b86ac85dab8/file_downloaded,https://prod-dcd-datasets-public-files-eu-west-1.s3.eu-west-1.amazonaws.com/d7faa500-c027-4137-ab97-c445136e9c21
leaf spot,maize_leaf_spot,leaf spot139_.jpg,https://data.mendeley.com/public-files/datasets/bwh3zbpkpv/files/24820c39-4eea-4ba6-ba4e-993c927ecded/file_downloaded,https://prod-dcd-datasets-public-files-eu-west-1.s3.eu-west-1.amazonaws.com/a81a7de3-9270-4797-a901-ea73dc342b52
leaf spot,maize_leaf_spot,leaf spot13_.jpg,https://data.mendeley.com/public-files/datasets/bwh3zbpkpv/files/66989e8d-7883-4c5c-b665-76e56616fd1f/file_downloaded,https://prod-dcd-datasets-public-files-eu-west-1.s3.eu-west-1.amazonaws.com/8149d518-740b-4db6-b393-bd308f1871de
leaf spot,maize_leaf_spot,leaf spot140_.jpg,https://data.mendeley.com/public-files/datasets/bwh3zbpkpv/files/1fbb79fe-c656-4cae-b333-639ea8a0ba0d/file_downloaded,https://prod-dcd-datasets-public-files-eu-west-1.s3.eu-west-1.amazonaws.com/f943c8d9-f42b-4d39-a441-9c1f9d5c459f
leaf spot,maize_leaf_spot,leaf spot141_.jpg,https://data.mendeley.com/public-files/datasets/bwh3zbpkpv/files/268b9b64-8813-44d6-9a05-fb43874c7bb0/file_downloaded,https://prod-dcd-datasets-public-files-eu-west-1.s3.eu-west-1.amazonaws.com/5628fe5a-eb4f-4bc1-92d8-451a2e8a39af
leaf spot,maize_leaf_spot,leaf spot142_.jpg,https://data.mendeley.com/public-files/datasets/bwh3zbpkpv/files/b35b665d-fb7b-4fdf-bbc5-5b09008c5b8a/file_downloaded,https://prod-dcd-datasets-public-files-eu-west-1.s3.eu-west-1.amazonaws.com/6482f0bf-cf84-4a82-a4ea-ece711366d36
leaf spot,maize_leaf_spot,leaf spot143_.jpg,https://data.mendeley.com/public-files/datasets/bwh3zbpkpv/files/3efead41-9c69-4176-af4c-cdc650e6813a/file_downloaded,https://prod-dcd-datasets-public-files-eu-west-1.s3.eu-west-1.amazonaws.com/834d31d6-0dd5-4ac7-9e66-e7af1db6bf48
leaf spot,maize_leaf_spot,leaf spot144_.jpg,https://data.mendeley.com/public-files/datasets/bwh3zbpkpv/files/4a634f1f-a7eb-4a1d-9d28-0301bd141fd6/file_downloaded,https://prod-dcd-datasets-public-files-eu-west-1.s3.eu-west-1.amazonaws.com/3c181918-c624-421f-842a-ff16f0bf05f5
leaf spot,maize_leaf_spot,leaf spot145_.jpg,https://data.mendeley.com/public-files/datasets/bwh3zbpkpv/files/3ef8ec56-7002-4c8d-b80a-808c38f6e4d9/file_downloaded,https://prod-dcd-datasets-public-files-eu-west-1.s3.eu-west-1.amazonaws.com/05368b73-95d1-486c-9f2d-d79954028f16
leaf spot,maize_leaf_spot,leaf spot146_.jpg,https://data.mendeley.com/public-files/datasets/bwh3zbpkpv/files/e37f59a9-0202-4f74-a263-2687488584c5/file_downloaded,https://prod-dcd-datasets-public-files-eu-west-1.s3.eu-west-1.amazonaws.com/b2d2104b-75e8-44ff-a82f-914dfda9f38b
leaf spot,maize_leaf_spot,leaf spot147_.jpg,https://data.mendeley.com/public-files/datasets/bwh3zbpkpv/files/a4fa1aaa-521a-43d2-a134-e5d2dcb5cadd/file_downloaded,https://prod-dcd-datasets-public-files-eu-west-1.s3.eu-west-1.amazonaws.com/3f8dbfff-63a9-4329-bd15-cca4e22800ca
leaf spot,maize_leaf_spot,leaf spot148_.jpg,https://data.mendeley.com/public-files/datasets/bwh3zbpkpv/files/87cdfc7c-1101-453f-b943-1933b3f017c7/file_downloaded,https://prod-dcd-datasets-public-files-eu-west-1.s3.eu-west-1.amazonaws.com/8edcfb2d-962f-40a8-b843-522f4143f544
leaf spot,maize_leaf_spot,leaf spot149_.jpg,https://data.mendeley.com/public-files/datasets/bwh3zbpkpv/files/defc5849-8d23-4200-af9c-48d01dacbeae/file_downloaded,https://prod-dcd-datasets-public-files-eu-west-1.s3.eu-west-1.amazonaws.com/6866d1e6-01b9-484c-b11f-b6980364d3fd
leaf spot,maize_leaf_spot,leaf spot14_.jpg,https://data.mendeley.com/public-files/datasets/bwh3zbpkpv/files/ced96b06-e726-43e2-abbc-2ab5451e46b1/file_downloaded,https://prod-dcd-datasets-public-files-eu-west-1.s3.eu-west-1.amazonaws.com/70751a23-dfb1-4f16-813b-1371bb038750
leaf spot,maize_leaf_spot,leaf spot150_.jpg,https://data.mendeley.com/public-files/datasets/bwh3zbpkpv/files/e9a305dc-2153-4c8e-97b2-e7677d10c03a/file_downloaded,https://prod-dcd-datasets-public-files-eu-west-1.s3.eu-west-1.amazonaws.com/31299a20-a422-4d99-92bf-d8268aa56ec7
leaf spot,maize_leaf_spot,leaf spot151_.jpg,https://data.mendeley.com/public-files/datasets/bwh3zbpkpv/files/605f6b3a-3fbd-4063-93b9-74c5401aaff0/file_downloaded,https://prod-dcd-datasets-public-files-eu-west-1.s3.eu-west-1.amazonaws.com/2efb4c81-5857-4509-b620-c9f0a54038f0
leaf spot,maize_leaf_spot,leaf spot152_.jpg,https://data.mendeley.com/public-files/datasets/bwh3zbpkpv/files/34a09146-634f-4387-88c0-2e027dcfea1b/file_downloaded,https://prod-dcd-datasets-public-files-eu-west-1.s3.eu-west-1.amazonaws.com/acdba30e-2af6-4600-a578-ab3f09fba333
leaf spot,maize_leaf_spot,leaf spot153_.jpg,https://data.mendeley.com/public-files/datasets/bwh3zbpkpv/files/5e498c84-0810-4c35-88bb-daa9e68c23b4/file_downloaded,https://prod-dcd-datasets-public-files-eu-west-1.s3.eu-west-1.amazonaws.com/bf36e2ba-12cb-440d-ba73-a41d9c22e500
leaf spot,maize_leaf_spot,leaf spot154_.jpg,https://data.mendeley.com/public-files/datasets/bwh3zbpkpv/files/59839b6d-f7b8-4bb6-81b2-039aab110e2d/file_downloaded,https://prod-dcd-datasets-public-files-eu-west-1.s3.eu-west-1.amazonaws.com/e859cbaf-f927-4de9-bab9-49a607124aed
leaf spot,maize_leaf_spot,leaf spot155_.jpg,https://data.mendeley.com/public-files/datasets/bwh3zbpkpv/files/2ff6129c-7241-4641-8035-1a014e422dba/file_downloaded,https://prod-dcd-datasets-public-files-eu-west-1.s3.eu-west-1.amazonaws.com/3b1878c7-516f-463e-b3bd-73a8123b6bd7
leaf spot,maize_leaf_spot,leaf spot156_.jpg,https://data.mendeley.com/public-files/datasets/bwh3zbpkpv/files/e003dccc-f3f6-4b50-858f-5560adb9eaf3/file_downloaded,https://prod-dcd-datasets-public-files-eu-west-1.s3.eu-west-1.amazonaws.com/734adf90-3ed7-4488-b432-d1725bb6230a
leaf spot,maize_leaf_spot,leaf spot157_.jpg,https://data.mendeley.com/public-files/datasets/bwh3zbpkpv/files/702cd0b1-6310-4672-9fcb-58922f269e08/file_downloaded,https://prod-dcd-datasets-public-files-eu-west-1.s3.eu-west-1.amazonaws.com/a03b2ec7-119a-4c25-bba0-3895dc0c55e5
leaf spot,maize_leaf_spot,leaf spot158_.jpg,https://data.mendeley.com/public-files/datasets/bwh3zbpkpv/files/c5bced6d-0a5f-4f24-9ac6-5ced8f40a6b3/file_downloaded,https://prod-dcd-datasets-public-files-eu-west-1.s3.eu-west-1.amazonaws.com/8beb2667-906d-4bbe-83f7-d519a0e399dd
leaf spot,maize_leaf_spot,leaf spot159_.jpg,https://data.mendeley.com/public-files/datasets/bwh3zbpkpv/files/892bc6c9-f294-47c9-a67e-e222eefc0ae1/file_downloaded,https://prod-dcd-datasets-public-files-eu-west-1.s3.eu-west-1.amazonaws.com/325f1039-677a-4cf1-bbcd-7d50feae440b
leaf spot,maize_leaf_spot,leaf spot15_.jpg,https://data.mendeley.com/public-files/datasets/bwh3zbpkpv/files/89eb932f-9d54-4806-b3dd-e4df274fa260/file_downloaded,https://prod-dcd-datasets-public-files-eu-west-1.s3.eu-west-1.amazonaws.com/7834c6cd-48f1-4c0c-b3fb-3db33bd3d90e
leaf spot,maize_leaf_spot,leaf spot160_.jpg,https://data.mendeley.com/public-files/datasets/bwh3zbpkpv/files/ee95fb05-5ff8-4a66-a52c-67a7bafde650/file_downloaded,https://prod-dcd-datasets-public-files-eu-west-1.s3.eu-west-1.amazonaws.com/841bd110-0b17-45d0-b720-50b37b0cf8c7
leaf spot,maize_leaf_spot,leaf spot161_.jpg,https://data.mendeley.com/public-files/datasets/bwh3zbpkpv/files/a3952211-d8aa-4379-826a-13c15375fea6/file_downloaded,https://prod-dcd-datasets-public-files-eu-west-1.s3.eu-west-1.amazonaws.com/d492534e-0423-4f40-a6a2-96a5d47f14f1
leaf spot,maize_leaf_spot,leaf spot162_.jpg,https://data.mendeley.com/public-files/datasets/bwh3zbpkpv/files/e8872b3b-a85b-48f0-9706-60ea00298294/file_downloaded,https://prod-dcd-datasets-public-files-eu-west-1.s3.eu-west-1.amazonaws.com/eee89135-bd35-4fe0-8c98-d108f02139b8
leaf spot,maize_leaf_spot,leaf spot163_.jpg,https://data.mendeley.com/public-files/datasets/bwh3zbpkpv/files/62d4cef9-0e40-4cc9-a8fc-1f1d48d7cd1f/file_downloaded,https://prod-dcd-datasets-public-files-eu-west-1.s3.eu-west-1.amazonaws.com/3572fe46-df32-4a36-adc0-4940fd754df8
leaf spot,maize_leaf_spot,leaf spot164_.jpg,https://data.mendeley.com/public-files/datasets/bwh3zbpkpv/files/8f4747a5-fe08-4c2f-894f-8a5f0a5af842/file_downloaded,https://prod-dcd-datasets-public-files-eu-west-1.s3.eu-west-1.amazonaws.com/de2ef641-d0ee-4397-b44c-498817abd564
leaf spot,maize_leaf_spot,leaf spot165_.jpg,https://data.mendeley.com/public-files/datasets/bwh3zbpkpv/files/8989f955-b58b-471a-b06a-4b6a543b20df/file_downloaded,https://prod-dcd-datasets-public-files-eu-west-1.s3.eu-west-1.amazonaws.com/fbf672cf-6a48-415c-954a-1c55a9f93f25
leaf spot,maize_leaf_spot,leaf spot166_.jpg,https://data.mendeley.com/public-files/datasets/bwh3zbpkpv/files/1e65f21c-b2fa-4789-ae78-b67ab755b4de/file_downloaded,https://prod-dcd-datasets-public-files-eu-west-1.s3.eu-west-1.amazonaws.com/9df65bb8-8ac9-4ba0-837f-3aebfc5554bc
leaf spot,maize_leaf_spot,leaf spot167_.jpg,https://data.mendeley.com/public-files/datasets/bwh3zbpkpv/files/454ecb88-87c6-4d96-ac69-6721b78b93e1/file_downloaded,https://prod-dcd-datasets-public-files-eu-west-1.s3.eu-west-1.amazonaws.com/d62b58dc-ee2e-40db-b09d-650c86159a70
leaf spot,maize_leaf_spot,leaf spot168_.jpg,https://data.mendeley.com/public-files/datasets/bwh3zbpkpv/files/03a43473-0de3-43b9-88cc-451d68ed7ea5/file_downloaded,https://prod-dcd-datasets-public-files-eu-west-1.s3.eu-west-1.amazonaws.com/b54bb7e0-83c5-4499-b054-cb1037780e71
leaf spot,maize_leaf_spot,leaf spot169_.jpg,https://data.mendeley.com/public-files/datasets/bwh3zbpkpv/files/0f4a65f5-3670-4bda-a99d-e7aa144fd1ad/file_downloaded,https://prod-dcd-datasets-public-files-eu-west-1.s3.eu-west-1.amazonaws.com/16e8d58d-2b63-44ff-b0ad-b821bdd81958
leaf spot,maize_leaf_spot,leaf spot16_.jpg,https://data.mendeley.com/public-files/datasets/bwh3zbpkpv/files/a8380ecd-c22b-4bc4-8b71-626a87c8107c/file_downloaded,https://prod-dcd-datasets-public-files-eu-west-1.s3.eu-west-1.amazonaws.com/0935c8b9-3e5c-4b4b-ac46-3315257ec85c
leaf spot,maize_leaf_spot,leaf spot170_.jpg,https://data.mendeley.com/public-files/datasets/bwh3zbpkpv/files/71738060-afbc-4d7e-96a9-0ef89721cf01/file_downloaded,https://prod-dcd-datasets-public-files-eu-west-1.s3.eu-west-1.amazonaws.com/a956e818-24dd-4ec4-b132-8bdca5bc370a
leaf spot,maize_leaf_spot,leaf spot171_.jpg,https://data.mendeley.com/public-files/datasets/bwh3zbpkpv/files/a616585d-850f-4b9a-9723-137764bc2d21/file_downloaded,https://prod-dcd-datasets-public-files-eu-west-1.s3.eu-west-1.amazonaws.com/633cf40f-7616-478d-a644-03964a990c72
leaf spot,maize_leaf_spot,leaf spot172_.jpg,https://data.mendeley.com/public-files/datasets/bwh3zbpkpv/files/46994b00-fe04-432e-bcc4-e0f9a6bfd22c/file_downloaded,https://prod-dcd-datasets-public-files-eu-west-1.s3.eu-west-1.amazonaws.com/9c8f9afa-fe76-46b4-a93a-e7b2539f342b
leaf spot,maize_leaf_spot,leaf spot173_.jpg,https://data.mendeley.com/public-files/datasets/bwh3zbpkpv/files/dbfeacb6-0787-4673-a5b7-3e9b6f063312/file_downloaded,https://prod-dcd-datasets-public-files-eu-west-1.s3.eu-west-1.amazonaws.com/a48d66ec-3569-4135-b766-73fff6f29f9d
leaf spot,maize_leaf_spot,leaf spot174_.jpg,https://data.mendeley.com/public-files/datasets/bwh3zbpkpv/files/bd23d976-62d4-4d38-961d-a24b073b1b87/file_downloaded,https://prod-dcd-datasets-public-files-eu-west-1.s3.eu-west-1.amazonaws.com/571a0803-edb4-48a1-b680-586fc1f51c10
leaf spot,maize_leaf_spot,leaf spot175_.jpg,https://data.mendeley.com/public-files/datasets/bwh3zbpkpv/files/3c593116-eb17-4098-8b0b-d3967d5e7661/file_downloaded,https://prod-dcd-datasets-public-files-eu-west-1.s3.eu-west-1.amazonaws.com/54accbb3-6307-44a3-ad55-96bc3d79209d
leaf spot,maize_leaf_spot,leaf spot176_.jpg,https://data.mendeley.com/public-files/datasets/bwh3zbpkpv/files/abebbbe3-46fc-401b-942b-4294422df6d6/file_downloaded,https://prod-dcd-datasets-public-files-eu-west-1.s3.eu-west-1.amazonaws.com/bb05a678-8137-4bb2-a8ab-b61a3425172e
leaf spot,maize_leaf_spot,leaf spot177_.jpg,https://data.mendeley.com/public-files/datasets/bwh3zbpkpv/files/99c8c533-9190-47a7-83d3-fa3513a29810/file_downloaded,https://prod-dcd-datasets-public-files-eu-west-1.s3.eu-west-1.amazonaws.com/7edc13e9-7fd5-48bf-a2b2-a2f600ca0830
leaf spot,maize_leaf_spot,leaf spot178_.jpg,https://data.mendeley.com/public-files/datasets/bwh3zbpkpv/files/2bdbcd27-f71b-41c1-9cde-de5fe8c1ce0c/file_downloaded,https://prod-dcd-datasets-public-files-eu-west-1.s3.eu-west-1.amazonaws.com/65121627-3571-4552-a0c8-0a2bc6504dc7
leaf spot,maize_leaf_spot,leaf spot179_.jpg,https://data.mendeley.com/public-files/datasets/bwh3zbpkpv/files/8a9b0779-a617-452c-89c3-0661c9c4b1be/file_downloaded,https://prod-dcd-datasets-public-files-eu-west-1.s3.eu-west-1.amazonaws.com/a84e4db9-7415-40e0-ac02-07df3e89e304
leaf spot,maize_leaf_spot,leaf spot17_.jpg,https://data.mendeley.com/public-files/datasets/bwh3zbpkpv/files/8dabfb08-092f-42d7-afc6-32401412988b/file_downloaded,https://prod-dcd-datasets-public-files-eu-west-1.s3.eu-west-1.amazonaws.com/1cdfc3d4-41f2-430f-a059-23a396b17247
leaf spot,maize_leaf_spot,leaf spot180_.jpg,https://data.mendeley.com/public-files/datasets/bwh3zbpkpv/files/c4e17ca9-6f5c-4923-b74b-fa3b65ac067c/file_downloaded,https://prod-dcd-datasets-public-files-eu-west-1.s3.eu-west-1.amazonaws.com/c317a91a-4ba5-4a87-925c-9c2d6ab680a1
leaf spot,maize_leaf_spot,leaf spot181_.jpg,https://data.mendeley.com/public-files/datasets/bwh3zbpkpv/files/b45d1417-ea43-416d-81a7-8aae4ec7591a/file_downloaded,https://prod-dcd-datasets-public-files-eu-west-1.s3.eu-west-1.amazonaws.com/75f0491b-19dd-48da-af07-fc25428dedf7
leaf spot,maize_leaf_spot,leaf spot182_.jpg,https://data.mendeley.com/public-files/datasets/bwh3zbpkpv/files/1cfb2f18-5dff-4e03-961c-dd215dfaa330/file_downloaded,https://prod-dcd-datasets-public-files-eu-west-1.s3.eu-west-1.amazonaws.com/252e3592-9afa-4163-8ab0-44ce9b7f92e7
leaf spot,maize_leaf_spot,leaf spot183_.jpg,https://data.mendeley.com/public-files/datasets/bwh3zbpkpv/files/c869fe54-8f3a-4ad2-8f92-b25cdb3e16a1/file_downloaded,https://prod-dcd-datasets-public-files-eu-west-1.s3.eu-west-1.amazonaws.com/a61a2d0d-dc1f-4a5c-a162-2ec946c84d01
leaf spot,maize_leaf_spot,leaf spot184_.jpg,https://data.mendeley.com/public-files/datasets/bwh3zbpkpv/files/7810a239-530a-4205-bcfc-0d8a7df713d8/file_downloaded,https://prod-dcd-datasets-public-files-eu-west-1.s3.eu-west-1.amazonaws.com/d8e9b92e-0bb9-4e9f-aa8a-913ba9a97770
leaf spot,maize_leaf_spot,leaf spot185_.jpg,https://data.mendeley.com/public-files/datasets/bwh3zbpkpv/files/c89ed6e3-5768-4a6c-8e0a-4644e4376ee1/file_downloaded,https://prod-dcd-datasets-public-files-eu-west-1.s3.eu-west-1.amazonaws.com/7d1f52ff-76f9-450c-8945-ff1d7c122b75
leaf spot,maize_leaf_spot,leaf spot186_.jpg,https://data.mendeley.com/public-files/datasets/bwh3zbpkpv/files/5efd5b26-2fed-4814-a166-2f13ca0fe9da/file_downloaded,https://prod-dcd-datasets-public-files-eu-west-1.s3.eu-west-1.amazonaws.com/796110ce-3b4d-4276-aaad-c27356617fbb
leaf spot,maize_leaf_spot,leaf spot187_.jpg,https://data.mendeley.com/public-files/datasets/bwh3zbpkpv/files/2eb03f98-12e6-4769-9eff-22826edc2d2b/file_downloaded,https://prod-dcd-datasets-public-files-eu-west-1.s3.eu-west-1.amazonaws.com/9f9cfe38-84e8-4fca-8f02-b40314bdfb2f
leaf spot,maize_leaf_spot,leaf spot188_.jpg,https://data.mendeley.com/public-files/datasets/bwh3zbpkpv/files/543372a1-554b-462a-bb0a-28382344092b/file_downloaded,https://prod-dcd-datasets-public-files-eu-west-1.s3.eu-west-1.amazonaws.com/68c56cfc-6dae-4e60-888d-c5a2e86725fe
leaf spot,maize_leaf_spot,leaf spot189_.jpg,https://data.mendeley.com/public-files/datasets/bwh3zbpkpv/files/853cedc7-632d-48b5-a673-5da52a370042/file_downloaded,https://prod-dcd-datasets-public-files-eu-west-1.s3.eu-west-1.amazonaws.com/9c96d5b4-2579-4b81-84b6-66799c6e61b4
leaf spot,maize_leaf_spot,leaf spot18_.jpg,https://data.mendeley.com/public-files/datasets/bwh3zbpkpv/files/708b8928-2b14-4311-bd6f-6f082144eb10/file_downloaded,https://prod-dcd-datasets-public-files-eu-west-1.s3.eu-west-1.amazonaws.com/7a56dbf8-cfe9-4b7c-9cf0-ca36fd2d08f1
leaf spot,maize_leaf_spot,leaf spot190_.jpg,https://data.mendeley.com/public-files/datasets/bwh3zbpkpv/files/7dca0a75-e757-4642-81c9-c38f89edc5ed/file_downloaded,https://prod-dcd-datasets-public-files-eu-west-1.s3.eu-west-1.amazonaws.com/d129f98c-46dc-49e9-9375-03f485d39f4d
leaf spot,maize_leaf_spot,leaf spot191_.jpg,https://data.mendeley.com/public-files/datasets/bwh3zbpkpv/files/2beee273-0781-44ee-afaf-28e0a73b739b/file_downloaded,https://prod-dcd-datasets-public-files-eu-west-1.s3.eu-west-1.amazonaws.com/d9a7482f-5a36-47c3-9294-0460e63db65e
leaf spot,maize_leaf_spot,leaf spot192_.jpg,https://data.mendeley.com/public-files/datasets/bwh3zbpkpv/files/17759a51-38ff-4463-8b8c-4e463a62f0f5/file_downloaded,https://prod-dcd-datasets-public-files-eu-west-1.s3.eu-west-1.amazonaws.com/8e0440e7-60dc-4af0-8673-17f48ccde943
leaf spot,maize_leaf_spot,leaf spot193_.jpg,https://data.mendeley.com/public-files/datasets/bwh3zbpkpv/files/5e2076c5-062a-4430-a0e6-c1c49ea358ca/file_downloaded,https://prod-dcd-datasets-public-files-eu-west-1.s3.eu-west-1.amazonaws.com/4abaf932-c17a-4dc5-bdd0-9690265c1efb
leaf spot,maize_leaf_spot,leaf spot194_.jpg,https://data.mendeley.com/public-files/datasets/bwh3zbpkpv/files/1338f85a-6c8f-46bf-8944-01822599a3ec/file_downloaded,https://prod-dcd-datasets-public-files-eu-west-1.s3.eu-west-1.amazonaws.com/055629fc-9f95-4ddf-8706-dbd0c823bf5e
leaf spot,maize_leaf_spot,leaf spot195_.jpg,https://data.mendeley.com/public-files/datasets/bwh3zbpkpv/files/99a60221-e0f1-452d-a593-baca9f96fa25/file_downloaded,https://prod-dcd-datasets-public-files-eu-west-1.s3.eu-west-1.amazonaws.com/8ef83398-b199-423a-ae6b-bc56e91d4544
leaf spot,maize_leaf_spot,leaf spot196_.jpg,https://data.mendeley.com/public-files/datasets/bwh3zbpkpv/files/aa766c62-b626-4fbc-ae9c-fdfc7252bd4d/file_downloaded,https://prod-dcd-datasets-public-files-eu-west-1.s3.eu-west-1.amazonaws.com/e4ca2848-e264-40ee-b91f-17398d61aa13
leaf spot,maize_leaf_spot,leaf spot197_.jpg,https://data.mendeley.com/public-files/datasets/bwh3zbpkpv/files/41ed3bb0-7b06-4201-8e27-9855e8f43665/file_downloaded,https://prod-dcd-datasets-public-files-eu-west-1.s3.eu-west-1.amazonaws.com/27e9f9dc-5832-4435-b499-7b2308fceadd
leaf spot,maize_leaf_spot,leaf spot198_.jpg,https://data.mendeley.com/public-files/datasets/bwh3zbpkpv/files/436c5660-b09d-423d-bef3-e4bbba032a99/file_downloaded,https://prod-dcd-datasets-public-files-eu-west-1.s3.eu-west-1.amazonaws.com/8853d426-4a96-4385-8ab4-793bb8623b2a
leaf spot,maize_leaf_spot,leaf spot199_.jpg,https://data.mendeley.com/public-files/datasets/bwh3zbpkpv/files/fa248515-efd7-4104-9e16-72c7032506ef/file_downloaded,https://prod-dcd-datasets-public-files-eu-west-1.s3.eu-west-1.amazonaws.com/e1ce0781-4c61-4b21-9866-009daf603622
leaf spot,maize_leaf_spot,leaf spot19_.jpg,https://data.mendeley.com/public-files/datasets/bwh3zbpkpv/files/4bcffb40-a6bb-4391-94cc-714a6f5006a0/file_downloaded,https://prod-dcd-datasets-public-files-eu-west-1.s3.eu-west-1.amazonaws.com/d78fcf33-17a4-4d58-9a1e-bccff095d407
leaf spot,maize_leaf_spot,leaf spot200_.jpg,https://data.mendeley.com/public-files/datasets/bwh3zbpkpv/files/9ec272f7-1eb4-469b-9572-acc240790ea0/file_downloaded,https://prod-dcd-datasets-public-files-eu-west-1.s3.eu-west-1.amazonaws.com/28f1abab-ad08-4221-9dd0-3acfb59c82e6
leaf spot,maize_leaf_spot,leaf spot201_.jpg,https://data.mendeley.com/public-files/datasets/bwh3zbpkpv/files/cbfd41ff-2067-4bd1-9166-63a15efc0bc7/file_downloaded,https://prod-dcd-datasets-public-files-eu-west-1.s3.eu-west-1.amazonaws.com/ea056ea7-a494-436c-9f11-bf36a482f8fe
leaf spot,maize_leaf_spot,leaf spot202_.jpg,https://data.mendeley.com/public-files/datasets/bwh3zbpkpv/files/de15ea11-4aa1-4bf7-88b1-09a4c61fba32/file_downloaded,https://prod-dcd-datasets-public-files-eu-west-1.s3.eu-west-1.amazonaws.com/fdb31f7d-f7da-4a47-88cc-e3d65eca7c6a
leaf spot,maize_leaf_spot,leaf spot203_.jpg,https://data.mendeley.com/public-files/datasets/bwh3zbpkpv/files/6600248e-6e13-4747-b2aa-b694a8774391/file_downloaded,https://prod-dcd-datasets-public-files-eu-west-1.s3.eu-west-1.amazonaws.com/61795bf9-d59b-44f0-887c-a62901e3b765
leaf spot,maize_leaf_spot,leaf spot204_.jpg,https://data.mendeley.com/public-files/datasets/bwh3zbpkpv/files/7c8fa888-507c-467a-8412-74fea0ff4053/file_downloaded,https://prod-dcd-datasets-public-files-eu-west-1.s3.eu-west-1.amazonaws.com/8d2ca1b2-68fb-4b16-a678-8f257379b504
leaf spot,maize_leaf_spot,leaf spot205_.jpg,https://data.mendeley.com/public-files/datasets/bwh3zbpkpv/files/66759049-a5b2-4717-9379-f005da694dec/file_downloaded,https://prod-dcd-datasets-public-files-eu-west-1.s3.eu-west-1.amazonaws.com/ef813c86-1bd6-46eb-bf77-b0eb278e51ed
leaf spot,maize_leaf_spot,leaf spot206_.jpg,https://data.mendeley.com/public-files/datasets/bwh3zbpkpv/files/d6858f08-50f8-4739-972f-9d6d293442af/file_downloaded,https://prod-dcd-datasets-public-files-eu-west-1.s3.eu-west-1.amazonaws.com/ead09308-7b42-4e34-95c9-d7d8ab9cce22
leaf spot,maize_leaf_spot,leaf spot207_.jpg,https://data.mendeley.com/public-files/datasets/bwh3zbpkpv/files/f8ab5f5f-f6c3-4aef-8f37-2c908fbb0ac3/file_downloaded,https://prod-dcd-datasets-public-files-eu-west-1.s3.eu-west-1.amazonaws.com/79cd4f26-9f63-4af7-b362-6c7adde3a2dc
leaf spot,maize_leaf_spot,leaf spot208_.jpg,https://data.mendeley.com/public-files/datasets/bwh3zbpkpv/files/11fbe11b-e3ba-4f7b-9489-cf533dc5e422/file_downloaded,https://prod-dcd-datasets-public-files-eu-west-1.s3.eu-west-1.amazonaws.com/cc46746a-2620-4c58-b39b-23fab36b90b1
leaf spot,maize_leaf_spot,leaf spot209_.jpg,https://data.mendeley.com/public-files/datasets/bwh3zbpkpv/files/5f5c108c-9d08-47f7-86fd-9066d566da7b/file_downloaded,https://prod-dcd-datasets-public-files-eu-west-1.s3.eu-west-1.amazonaws.com/51172fe8-0a22-461d-b357-e4b754bbf4ec
leaf spot,maize_leaf_spot,leaf spot20_.jpg,https://data.mendeley.com/public-files/datasets/bwh3zbpkpv/files/88d3f187-5736-4559-9d9c-6db061e36258/file_downloaded,https://prod-dcd-datasets-public-files-eu-west-1.s3.eu-west-1.amazonaws.com/a236c6a6-fa84-4f62-b307-5baef1df8159
leaf spot,maize_leaf_spot,leaf spot210_.jpg,https://data.mendeley.com/public-files/datasets/bwh3zbpkpv/files/97660e1a-8585-4f56-8c5e-dd92166205db/file_downloaded,https://prod-dcd-datasets-public-files-eu-west-1.s3.eu-west-1.amazonaws.com/61149ddb-fb2d-4d9a-a749-94dae144f04c
leaf spot,maize_leaf_spot,leaf spot211_.jpg,https://data.mendeley.com/public-files/datasets/bwh3zbpkpv/files/fdb54f80-a383-4dbc-8c56-39f29a9a209d/file_downloaded,https://prod-dcd-datasets-public-files-eu-west-1.s3.eu-west-1.amazonaws.com/81110621-d2b9-42a4-8367-4f6a77ca7bba
leaf spot,maize_leaf_spot,leaf spot212_.jpg,https://data.mendeley.com/public-files/datasets/bwh3zbpkpv/files/0a51a530-b299-4620-85b7-0576f88ca108/file_downloaded,https://prod-dcd-datasets-public-files-eu-west-1.s3.eu-west-1.amazonaws.com/2991d207-0d0c-414d-82cd-9e1b0fc8371b
leaf spot,maize_leaf_spot,leaf spot213_.jpg,https://data.mendeley.com/public-files/datasets/bwh3zbpkpv/files/e5c7b5cb-103e-47c1-b5a9-2354c02b7197/file_downloaded,https://prod-dcd-datasets-public-files-eu-west-1.s3.eu-west-1.amazonaws.com/6c2bf6ee-5ed8-4bdc-8011-c0448bde6b82
leaf spot,maize_leaf_spot,leaf spot214_.jpg,https://data.mendeley.com/public-files/datasets/bwh3zbpkpv/files/225f3f8c-e0b6-468e-beb5-acda09801582/file_downloaded,https://prod-dcd-datasets-public-files-eu-west-1.s3.eu-west-1.amazonaws.com/e34dc767-2660-40f0-9c9b-953c74c15a35
leaf spot,maize_leaf_spot,leaf spot215_.jpg,https://data.mendeley.com/public-files/datasets/bwh3zbpkpv/files/817e342d-4b0f-4ba3-bd62-2ae781ee3334/file_downloaded,https://prod-dcd-datasets-public-files-eu-west-1.s3.eu-west-1.amazonaws.com/4c8a1733-8bab-43df-b7b6-f1952639e8b4
leaf spot,maize_leaf_spot,leaf spot216_.jpg,https://data.mendeley.com/public-files/datasets/bwh3zbpkpv/files/c866ec5a-2a27-41ec-be58-9c2cf6187b93/file_downloaded,https://prod-dcd-datasets-public-files-eu-west-1.s3.eu-west-1.amazonaws.com/5b251b4e-aad2-44a9-ba7a-c07a1e606cc5
leaf spot,maize_leaf_spot,leaf spot217_.jpg,https://data.mendeley.com/public-files/datasets/bwh3zbpkpv/files/2b8f0b0e-b867-4f92-a563-ef307bf7272e/file_downloaded,https://prod-dcd-datasets-public-files-eu-west-1.s3.eu-west-1.amazonaws.com/cc07d245-f811-430e-9a5f-5d9e5357c2f6
leaf spot,maize_leaf_spot,leaf spot218_.jpg,https://data.mendeley.com/public-files/datasets/bwh3zbpkpv/files/29fcea4c-7579-4cbb-8c8b-f2654216f167/file_downloaded,https://prod-dcd-datasets-public-files-eu-west-1.s3.eu-west-1.amazonaws.com/9152bd05-718c-49e9-a393-92543fcb6c28
leaf spot,maize_leaf_spot,leaf spot219_.jpg,https://data.mendeley.com/public-files/datasets/bwh3zbpkpv/files/4432a47f-f6fd-4186-b849-6c5cbd3a09c6/file_downloaded,https://prod-dcd-datasets-public-files-eu-west-1.s3.eu-west-1.amazonaws.com/34aaf643-a98f-486c-8251-d2ca38107fc9
leaf spot,maize_leaf_spot,leaf spot21_.jpg,https://data.mendeley.com/public-files/datasets/bwh3zbpkpv/files/f49c8054-d05c-4f92-9e3e-809476f4c4ad/file_downloaded,https://prod-dcd-datasets-public-files-eu-west-1.s3.eu-west-1.amazonaws.com/9bcd95f6-1279-4483-8dd2-4779270fda8c
leaf spot,maize_leaf_spot,leaf spot220_.jpg,https://data.mendeley.com/public-files/datasets/bwh3zbpkpv/files/86311b74-32da-4994-bdf4-6395cd4be3bf/file_downloaded,https://prod-dcd-datasets-public-files-eu-west-1.s3.eu-west-1.amazonaws.com/0e31436a-41d4-43a3-b17f-a9998f157c8a
leaf spot,maize_leaf_spot,leaf spot221_.jpg,https://data.mendeley.com/public-files/datasets/bwh3zbpkpv/files/836b010e-37e4-4021-bdb3-cef111b224c9/file_downloaded,https://prod-dcd-datasets-public-files-eu-west-1.s3.eu-west-1.amazonaws.com/09195519-d6d6-46cf-81f1-e50c827917dc
leaf spot,maize_leaf_spot,leaf spot222_.jpg,https://data.mendeley.com/public-files/datasets/bwh3zbpkpv/files/362e87d3-311f-463c-93fb-edbfc0e8213d/file_downloaded,https://prod-dcd-datasets-public-files-eu-west-1.s3.eu-west-1.amazonaws.com/25f7cd5f-cfd4-4df5-ba8d-7c7e1af737c5
leaf spot,maize_leaf_spot,leaf spot223_.jpg,https://data.mendeley.com/public-files/datasets/bwh3zbpkpv/files/d1e371ec-b65f-4fbe-b46d-a97989b31b2b/file_downloaded,https://prod-dcd-datasets-public-files-eu-west-1.s3.eu-west-1.amazonaws.com/4764949c-8b37-44b9-97dd-d22fbf011e2f
leaf spot,maize_leaf_spot,leaf spot224_.jpg,https://data.mendeley.com/public-files/datasets/bwh3zbpkpv/files/4cfa89df-8e70-48bc-82ae-69f9ed7adc81/file_downloaded,https://prod-dcd-datasets-public-files-eu-west-1.s3.eu-west-1.amazonaws.com/ae7a3bb7-3c9c-48c5-a76a-84d1c38196ee
leaf spot,maize_leaf_spot,leaf spot225_.jpg,https://data.mendeley.com/public-files/datasets/bwh3zbpkpv/files/ce27a944-459e-4824-a535-bb69d2ba2d44/file_downloaded,https://prod-dcd-datasets-public-files-eu-west-1.s3.eu-west-1.amazonaws.com/fa4a893b-2ef0-45e3-ac52-4f6bd9809b8b
leaf spot,maize_leaf_spot,leaf spot226_.jpg,https://data.mendeley.com/public-files/datasets/bwh3zbpkpv/files/74ea9e48-73be-4b74-805b-ade82dd28be2/file_downloaded,https://prod-dcd-datasets-public-files-eu-west-1.s3.eu-west-1.amazonaws.com/b63e8bd5-342d-4291-b79a-6a8ad61e8894
leaf spot,maize_leaf_spot,leaf spot227_.jpg,https://data.mendeley.com/public-files/datasets/bwh3zbpkpv/files/44debb5b-da4c-42fb-a67c-571d9b381854/file_downloaded,https://prod-dcd-datasets-public-files-eu-west-1.s3.eu-west-1.amazonaws.com/20d36429-90ba-44c6-8943-b8fe6886e803
leaf spot,maize_leaf_spot,leaf spot228_.jpg,https://data.mendeley.com/public-files/datasets/bwh3zbpkpv/files/c2b3502f-e9e4-4453-8211-ed5371e2d660/file_downloaded,https://prod-dcd-datasets-public-files-eu-west-1.s3.eu-west-1.amazonaws.com/85f3abe0-14ab-4d33-bad1-20a6723a2b8c
leaf spot,maize_leaf_spot,leaf spot229_.jpg,https://data.mendeley.com/public-files/datasets/bwh3zbpkpv/files/f2ddaa36-2458-44d9-aa9b-17ef23dd198c/file_downloaded,https://prod-dcd-datasets-public-files-eu-west-1.s3.eu-west-1.amazonaws.com/bec94809-b971-477e-a92c-17273b8f5395
leaf spot,maize_leaf_spot,leaf spot22_.jpg,https://data.mendeley.com/public-files/datasets/bwh3zbpkpv/files/1a3e27f2-9054-4682-998c-7dd24a361b2d/file_downloaded,https://prod-dcd-datasets-public-files-eu-west-1.s3.eu-west-1.amazonaws.com/bffcaf11-ec71-4a02-a614-98cbfd4f35e2
leaf spot,maize_leaf_spot,leaf spot230_.jpg,https://data.mendeley.com/public-files/datasets/bwh3zbpkpv/files/d14a7230-f1c7-4e16-95b7-e505d26b877c/file_downloaded,https://prod-dcd-datasets-public-files-eu-west-1.s3.eu-west-1.amazonaws.com/a22af1d6-07a3-41e3-9b84-73dab2c251df
leaf spot,maize_leaf_spot,leaf spot231_.jpg,https://data.mendeley.com/public-files/datasets/bwh3zbpkpv/files/36c88788-8814-43ab-86bd-789b2a83f7d4/file_downloaded,https://prod-dcd-datasets-public-files-eu-west-1.s3.eu-west-1.amazonaws.com/1e3f8bc2-5f2f-40a4-9d2a-283fc3c2607a
leaf spot,maize_leaf_spot,leaf spot232_.jpg,https://data.mendeley.com/public-files/datasets/bwh3zbpkpv/files/fc913de5-7bd6-42c4-b86c-1607d1b7f0e9/file_downloaded,https://prod-dcd-datasets-public-files-eu-west-1.s3.eu-west-1.amazonaws.com/0586da33-21e1-4e0f-8d8c-dd1ff4802c19
leaf spot,maize_leaf_spot,leaf spot233_.jpg,https://data.mendeley.com/public-files/datasets/bwh3zbpkpv/files/7ddbd3a4-80bd-4b50-a200-bdc977ed12b5/file_downloaded,https://prod-dcd-datasets-public-files-eu-west-1.s3.eu-west-1.amazonaws.com/78e65b9f-dd85-47c8-912e-3909b8839c97
leaf spot,maize_leaf_spot,leaf spot234_.jpg,https://data.mendeley.com/public-files/datasets/bwh3zbpkpv/files/e5c3d242-dc26-4722-9fe1-719fa0ec7083/file_downloaded,https://prod-dcd-datasets-public-files-eu-west-1.s3.eu-west-1.amazonaws.com/b63abcbd-baad-4d97-b4e5-d4a1c3ee1092
leaf spot,maize_leaf_spot,leaf spot235_.jpg,https://data.mendeley.com/public-files/datasets/bwh3zbpkpv/files/e1e49d2e-249c-4a98-b9ae-f1f860e12fec/file_downloaded,https://prod-dcd-datasets-public-files-eu-west-1.s3.eu-west-1.amazonaws.com/d2522376-31e7-4537-8dc6-0316915085b7
leaf spot,maize_leaf_spot,leaf spot236_.jpg,https://data.mendeley.com/public-files/datasets/bwh3zbpkpv/files/daf59f0c-33c1-4c15-80da-87d965d10b87/file_downloaded,https://prod-dcd-datasets-public-files-eu-west-1.s3.eu-west-1.amazonaws.com/d1155d36-695a-47a4-9bf5-cac3a73338bf
leaf spot,maize_leaf_spot,leaf spot237_.jpg,https://data.mendeley.com/public-files/datasets/bwh3zbpkpv/files/5fac72c6-a45c-4f5c-b101-f88d8302b443/file_downloaded,https://prod-dcd-datasets-public-files-eu-west-1.s3.eu-west-1.amazonaws.com/7363342b-0586-4c47-a926-23dceafca543
leaf spot,maize_leaf_spot,leaf spot238_.jpg,https://data.mendeley.com/public-files/datasets/bwh3zbpkpv/files/5082e1bf-b12e-42da-9486-19bb08e5455b/file_downloaded,https://prod-dcd-datasets-public-files-eu-west-1.s3.eu-west-1.amazonaws.com/78c7b836-632d-43fb-8722-08ebc5311fbd
leaf spot,maize_leaf_spot,leaf spot239_.jpg,https://data.mendeley.com/public-files/datasets/bwh3zbpkpv/files/64de4db6-8107-4018-bab4-8d1dcd7ff115/file_downloaded,https://prod-dcd-datasets-public-files-eu-west-1.s3.eu-west-1.amazonaws.com/a25a6fa7-297a-453e-ab02-21ab64e022e8
leaf spot,maize_leaf_spot,leaf spot23_.jpg,https://data.mendeley.com/public-files/datasets/bwh3zbpkpv/files/0b31e9cc-6ffc-45ee-a0f3-4c3accb8d7f8/file_downloaded,https://prod-dcd-datasets-public-files-eu-west-1.s3.eu-west-1.amazonaws.com/92166136-3a41-4194-b796-b0d98885b832
leaf spot,maize_leaf_spot,leaf spot240_.jpg,https://data.mendeley.com/public-files/datasets/bwh3zbpkpv/files/d1076879-c678-4648-8bdd-437080ab3e63/file_downloaded,https://prod-dcd-datasets-public-files-eu-west-1.s3.eu-west-1.amazonaws.com/0e9fda9a-5fc3-4851-91b3-4fefb73ad847
leaf spot,maize_leaf_spot,leaf spot241_.jpg,https://data.mendeley.com/public-files/datasets/bwh3zbpkpv/files/61df1b56-f989-4041-b57a-67d73b700187/file_downloaded,https://prod-dcd-datasets-public-files-eu-west-1.s3.eu-west-1.amazonaws.com/553b46cc-ebe5-4b1c-8869-1fcb7cfbf74a
leaf spot,maize_leaf_spot,leaf spot242_.jpg,https://data.mendeley.com/public-files/datasets/bwh3zbpkpv/files/47e8799f-1593-4a0b-86f6-3db01ce328a3/file_downloaded,https://prod-dcd-datasets-public-files-eu-west-1.s3.eu-west-1.amazonaws.com/d1acf3ad-30fc-4e04-a7cc-ae7f9fccfd46
leaf spot,maize_leaf_spot,leaf spot243_.jpg,https://data.mendeley.com/public-files/datasets/bwh3zbpkpv/files/62be6c82-a12d-4935-87dc-c4f128b9a067/file_downloaded,https://prod-dcd-datasets-public-files-eu-west-1.s3.eu-west-1.amazonaws.com/3ce41100-bb39-4168-8382-dcbc02647891
leaf spot,maize_leaf_spot,leaf spot244_.jpg,https://data.mendeley.com/public-files/datasets/bwh3zbpkpv/files/c4b5acba-d56a-4439-8285-ca4c7c608930/file_downloaded,https://prod-dcd-datasets-public-files-eu-west-1.s3.eu-west-1.amazonaws.com/a01b9c62-5d0b-4dd4-bad7-887477b5971d
leaf spot,maize_leaf_spot,leaf spot245_.jpg,https://data.mendeley.com/public-files/datasets/bwh3zbpkpv/files/4e1b9696-1557-4cc6-b0c9-4f41d0e689e4/file_downloaded,https://prod-dcd-datasets-public-files-eu-west-1.s3.eu-west-1.amazonaws.com/71330e6d-fc90-4678-ada1-f3e7b9aedfb8
leaf spot,maize_leaf_spot,leaf spot246_.jpg,https://data.mendeley.com/public-files/datasets/bwh3zbpkpv/files/29e0d09a-8e7f-41cf-b414-ccc7939a0bbe/file_downloaded,https://prod-dcd-datasets-public-files-eu-west-1.s3.eu-west-1.amazonaws.com/bb83a7eb-a1cd-402d-8ad0-ee2d37d37200
leaf spot,maize_leaf_spot,leaf spot247_.jpg,https://data.mendeley.com/public-files/datasets/bwh3zbpkpv/files/1ec7af14-7195-4a13-be64-ca83bf3509a1/file_downloaded,https://prod-dcd-datasets-public-files-eu-west-1.s3.eu-west-1.amazonaws.com/e28c3015-5c17-4369-a23d-20b082750572
leaf spot,maize_leaf_spot,leaf spot248_.jpg,https://data.mendeley.com/public-files/datasets/bwh3zbpkpv/files/80873f3e-8f11-448e-81eb-2dc55a0570eb/file_downloaded,https://prod-dcd-datasets-public-files-eu-west-1.s3.eu-west-1.amazonaws.com/5322ccb0-e703-4897-bfe6-dff4ca01c5a0
leaf spot,maize_leaf_spot,leaf spot249_.jpg,https://data.mendeley.com/public-files/datasets/bwh3zbpkpv/files/0a67c68a-4f15-4255-8991-927732ab60a8/file_downloaded,https://prod-dcd-datasets-public-files-eu-west-1.s3.eu-west-1.amazonaws.com/8b0e68a2-daf6-41ed-812d-06d286deb0f7
leaf spot,maize_leaf_spot,leaf spot24_.jpg,https://data.mendeley.com/public-files/datasets/bwh3zbpkpv/files/f16589de-8617-43c8-80ef-a3460871e359/file_downloaded,https://prod-dcd-datasets-public-files-eu-west-1.s3.eu-west-1.amazonaws.com/9d9efcba-5f3f-446c-a27b-665a150cfe66
leaf spot,maize_leaf_spot,leaf spot250_.jpg,https://data.mendeley.com/public-files/datasets/bwh3zbpkpv/files/145ab5c4-a516-4903-b15b-959ad7ddb048/file_downloaded,https://prod-dcd-datasets-public-files-eu-west-1.s3.eu-west-1.amazonaws.com/59755e63-fc5b-4c69-bc69-d8939c59b447
leaf spot,maize_leaf_spot,leaf spot251_.jpg,https://data.mendeley.com/public-files/datasets/bwh3zbpkpv/files/413bbe0b-04af-41a7-bf01-ebb957b949cc/file_downloaded,https://prod-dcd-datasets-public-files-eu-west-1.s3.eu-west-1.amazonaws.com/3d5b247a-4474-4379-a5b7-921a4156e18c
leaf spot,maize_leaf_spot,leaf spot252_.jpg,https://data.mendeley.com/public-files/datasets/bwh3zbpkpv/files/d1f9d147-07ec-4c62-967a-bed8075a873e/file_downloaded,https://prod-dcd-datasets-public-files-eu-west-1.s3.eu-west-1.amazonaws.com/701f4ad3-8032-411f-b040-1b5678122cd1
leaf spot,maize_leaf_spot,leaf spot253_.jpg,https://data.mendeley.com/public-files/datasets/bwh3zbpkpv/files/001b7068-4f2d-4543-bbb3-d80964b5235f/file_downloaded,https://prod-dcd-datasets-public-files-eu-west-1.s3.eu-west-1.amazonaws.com/b1d44f54-a96f-4caf-b5ba-0853d3fc1cbe
leaf spot,maize_leaf_spot,leaf spot254_.jpg,https://data.mendeley.com/public-files/datasets/bwh3zbpkpv/files/c6920d53-da38-493b-ae7c-2c686fd9cc12/file_downloaded,https://prod-dcd-datasets-public-files-eu-west-1.s3.eu-west-1.amazonaws.com/98cf91c2-7a11-428e-989c-c28dc192244d
leaf spot,maize_leaf_spot,leaf spot255_.jpg,https://data.mendeley.com/public-files/datasets/bwh3zbpkpv/files/26dc6d71-c2b9-4a64-a61a-74aab2a365a7/file_downloaded,https://prod-dcd-datasets-public-files-eu-west-1.s3.eu-west-1.amazonaws.com/0ccc78b0-5c48-4ca8-8e06-1a2ca7089126
leaf spot,maize_leaf_spot,leaf spot256_.jpg,https://data.mendeley.com/public-files/datasets/bwh3zbpkpv/files/1013dec6-c415-480e-b496-76d3e68e1419/file_downloaded,https://prod-dcd-datasets-public-files-eu-west-1.s3.eu-west-1.amazonaws.com/1621f609-cff3-4f47-a574-a48029d975a4
leaf spot,maize_leaf_spot,leaf spot257_.jpg,https://data.mendeley.com/public-files/datasets/bwh3zbpkpv/files/98ca50b5-683b-4183-9326-324156842128/file_downloaded,https://prod-dcd-datasets-public-files-eu-west-1.s3.eu-west-1.amazonaws.com/4102b83d-e628-4a28-b48b-4aaf385eedf3
leaf spot,maize_leaf_spot,leaf spot258_.jpg,https://data.mendeley.com/public-files/datasets/bwh3zbpkpv/files/dc850557-9177-43e6-9d8e-5b9e36fa1557/file_downloaded,https://prod-dcd-datasets-public-files-eu-west-1.s3.eu-west-1.amazonaws.com/e537f7b2-bb72-43ea-a11c-686897cefe98
leaf spot,maize_leaf_spot,leaf spot259_.jpg,https://data.mendeley.com/public-files/datasets/bwh3zbpkpv/files/ca58ad2a-ca69-40cc-86ef-8f8997d3bb6d/file_downloaded,https://prod-dcd-datasets-public-files-eu-west-1.s3.eu-west-1.amazonaws.com/bdda6f31-d544-4eb1-b9e6-578c6fbc32fb
leaf spot,maize_leaf_spot,leaf spot25_.jpg,https://data.mendeley.com/public-files/datasets/bwh3zbpkpv/files/a00d4b8b-d917-49a4-ba3f-d649538ece03/file_downloaded,https://prod-dcd-datasets-public-files-eu-west-1.s3.eu-west-1.amazonaws.com/527984cb-9f86-4d44-bf81-c2b15efc277f
leaf spot,maize_leaf_spot,leaf spot260_.jpg,https://data.mendeley.com/public-files/datasets/bwh3zbpkpv/files/a87db6b0-a22c-487e-ad72-bcd2ef8867f2/file_downloaded,https://prod-dcd-datasets-public-files-eu-west-1.s3.eu-west-1.amazonaws.com/80ab4a5c-f01c-42c8-a51d-d11904d50242
leaf spot,maize_leaf_spot,leaf spot261_.jpg,https://data.mendeley.com/public-files/datasets/bwh3zbpkpv/files/aa48f044-3272-40dd-9390-a218967e8e6c/file_downloaded,https://prod-dcd-datasets-public-files-eu-west-1.s3.eu-west-1.amazonaws.com/b00bf421-368a-42c9-847c-6298978f1812
leaf spot,maize_leaf_spot,leaf spot262_.jpg,https://data.mendeley.com/public-files/datasets/bwh3zbpkpv/files/150b89f7-79a1-4518-a241-045d2f5fb7ed/file_downloaded,https://prod-dcd-datasets-public-files-eu-west-1.s3.eu-west-1.amazonaws.com/973a2093-565a-45b3-b02a-d3dc6c6470e1
leaf spot,maize_leaf_spot,leaf spot263_.jpg,https://data.mendeley.com/public-files/datasets/bwh3zbpkpv/files/adbf7eee-a02e-4ba1-a35d-eb7aaea7c171/file_downloaded,https://prod-dcd-datasets-public-files-eu-west-1.s3.eu-west-1.amazonaws.com/367eb4c0-26da-4f7c-b5c5-c54e6a097a57
leaf spot,maize_leaf_spot,leaf spot264_.jpg,https://data.mendeley.com/public-files/datasets/bwh3zbpkpv/files/64c1473c-a6e5-49a7-9c8a-459d58f1f879/file_downloaded,https://prod-dcd-datasets-public-files-eu-west-1.s3.eu-west-1.amazonaws.com/8cc49ed5-2be2-4394-8c74-c2b637e400c5
leaf spot,maize_leaf_spot,leaf spot265_.jpg,https://data.mendeley.com/public-files/datasets/bwh3zbpkpv/files/9fa2974a-4cd5-4e1d-b287-64a054c159fe/file_downloaded,https://prod-dcd-datasets-public-files-eu-west-1.s3.eu-west-1.amazonaws.com/f2295fb9-5b87-4db4-8a08-449efc5d8a93
leaf spot,maize_leaf_spot,leaf spot266_.jpg,https://data.mendeley.com/public-files/datasets/bwh3zbpkpv/files/3ae8d404-b921-4fb5-b27a-f836e182144c/file_downloaded,https://prod-dcd-datasets-public-files-eu-west-1.s3.eu-west-1.amazonaws.com/c1bf58af-d7f0-4b71-ae62-7ee5bc139fc2
leaf spot,maize_leaf_spot,leaf spot267_.jpg,https://data.mendeley.com/public-files/datasets/bwh3zbpkpv/files/89652635-a3ca-4d5a-b8b1-661496fda53e/file_downloaded,https://prod-dcd-datasets-public-files-eu-west-1.s3.eu-west-1.amazonaws.com/4d5007f5-ec07-455a-aa3d-00605064596f
leaf spot,maize_leaf_spot,leaf spot268_.jpg,https://data.mendeley.com/public-files/datasets/bwh3zbpkpv/files/bb740a3f-8c54-4fb2-a87b-b9c3ba24ce2e/file_downloaded,https://prod-dcd-datasets-public-files-eu-west-1.s3.eu-west-1.amazonaws.com/d60d64ee-3e00-457a-966b-9ca95393db2b
leaf spot,maize_leaf_spot,leaf spot269_.jpg,https://data.mendeley.com/public-files/datasets/bwh3zbpkpv/files/d032eba8-1cda-4107-a87a-07750c8b3aa6/file_downloaded,https://prod-dcd-datasets-public-files-eu-west-1.s3.eu-west-1.amazonaws.com/783f4e36-72b0-4fac-9dea-4f2ddf493713
leaf spot,maize_leaf_spot,leaf spot26_.jpg,https://data.mendeley.com/public-files/datasets/bwh3zbpkpv/files/31c652e2-8c43-48c8-b424-e35afb3c4680/file_downloaded,https://prod-dcd-datasets-public-files-eu-west-1.s3.eu-west-1.amazonaws.com/13544d63-4cba-4d0a-8053-4f66a2af502a
leaf spot,maize_leaf_spot,leaf spot270_.jpg,https://data.mendeley.com/public-files/datasets/bwh3zbpkpv/files/2e69ed70-705a-4f17-b571-e9ff94b1c553/file_downloaded,https://prod-dcd-datasets-public-files-eu-west-1.s3.eu-west-1.amazonaws.com/e1ae0853-c210-41f5-8dc0-c02698f56fef
leaf spot,maize_leaf_spot,leaf spot271_.jpg,https://data.mendeley.com/public-files/datasets/bwh3zbpkpv/files/5bd14209-448e-4140-aee9-c458d19e9b1d/file_downloaded,https://prod-dcd-datasets-public-files-eu-west-1.s3.eu-west-1.amazonaws.com/83d1576d-0d99-4086-92c8-e7a1334475fd
leaf spot,maize_leaf_spot,leaf spot272_.jpg,https://data.mendeley.com/public-files/datasets/bwh3zbpkpv/files/9a0cb868-1c46-430c-8d9f-2c74ac929909/file_downloaded,https://prod-dcd-datasets-public-files-eu-west-1.s3.eu-west-1.amazonaws.com/b67a513e-4f70-4761-88c4-6abd422a8083
leaf spot,maize_leaf_spot,leaf spot273_.jpg,https://data.mendeley.com/public-files/datasets/bwh3zbpkpv/files/462e2943-f2aa-45bc-853f-90aece235f56/file_downloaded,https://prod-dcd-datasets-public-files-eu-west-1.s3.eu-west-1.amazonaws.com/0f4421d7-7c79-4c25-83dc-de35bb0f448f
leaf spot,maize_leaf_spot,leaf spot274_.jpg,https://data.mendeley.com/public-files/datasets/bwh3zbpkpv/files/d2931f89-d610-4cc9-abef-a285be617de9/file_downloaded,https://prod-dcd-datasets-public-files-eu-west-1.s3.eu-west-1.amazonaws.com/d93a9cc3-2db1-4d01-a7f6-aeff500409e3
leaf spot,maize_leaf_spot,leaf spot275_.jpg,https://data.mendeley.com/public-files/datasets/bwh3zbpkpv/files/104531fb-6a19-4ed2-8a4e-6d20b69479b5/file_downloaded,https://prod-dcd-datasets-public-files-eu-west-1.s3.eu-west-1.amazonaws.com/c993cb2b-4b8e-44de-aacd-6cc128e2f71c
leaf spot,maize_leaf_spot,leaf spot276_.jpg,https://data.mendeley.com/public-files/datasets/bwh3zbpkpv/files/af60b963-34ab-4201-a0ae-3bc7768676be/file_downloaded,https://prod-dcd-datasets-public-files-eu-west-1.s3.eu-west-1.amazonaws.com/f38e9b53-6b8f-4186-baa6-e6a37481909c
leaf spot,maize_leaf_spot,leaf spot277_.jpg,https://data.mendeley.com/public-files/datasets/bwh3zbpkpv/files/ede2183e-4e0d-4adb-8df1-ffbc5a0df3ca/file_downloaded,https://prod-dcd-datasets-public-files-eu-west-1.s3.eu-west-1.amazonaws.com/eb78e55b-505c-437b-9959-35ef6e33a676
leaf spot,maize_leaf_spot,leaf spot278_.jpg,https://data.mendeley.com/public-files/datasets/bwh3zbpkpv/files/a3c9c638-a7fd-4c5c-ac04-6f8d766519d3/file_downloaded,https://prod-dcd-datasets-public-files-eu-west-1.s3.eu-west-1.amazonaws.com/34cf0e52-8dba-4b9c-8f18-3325ec99a32f
leaf spot,maize_leaf_spot,leaf spot279_.jpg,https://data.mendeley.com/public-files/datasets/bwh3zbpkpv/files/0d75f8e1-d749-4186-b2cb-f7e2dbef6aa8/file_downloaded,https://prod-dcd-datasets-public-files-eu-west-1.s3.eu-west-1.amazonaws.com/dd4d5c99-34a3-4873-a7df-561ef3f5f28d
leaf spot,maize_leaf_spot,leaf spot27_.jpg,https://data.mendeley.com/public-files/datasets/bwh3zbpkpv/files/c18573cd-34c9-4011-b503-a6a7f4872aaf/file_downloaded,https://prod-dcd-datasets-public-files-eu-west-1.s3.eu-west-1.amazonaws.com/915e6579-2d0e-4457-97f8-6151d9c28e86
leaf spot,maize_leaf_spot,leaf spot280_.jpg,https://data.mendeley.com/public-files/datasets/bwh3zbpkpv/files/435b3091-ac8e-41fc-8520-0be4fd4ee7ba/file_downloaded,https://prod-dcd-datasets-public-files-eu-west-1.s3.eu-west-1.amazonaws.com/18b43615-25c0-4aa1-bb66-001fc1d47ec1
leaf spot,maize_leaf_spot,leaf spot281_.jpg,https://data.mendeley.com/public-files/datasets/bwh3zbpkpv/files/62bc15c8-4fe5-4c60-9411-130744243821/file_downloaded,https://prod-dcd-datasets-public-files-eu-west-1.s3.eu-west-1.amazonaws.com/28e5c7fa-1776-495f-80c8-fd60af8e94c6
leaf spot,maize_leaf_spot,leaf spot282_.jpg,https://data.mendeley.com/public-files/datasets/bwh3zbpkpv/files/5142c75f-2414-4c2d-addf-22946592428e/file_downloaded,https://prod-dcd-datasets-public-files-eu-west-1.s3.eu-west-1.amazonaws.com/2398a149-eacd-4304-9680-10986f5997a4
leaf spot,maize_leaf_spot,leaf spot283_.jpg,https://data.mendeley.com/public-files/datasets/bwh3zbpkpv/files/56d8ca5c-a9e4-45cb-ac27-f53e2795c180/file_downloaded,https://prod-dcd-datasets-public-files-eu-west-1.s3.eu-west-1.amazonaws.com/abb80411-d926-4b02-b117-ed832530fc17
leaf spot,maize_leaf_spot,leaf spot284_.jpg,https://data.mendeley.com/public-files/datasets/bwh3zbpkpv/files/5ead655c-e8ec-4e3c-b25a-686d46e5f666/file_downloaded,https://prod-dcd-datasets-public-files-eu-west-1.s3.eu-west-1.amazonaws.com/81500b1a-e036-4b09-9080-bb297ff125fc
leaf spot,maize_leaf_spot,leaf spot285_.jpg,https://data.mendeley.com/public-files/datasets/bwh3zbpkpv/files/8f13ceaf-7cff-4ab5-98c0-aec28b07d3c8/file_downloaded,https://prod-dcd-datasets-public-files-eu-west-1.s3.eu-west-1.amazonaws.com/b8d9b279-309a-4ba5-bc1a-0cb8fae816a7
leaf spot,maize_leaf_spot,leaf spot286_.jpg,https://data.mendeley.com/public-files/datasets/bwh3zbpkpv/files/29d7e70c-609e-44f8-8702-14e6369d3845/file_downloaded,https://prod-dcd-datasets-public-files-eu-west-1.s3.eu-west-1.amazonaws.com/9e947b72-6446-45a7-b2cc-1c0259c69224
leaf spot,maize_leaf_spot,leaf spot287_.jpg,https://data.mendeley.com/public-files/datasets/bwh3zbpkpv/files/dcf352cb-13bf-4b79-93e5-9d1be8d224e0/file_downloaded,https://prod-dcd-datasets-public-files-eu-west-1.s3.eu-west-1.amazonaws.com/329f7e33-6e9a-4c5f-a2b4-b082b812a72c
leaf spot,maize_leaf_spot,leaf spot288_.jpg,https://data.mendeley.com/public-files/datasets/bwh3zbpkpv/files/bdfbb259-f89d-49f1-8d4a-4df0d191e8b4/file_downloaded,https://prod-dcd-datasets-public-files-eu-west-1.s3.eu-west-1.amazonaws.com/6ffce201-e549-49df-a378-de76e24a84d4
leaf spot,maize_leaf_spot,leaf spot289_.jpg,https://data.mendeley.com/public-files/datasets/bwh3zbpkpv/files/b8a2862d-2162-4aae-abc1-4334b070a6ca/file_downloaded,https://prod-dcd-datasets-public-files-eu-west-1.s3.eu-west-1.amazonaws.com/20b7b9f3-410f-40e6-b3ea-17af776e7a50
leaf spot,maize_leaf_spot,leaf spot28_.jpg,https://data.mendeley.com/public-files/datasets/bwh3zbpkpv/files/c58c343b-0c74-416e-96c3-d8dfc9a8b555/file_downloaded,https://prod-dcd-datasets-public-files-eu-west-1.s3.eu-west-1.amazonaws.com/ce2244f5-4494-4c82-bc3d-eef76586d5ed
leaf spot,maize_leaf_spot,leaf spot290_.jpg,https://data.mendeley.com/public-files/datasets/bwh3zbpkpv/files/9b5d01bd-f8bb-4341-853a-ef98f67c8d8c/file_downloaded,https://prod-dcd-datasets-public-files-eu-west-1.s3.eu-west-1.amazonaws.com/8059a330-e463-4c15-a3a7-687d33048a01
leaf spot,maize_leaf_spot,leaf spot291_.jpg,https://data.mendeley.com/public-files/datasets/bwh3zbpkpv/files/e6ab1bea-9104-487c-bb5e-a4cb345d77bc/file_downloaded,https://prod-dcd-datasets-public-files-eu-west-1.s3.eu-west-1.amazonaws.com/cefe24ef-b8e3-4be9-ad2c-14377ba2261b
leaf spot,maize_leaf_spot,leaf spot292_.jpg,https://data.mendeley.com/public-files/datasets/bwh3zbpkpv/files/90230db2-12a7-420a-a3b3-4d1e1f16c3eb/file_downloaded,https://prod-dcd-datasets-public-files-eu-west-1.s3.eu-west-1.amazonaws.com/97da045b-dc25-4e9c-86d3-1f9700d15794
leaf spot,maize_leaf_spot,leaf spot293_.jpg,https://data.mendeley.com/public-files/datasets/bwh3zbpkpv/files/8cfb5e65-0baf-4577-a738-4a94f7c9bc91/file_downloaded,https://prod-dcd-datasets-public-files-eu-west-1.s3.eu-west-1.amazonaws.com/cabcafdb-e886-4883-9781-ce775f34dbee
leaf spot,maize_leaf_spot,leaf spot294_.jpg,https://data.mendeley.com/public-files/datasets/bwh3zbpkpv/files/3ea7d5df-df72-4269-849b-a8bf1caed866/file_downloaded,https://prod-dcd-datasets-public-files-eu-west-1.s3.eu-west-1.amazonaws.com/4c742655-3d91-474c-a476-78756c7bf207
leaf spot,maize_leaf_spot,leaf spot295_.jpg,https://data.mendeley.com/public-files/datasets/bwh3zbpkpv/files/c8cca6e6-33fc-460f-8dc3-00c4c8fb3133/file_downloaded,https://prod-dcd-datasets-public-files-eu-west-1.s3.eu-west-1.amazonaws.com/9da41698-86dc-4b25-b9e3-a494dbe89089
leaf spot,maize_leaf_spot,leaf spot296_.jpg,https://data.mendeley.com/public-files/datasets/bwh3zbpkpv/files/4d6f4292-1726-406f-9234-529eb51dc91a/file_downloaded,https://prod-dcd-datasets-public-files-eu-west-1.s3.eu-west-1.amazonaws.com/d41d0b99-4a6e-45f1-a406-31faeb0a05c2
leaf spot,maize_leaf_spot,leaf spot297_.jpg,https://data.mendeley.com/public-files/datasets/bwh3zbpkpv/files/b928a24c-d758-4051-9de6-ce0c4403f55a/file_downloaded,https://prod-dcd-datasets-public-files-eu-west-1.s3.eu-west-1.amazonaws.com/f765b4d5-e7a5-4022-b74e-e14fc964cc96
leaf spot,maize_leaf_spot,leaf spot298_.jpg,https://data.mendeley.com/public-files/datasets/bwh3zbpkpv/files/0e8e45ec-0519-4c00-8c4b-72d8aa60be7e/file_downloaded,https://prod-dcd-datasets-public-files-eu-west-1.s3.eu-west-1.amazonaws.com/c757ebee-d3cf-42c0-9e91-874425b0cd17
leaf spot,maize_leaf_spot,leaf spot299_.jpg,https://data.mendeley.com/public-files/datasets/bwh3zbpkpv/files/294aff99-9bd2-43d1-8dcb-b69a21ada389/file_downloaded,https://prod-dcd-datasets-public-files-eu-west-1.s3.eu-west-1.amazonaws.com/24008a86-6649-441c-b8ac-f8f1247b6e07
leaf spot,maize_leaf_spot,leaf spot29_.jpg,https://data.mendeley.com/public-files/datasets/bwh3zbpkpv/files/de4aeb99-a5d6-43de-b936-fb73c27138ca/file_downloaded,https://prod-dcd-datasets-public-files-eu-west-1.s3.eu-west-1.amazonaws.com/e6c27bbf-836a-4d34-b57f-02f8bcd95955
leaf spot,maize_leaf_spot,leaf spot2_.jpg,https://data.mendeley.com/public-files/datasets/bwh3zbpkpv/files/12c1b779-49b3-4927-a3cd-ce603af9bb99/file_downloaded,https://prod-dcd-datasets-public-files-eu-west-1.s3.eu-west-1.amazonaws.com/f8817dff-2ffa-4785-93c5-79f84397646e
leaf spot,maize_leaf_spot,leaf spot300_.jpg,https://data.mendeley.com/public-files/datasets/bwh3zbpkpv/files/e356a59f-228c-49d9-943d-b693526f2b33/file_downloaded,https://prod-dcd-datasets-public-files-eu-west-1.s3.eu-west-1.amazonaws.com/ea18579d-6f60-4ebe-ba47-a8494915922a
leaf spot,maize_leaf_spot,leaf spot301_.jpg,https://data.mendeley.com/public-files/datasets/bwh3zbpkpv/files/ae72a418-08bc-4e7c-a6c3-66d5863441a6/file_downloaded,https://prod-dcd-datasets-public-files-eu-west-1.s3.eu-west-1.amazonaws.com/93d2aa72-4144-47bc-b35e-49364d51ca6c
leaf spot,maize_leaf_spot,leaf spot302_.jpg,https://data.mendeley.com/public-files/datasets/bwh3zbpkpv/files/81a0f3b8-ba57-49df-9bed-0b454793e86e/file_downloaded,https://prod-dcd-datasets-public-files-eu-west-1.s3.eu-west-1.amazonaws.com/d6112127-d7f0-461b-8f79-7c8d66eb77d4
leaf spot,maize_leaf_spot,leaf spot303_.jpg,https://data.mendeley.com/public-files/datasets/bwh3zbpkpv/files/bb7b1242-f4cb-43ca-84f5-95df17187920/file_downloaded,https://prod-dcd-datasets-public-files-eu-west-1.s3.eu-west-1.amazonaws.com/3842b7a8-8b62-4c37-aa47-4063354376c2
leaf spot,maize_leaf_spot,leaf spot304_.jpg,https://data.mendeley.com/public-files/datasets/bwh3zbpkpv/files/9e34749b-3dc8-4275-93a8-f5d4a92c77a1/file_downloaded,https://prod-dcd-datasets-public-files-eu-west-1.s3.eu-west-1.amazonaws.com/6cdbae7f-82fb-4f55-a037-92d74db6b3cb
leaf spot,maize_leaf_spot,leaf spot305_.jpg,https://data.mendeley.com/public-files/datasets/bwh3zbpkpv/files/681e6594-f3c0-4924-9402-7497ff46e32b/file_downloaded,https://prod-dcd-datasets-public-files-eu-west-1.s3.eu-west-1.amazonaws.com/683afdbf-3f79-405a-83d3-337ab48887b0
leaf spot,maize_leaf_spot,leaf spot306_.jpg,https://data.mendeley.com/public-files/datasets/bwh3zbpkpv/files/a88512e9-4014-450a-9418-a5508af2438a/file_downloaded,https://prod-dcd-datasets-public-files-eu-west-1.s3.eu-west-1.amazonaws.com/f7a04e84-c6a8-4e65-9d2d-1586c465f125
leaf spot,maize_leaf_spot,leaf spot307_.jpg,https://data.mendeley.com/public-files/datasets/bwh3zbpkpv/files/4167b581-6883-421f-bf86-d9166247310f/file_downloaded,https://prod-dcd-datasets-public-files-eu-west-1.s3.eu-west-1.amazonaws.com/0c269c71-4b8c-486d-9791-ac726662414c
leaf spot,maize_leaf_spot,leaf spot308_.jpg,https://data.mendeley.com/public-files/datasets/bwh3zbpkpv/files/d5cdacfc-6ab5-4842-8f40-72ea44ed3034/file_downloaded,https://prod-dcd-datasets-public-files-eu-west-1.s3.eu-west-1.amazonaws.com/5ea0bd43-620b-4e63-9f19-51fa3b4f8599
leaf spot,maize_leaf_spot,leaf spot309_.jpg,https://data.mendeley.com/public-files/datasets/bwh3zbpkpv/files/249ab30f-8056-43f8-99b2-3a89e8b32e18/file_downloaded,https://prod-dcd-datasets-public-files-eu-west-1.s3.eu-west-1.amazonaws.com/9e885fa5-bcd7-4401-936f-d687b0537204
leaf spot,maize_leaf_spot,leaf spot30_.jpg,https://data.mendeley.com/public-files/datasets/bwh3zbpkpv/files/a03a8681-0eb6-49ab-8d30-ce265a8b5c74/file_downloaded,https://prod-dcd-datasets-public-files-eu-west-1.s3.eu-west-1.amazonaws.com/cd45fcbd-8699-4e87-907a-c1550124b71f
leaf spot,maize_leaf_spot,leaf spot310_.jpg,https://data.mendeley.com/public-files/datasets/bwh3zbpkpv/files/f4f7b4e5-a0b6-43ba-a48a-e96d760960e1/file_downloaded,https://prod-dcd-datasets-public-files-eu-west-1.s3.eu-west-1.amazonaws.com/18876035-c02a-41de-bc61-14057c4d42d7
leaf spot,maize_leaf_spot,leaf spot311_.jpg,https://data.mendeley.com/public-files/datasets/bwh3zbpkpv/files/6fe94797-109c-4304-a7a7-b6721e708a4f/file_downloaded,https://prod-dcd-datasets-public-files-eu-west-1.s3.eu-west-1.amazonaws.com/382c3324-118c-45c2-8bba-09d63722816d
leaf spot,maize_leaf_spot,leaf spot312_.jpg,https://data.mendeley.com/public-files/datasets/bwh3zbpkpv/files/edbc2596-dbbb-45e3-a7f5-9b468d5361db/file_downloaded,https://prod-dcd-datasets-public-files-eu-west-1.s3.eu-west-1.amazonaws.com/cfa2c3a4-b14e-4b4b-97fb-3782da4bea86
leaf spot,maize_leaf_spot,leaf spot313_.jpg,https://data.mendeley.com/public-files/datasets/bwh3zbpkpv/files/b4da298e-9f3b-464e-934b-6d4377d8474f/file_downloaded,https://prod-dcd-datasets-public-files-eu-west-1.s3.eu-west-1.amazonaws.com/7fa9ad40-9804-48c1-ad96-29f8201183b9
leaf spot,maize_leaf_spot,leaf spot314_.jpg,https://data.mendeley.com/public-files/datasets/bwh3zbpkpv/files/ad6d3c02-f187-4911-9a30-69d310bd4109/file_downloaded,https://prod-dcd-datasets-public-files-eu-west-1.s3.eu-west-1.amazonaws.com/a3961642-8305-4fbb-96bd-892cf2825b71
leaf spot,maize_leaf_spot,leaf spot315_.jpg,https://data.mendeley.com/public-files/datasets/bwh3zbpkpv/files/b2764970-9871-4063-a93e-124e72fb1ae0/file_downloaded,https://prod-dcd-datasets-public-files-eu-west-1.s3.eu-west-1.amazonaws.com/21895431-caa0-43a3-bb27-6957e80e8f24
leaf spot,maize_leaf_spot,leaf spot316_.jpg,https://data.mendeley.com/public-files/datasets/bwh3zbpkpv/files/684aee79-cb59-4064-ae15-3bf4a66e9a20/file_downloaded,https://prod-dcd-datasets-public-files-eu-west-1.s3.eu-west-1.amazonaws.com/08fb9c14-d58d-497b-b05e-d78077c43c3d
leaf spot,maize_leaf_spot,leaf spot317_.jpg,https://data.mendeley.com/public-files/datasets/bwh3zbpkpv/files/7d610ef2-c640-453e-be0c-037f3eafdcf8/file_downloaded,https://prod-dcd-datasets-public-files-eu-west-1.s3.eu-west-1.amazonaws.com/08dd90cd-922c-4e64-8fc3-7bb82c6ffa66
leaf spot,maize_leaf_spot,leaf spot318_.jpg,https://data.mendeley.com/public-files/datasets/bwh3zbpkpv/files/0ab61601-48bd-4412-81bf-25673950bb65/file_downloaded,https://prod-dcd-datasets-public-files-eu-west-1.s3.eu-west-1.amazonaws.com/65ac66b8-a628-495b-a787-efeb9c7714b2
leaf spot,maize_leaf_spot,leaf spot319_.jpg,https://data.mendeley.com/public-files/datasets/bwh3zbpkpv/files/41950667-9aff-4770-9075-997435b66f36/file_downloaded,https://prod-dcd-datasets-public-files-eu-west-1.s3.eu-west-1.amazonaws.com/f8089bdb-5701-485d-ab8a-b276986d25e5
leaf spot,maize_leaf_spot,leaf spot31_.jpg,https://data.mendeley.com/public-files/datasets/bwh3zbpkpv/files/bc339b2b-eccd-489f-86cf-dc3e15cc34f3/file_downloaded,https://prod-dcd-datasets-public-files-eu-west-1.s3.eu-west-1.amazonaws.com/b2ec98ea-b43e-4aa3-beb6-b8563a64c77c
leaf spot,maize_leaf_spot,leaf spot320_.jpg,https://data.mendeley.com/public-files/datasets/bwh3zbpkpv/files/8a6bfdea-8c01-46d2-9c50-22fcfbea9d34/file_downloaded,https://prod-dcd-datasets-public-files-eu-west-1.s3.eu-west-1.amazonaws.com/5d2d5b47-913f-49a5-bfa6-7cb9c9898d05
leaf spot,maize_leaf_spot,leaf spot321_.jpg,https://data.mendeley.com/public-files/datasets/bwh3zbpkpv/files/0ac86738-efdf-44dd-9927-a12d350c05d7/file_downloaded,https://prod-dcd-datasets-public-files-eu-west-1.s3.eu-west-1.amazonaws.com/417f5496-3871-4a70-8c1b-6929440c0f93
leaf spot,maize_leaf_spot,leaf spot322_.jpg,https://data.mendeley.com/public-files/datasets/bwh3zbpkpv/files/90cd8cbe-05f4-4d47-a0c4-235733a77860/file_downloaded,https://prod-dcd-datasets-public-files-eu-west-1.s3.eu-west-1.amazonaws.com/b1d25d79-2ead-4679-a5ce-bf3e704c619d
leaf spot,maize_leaf_spot,leaf spot323_.jpg,https://data.mendeley.com/public-files/datasets/bwh3zbpkpv/files/76b09efe-7b62-4149-8e18-dfe44405e43c/file_downloaded,https://prod-dcd-datasets-public-files-eu-west-1.s3.eu-west-1.amazonaws.com/a701d80a-0c45-4e10-8555-a069b5ebbcb6
leaf spot,maize_leaf_spot,leaf spot324_.jpg,https://data.mendeley.com/public-files/datasets/bwh3zbpkpv/files/4373cd60-a46e-48e9-93f9-fda666ba9afb/file_downloaded,https://prod-dcd-datasets-public-files-eu-west-1.s3.eu-west-1.amazonaws.com/915cb890-94a4-4455-b544-81cbdf0e3b81
leaf spot,maize_leaf_spot,leaf spot325_.jpg,https://data.mendeley.com/public-files/datasets/bwh3zbpkpv/files/2363d1f2-148f-45c8-b9f5-f3145871e97a/file_downloaded,https://prod-dcd-datasets-public-files-eu-west-1.s3.eu-west-1.amazonaws.com/c7040ef1-3fed-4150-bd19-1c3853867902
leaf spot,maize_leaf_spot,leaf spot326_.jpg,https://data.mendeley.com/public-files/datasets/bwh3zbpkpv/files/c7e22682-4262-457d-8895-7d0693521aa0/file_downloaded,https://prod-dcd-datasets-public-files-eu-west-1.s3.eu-west-1.amazonaws.com/456529b7-f49f-41c8-96a9-53babf721efa
leaf spot,maize_leaf_spot,leaf spot327_.jpg,https://data.mendeley.com/public-files/datasets/bwh3zbpkpv/files/0702a50e-8231-41d3-92db-61bb61cc3bde/file_downloaded,https://prod-dcd-datasets-public-files-eu-west-1.s3.eu-west-1.amazonaws.com/6ccb6f9a-aaed-47b0-8f0c-897a0ce98506
leaf spot,maize_leaf_spot,leaf spot328_.jpg,https://data.mendeley.com/public-files/datasets/bwh3zbpkpv/files/0a92c29c-809a-42ef-85b4-90c9f34cda82/file_downloaded,https://prod-dcd-datasets-public-files-eu-west-1.s3.eu-west-1.amazonaws.com/9ee2120b-29a9-435a-ae07-5f523ea2d038
leaf spot,maize_leaf_spot,leaf spot329_.jpg,https://data.mendeley.com/public-files/datasets/bwh3zbpkpv/files/7f3fca35-2dab-49ac-8253-ce2a437302b1/file_downloaded,https://prod-dcd-datasets-public-files-eu-west-1.s3.eu-west-1.amazonaws.com/b13d22df-5118-4a84-9c44-c4149ac7b313
leaf spot,maize_leaf_spot,leaf spot32_.jpg,https://data.mendeley.com/public-files/datasets/bwh3zbpkpv/files/f3f3df15-51ac-47a0-b319-1e713ee6b35f/file_downloaded,https://prod-dcd-datasets-public-files-eu-west-1.s3.eu-west-1.amazonaws.com/74c81fd1-1961-4f5c-ac83-c818dd533952
leaf spot,maize_leaf_spot,leaf spot330_.jpg,https://data.mendeley.com/public-files/datasets/bwh3zbpkpv/files/389ab07e-e0d4-404f-9145-b1a2ed18a29a/file_downloaded,https://prod-dcd-datasets-public-files-eu-west-1.s3.eu-west-1.amazonaws.com/e24d4092-5927-4137-a108-654c02bab8e9
leaf spot,maize_leaf_spot,leaf spot331_.jpg,https://data.mendeley.com/public-files/datasets/bwh3zbpkpv/files/c84a51df-2285-4498-92cf-780f5bd3ecbd/file_downloaded,https://prod-dcd-datasets-public-files-eu-west-1.s3.eu-west-1.amazonaws.com/ce027fd1-ff89-4bb4-8a20-343e85e5f682
leaf spot,maize_leaf_spot,leaf spot332_.jpg,https://data.mendeley.com/public-files/datasets/bwh3zbpkpv/files/748e64b6-691e-482c-8e00-f39e0acee576/file_downloaded,https://prod-dcd-datasets-public-files-eu-west-1.s3.eu-west-1.amazonaws.com/f9aab09b-2e19-4cd1-b429-4ecc7c3e2f03
leaf spot,maize_leaf_spot,leaf spot333_.jpg,https://data.mendeley.com/public-files/datasets/bwh3zbpkpv/files/8c279db7-31cc-4433-a171-a70903aacc31/file_downloaded,https://prod-dcd-datasets-public-files-eu-west-1.s3.eu-west-1.amazonaws.com/f70a6931-4d67-44be-9768-d0e2af30ebda
leaf spot,maize_leaf_spot,leaf spot334_.jpg,https://data.mendeley.com/public-files/datasets/bwh3zbpkpv/files/b7062281-7bee-474b-a879-8dfb0cf2c3fd/file_downloaded,https://prod-dcd-datasets-public-files-eu-west-1.s3.eu-west-1.amazonaws.com/4e3ed640-fd55-4c5a-b8f8-741d3e2a90d8
leaf spot,maize_leaf_spot,leaf spot335_.jpg,https://data.mendeley.com/public-files/datasets/bwh3zbpkpv/files/153a2b09-b135-4a23-b473-f0dfdf1b9bfc/file_downloaded,https://prod-dcd-datasets-public-files-eu-west-1.s3.eu-west-1.amazonaws.com/67f9fb64-6a11-40c1-aa3d-b29f56593820
leaf spot,maize_leaf_spot,leaf spot336_.jpg,https://data.mendeley.com/public-files/datasets/bwh3zbpkpv/files/7aa28c17-9942-46dd-b6e3-8b8c6db6b44c/file_downloaded,https://prod-dcd-datasets-public-files-eu-west-1.s3.eu-west-1.amazonaws.com/f907c9b2-18c1-4fe2-87e6-1973736d9243
leaf spot,maize_leaf_spot,leaf spot337_.jpg,https://data.mendeley.com/public-files/datasets/bwh3zbpkpv/files/80d85cab-0d21-4cc9-a3f1-b230b8910dff/file_downloaded,https://prod-dcd-datasets-public-files-eu-west-1.s3.eu-west-1.amazonaws.com/29ae1f65-1705-4fcc-9d9b-b1809e488e47
leaf spot,maize_leaf_spot,leaf spot338_.jpg,https://data.mendeley.com/public-files/datasets/bwh3zbpkpv/files/34bb08d0-2450-4d6a-aada-61b16b33dcf8/file_downloaded,https://prod-dcd-datasets-public-files-eu-west-1.s3.eu-west-1.amazonaws.com/a526cd1c-dead-40ed-a106-deaedc879f63
leaf spot,maize_leaf_spot,leaf spot339_.jpg,https://data.mendeley.com/public-files/datasets/bwh3zbpkpv/files/5d21543f-1a75-488c-ba45-1787cc4d53f3/file_downloaded,https://prod-dcd-datasets-public-files-eu-west-1.s3.eu-west-1.amazonaws.com/e06051bd-41f8-4786-97e0-81646a58007a
leaf spot,maize_leaf_spot,leaf spot33_.jpg,https://data.mendeley.com/public-files/datasets/bwh3zbpkpv/files/b88ab647-29f3-4ba5-a9a0-82d3bda92205/file_downloaded,https://prod-dcd-datasets-public-files-eu-west-1.s3.eu-west-1.amazonaws.com/4069b7bf-74dc-41a0-90aa-c95cb44766a0
leaf spot,maize_leaf_spot,leaf spot340_.jpg,https://data.mendeley.com/public-files/datasets/bwh3zbpkpv/files/c6f98970-4982-4587-9b93-483563438be3/file_downloaded,https://prod-dcd-datasets-public-files-eu-west-1.s3.eu-west-1.amazonaws.com/fd086f66-ef0f-4c3e-8758-e2d171ca8df9
leaf spot,maize_leaf_spot,leaf spot341_.jpg,https://data.mendeley.com/public-files/datasets/bwh3zbpkpv/files/cad521fb-27ca-4406-bd84-ed7f53871ea8/file_downloaded,https://prod-dcd-datasets-public-files-eu-west-1.s3.eu-west-1.amazonaws.com/00ec1b40-052b-44bf-b00d-2855d265a7f7
leaf spot,maize_leaf_spot,leaf spot342_.jpg,https://data.mendeley.com/public-files/datasets/bwh3zbpkpv/files/68307ff5-784a-4234-9294-9393daa258cb/file_downloaded,https://prod-dcd-datasets-public-files-eu-west-1.s3.eu-west-1.amazonaws.com/bd85974f-5bca-4981-a2d5-f11399c411d1
leaf spot,maize_leaf_spot,leaf spot343_.jpg,https://data.mendeley.com/public-files/datasets/bwh3zbpkpv/files/143631ca-8288-452d-819d-3c1ce994d9a0/file_downloaded,https://prod-dcd-datasets-public-files-eu-west-1.s3.eu-west-1.amazonaws.com/6c803bba-60a1-45ae-b2aa-3d6804349dd2
leaf spot,maize_leaf_spot,leaf spot344_.jpg,https://data.mendeley.com/public-files/datasets/bwh3zbpkpv/files/df429b4c-6485-46b9-9e1e-622bab72f03a/file_downloaded,https://prod-dcd-datasets-public-files-eu-west-1.s3.eu-west-1.amazonaws.com/3ece7358-870f-43fe-a7f5-1a8194d18751
leaf spot,maize_leaf_spot,leaf spot345_.jpg,https://data.mendeley.com/public-files/datasets/bwh3zbpkpv/files/2adfbdcb-93c0-475c-be69-4d17956c24bb/file_downloaded,https://prod-dcd-datasets-public-files-eu-west-1.s3.eu-west-1.amazonaws.com/2ad764f9-047e-4aff-89c4-07e4256cac63
leaf spot,maize_leaf_spot,leaf spot346_.jpg,https://data.mendeley.com/public-files/datasets/bwh3zbpkpv/files/392ca580-13ec-48cf-9c7f-3aba014b253e/file_downloaded,https://prod-dcd-datasets-public-files-eu-west-1.s3.eu-west-1.amazonaws.com/a60fa1ba-d4c2-4e52-8ed8-6d05b4bc16b8
leaf spot,maize_leaf_spot,leaf spot347_.jpg,https://data.mendeley.com/public-files/datasets/bwh3zbpkpv/files/44f3699f-c801-4ddf-bfef-fd1675285da1/file_downloaded,https://prod-dcd-datasets-public-files-eu-west-1.s3.eu-west-1.amazonaws.com/a2c71149-20ad-4663-b3b0-cdee7105e70a
leaf spot,maize_leaf_spot,leaf spot348_.jpg,https://data.mendeley.com/public-files/datasets/bwh3zbpkpv/files/78aa78f1-5519-4e12-a6f5-9a7504c56a70/file_downloaded,https://prod-dcd-datasets-public-files-eu-west-1.s3.eu-west-1.amazonaws.com/bdfa4f76-2f80-486c-b8db-0f7b78ced210
leaf spot,maize_leaf_spot,leaf spot349_.jpg,https://data.mendeley.com/public-files/datasets/bwh3zbpkpv/files/470d124e-0ac1-4e83-ad55-b359751c7f0c/file_downloaded,https://prod-dcd-datasets-public-files-eu-west-1.s3.eu-west-1.amazonaws.com/b10f77a9-fe34-4430-9319-13a37f025e5d
leaf spot,maize_leaf_spot,leaf spot34_.jpg,https://data.mendeley.com/public-files/datasets/bwh3zbpkpv/files/41132377-6a8c-4a53-9126-9239a14a7e24/file_downloaded,https://prod-dcd-datasets-public-files-eu-west-1.s3.eu-west-1.amazonaws.com/9b390243-7c00-4b45-81da-e110e832638d
leaf spot,maize_leaf_spot,leaf spot350_.jpg,https://data.mendeley.com/public-files/datasets/bwh3zbpkpv/files/3b53ed2c-12b4-4db1-8b39-573107db51f0/file_downloaded,https://prod-dcd-datasets-public-files-eu-west-1.s3.eu-west-1.amazonaws.com/409a4e98-5479-4d24-9494-94df57b843d4
leaf spot,maize_leaf_spot,leaf spot351_.jpg,https://data.mendeley.com/public-files/datasets/bwh3zbpkpv/files/05df76a2-917e-4596-be60-33e6314fc78e/file_downloaded,https://prod-dcd-datasets-public-files-eu-west-1.s3.eu-west-1.amazonaws.com/bd04505e-3332-4417-927d-9c31e3ca4b1a
leaf spot,maize_leaf_spot,leaf spot352_.jpg,https://data.mendeley.com/public-files/datasets/bwh3zbpkpv/files/76398ef0-7500-41c4-bb91-98d0ed42d59c/file_downloaded,https://prod-dcd-datasets-public-files-eu-west-1.s3.eu-west-1.amazonaws.com/8e66ea67-e098-420f-a5e2-e2f2f81c2aba
leaf spot,maize_leaf_spot,leaf spot353_.jpg,https://data.mendeley.com/public-files/datasets/bwh3zbpkpv/files/1d97244f-5576-4a6e-b897-4bd4ee16066a/file_downloaded,https://prod-dcd-datasets-public-files-eu-west-1.s3.eu-west-1.amazonaws.com/130a11e4-7437-438e-b605-a7f70e48bd9d
leaf spot,maize_leaf_spot,leaf spot354_.jpg,https://data.mendeley.com/public-files/datasets/bwh3zbpkpv/files/4f64e9cf-fc3d-42bb-b7e0-c567ee990da9/file_downloaded,https://prod-dcd-datasets-public-files-eu-west-1.s3.eu-west-1.amazonaws.com/cd3cbcaf-3ace-443b-a5f1-3e352cbc1170
leaf spot,maize_leaf_spot,leaf spot355_.jpg,https://data.mendeley.com/public-files/datasets/bwh3zbpkpv/files/7ef084d4-e27d-4771-acd5-2be966c4dae6/file_downloaded,https://prod-dcd-datasets-public-files-eu-west-1.s3.eu-west-1.amazonaws.com/2fcd6b5d-85d4-4c3c-a1be-cad820523e4a
leaf spot,maize_leaf_spot,leaf spot356_.jpg,https://data.mendeley.com/public-files/datasets/bwh3zbpkpv/files/3e4e3528-20d7-4eb3-9ce3-440223f595fa/file_downloaded,https://prod-dcd-datasets-public-files-eu-west-1.s3.eu-west-1.amazonaws.com/ffa2793a-717a-42d2-a2de-ca600f3cb7bd
leaf spot,maize_leaf_spot,leaf spot357_.jpg,https://data.mendeley.com/public-files/datasets/bwh3zbpkpv/files/4a371890-af56-44ad-90b8-cfa86a12b214/file_downloaded,https://prod-dcd-datasets-public-files-eu-west-1.s3.eu-west-1.amazonaws.com/61d40bc0-525b-475e-b438-352a1c12a347
leaf spot,maize_leaf_spot,leaf spot358_.jpg,https://data.mendeley.com/public-files/datasets/bwh3zbpkpv/files/9f136119-01a8-468d-b4f8-bf2f9dee3669/file_downloaded,https://prod-dcd-datasets-public-files-eu-west-1.s3.eu-west-1.amazonaws.com/954dd408-50b4-412d-b386-feeea6043a6a
leaf spot,maize_leaf_spot,leaf spot359_.jpg,https://data.mendeley.com/public-files/datasets/bwh3zbpkpv/files/db70650c-4858-4ee6-ae23-4e3d63c1db72/file_downloaded,https://prod-dcd-datasets-public-files-eu-west-1.s3.eu-west-1.amazonaws.com/691a0bbd-f65b-4057-9c13-5e6d1123ef3e
leaf spot,maize_leaf_spot,leaf spot35_.jpg,https://data.mendeley.com/public-files/datasets/bwh3zbpkpv/files/bb9124ac-bad8-4c63-abb2-70a5f2193439/file_downloaded,https://prod-dcd-datasets-public-files-eu-west-1.s3.eu-west-1.amazonaws.com/7b6ed635-9237-40b9-b2e6-ff44bcbb034f
leaf spot,maize_leaf_spot,leaf spot360_.jpg,https://data.mendeley.com/public-files/datasets/bwh3zbpkpv/files/09f7fa93-372e-44f0-aa0a-3f41f6302393/file_downloaded,https://prod-dcd-datasets-public-files-eu-west-1.s3.eu-west-1.amazonaws.com/613a3f84-d735-4eae-96c0-815e4464ebd5
leaf spot,maize_leaf_spot,leaf spot361_.jpg,https://data.mendeley.com/public-files/datasets/bwh3zbpkpv/files/10e550bc-094f-4291-b79e-a3a7d08c3e6c/file_downloaded,https://prod-dcd-datasets-public-files-eu-west-1.s3.eu-west-1.amazonaws.com/d2ff5f97-fcd8-42bd-b8ad-1abf0d0fd78f
leaf spot,maize_leaf_spot,leaf spot362_.jpg,https://data.mendeley.com/public-files/datasets/bwh3zbpkpv/files/c5d01b9d-5d4c-4a71-9595-a58b707685a2/file_downloaded,https://prod-dcd-datasets-public-files-eu-west-1.s3.eu-west-1.amazonaws.com/2144cb0d-ad68-40a8-adc6-e5bfcd7576b0
leaf spot,maize_leaf_spot,leaf spot363_.jpg,https://data.mendeley.com/public-files/datasets/bwh3zbpkpv/files/5172bbda-2916-48d9-ab7b-68b84a3107e2/file_downloaded,https://prod-dcd-datasets-public-files-eu-west-1.s3.eu-west-1.amazonaws.com/c0d64557-7be4-400d-a7fd-abc71cb78a76
leaf spot,maize_leaf_spot,leaf spot364_.jpg,https://data.mendeley.com/public-files/datasets/bwh3zbpkpv/files/0d06c5d0-8c9a-45ec-b5bf-ebe16f306d41/file_downloaded,https://prod-dcd-datasets-public-files-eu-west-1.s3.eu-west-1.amazonaws.com/cd92ce91-6ecf-4282-9e27-100cb3f1810c
leaf spot,maize_leaf_spot,leaf spot365_.jpg,https://data.mendeley.com/public-files/datasets/bwh3zbpkpv/files/e8ed39fe-af68-456f-afad-9f72818674bb/file_downloaded,https://prod-dcd-datasets-public-files-eu-west-1.s3.eu-west-1.amazonaws.com/6dc36ab0-eec5-49a2-8c68-55e4eeae30bd
leaf spot,maize_leaf_spot,leaf spot366_.jpg,https://data.mendeley.com/public-files/datasets/bwh3zbpkpv/files/74551c78-f8fd-4b14-b038-96a3fb096d02/file_downloaded,https://prod-dcd-datasets-public-files-eu-west-1.s3.eu-west-1.amazonaws.com/6d7bfcdd-8b80-44ad-a749-f38880db8b7c
leaf spot,maize_leaf_spot,leaf spot367_.jpg,https://data.mendeley.com/public-files/datasets/bwh3zbpkpv/files/31dc4bf1-99a1-4763-8766-43f144077a25/file_downloaded,https://prod-dcd-datasets-public-files-eu-west-1.s3.eu-west-1.amazonaws.com/f560c273-ca76-40a1-bc88-4aad26ff1c90
leaf spot,maize_leaf_spot,leaf spot368_.jpg,https://data.mendeley.com/public-files/datasets/bwh3zbpkpv/files/57559fcb-91b3-4a67-a2d6-81f5a131a621/file_downloaded,https://prod-dcd-datasets-public-files-eu-west-1.s3.eu-west-1.amazonaws.com/3c2fae33-808a-4691-92f0-8481b2e58625
leaf spot,maize_leaf_spot,leaf spot369_.jpg,https://data.mendeley.com/public-files/datasets/bwh3zbpkpv/files/b1318efb-ebce-404d-9448-d89682b95caa/file_downloaded,https://prod-dcd-datasets-public-files-eu-west-1.s3.eu-west-1.amazonaws.com/05ce6c84-1d78-49cd-9d52-931e4ef5014a
leaf spot,maize_leaf_spot,leaf spot36_.jpg,https://data.mendeley.com/public-files/datasets/bwh3zbpkpv/files/d5accf0b-0253-4e2e-8402-2218c49894aa/file_downloaded,https://prod-dcd-datasets-public-files-eu-west-1.s3.eu-west-1.amazonaws.com/c3b3e53a-6d08-4868-a4ea-931a8879f157
leaf spot,maize_leaf_spot,leaf spot370_.jpg,https://data.mendeley.com/public-files/datasets/bwh3zbpkpv/files/73b64a84-dcfe-48f2-8838-f8f1ba74cbd2/file_downloaded,https://prod-dcd-datasets-public-files-eu-west-1.s3.eu-west-1.amazonaws.com/bcc98297-167d-49b2-8f61-680a7e6035c3
leaf spot,maize_leaf_spot,leaf spot371_.jpg,https://data.mendeley.com/public-files/datasets/bwh3zbpkpv/files/5f6f5774-01e7-4039-8627-6a0fd0117450/file_downloaded,https://prod-dcd-datasets-public-files-eu-west-1.s3.eu-west-1.amazonaws.com/141419a8-4f34-471e-8143-a80fe73f8a75
leaf spot,maize_leaf_spot,leaf spot372_.jpg,https://data.mendeley.com/public-files/datasets/bwh3zbpkpv/files/fb0ca2db-62d6-446b-ae8b-5b924cf12f08/file_downloaded,https://prod-dcd-datasets-public-files-eu-west-1.s3.eu-west-1.amazonaws.com/d7b55cc7-4b0a-459b-8051-a87d08b1bc0e
leaf spot,maize_leaf_spot,leaf spot373_.jpg,https://data.mendeley.com/public-files/datasets/bwh3zbpkpv/files/5836a4f8-5817-4dd7-913b-e70167dc434b/file_downloaded,https://prod-dcd-datasets-public-files-eu-west-1.s3.eu-west-1.amazonaws.com/ba9dc95f-624e-4b3b-a3d1-d62456beb1bf
leaf spot,maize_leaf_spot,leaf spot374_.jpg,https://data.mendeley.com/public-files/datasets/bwh3zbpkpv/files/701b2435-a0b4-41ea-a5cb-e1d1ad82cdb6/file_downloaded,https://prod-dcd-datasets-public-files-eu-west-1.s3.eu-west-1.amazonaws.com/712d6ff3-4f18-4c25-be85-1aad9cbad94b
leaf spot,maize_leaf_spot,leaf spot375_.jpg,https://data.mendeley.com/public-files/datasets/bwh3zbpkpv/files/848e31ec-6fe1-4217-ab19-269d5c301b0a/file_downloaded,https://prod-dcd-datasets-public-files-eu-west-1.s3.eu-west-1.amazonaws.com/c3e0aed4-9088-435a-bc1a-10037d8ddfda
leaf spot,maize_leaf_spot,leaf spot376_.jpg,https://data.mendeley.com/public-files/datasets/bwh3zbpkpv/files/f35707da-3c43-45e5-b4d4-14f66e47dfb3/file_downloaded,https://prod-dcd-datasets-public-files-eu-west-1.s3.eu-west-1.amazonaws.com/1efadb9a-3386-4409-a8c3-ce2456520a60
leaf spot,maize_leaf_spot,leaf spot377_.jpg,https://data.mendeley.com/public-files/datasets/bwh3zbpkpv/files/aee2d4bc-7b1d-4db0-a872-a92e8daacc79/file_downloaded,https://prod-dcd-datasets-public-files-eu-west-1.s3.eu-west-1.amazonaws.com/610adc20-85e7-4756-93a1-32ffde3a9c0b
leaf spot,maize_leaf_spot,leaf spot378_.jpg,https://data.mendeley.com/public-files/datasets/bwh3zbpkpv/files/1689d456-6f4c-4b4c-b42e-737f9bb11c75/file_downloaded,https://prod-dcd-datasets-public-files-eu-west-1.s3.eu-west-1.amazonaws.com/958d7948-2613-4d0d-992d-6df71e1f2d2f
leaf spot,maize_leaf_spot,leaf spot379_.jpg,https://data.mendeley.com/public-files/datasets/bwh3zbpkpv/files/9c1971f0-a295-4b3c-9642-9e2e41b4c819/file_downloaded,https://prod-dcd-datasets-public-files-eu-west-1.s3.eu-west-1.amazonaws.com/81646928-c0be-4e73-8fbc-64b956db63a0
leaf spot,maize_leaf_spot,leaf spot37_.jpg,https://data.mendeley.com/public-files/datasets/bwh3zbpkpv/files/5c08d69e-995e-4593-9e7a-100c37df7ee5/file_downloaded,https://prod-dcd-datasets-public-files-eu-west-1.s3.eu-west-1.amazonaws.com/9857cb11-edaa-4f55-8718-6b40db288adc
leaf spot,maize_leaf_spot,leaf spot380_.jpg,https://data.mendeley.com/public-files/datasets/bwh3zbpkpv/files/7af93367-0168-4f1b-8e3b-b01906698dcb/file_downloaded,https://prod-dcd-datasets-public-files-eu-west-1.s3.eu-west-1.amazonaws.com/84a6e8b6-d925-464a-abe4-a16b9306adba
leaf spot,maize_leaf_spot,leaf spot381_.jpg,https://data.mendeley.com/public-files/datasets/bwh3zbpkpv/files/255b1f45-6b53-4f11-94d7-9112fc047a9a/file_downloaded,https://prod-dcd-datasets-public-files-eu-west-1.s3.eu-west-1.amazonaws.com/ff980cdc-a18a-4a1a-83b5-e3618746b247
leaf spot,maize_leaf_spot,leaf spot382_.jpg,https://data.mendeley.com/public-files/datasets/bwh3zbpkpv/files/b1b9acc6-2bdc-46d0-a704-2df445787657/file_downloaded,https://prod-dcd-datasets-public-files-eu-west-1.s3.eu-west-1.amazonaws.com/0ecefb30-7273-4e21-84eb-43a0bdc4c0d7
leaf spot,maize_leaf_spot,leaf spot383_.jpg,https://data.mendeley.com/public-files/datasets/bwh3zbpkpv/files/f9b3a8fb-8271-4a8a-963b-da3a2e620254/file_downloaded,https://prod-dcd-datasets-public-files-eu-west-1.s3.eu-west-1.amazonaws.com/dfda8112-dee8-46e9-9e08-64773f8fe958
leaf spot,maize_leaf_spot,leaf spot384_.jpg,https://data.mendeley.com/public-files/datasets/bwh3zbpkpv/files/b6771295-58a4-485d-a395-34d113d6c693/file_downloaded,https://prod-dcd-datasets-public-files-eu-west-1.s3.eu-west-1.amazonaws.com/0eeb7982-7896-4083-9e5c-a35e4dfccb38
leaf spot,maize_leaf_spot,leaf spot385_.jpg,https://data.mendeley.com/public-files/datasets/bwh3zbpkpv/files/ff4fc6ef-7a85-4ea3-bc92-f8121dc63d29/file_downloaded,https://prod-dcd-datasets-public-files-eu-west-1.s3.eu-west-1.amazonaws.com/4a224cc5-409a-4731-96aa-26814bad7b3a
leaf spot,maize_leaf_spot,leaf spot386_.jpg,https://data.mendeley.com/public-files/datasets/bwh3zbpkpv/files/b77ab0c3-1efc-4ab2-8224-912129d376f2/file_downloaded,https://prod-dcd-datasets-public-files-eu-west-1.s3.eu-west-1.amazonaws.com/736b7d8f-26e3-48fd-8345-457218fc98ad
leaf spot,maize_leaf_spot,leaf spot387_.jpg,https://data.mendeley.com/public-files/datasets/bwh3zbpkpv/files/e4e0c273-7a9f-4bfd-aa4a-df07e9a7cfa4/file_downloaded,https://prod-dcd-datasets-public-files-eu-west-1.s3.eu-west-1.amazonaws.com/63a96e40-67e4-47b8-9060-87c1c0cfd536
leaf spot,maize_leaf_spot,leaf spot388_.jpg,https://data.mendeley.com/public-files/datasets/bwh3zbpkpv/files/52dbc250-4bfc-44ec-adad-6b599577c8ea/file_downloaded,https://prod-dcd-datasets-public-files-eu-west-1.s3.eu-west-1.amazonaws.com/56574bde-6587-4113-b60a-1904d10fcf1c
leaf spot,maize_leaf_spot,leaf spot389_.jpg,https://data.mendeley.com/public-files/datasets/bwh3zbpkpv/files/94709701-b606-4544-aa06-3b810732e789/file_downloaded,https://prod-dcd-datasets-public-files-eu-west-1.s3.eu-west-1.amazonaws.com/7280b1e1-de60-4ff4-b0a8-19f47c2b3e1b
leaf spot,maize_leaf_spot,leaf spot38_.jpg,https://data.mendeley.com/public-files/datasets/bwh3zbpkpv/files/f4a531bc-37f1-4e91-891e-8ef99a5047eb/file_downloaded,https://prod-dcd-datasets-public-files-eu-west-1.s3.eu-west-1.amazonaws.com/6acc88cd-6cb2-4093-85e4-c6c879abb4ad
leaf spot,maize_leaf_spot,leaf spot390_.jpg,https://data.mendeley.com/public-files/datasets/bwh3zbpkpv/files/74dc3b59-cda4-44cb-b1e1-2555317c34d1/file_downloaded,https://prod-dcd-datasets-public-files-eu-west-1.s3.eu-west-1.amazonaws.com/22718f07-35b6-4d82-a82e-8470d3b56f17
leaf spot,maize_leaf_spot,leaf spot391_.jpg,https://data.mendeley.com/public-files/datasets/bwh3zbpkpv/files/69f33b51-fecd-4de8-9e33-92f3f0893709/file_downloaded,https://prod-dcd-datasets-public-files-eu-west-1.s3.eu-west-1.amazonaws.com/ebb0a46e-b32f-478a-a3c6-29088715f727
leaf spot,maize_leaf_spot,leaf spot392_.jpg,https://data.mendeley.com/public-files/datasets/bwh3zbpkpv/files/058b7b7b-c3ce-4d68-9894-4a6dd14874d1/file_downloaded,https://prod-dcd-datasets-public-files-eu-west-1.s3.eu-west-1.amazonaws.com/888de0ef-bb29-4b49-b4b9-ec1a3c8eea5c
leaf spot,maize_leaf_spot,leaf spot393_.jpg,https://data.mendeley.com/public-files/datasets/bwh3zbpkpv/files/41af6c39-165d-4f7c-be8f-b72b3c31989a/file_downloaded,https://prod-dcd-datasets-public-files-eu-west-1.s3.eu-west-1.amazonaws.com/52625c95-663e-435b-9e46-276f55230363
leaf spot,maize_leaf_spot,leaf spot394_.jpg,https://data.mendeley.com/public-files/datasets/bwh3zbpkpv/files/54ee0242-799c-4de1-85d3-26912fcaf184/file_downloaded,https://prod-dcd-datasets-public-files-eu-west-1.s3.eu-west-1.amazonaws.com/dcc5aa75-97ac-4cb6-9035-a56b35959812
leaf spot,maize_leaf_spot,leaf spot395_.jpg,https://data.mendeley.com/public-files/datasets/bwh3zbpkpv/files/a69e8713-5350-4e83-acd4-f17f17f6cfa1/file_downloaded,https://prod-dcd-datasets-public-files-eu-west-1.s3.eu-west-1.amazonaws.com/40b36f7d-675b-4f7c-8747-3c5939ad40c1
leaf spot,maize_leaf_spot,leaf spot396_.jpg,https://data.mendeley.com/public-files/datasets/bwh3zbpkpv/files/a48c350f-a42e-4b8a-84ad-7045b4526d8b/file_downloaded,https://prod-dcd-datasets-public-files-eu-west-1.s3.eu-west-1.amazonaws.com/c4cf3ca8-7fcc-4a84-bd0e-a8689e04efaa
leaf spot,maize_leaf_spot,leaf spot397_.jpg,https://data.mendeley.com/public-files/datasets/bwh3zbpkpv/files/33d992bb-9663-48a3-b03a-1bab9920fe97/file_downloaded,https://prod-dcd-datasets-public-files-eu-west-1.s3.eu-west-1.amazonaws.com/3e27ad36-6f73-4d70-a1eb-c01feeb46fb3
leaf spot,maize_leaf_spot,leaf spot398_.jpg,https://data.mendeley.com/public-files/datasets/bwh3zbpkpv/files/2339b474-0047-4eba-bbe5-ce8c39d3f7c0/file_downloaded,https://prod-dcd-datasets-public-files-eu-west-1.s3.eu-west-1.amazonaws.com/aaa66006-577b-44e7-86af-7ba5396705b7
leaf spot,maize_leaf_spot,leaf spot399_.jpg,https://data.mendeley.com/public-files/datasets/bwh3zbpkpv/files/04d44fc9-2027-4933-b566-7ffc1181e0ce/file_downloaded,https://prod-dcd-datasets-public-files-eu-west-1.s3.eu-west-1.amazonaws.com/67541f72-99f0-4053-95a4-50a462382b23
leaf spot,maize_leaf_spot,leaf spot39_.jpg,https://data.mendeley.com/public-files/datasets/bwh3zbpkpv/files/24a13387-ae77-457a-b291-ef090623dd4c/file_downloaded,https://prod-dcd-datasets-public-files-eu-west-1.s3.eu-west-1.amazonaws.com/ccb42297-502d-43d7-9f10-3ec68b78bda7
leaf spot,maize_leaf_spot,leaf spot3_.jpg,https://data.mendeley.com/public-files/datasets/bwh3zbpkpv/files/bc60d788-2e21-43ec-b048-8afaaa6c256c/file_downloaded,https://prod-dcd-datasets-public-files-eu-west-1.s3.eu-west-1.amazonaws.com/b47a0cfe-71b9-4915-ad93-1c71ee5a0416
leaf spot,maize_leaf_spot,leaf spot400_.jpg,https://data.mendeley.com/public-files/datasets/bwh3zbpkpv/files/a1b0742a-55c1-450c-8114-dc9e9bef9432/file_downloaded,https://prod-dcd-datasets-public-files-eu-west-1.s3.eu-west-1.amazonaws.com/41091b5c-3a29-41c1-9782-ad9e5b33a713
leaf spot,maize_leaf_spot,leaf spot401_.jpg,https://data.mendeley.com/public-files/datasets/bwh3zbpkpv/files/4b5cded4-1286-418a-87cc-79770d792181/file_downloaded,https://prod-dcd-datasets-public-files-eu-west-1.s3.eu-west-1.amazonaws.com/42f9d13c-ddb9-47f4-885f-7cef264a50ff
leaf spot,maize_leaf_spot,leaf spot402_.jpg,https://data.mendeley.com/public-files/datasets/bwh3zbpkpv/files/5cd10a94-b24d-4901-ae67-032489721f8a/file_downloaded,https://prod-dcd-datasets-public-files-eu-west-1.s3.eu-west-1.amazonaws.com/409416a4-2978-48b2-9a98-fdb7b9cdb326
leaf spot,maize_leaf_spot,leaf spot403_.jpg,https://data.mendeley.com/public-files/datasets/bwh3zbpkpv/files/74fe8891-83c6-4158-b28f-5cf729200eb8/file_downloaded,https://prod-dcd-datasets-public-files-eu-west-1.s3.eu-west-1.amazonaws.com/ca7bc58b-aa3f-4eca-af06-319827bfb1c9
leaf spot,maize_leaf_spot,leaf spot404_.jpg,https://data.mendeley.com/public-files/datasets/bwh3zbpkpv/files/713a9eda-70b2-4d31-88fd-19f09a75cc84/file_downloaded,https://prod-dcd-datasets-public-files-eu-west-1.s3.eu-west-1.amazonaws.com/fce1da52-6b52-4976-95b2-b3a08e1c4be9
leaf spot,maize_leaf_spot,leaf spot405_.jpg,https://data.mendeley.com/public-files/datasets/bwh3zbpkpv/files/aa495786-94bf-4c8c-889f-7758774493b4/file_downloaded,https://prod-dcd-datasets-public-files-eu-west-1.s3.eu-west-1.amazonaws.com/56d6507e-5043-427f-ba67-d0b8014f33ab
leaf spot,maize_leaf_spot,leaf spot406_.jpg,https://data.mendeley.com/public-files/datasets/bwh3zbpkpv/files/7b1d51a0-224a-4af8-9b39-f4315a2f0317/file_downloaded,https://prod-dcd-datasets-public-files-eu-west-1.s3.eu-west-1.amazonaws.com/22d87c40-c037-4408-822f-73fc89cb8e5b
leaf spot,maize_leaf_spot,leaf spot407_.jpg,https://data.mendeley.com/public-files/datasets/bwh3zbpkpv/files/f4d7ccc2-e192-4b17-b6a1-d04e20f3e07c/file_downloaded,https://prod-dcd-datasets-public-files-eu-west-1.s3.eu-west-1.amazonaws.com/16ebd721-531a-4244-8fb8-cb9af16e773f
leaf spot,maize_leaf_spot,leaf spot408_.jpg,https://data.mendeley.com/public-files/datasets/bwh3zbpkpv/files/e609d234-da8c-4d82-9ae6-58e02450e34b/file_downloaded,https://prod-dcd-datasets-public-files-eu-west-1.s3.eu-west-1.amazonaws.com/7df7a95c-e868-4527-9a24-31ecdc879514
leaf spot,maize_leaf_spot,leaf spot409_.jpg,https://data.mendeley.com/public-files/datasets/bwh3zbpkpv/files/e32d3fe4-1ef9-4961-a7f6-822de6fb64c7/file_downloaded,https://prod-dcd-datasets-public-files-eu-west-1.s3.eu-west-1.amazonaws.com/0caa6886-2e72-4d0b-87d8-ad898c241d16
leaf spot,maize_leaf_spot,leaf spot40_.jpg,https://data.mendeley.com/public-files/datasets/bwh3zbpkpv/files/fe3d1017-9788-48e2-8fa2-5cee4abcd935/file_downloaded,https://prod-dcd-datasets-public-files-eu-west-1.s3.eu-west-1.amazonaws.com/888ae04e-d2eb-424f-9acd-864130a903dc
leaf spot,maize_leaf_spot,leaf spot410_.jpg,https://data.mendeley.com/public-files/datasets/bwh3zbpkpv/files/2c7001c2-c988-4bd8-bbe4-c0945b5a8314/file_downloaded,https://prod-dcd-datasets-public-files-eu-west-1.s3.eu-west-1.amazonaws.com/1205d262-cb1a-4d18-8287-79bb599d941d
leaf spot,maize_leaf_spot,leaf spot411_.jpg,https://data.mendeley.com/public-files/datasets/bwh3zbpkpv/files/75fcce3e-a043-4041-b9af-f4ecf6f3836c/file_downloaded,https://prod-dcd-datasets-public-files-eu-west-1.s3.eu-west-1.amazonaws.com/72407de2-623d-4ed2-b390-5a1a005cfddb
leaf spot,maize_leaf_spot,leaf spot412_.jpg,https://data.mendeley.com/public-files/datasets/bwh3zbpkpv/files/f3c32b2b-592a-4e99-8624-8892065bea3a/file_downloaded,https://prod-dcd-datasets-public-files-eu-west-1.s3.eu-west-1.amazonaws.com/76214e37-3dd9-4d1d-959c-1f04b3433b00
leaf spot,maize_leaf_spot,leaf spot413_.jpg,https://data.mendeley.com/public-files/datasets/bwh3zbpkpv/files/99eb6a40-be96-44e0-86b3-85e31cc4b0c1/file_downloaded,https://prod-dcd-datasets-public-files-eu-west-1.s3.eu-west-1.amazonaws.com/3905330b-04f8-4350-a2a9-ccc0a3f27aa1
leaf spot,maize_leaf_spot,leaf spot414_.jpg,https://data.mendeley.com/public-files/datasets/bwh3zbpkpv/files/56514d0b-1836-477e-b6f2-7d8094402fc5/file_downloaded,https://prod-dcd-datasets-public-files-eu-west-1.s3.eu-west-1.amazonaws.com/2fbe3f3e-5aa0-40e3-9927-ffe1d92b6e03
leaf spot,maize_leaf_spot,leaf spot415_.jpg,https://data.mendeley.com/public-files/datasets/bwh3zbpkpv/files/1cb1989d-18eb-4ed5-a295-7f97ee037a85/file_downloaded,https://prod-dcd-datasets-public-files-eu-west-1.s3.eu-west-1.amazonaws.com/f2e2274e-93a3-4e7c-be7c-22ee6b86c53e
leaf spot,maize_leaf_spot,leaf spot416_.jpg,https://data.mendeley.com/public-files/datasets/bwh3zbpkpv/files/020d6453-6615-4525-90d9-f47264405422/file_downloaded,https://prod-dcd-datasets-public-files-eu-west-1.s3.eu-west-1.amazonaws.com/a4646a59-6f7b-4655-9cb3-9e4dfffcf8e7
leaf spot,maize_leaf_spot,leaf spot417_.jpg,https://data.mendeley.com/public-files/datasets/bwh3zbpkpv/files/e3fc07f3-6539-4ff8-a161-d0d98d1020d5/file_downloaded,https://prod-dcd-datasets-public-files-eu-west-1.s3.eu-west-1.amazonaws.com/054f4678-0696-4007-a6b3-71b4d8e90d20
leaf spot,maize_leaf_spot,leaf spot418_.jpg,https://data.mendeley.com/public-files/datasets/bwh3zbpkpv/files/6793ab2a-3f77-4ec6-b5c4-dd3eb5317dfc/file_downloaded,https://prod-dcd-datasets-public-files-eu-west-1.s3.eu-west-1.amazonaws.com/866f8951-4a25-4a27-8695-fed776d1ed33
leaf spot,maize_leaf_spot,leaf spot419_.jpg,https://data.mendeley.com/public-files/datasets/bwh3zbpkpv/files/4f2426fd-42b9-432a-848b-e6c3dbb4e99b/file_downloaded,https://prod-dcd-datasets-public-files-eu-west-1.s3.eu-west-1.amazonaws.com/b8290c67-3570-49bb-8674-b1a6d78afa81
leaf spot,maize_leaf_spot,leaf spot41_.jpg,https://data.mendeley.com/public-files/datasets/bwh3zbpkpv/files/8934bfb1-3dc6-4f09-93cf-26f7de559857/file_downloaded,https://prod-dcd-datasets-public-files-eu-west-1.s3.eu-west-1.amazonaws.com/605b596b-7508-4597-a8b6-bc2a7aaea88f
leaf spot,maize_leaf_spot,leaf spot420_.jpg,https://data.mendeley.com/public-files/datasets/bwh3zbpkpv/files/0dc20277-c16d-445b-9519-8cf23b74c2b4/file_downloaded,https://prod-dcd-datasets-public-files-eu-west-1.s3.eu-west-1.amazonaws.com/65f6ae6e-f822-4a2f-a5dc-53494b1f896e
leaf spot,maize_leaf_spot,leaf spot421_.jpg,https://data.mendeley.com/public-files/datasets/bwh3zbpkpv/files/0c371b0a-63a6-47ea-b16e-a4d776f22558/file_downloaded,https://prod-dcd-datasets-public-files-eu-west-1.s3.eu-west-1.amazonaws.com/3c772bfe-35c5-4eef-9224-428530834ad1
leaf spot,maize_leaf_spot,leaf spot422_.jpg,https://data.mendeley.com/public-files/datasets/bwh3zbpkpv/files/2b8c5890-79e9-4e45-9260-def75b7dd489/file_downloaded,https://prod-dcd-datasets-public-files-eu-west-1.s3.eu-west-1.amazonaws.com/185dce07-291b-4c49-b58e-56e290d2fa29
leaf spot,maize_leaf_spot,leaf spot423_.jpg,https://data.mendeley.com/public-files/datasets/bwh3zbpkpv/files/b368a28f-ccb2-43dd-856f-483e3babf084/file_downloaded,https://prod-dcd-datasets-public-files-eu-west-1.s3.eu-west-1.amazonaws.com/3cd94903-5398-4110-bdb9-7d680a2c155b
leaf spot,maize_leaf_spot,leaf spot424_.jpg,https://data.mendeley.com/public-files/datasets/bwh3zbpkpv/files/c36e4a58-cdae-43cd-a5a7-e956350d56d2/file_downloaded,https://prod-dcd-datasets-public-files-eu-west-1.s3.eu-west-1.amazonaws.com/1302ec66-c3b7-4a58-8724-47b100432c1b
leaf spot,maize_leaf_spot,leaf spot425_.jpg,https://data.mendeley.com/public-files/datasets/bwh3zbpkpv/files/3f2e9c15-1bc5-432a-be29-9ac208670635/file_downloaded,https://prod-dcd-datasets-public-files-eu-west-1.s3.eu-west-1.amazonaws.com/ce0a6d0b-3a93-45b5-8a7b-3690ec50cc8f
leaf spot,maize_leaf_spot,leaf spot426_.jpg,https://data.mendeley.com/public-files/datasets/bwh3zbpkpv/files/9bdb3bd4-07b5-441a-8889-424b00ccdc85/file_downloaded,https://prod-dcd-datasets-public-files-eu-west-1.s3.eu-west-1.amazonaws.com/774ed1d5-1c39-46c0-955a-a8af4912f7b5
leaf spot,maize_leaf_spot,leaf spot427_.jpg,https://data.mendeley.com/public-files/datasets/bwh3zbpkpv/files/e7bb178b-8430-42d9-814d-0b4d0ddd64c9/file_downloaded,https://prod-dcd-datasets-public-files-eu-west-1.s3.eu-west-1.amazonaws.com/92d1e0ff-a6ba-4df5-b671-82059f494934
leaf spot,maize_leaf_spot,leaf spot428_.jpg,https://data.mendeley.com/public-files/datasets/bwh3zbpkpv/files/a85b37b0-157d-491e-bdc1-90624a870be1/file_downloaded,https://prod-dcd-datasets-public-files-eu-west-1.s3.eu-west-1.amazonaws.com/791a1065-bf0a-43fc-9a65-033a40fb3cae
leaf spot,maize_leaf_spot,leaf spot429_.jpg,https://data.mendeley.com/public-files/datasets/bwh3zbpkpv/files/8021de03-bd80-44ca-9907-09786d77725a/file_downloaded,https://prod-dcd-datasets-public-files-eu-west-1.s3.eu-west-1.amazonaws.com/5ca4422a-dfd2-4136-8acc-38dbf0a12d90
leaf spot,maize_leaf_spot,leaf spot42_.jpg,https://data.mendeley.com/public-files/datasets/bwh3zbpkpv/files/3bd05cda-cfa5-470b-872b-0ad942bc2387/file_downloaded,https://prod-dcd-datasets-public-files-eu-west-1.s3.eu-west-1.amazonaws.com/e44513d3-0672-44a7-ba64-d2aac63fbdba
leaf spot,maize_leaf_spot,leaf spot430_.jpg,https://data.mendeley.com/public-files/datasets/bwh3zbpkpv/files/f143fa6d-324b-40c1-84c3-17122c2a3f44/file_downloaded,https://prod-dcd-datasets-public-files-eu-west-1.s3.eu-west-1.amazonaws.com/392855d7-fe86-4f26-9992-aeb024285d89
leaf spot,maize_leaf_spot,leaf spot431_.jpg,https://data.mendeley.com/public-files/datasets/bwh3zbpkpv/files/49018ae5-c2ea-47e5-9108-f6858e1be66c/file_downloaded,https://prod-dcd-datasets-public-files-eu-west-1.s3.eu-west-1.amazonaws.com/440e3456-0173-4bff-98e3-d8bd7dfdeab7
leaf spot,maize_leaf_spot,leaf spot432_.jpg,https://data.mendeley.com/public-files/datasets/bwh3zbpkpv/files/6f7d0102-af31-403e-b5c7-91101c5f90b6/file_downloaded,https://prod-dcd-datasets-public-files-eu-west-1.s3.eu-west-1.amazonaws.com/1f2344f6-5bf7-47af-b5cc-0bdb49d35c96
leaf spot,maize_leaf_spot,leaf spot433_.jpg,https://data.mendeley.com/public-files/datasets/bwh3zbpkpv/files/97a2c5df-4221-4e97-83b1-7b5da51eed6d/file_downloaded,https://prod-dcd-datasets-public-files-eu-west-1.s3.eu-west-1.amazonaws.com/b8a5c50f-9ad1-464f-802c-1a6322db736c
leaf spot,maize_leaf_spot,leaf spot434_.jpg,https://data.mendeley.com/public-files/datasets/bwh3zbpkpv/files/89ebb625-66ff-4ced-b7cf-a86307758d36/file_downloaded,https://prod-dcd-datasets-public-files-eu-west-1.s3.eu-west-1.amazonaws.com/a15ef152-daae-42ea-9fbf-716a19ed09e2
leaf spot,maize_leaf_spot,leaf spot435_.jpg,https://data.mendeley.com/public-files/datasets/bwh3zbpkpv/files/fc0bb9a2-7e31-4946-9268-eab1bcf4bb2c/file_downloaded,https://prod-dcd-datasets-public-files-eu-west-1.s3.eu-west-1.amazonaws.com/8746d2c1-8022-47ea-9f0e-66a7aa31d281
leaf spot,maize_leaf_spot,leaf spot436_.jpg,https://data.mendeley.com/public-files/datasets/bwh3zbpkpv/files/360a7b35-e036-477d-81b6-60789104d134/file_downloaded,https://prod-dcd-datasets-public-files-eu-west-1.s3.eu-west-1.amazonaws.com/1a85175d-ab4a-4804-8a58-35ffa19d2047
leaf spot,maize_leaf_spot,leaf spot437_.jpg,https://data.mendeley.com/public-files/datasets/bwh3zbpkpv/files/4d3f04ad-51d3-43b5-861f-a702dd4d5c86/file_downloaded,https://prod-dcd-datasets-public-files-eu-west-1.s3.eu-west-1.amazonaws.com/07ac0cd0-22a7-46f3-934c-d11aafcbcefc
leaf spot,maize_leaf_spot,leaf spot438_.jpg,https://data.mendeley.com/public-files/datasets/bwh3zbpkpv/files/e91d0ac7-8711-4e86-b6f5-49744e5b9432/file_downloaded,https://prod-dcd-datasets-public-files-eu-west-1.s3.eu-west-1.amazonaws.com/b2fb7699-2281-4b7d-9bf8-a301be4d3401
leaf spot,maize_leaf_spot,leaf spot439_.jpg,https://data.mendeley.com/public-files/datasets/bwh3zbpkpv/files/543f919c-c68d-4f99-be8a-a2b0f2d11e34/file_downloaded,https://prod-dcd-datasets-public-files-eu-west-1.s3.eu-west-1.amazonaws.com/9435bce9-e642-41f1-b04b-0afcea4cbfaa
leaf spot,maize_leaf_spot,leaf spot43_.jpg,https://data.mendeley.com/public-files/datasets/bwh3zbpkpv/files/c42f8e51-d60d-4acc-93ad-e5352adbad3f/file_downloaded,https://prod-dcd-datasets-public-files-eu-west-1.s3.eu-west-1.amazonaws.com/941d9af9-d9c5-49a3-8e4f-8caa8cfcd813
leaf spot,maize_leaf_spot,leaf spot440_.jpg,https://data.mendeley.com/public-files/datasets/bwh3zbpkpv/files/e681e8e3-0a53-4a2d-857b-31360b33a619/file_downloaded,https://prod-dcd-datasets-public-files-eu-west-1.s3.eu-west-1.amazonaws.com/24dd55a2-077b-4bed-b7c4-1fb699c23f85
leaf spot,maize_leaf_spot,leaf spot441_.jpg,https://data.mendeley.com/public-files/datasets/bwh3zbpkpv/files/bca600c2-c2d8-4a89-a903-0982ad98618c/file_downloaded,https://prod-dcd-datasets-public-files-eu-west-1.s3.eu-west-1.amazonaws.com/f4612352-80c0-459d-9712-bcf85001700a
leaf spot,maize_leaf_spot,leaf spot442_.jpg,https://data.mendeley.com/public-files/datasets/bwh3zbpkpv/files/a2b96eee-a3ce-4faf-9e56-d07ac180c5c4/file_downloaded,https://prod-dcd-datasets-public-files-eu-west-1.s3.eu-west-1.amazonaws.com/572e0d7c-1176-4ca1-bef4-41ce32cd52f9
leaf spot,maize_leaf_spot,leaf spot443_.jpg,https://data.mendeley.com/public-files/datasets/bwh3zbpkpv/files/b7ce54b4-6f60-4eed-b6b3-9a5fc71bf86f/file_downloaded,https://prod-dcd-datasets-public-files-eu-west-1.s3.eu-west-1.amazonaws.com/08900730-88e9-4e31-aad3-c745605c4fd0
leaf spot,maize_leaf_spot,leaf spot444_.jpg,https://data.mendeley.com/public-files/datasets/bwh3zbpkpv/files/2bf874c5-2b68-4ee3-85b4-36da41612a1a/file_downloaded,https://prod-dcd-datasets-public-files-eu-west-1.s3.eu-west-1.amazonaws.com/84c498b5-dc3e-4980-b47c-d228337c2517
leaf spot,maize_leaf_spot,leaf spot445_.jpg,https://data.mendeley.com/public-files/datasets/bwh3zbpkpv/files/849f5c96-eece-4c0b-a909-ebee849adccf/file_downloaded,https://prod-dcd-datasets-public-files-eu-west-1.s3.eu-west-1.amazonaws.com/bdc6450c-1346-4862-ad0f-8483e65d5e94
leaf spot,maize_leaf_spot,leaf spot446_.jpg,https://data.mendeley.com/public-files/datasets/bwh3zbpkpv/files/538ce76a-af51-49f1-87fa-dc640c2745a1/file_downloaded,https://prod-dcd-datasets-public-files-eu-west-1.s3.eu-west-1.amazonaws.com/f1b52d5a-2c28-4013-84f3-fbbcf3e0ba19
leaf spot,maize_leaf_spot,leaf spot447_.jpg,https://data.mendeley.com/public-files/datasets/bwh3zbpkpv/files/8c92faa3-df11-4456-b47b-88dcf35b08e8/file_downloaded,https://prod-dcd-datasets-public-files-eu-west-1.s3.eu-west-1.amazonaws.com/15151b73-e51f-4a40-9788-5d54a69bdccf
leaf spot,maize_leaf_spot,leaf spot448_.jpg,https://data.mendeley.com/public-files/datasets/bwh3zbpkpv/files/1671263f-fca1-4c6e-a0fb-bb42e8922372/file_downloaded,https://prod-dcd-datasets-public-files-eu-west-1.s3.eu-west-1.amazonaws.com/cd8e2841-6d64-4ae6-a57c-25f15f6274db
leaf spot,maize_leaf_spot,leaf spot449_.jpg,https://data.mendeley.com/public-files/datasets/bwh3zbpkpv/files/a7cd4417-d65e-4d73-b662-b71c3ec76f51/file_downloaded,https://prod-dcd-datasets-public-files-eu-west-1.s3.eu-west-1.amazonaws.com/3425c288-a368-4ade-8544-2fffda1dbd61
leaf spot,maize_leaf_spot,leaf spot44_.jpg,https://data.mendeley.com/public-files/datasets/bwh3zbpkpv/files/b288c576-3ad6-4c85-8a09-6cd931817ad8/file_downloaded,https://prod-dcd-datasets-public-files-eu-west-1.s3.eu-west-1.amazonaws.com/80e80f3b-f1f5-41f0-b340-5a21b8ca6157
leaf spot,maize_leaf_spot,leaf spot450_.jpg,https://data.mendeley.com/public-files/datasets/bwh3zbpkpv/files/1fbe9b1c-0a23-4655-901f-d699b20f0628/file_downloaded,https://prod-dcd-datasets-public-files-eu-west-1.s3.eu-west-1.amazonaws.com/16f4d6ef-6d0d-4aa3-8dbd-7f838b062528
leaf spot,maize_leaf_spot,leaf spot451_.jpg,https://data.mendeley.com/public-files/datasets/bwh3zbpkpv/files/27aa1374-ad34-42fd-972e-192993a25467/file_downloaded,https://prod-dcd-datasets-public-files-eu-west-1.s3.eu-west-1.amazonaws.com/9a63240c-cfd6-4c2a-aa6b-3be0ee3e58b7
leaf spot,maize_leaf_spot,leaf spot452_.jpg,https://data.mendeley.com/public-files/datasets/bwh3zbpkpv/files/6e299a2d-9d8a-4d3c-9824-c4b62f990252/file_downloaded,https://prod-dcd-datasets-public-files-eu-west-1.s3.eu-west-1.amazonaws.com/bd7a6d2d-1b7a-4b64-8d6a-1cb490fee72a
leaf spot,maize_leaf_spot,leaf spot453_.jpg,https://data.mendeley.com/public-files/datasets/bwh3zbpkpv/files/42673611-d151-42f3-957c-755eed242ade/file_downloaded,https://prod-dcd-datasets-public-files-eu-west-1.s3.eu-west-1.amazonaws.com/d2b9c628-8ad5-45e5-b7f3-019978fd31af
leaf spot,maize_leaf_spot,leaf spot454_.jpg,https://data.mendeley.com/public-files/datasets/bwh3zbpkpv/files/44450349-e056-4beb-a643-9efc10dc6561/file_downloaded,https://prod-dcd-datasets-public-files-eu-west-1.s3.eu-west-1.amazonaws.com/d5f81380-5d8b-4840-bc52-b6c0e13fa8e5
leaf spot,maize_leaf_spot,leaf spot455_.jpg,https://data.mendeley.com/public-files/datasets/bwh3zbpkpv/files/4cbc345e-034c-471a-8376-3e06b26f42a4/file_downloaded,https://prod-dcd-datasets-public-files-eu-west-1.s3.eu-west-1.amazonaws.com/6db36386-26e6-4cfa-9a11-3b37ce09fa7e
leaf spot,maize_leaf_spot,leaf spot456_.jpg,https://data.mendeley.com/public-files/datasets/bwh3zbpkpv/files/ffb291ea-d376-4780-8c22-005d43c86600/file_downloaded,https://prod-dcd-datasets-public-files-eu-west-1.s3.eu-west-1.amazonaws.com/46421805-051a-41c8-9a04-e6c19ce1111e
leaf spot,maize_leaf_spot,leaf spot457_.jpg,https://data.mendeley.com/public-files/datasets/bwh3zbpkpv/files/ad417814-dc49-4412-a6ec-f1999dafbd47/file_downloaded,https://prod-dcd-datasets-public-files-eu-west-1.s3.eu-west-1.amazonaws.com/35808cd8-b57c-4485-9206-05786fd78f64
leaf spot,maize_leaf_spot,leaf spot458_.jpg,https://data.mendeley.com/public-files/datasets/bwh3zbpkpv/files/8d9def0a-f9b9-4c18-8416-b370b34960ba/file_downloaded,https://prod-dcd-datasets-public-files-eu-west-1.s3.eu-west-1.amazonaws.com/a766a208-6a08-436c-9b3c-de3996f10476
leaf spot,maize_leaf_spot,leaf spot459_.jpg,https://data.mendeley.com/public-files/datasets/bwh3zbpkpv/files/8c0a8eba-3ce3-4320-a2c8-128627f7f13d/file_downloaded,https://prod-dcd-datasets-public-files-eu-west-1.s3.eu-west-1.amazonaws.com/34a96168-b03c-4a10-a8db-1c7d666a65c8
leaf spot,maize_leaf_spot,leaf spot45_.jpg,https://data.mendeley.com/public-files/datasets/bwh3zbpkpv/files/63a76654-2efb-4b5c-89bc-e72acf4fdc54/file_downloaded,https://prod-dcd-datasets-public-files-eu-west-1.s3.eu-west-1.amazonaws.com/54dd5063-a91b-458e-a2d3-aa147a1f832b
leaf spot,maize_leaf_spot,leaf spot460_.jpg,https://data.mendeley.com/public-files/datasets/bwh3zbpkpv/files/78d427b9-129e-40c7-9634-73d40014930f/file_downloaded,https://prod-dcd-datasets-public-files-eu-west-1.s3.eu-west-1.amazonaws.com/a06f71f3-e326-45d4-ade5-ce122d48a40d
leaf spot,maize_leaf_spot,leaf spot461_.jpg,https://data.mendeley.com/public-files/datasets/bwh3zbpkpv/files/77fc09dd-12c8-466b-9943-cf2e49dc71ab/file_downloaded,https://prod-dcd-datasets-public-files-eu-west-1.s3.eu-west-1.amazonaws.com/72d103fa-98f8-4ac4-8658-a5f975909cbe
leaf spot,maize_leaf_spot,leaf spot462_.jpg,https://data.mendeley.com/public-files/datasets/bwh3zbpkpv/files/e23f7bfb-70a7-45d4-a217-e525dcc8a680/file_downloaded,https://prod-dcd-datasets-public-files-eu-west-1.s3.eu-west-1.amazonaws.com/4e710ffc-4dae-41bd-904d-83b11c785b2e
leaf spot,maize_leaf_spot,leaf spot463_.jpg,https://data.mendeley.com/public-files/datasets/bwh3zbpkpv/files/5b42691e-af91-45f8-baa3-79555558a805/file_downloaded,https://prod-dcd-datasets-public-files-eu-west-1.s3.eu-west-1.amazonaws.com/205afa38-bc5e-4014-b8cd-14c281c27842
leaf spot,maize_leaf_spot,leaf spot464_.jpg,https://data.mendeley.com/public-files/datasets/bwh3zbpkpv/files/d0dc5611-e7af-4032-bdf9-9efb03ae5a35/file_downloaded,https://prod-dcd-datasets-public-files-eu-west-1.s3.eu-west-1.amazonaws.com/14a52b64-b003-4c45-8f1f-1e55cb0387ea
leaf spot,maize_leaf_spot,leaf spot465_.jpg,https://data.mendeley.com/public-files/datasets/bwh3zbpkpv/files/2f7018d7-2874-456e-92d3-b72b151416b9/file_downloaded,https://prod-dcd-datasets-public-files-eu-west-1.s3.eu-west-1.amazonaws.com/f828793e-a3b5-44c0-a06d-8ade0d1e2936
leaf spot,maize_leaf_spot,leaf spot466_.jpg,https://data.mendeley.com/public-files/datasets/bwh3zbpkpv/files/88355e34-d9cd-49ee-b0fc-da5e5ba92b0e/file_downloaded,https://prod-dcd-datasets-public-files-eu-west-1.s3.eu-west-1.amazonaws.com/7d48224c-7b99-42a0-9f6b-b93721fc707a
leaf spot,maize_leaf_spot,leaf spot467_.jpg,https://data.mendeley.com/public-files/datasets/bwh3zbpkpv/files/a4fa00d5-7b50-4744-a7a1-6fa71b127e9d/file_downloaded,https://prod-dcd-datasets-public-files-eu-west-1.s3.eu-west-1.amazonaws.com/42946a47-4047-437e-b1a1-8c30c5810ba7
leaf spot,maize_leaf_spot,leaf spot468_.jpg,https://data.mendeley.com/public-files/datasets/bwh3zbpkpv/files/a4204297-32dd-4fa0-9ab2-878837b72853/file_downloaded,https://prod-dcd-datasets-public-files-eu-west-1.s3.eu-west-1.amazonaws.com/da4e3cf4-3a78-491b-b0a0-67f4e50edaad
leaf spot,maize_leaf_spot,leaf spot469_.jpg,https://data.mendeley.com/public-files/datasets/bwh3zbpkpv/files/415328d1-4e59-43de-8e8e-2c318939b78d/file_downloaded,https://prod-dcd-datasets-public-files-eu-west-1.s3.eu-west-1.amazonaws.com/fa85b563-e9e8-4e9c-906b-420a84a84d5e
leaf spot,maize_leaf_spot,leaf spot46_.jpg,https://data.mendeley.com/public-files/datasets/bwh3zbpkpv/files/e217b743-9b0b-443d-ba1d-e14f8fb84ad5/file_downloaded,https://prod-dcd-datasets-public-files-eu-west-1.s3.eu-west-1.amazonaws.com/678e4579-1319-4d16-a0bf-fbea47091df0
leaf spot,maize_leaf_spot,leaf spot470_.jpg,https://data.mendeley.com/public-files/datasets/bwh3zbpkpv/files/a8ce378b-f2f5-4fc3-a926-0d314d63330f/file_downloaded,https://prod-dcd-datasets-public-files-eu-west-1.s3.eu-west-1.amazonaws.com/28b05032-4a22-49c9-9e85-02d62067e314
leaf spot,maize_leaf_spot,leaf spot471_.jpg,https://data.mendeley.com/public-files/datasets/bwh3zbpkpv/files/bd5fbdc7-70d8-4df7-a36c-e18e09e38889/file_downloaded,https://prod-dcd-datasets-public-files-eu-west-1.s3.eu-west-1.amazonaws.com/6ef18a16-8c2e-4519-a78d-696827c9eb0c
leaf spot,maize_leaf_spot,leaf spot472_.jpg,https://data.mendeley.com/public-files/datasets/bwh3zbpkpv/files/3016af4f-afe8-4190-9ca7-046713d37fd3/file_downloaded,https://prod-dcd-datasets-public-files-eu-west-1.s3.eu-west-1.amazonaws.com/7dfab729-4382-4c8a-9e21-43c4c6188896
leaf spot,maize_leaf_spot,leaf spot473_.jpg,https://data.mendeley.com/public-files/datasets/bwh3zbpkpv/files/f1ee82bf-4aad-42c2-9122-6e331795ec77/file_downloaded,https://prod-dcd-datasets-public-files-eu-west-1.s3.eu-west-1.amazonaws.com/2e24aee0-321f-4be3-99b6-93790b40a4a2
leaf spot,maize_leaf_spot,leaf spot474_.jpg,https://data.mendeley.com/public-files/datasets/bwh3zbpkpv/files/08d9ee35-4fa3-4e9a-873b-c152f8d067d7/file_downloaded,https://prod-dcd-datasets-public-files-eu-west-1.s3.eu-west-1.amazonaws.com/afdbf3ab-af92-426d-8f0c-bbc8beb05115
leaf spot,maize_leaf_spot,leaf spot475_.jpg,https://data.mendeley.com/public-files/datasets/bwh3zbpkpv/files/e3059d9a-9c8b-4374-95fb-ddd8e70f6714/file_downloaded,https://prod-dcd-datasets-public-files-eu-west-1.s3.eu-west-1.amazonaws.com/df5c322c-2539-4336-8387-5f9c7546f0e3
leaf spot,maize_leaf_spot,leaf spot476_.jpg,https://data.mendeley.com/public-files/datasets/bwh3zbpkpv/files/f7e23619-dcd5-4d46-aeef-78418dc418e1/file_downloaded,https://prod-dcd-datasets-public-files-eu-west-1.s3.eu-west-1.amazonaws.com/abffcdc5-0a7d-4664-8dc2-846bd478258e
leaf spot,maize_leaf_spot,leaf spot477_.jpg,https://data.mendeley.com/public-files/datasets/bwh3zbpkpv/files/7554114e-ba1c-4019-b2d7-3cdebda7aff0/file_downloaded,https://prod-dcd-datasets-public-files-eu-west-1.s3.eu-west-1.amazonaws.com/3dbde4cd-043b-4c52-8a62-b28c9b18f908
leaf spot,maize_leaf_spot,leaf spot478_.jpg,https://data.mendeley.com/public-files/datasets/bwh3zbpkpv/files/834411db-4626-4ec6-be66-329ac1ee4cc8/file_downloaded,https://prod-dcd-datasets-public-files-eu-west-1.s3.eu-west-1.amazonaws.com/4f5a5b13-5329-44c4-a6d0-7261a1b1c517
leaf spot,maize_leaf_spot,leaf spot479_.jpg,https://data.mendeley.com/public-files/datasets/bwh3zbpkpv/files/10c57fbb-90f4-4ce3-b22d-455f5b3d3490/file_downloaded,https://prod-dcd-datasets-public-files-eu-west-1.s3.eu-west-1.amazonaws.com/d46bb4f5-44e6-4878-ad04-fe87d8b1959d
leaf spot,maize_leaf_spot,leaf spot47_.jpg,https://data.mendeley.com/public-files/datasets/bwh3zbpkpv/files/66ea2821-1d82-47b9-aba5-d82e7abfb4f4/file_downloaded,https://prod-dcd-datasets-public-files-eu-west-1.s3.eu-west-1.amazonaws.com/3b35d6c4-c915-4e47-84c1-912523234c10
leaf spot,maize_leaf_spot,leaf spot480_.jpg,https://data.mendeley.com/public-files/datasets/bwh3zbpkpv/files/1dfd78fb-fcef-4813-9e67-1e1c35748f8e/file_downloaded,https://prod-dcd-datasets-public-files-eu-west-1.s3.eu-west-1.amazonaws.com/42b1f43b-35c5-468f-b784-5410952eb0d3
leaf spot,maize_leaf_spot,leaf spot481_.jpg,https://data.mendeley.com/public-files/datasets/bwh3zbpkpv/files/b64fcb21-f626-42aa-b770-08a2b95cb4d5/file_downloaded,https://prod-dcd-datasets-public-files-eu-west-1.s3.eu-west-1.amazonaws.com/7e3a86ed-126b-411f-ab9b-a75588542cf7
leaf spot,maize_leaf_spot,leaf spot482_.jpg,https://data.mendeley.com/public-files/datasets/bwh3zbpkpv/files/855fd9a8-d677-436f-8742-5edd0610696f/file_downloaded,https://prod-dcd-datasets-public-files-eu-west-1.s3.eu-west-1.amazonaws.com/695d2136-ccae-4445-b4f6-45bc09584c8b
leaf spot,maize_leaf_spot,leaf spot483_.jpg,https://data.mendeley.com/public-files/datasets/bwh3zbpkpv/files/56509a7a-de0f-452c-a4be-b0f6aeb9e727/file_downloaded,https://prod-dcd-datasets-public-files-eu-west-1.s3.eu-west-1.amazonaws.com/ddd23b83-69d2-464d-b092-5cdfe6a66390
leaf spot,maize_leaf_spot,leaf spot484_.jpg,https://data.mendeley.com/public-files/datasets/bwh3zbpkpv/files/1695ced4-3a3b-4db0-8dca-646f41b8f8db/file_downloaded,https://prod-dcd-datasets-public-files-eu-west-1.s3.eu-west-1.amazonaws.com/89e580c4-2ab3-4773-8720-d88cdd2cb4b2
leaf spot,maize_leaf_spot,leaf spot485_.jpg,https://data.mendeley.com/public-files/datasets/bwh3zbpkpv/files/d0690172-c78f-437f-8644-bf95bdc86e0f/file_downloaded,https://prod-dcd-datasets-public-files-eu-west-1.s3.eu-west-1.amazonaws.com/3574bfe6-1d6d-4a93-8daa-1b0ee6e2c723
leaf spot,maize_leaf_spot,leaf spot486_.jpg,https://data.mendeley.com/public-files/datasets/bwh3zbpkpv/files/328e6946-573c-4757-93ee-ffdee292af7c/file_downloaded,https://prod-dcd-datasets-public-files-eu-west-1.s3.eu-west-1.amazonaws.com/bf7de63a-43a5-4e89-a854-aa46a3bf0d83
leaf spot,maize_leaf_spot,leaf spot487_.jpg,https://data.mendeley.com/public-files/datasets/bwh3zbpkpv/files/ed6a0896-073f-4b65-bff1-7d258c018754/file_downloaded,https://prod-dcd-datasets-public-files-eu-west-1.s3.eu-west-1.amazonaws.com/9d9cd1f9-83da-4071-b9f0-95edad54c86c
leaf spot,maize_leaf_spot,leaf spot488_.jpg,https://data.mendeley.com/public-files/datasets/bwh3zbpkpv/files/4586f69e-eebe-4cab-9325-7db1dede55f4/file_downloaded,https://prod-dcd-datasets-public-files-eu-west-1.s3.eu-west-1.amazonaws.com/5c83f373-3d07-4d8c-887c-0abafc52bee1
leaf spot,maize_leaf_spot,leaf spot489_.jpg,https://data.mendeley.com/public-files/datasets/bwh3zbpkpv/files/bcc68a5c-74dd-4316-89e7-7781dbd473a5/file_downloaded,https://prod-dcd-datasets-public-files-eu-west-1.s3.eu-west-1.amazonaws.com/677c67e7-7d96-4383-abd9-80a8c95c0379
leaf spot,maize_leaf_spot,leaf spot48_.jpg,https://data.mendeley.com/public-files/datasets/bwh3zbpkpv/files/15765242-40bd-44f6-bb22-5ea2fe515518/file_downloaded,https://prod-dcd-datasets-public-files-eu-west-1.s3.eu-west-1.amazonaws.com/477eaf6b-3ce9-40f9-83d6-608c4d241e21
leaf spot,maize_leaf_spot,leaf spot490_.jpg,https://data.mendeley.com/public-files/datasets/bwh3zbpkpv/files/eb2ba6d5-825a-4529-97ee-ed5f3c65d6ca/file_downloaded,https://prod-dcd-datasets-public-files-eu-west-1.s3.eu-west-1.amazonaws.com/20e158bc-5a9e-463d-8b34-4ae3ccd2f7ab
leaf spot,maize_leaf_spot,leaf spot491_.jpg,https://data.mendeley.com/public-files/datasets/bwh3zbpkpv/files/deec445c-b1c6-40dd-8d61-8eb9c8a19a72/file_downloaded,https://prod-dcd-datasets-public-files-eu-west-1.s3.eu-west-1.amazonaws.com/131eb0c0-7ecc-42e5-9f4c-d64247e73b1e
leaf spot,maize_leaf_spot,leaf spot492_.jpg,https://data.mendeley.com/public-files/datasets/bwh3zbpkpv/files/90a6a133-16d0-435d-8404-183424c30090/file_downloaded,https://prod-dcd-datasets-public-files-eu-west-1.s3.eu-west-1.amazonaws.com/7274f591-ce08-441c-872f-be81ba975403
leaf spot,maize_leaf_spot,leaf spot493_.jpg,https://data.mendeley.com/public-files/datasets/bwh3zbpkpv/files/23805028-ba12-47d9-87c8-d0722dd866d6/file_downloaded,https://prod-dcd-datasets-public-files-eu-west-1.s3.eu-west-1.amazonaws.com/a02e0714-781c-49a3-bf9b-021a827ef79d
leaf spot,maize_leaf_spot,leaf spot494_.jpg,https://data.mendeley.com/public-files/datasets/bwh3zbpkpv/files/c409569c-508f-4a40-9f60-f31dc6826532/file_downloaded,https://prod-dcd-datasets-public-files-eu-west-1.s3.eu-west-1.amazonaws.com/d83c479f-8df3-4fa3-a71e-fe36fe5ba8af
leaf spot,maize_leaf_spot,leaf spot495_.jpg,https://data.mendeley.com/public-files/datasets/bwh3zbpkpv/files/b68a1aba-0d84-415f-9fe0-90865f625e41/file_downloaded,https://prod-dcd-datasets-public-files-eu-west-1.s3.eu-west-1.amazonaws.com/66f6a48d-24de-440a-a8a1-c9956ae0a00e
leaf spot,maize_leaf_spot,leaf spot496_.jpg,https://data.mendeley.com/public-files/datasets/bwh3zbpkpv/files/091ce42d-1b78-4efa-bc18-30c648ef99b3/file_downloaded,https://prod-dcd-datasets-public-files-eu-west-1.s3.eu-west-1.amazonaws.com/1a8b8878-8b12-4bac-9ccd-f11522711997
leaf spot,maize_leaf_spot,leaf spot497_.jpg,https://data.mendeley.com/public-files/datasets/bwh3zbpkpv/files/0ea00af1-4136-415e-b94f-faee65763f20/file_downloaded,https://prod-dcd-datasets-public-files-eu-west-1.s3.eu-west-1.amazonaws.com/353701f3-9691-4a07-8a4e-18d16939dada
leaf spot,maize_leaf_spot,leaf spot498_.jpg,https://data.mendeley.com/public-files/datasets/bwh3zbpkpv/files/4e486619-1587-45d3-9ce6-c8562078f232/file_downloaded,https://prod-dcd-datasets-public-files-eu-west-1.s3.eu-west-1.amazonaws.com/d9ed4b21-d727-4141-a1de-01c709ae537a
leaf spot,maize_leaf_spot,leaf spot499_.jpg,https://data.mendeley.com/public-files/datasets/bwh3zbpkpv/files/0022a694-281f-4011-8f2d-1400c96b2def/file_downloaded,https://prod-dcd-datasets-public-files-eu-west-1.s3.eu-west-1.amazonaws.com/3398ee37-416e-4106-aaa8-126a30b755bd
leaf spot,maize_leaf_spot,leaf spot49_.jpg,https://data.mendeley.com/public-files/datasets/bwh3zbpkpv/files/ad94a517-207a-4894-bdf3-d2664137ca14/file_downloaded,https://prod-dcd-datasets-public-files-eu-west-1.s3.eu-west-1.amazonaws.com/92fd88ed-6317-47b0-8d9b-6fa67284e6f1
leaf spot,maize_leaf_spot,leaf spot4_.jpg,https://data.mendeley.com/public-files/datasets/bwh3zbpkpv/files/67b566f7-7e88-4ea1-b409-ae4c3bc3773a/file_downloaded,https://prod-dcd-datasets-public-files-eu-west-1.s3.eu-west-1.amazonaws.com/4425ebc9-aba6-4962-9e25-b8f0d1762984
leaf spot,maize_leaf_spot,leaf spot500_.jpg,https://data.mendeley.com/public-files/datasets/bwh3zbpkpv/files/f1cbe1c6-1422-4195-b626-cd51e33cefdd/file_downloaded,https://prod-dcd-datasets-public-files-eu-west-1.s3.eu-west-1.amazonaws.com/b01dba0f-d025-45dd-8156-0ff3e2f2ce08
leaf spot,maize_leaf_spot,leaf spot501_.jpg,https://data.mendeley.com/public-files/datasets/bwh3zbpkpv/files/b0703bee-6018-451f-aee3-d9e313adf9f8/file_downloaded,https://prod-dcd-datasets-public-files-eu-west-1.s3.eu-west-1.amazonaws.com/469e248d-2594-43f3-93d8-22cf01385246
leaf spot,maize_leaf_spot,leaf spot502_.jpg,https://data.mendeley.com/public-files/datasets/bwh3zbpkpv/files/a39dfe7d-1b17-465b-955c-89dd29b21cc9/file_downloaded,https://prod-dcd-datasets-public-files-eu-west-1.s3.eu-west-1.amazonaws.com/dd4a0ecc-f23a-4d80-9b9a-7c9b6898cedd
leaf spot,maize_leaf_spot,leaf spot503_.jpg,https://data.mendeley.com/public-files/datasets/bwh3zbpkpv/files/a084f347-8726-432a-a205-e544f30084cb/file_downloaded,https://prod-dcd-datasets-public-files-eu-west-1.s3.eu-west-1.amazonaws.com/ac8eedd7-0beb-4f7d-a57a-2d4ec91068fa
leaf spot,maize_leaf_spot,leaf spot504_.jpg,https://data.mendeley.com/public-files/datasets/bwh3zbpkpv/files/940d8e16-7b92-4dd5-93bb-6bcf9563c789/file_downloaded,https://prod-dcd-datasets-public-files-eu-west-1.s3.eu-west-1.amazonaws.com/ca7dfef6-a73c-4edc-8e8f-b68d21ff079e
leaf spot,maize_leaf_spot,leaf spot505_.jpg,https://data.mendeley.com/public-files/datasets/bwh3zbpkpv/files/3d7b9193-719d-44aa-bebb-bacaa7571d0f/file_downloaded,https://prod-dcd-datasets-public-files-eu-west-1.s3.eu-west-1.amazonaws.com/d8f42a52-687b-4bfd-82e6-a9f3bb01deb9
leaf spot,maize_leaf_spot,leaf spot506_.jpg,https://data.mendeley.com/public-files/datasets/bwh3zbpkpv/files/9d0b4a20-8b26-4dc0-b2f1-9ce311b9b8b3/file_downloaded,https://prod-dcd-datasets-public-files-eu-west-1.s3.eu-west-1.amazonaws.com/8c3790a9-a341-4cad-8f81-2724e61f9543
leaf spot,maize_leaf_spot,leaf spot507_.jpg,https://data.mendeley.com/public-files/datasets/bwh3zbpkpv/files/256fc584-5538-4e82-9548-16616598f2f3/file_downloaded,https://prod-dcd-datasets-public-files-eu-west-1.s3.eu-west-1.amazonaws.com/9042ec68-6e01-4918-b0cf-c27b0d403b60
leaf spot,maize_leaf_spot,leaf spot508_.jpg,https://data.mendeley.com/public-files/datasets/bwh3zbpkpv/files/35cdf36b-1e48-45a8-b1f5-e15a67ebcfe6/file_downloaded,https://prod-dcd-datasets-public-files-eu-west-1.s3.eu-west-1.amazonaws.com/70bdafb8-a1eb-45b2-8a8b-64de98a1e419
leaf spot,maize_leaf_spot,leaf spot509_.jpg,https://data.mendeley.com/public-files/datasets/bwh3zbpkpv/files/ee63f85f-bd6c-4f1f-b80c-e6bff18ca0d2/file_downloaded,https://prod-dcd-datasets-public-files-eu-west-1.s3.eu-west-1.amazonaws.com/60295046-c1aa-429b-8f57-d94aee264825
leaf spot,maize_leaf_spot,leaf spot50_.jpg,https://data.mendeley.com/public-files/datasets/bwh3zbpkpv/files/e6f20001-be44-494e-8cbd-3f8c36d2e579/file_downloaded,https://prod-dcd-datasets-public-files-eu-west-1.s3.eu-west-1.amazonaws.com/4154c603-d1eb-4a71-9508-8d6d2f17e064
leaf spot,maize_leaf_spot,leaf spot510_.jpg,https://data.mendeley.com/public-files/datasets/bwh3zbpkpv/files/2a4b1125-ebf7-4525-ac1a-8c21f704270b/file_downloaded,https://prod-dcd-datasets-public-files-eu-west-1.s3.eu-west-1.amazonaws.com/29048b1c-602c-4e4c-918a-e15464e2371a
leaf spot,maize_leaf_spot,leaf spot511_.jpg,https://data.mendeley.com/public-files/datasets/bwh3zbpkpv/files/14db4bb7-2ad7-4213-b51a-94e08e8a653b/file_downloaded,https://prod-dcd-datasets-public-files-eu-west-1.s3.eu-west-1.amazonaws.com/ad5eac9e-cd9b-4cc1-94da-0eadbcee890f
leaf spot,maize_leaf_spot,leaf spot512_.jpg,https://data.mendeley.com/public-files/datasets/bwh3zbpkpv/files/68be2704-fc99-4b67-8f8b-ef1255348721/file_downloaded,https://prod-dcd-datasets-public-files-eu-west-1.s3.eu-west-1.amazonaws.com/c151789c-8285-4689-befd-6aea96b8b0a6
leaf spot,maize_leaf_spot,leaf spot513_.jpg,https://data.mendeley.com/public-files/datasets/bwh3zbpkpv/files/4735d66c-2702-4e96-b9a1-a2a91d339d7d/file_downloaded,https://prod-dcd-datasets-public-files-eu-west-1.s3.eu-west-1.amazonaws.com/8137aa25-28a6-4b3c-8f57-ed13a5281ea3
leaf spot,maize_leaf_spot,leaf spot514_.jpg,https://data.mendeley.com/public-files/datasets/bwh3zbpkpv/files/c9657016-140d-4ab5-b989-2b700d26553d/file_downloaded,https://prod-dcd-datasets-public-files-eu-west-1.s3.eu-west-1.amazonaws.com/fed0ee00-76ad-4f40-a688-b92753873d15
leaf spot,maize_leaf_spot,leaf spot515_.jpg,https://data.mendeley.com/public-files/datasets/bwh3zbpkpv/files/903c45dc-13b8-4985-8eee-cf61759730b8/file_downloaded,https://prod-dcd-datasets-public-files-eu-west-1.s3.eu-west-1.amazonaws.com/f85523c6-05d9-4536-bcb2-19e407b92aed
leaf spot,maize_leaf_spot,leaf spot516_.jpg,https://data.mendeley.com/public-files/datasets/bwh3zbpkpv/files/d5f1eb2f-4ac7-4045-b3a8-6c7534b3b545/file_downloaded,https://prod-dcd-datasets-public-files-eu-west-1.s3.eu-west-1.amazonaws.com/94d05a7c-f739-4751-8511-e443bb71ca9d
leaf spot,maize_leaf_spot,leaf spot517_.jpg,https://data.mendeley.com/public-files/datasets/bwh3zbpkpv/files/72ecfa23-1952-42b8-a78a-2e150f4e1f1d/file_downloaded,https://prod-dcd-datasets-public-files-eu-west-1.s3.eu-west-1.amazonaws.com/5e1aa3bc-8c4d-4cb2-9fdd-c61f03582d03
leaf spot,maize_leaf_spot,leaf spot518_.jpg,https://data.mendeley.com/public-files/datasets/bwh3zbpkpv/files/424494d3-d58f-4548-bb09-c8429df7e54f/file_downloaded,https://prod-dcd-datasets-public-files-eu-west-1.s3.eu-west-1.amazonaws.com/18d605cd-4cfa-4832-aa12-ab8f15ef4113
leaf spot,maize_leaf_spot,leaf spot519_.jpg,https://data.mendeley.com/public-files/datasets/bwh3zbpkpv/files/45ca4f7f-47e8-446d-bbc5-313a66d6e32b/file_downloaded,https://prod-dcd-datasets-public-files-eu-west-1.s3.eu-west-1.amazonaws.com/9b3a32ab-8e79-4862-aaf0-587735f8c9c9
leaf spot,maize_leaf_spot,leaf spot51_.jpg,https://data.mendeley.com/public-files/datasets/bwh3zbpkpv/files/d2359a34-d6dc-423b-850c-e062cb02fa7a/file_downloaded,https://prod-dcd-datasets-public-files-eu-west-1.s3.eu-west-1.amazonaws.com/004bcdf3-a1ee-488a-89a1-4d56acf51dee
leaf spot,maize_leaf_spot,leaf spot520_.jpg,https://data.mendeley.com/public-files/datasets/bwh3zbpkpv/files/57358e60-60d1-43ba-9f6b-fd95df196d5a/file_downloaded,https://prod-dcd-datasets-public-files-eu-west-1.s3.eu-west-1.amazonaws.com/3485dabc-d4c5-4207-ab01-826e6375ed86
leaf spot,maize_leaf_spot,leaf spot521_.jpg,https://data.mendeley.com/public-files/datasets/bwh3zbpkpv/files/e8c63774-245f-47e9-9745-037fdd826656/file_downloaded,https://prod-dcd-datasets-public-files-eu-west-1.s3.eu-west-1.amazonaws.com/f842b08b-0deb-4280-bf54-422c5f6753e3
leaf spot,maize_leaf_spot,leaf spot522_.jpg,https://data.mendeley.com/public-files/datasets/bwh3zbpkpv/files/9d0de810-eca1-4b20-b4f6-f049392a84e9/file_downloaded,https://prod-dcd-datasets-public-files-eu-west-1.s3.eu-west-1.amazonaws.com/157cd522-83ed-4522-91dc-37955484dba4
leaf spot,maize_leaf_spot,leaf spot523_.jpg,https://data.mendeley.com/public-files/datasets/bwh3zbpkpv/files/2a750f04-8f01-4e9a-a1e1-bf43a0317841/file_downloaded,https://prod-dcd-datasets-public-files-eu-west-1.s3.eu-west-1.amazonaws.com/d9926c38-2abf-45b9-9458-81b345c98977
leaf spot,maize_leaf_spot,leaf spot524_.jpg,https://data.mendeley.com/public-files/datasets/bwh3zbpkpv/files/7c1f222b-67b1-4e8c-a9c4-bcbb9193a1fb/file_downloaded,https://prod-dcd-datasets-public-files-eu-west-1.s3.eu-west-1.amazonaws.com/3b8ee7c8-11e5-44eb-9cc9-b63a92ce8366
leaf spot,maize_leaf_spot,leaf spot525_.jpg,https://data.mendeley.com/public-files/datasets/bwh3zbpkpv/files/9e44365c-9e5c-4eb3-934d-e4b1d9d41433/file_downloaded,https://prod-dcd-datasets-public-files-eu-west-1.s3.eu-west-1.amazonaws.com/4ae4c00d-4161-432a-9cb6-05a581ebdd7f
leaf spot,maize_leaf_spot,leaf spot526_.jpg,https://data.mendeley.com/public-files/datasets/bwh3zbpkpv/files/13372e44-48f6-47b9-a508-8e29a9274ee3/file_downloaded,https://prod-dcd-datasets-public-files-eu-west-1.s3.eu-west-1.amazonaws.com/e14543d3-9d82-45b2-9005-c9e10b26d74d
leaf spot,maize_leaf_spot,leaf spot527_.jpg,https://data.mendeley.com/public-files/datasets/bwh3zbpkpv/files/a8b0ad66-f8c9-4d72-975b-55a780ba7927/file_downloaded,https://prod-dcd-datasets-public-files-eu-west-1.s3.eu-west-1.amazonaws.com/04acacdd-90e6-49f9-aac3-26a6ba56520e
leaf spot,maize_leaf_spot,leaf spot528_.jpg,https://data.mendeley.com/public-files/datasets/bwh3zbpkpv/files/b29c979e-86b0-462e-ae33-a5f913009cae/file_downloaded,https://prod-dcd-datasets-public-files-eu-west-1.s3.eu-west-1.amazonaws.com/5123554c-78c8-469c-abdb-31cef414a63e
leaf spot,maize_leaf_spot,leaf spot529_.jpg,https://data.mendeley.com/public-files/datasets/bwh3zbpkpv/files/74f83758-21ed-4347-a560-71a46afa433d/file_downloaded,https://prod-dcd-datasets-public-files-eu-west-1.s3.eu-west-1.amazonaws.com/84c3ba81-e9df-418c-9df9-75a9265e6c9c
leaf spot,maize_leaf_spot,leaf spot52_.jpg,https://data.mendeley.com/public-files/datasets/bwh3zbpkpv/files/8d5ee866-0c13-4762-9f8f-1ac5b65becd1/file_downloaded,https://prod-dcd-datasets-public-files-eu-west-1.s3.eu-west-1.amazonaws.com/b76f253f-8f3d-4400-b9ac-e62548a407c0
leaf spot,maize_leaf_spot,leaf spot530_.jpg,https://data.mendeley.com/public-files/datasets/bwh3zbpkpv/files/3bc96e40-a156-48a1-8349-7c0e623f631d/file_downloaded,https://prod-dcd-datasets-public-files-eu-west-1.s3.eu-west-1.amazonaws.com/c6eb624e-8efa-49ac-840d-84b1ac78e337
leaf spot,maize_leaf_spot,leaf spot531_.jpg,https://data.mendeley.com/public-files/datasets/bwh3zbpkpv/files/39fa91d9-422e-4b22-9da5-7a3a29b7c288/file_downloaded,https://prod-dcd-datasets-public-files-eu-west-1.s3.eu-west-1.amazonaws.com/9be74d87-0c8b-46e9-9d4c-d9b289dff958
leaf spot,maize_leaf_spot,leaf spot532_.jpg,https://data.mendeley.com/public-files/datasets/bwh3zbpkpv/files/1a1acd1c-60f4-4f8b-9077-aebe0e86a589/file_downloaded,https://prod-dcd-datasets-public-files-eu-west-1.s3.eu-west-1.amazonaws.com/0f59bd59-130f-415f-8d4b-0c0f6e490bac
leaf spot,maize_leaf_spot,leaf spot533_.jpg,https://data.mendeley.com/public-files/datasets/bwh3zbpkpv/files/1c32fd5f-3607-466d-a2cc-3d3705b6e28c/file_downloaded,https://prod-dcd-datasets-public-files-eu-west-1.s3.eu-west-1.amazonaws.com/8d93ff0f-1f05-4826-8dcd-65c74d62bc27
leaf spot,maize_leaf_spot,leaf spot534_.jpg,https://data.mendeley.com/public-files/datasets/bwh3zbpkpv/files/5c7a6b5c-fd85-4750-951b-a6487131a1b3/file_downloaded,https://prod-dcd-datasets-public-files-eu-west-1.s3.eu-west-1.amazonaws.com/cb8c41ad-5250-4231-b9f0-2f78e1e8c778
leaf spot,maize_leaf_spot,leaf spot535_.jpg,https://data.mendeley.com/public-files/datasets/bwh3zbpkpv/files/929ce53a-12db-4023-8eea-d35f1efdcf8f/file_downloaded,https://prod-dcd-datasets-public-files-eu-west-1.s3.eu-west-1.amazonaws.com/db18dae3-0f9d-4a76-a923-ef57d093b7ed
leaf spot,maize_leaf_spot,leaf spot536_.jpg,https://data.mendeley.com/public-files/datasets/bwh3zbpkpv/files/27f4f4d3-49f9-4011-8007-059c5bf6ac48/file_downloaded,https://prod-dcd-datasets-public-files-eu-west-1.s3.eu-west-1.amazonaws.com/7521ea6d-940b-4152-aab6-a914cfe7da67
leaf spot,maize_leaf_spot,leaf spot537_.jpg,https://data.mendeley.com/public-files/datasets/bwh3zbpkpv/files/decb58a0-e7bb-49f8-8224-4690bf37d730/file_downloaded,https://prod-dcd-datasets-public-files-eu-west-1.s3.eu-west-1.amazonaws.com/9571999b-26c4-43e9-9648-04de890c0293
leaf spot,maize_leaf_spot,leaf spot538_.jpg,https://data.mendeley.com/public-files/datasets/bwh3zbpkpv/files/89b97c37-8b57-41fa-bb48-728dab868b61/file_downloaded,https://prod-dcd-datasets-public-files-eu-west-1.s3.eu-west-1.amazonaws.com/eaed0a22-ff0f-44c7-bd52-cfb6c9fe8b7a
leaf spot,maize_leaf_spot,leaf spot539_.jpg,https://data.mendeley.com/public-files/datasets/bwh3zbpkpv/files/49fa3c40-6081-4c6f-a523-623a4ff540d6/file_downloaded,https://prod-dcd-datasets-public-files-eu-west-1.s3.eu-west-1.amazonaws.com/503a1eba-2e5d-4db7-94cc-f4f7248b6dd8
leaf spot,maize_leaf_spot,leaf spot53_.jpg,https://data.mendeley.com/public-files/datasets/bwh3zbpkpv/files/1cffc4c1-5e77-44fc-b837-57c784e00c9d/file_downloaded,https://prod-dcd-datasets-public-files-eu-west-1.s3.eu-west-1.amazonaws.com/1240b837-7b48-475b-a470-358ca42ff66a
leaf spot,maize_leaf_spot,leaf spot540_.jpg,https://data.mendeley.com/public-files/datasets/bwh3zbpkpv/files/9dce86ec-2e35-4350-8f6d-15ec7212ab73/file_downloaded,https://prod-dcd-datasets-public-files-eu-west-1.s3.eu-west-1.amazonaws.com/1e28e3d0-a276-45ce-a34e-f0bfc5db4923
leaf spot,maize_leaf_spot,leaf spot541_.jpg,https://data.mendeley.com/public-files/datasets/bwh3zbpkpv/files/a4828bd8-39fc-4ecc-9d30-2a589ec23979/file_downloaded,https://prod-dcd-datasets-public-files-eu-west-1.s3.eu-west-1.amazonaws.com/090e34f5-ec29-4334-9cbb-85c5a0d41244
leaf spot,maize_leaf_spot,leaf spot542_.jpg,https://data.mendeley.com/public-files/datasets/bwh3zbpkpv/files/9a4be1e9-3a9f-473f-a09c-b93f1fd27bce/file_downloaded,https://prod-dcd-datasets-public-files-eu-west-1.s3.eu-west-1.amazonaws.com/dbb234ea-b149-4928-af7d-28b8b271c062
leaf spot,maize_leaf_spot,leaf spot543_.jpg,https://data.mendeley.com/public-files/datasets/bwh3zbpkpv/files/02a0445c-573c-4e00-afea-a3908547cd43/file_downloaded,https://prod-dcd-datasets-public-files-eu-west-1.s3.eu-west-1.amazonaws.com/9d502e65-3c63-4cc3-8a7b-2a68b9ae62c5
leaf spot,maize_leaf_spot,leaf spot544_.jpg,https://data.mendeley.com/public-files/datasets/bwh3zbpkpv/files/304c87a9-f867-4d95-8f26-c2599b003737/file_downloaded,https://prod-dcd-datasets-public-files-eu-west-1.s3.eu-west-1.amazonaws.com/c45d3968-768f-4b9b-8682-c4fa079d799e
leaf spot,maize_leaf_spot,leaf spot545_.jpg,https://data.mendeley.com/public-files/datasets/bwh3zbpkpv/files/43e858a3-231f-4f3b-aca4-76cfbd3752a2/file_downloaded,https://prod-dcd-datasets-public-files-eu-west-1.s3.eu-west-1.amazonaws.com/6dc222ee-6a99-493c-ab7c-16b1815901d0
leaf spot,maize_leaf_spot,leaf spot546_.jpg,https://data.mendeley.com/public-files/datasets/bwh3zbpkpv/files/6fe4cbe2-d84e-43d3-9b86-03d15b7dd570/file_downloaded,https://prod-dcd-datasets-public-files-eu-west-1.s3.eu-west-1.amazonaws.com/01c21bb0-fdc7-4fc8-8e9d-c7ec2efbce0d
leaf spot,maize_leaf_spot,leaf spot547_.jpg,https://data.mendeley.com/public-files/datasets/bwh3zbpkpv/files/644e83e5-ef0f-41e9-9632-3128991c2103/file_downloaded,https://prod-dcd-datasets-public-files-eu-west-1.s3.eu-west-1.amazonaws.com/049852f0-08c4-46b3-84ee-8169b4abcf5e
leaf spot,maize_leaf_spot,leaf spot548_.jpg,https://data.mendeley.com/public-files/datasets/bwh3zbpkpv/files/2ebc526c-b449-4a20-bb0e-a12c4af0f244/file_downloaded,https://prod-dcd-datasets-public-files-eu-west-1.s3.eu-west-1.amazonaws.com/8bfaad76-b76a-44c9-87ff-bc74d876153e
leaf spot,maize_leaf_spot,leaf spot549_.jpg,https://data.mendeley.com/public-files/datasets/bwh3zbpkpv/files/6dbf3468-6219-4858-a83d-5dcf38a24863/file_downloaded,https://prod-dcd-datasets-public-files-eu-west-1.s3.eu-west-1.amazonaws.com/c61f4fad-e48d-4e36-afc7-eccd9a75271f
leaf spot,maize_leaf_spot,leaf spot54_.jpg,https://data.mendeley.com/public-files/datasets/bwh3zbpkpv/files/451aa9fe-ee71-44ed-9555-f9128c10b8cd/file_downloaded,https://prod-dcd-datasets-public-files-eu-west-1.s3.eu-west-1.amazonaws.com/02935ec0-94a2-4571-87d2-c65a476288a3
leaf spot,maize_leaf_spot,leaf spot550_.jpg,https://data.mendeley.com/public-files/datasets/bwh3zbpkpv/files/37f1f766-f604-4124-9d40-298051a8a9fd/file_downloaded,https://prod-dcd-datasets-public-files-eu-west-1.s3.eu-west-1.amazonaws.com/26e67cdf-1aaf-4b75-9d2f-234ad47cfcc4
leaf spot,maize_leaf_spot,leaf spot551_.jpg,https://data.mendeley.com/public-files/datasets/bwh3zbpkpv/files/7547ee84-17ed-43b5-9786-8bc2dcbd84bf/file_downloaded,https://prod-dcd-datasets-public-files-eu-west-1.s3.eu-west-1.amazonaws.com/666d5eb8-1740-48b9-b0cd-0046e7b41c5f
leaf spot,maize_leaf_spot,leaf spot552_.jpg,https://data.mendeley.com/public-files/datasets/bwh3zbpkpv/files/1b3648f9-5a15-4702-8b1e-0302210585af/file_downloaded,https://prod-dcd-datasets-public-files-eu-west-1.s3.eu-west-1.amazonaws.com/ed9447e8-8a28-460d-90d5-1d741314145f
leaf spot,maize_leaf_spot,leaf spot553_.jpg,https://data.mendeley.com/public-files/datasets/bwh3zbpkpv/files/c9e82895-1d6b-462b-922b-c6874964b32d/file_downloaded,https://prod-dcd-datasets-public-files-eu-west-1.s3.eu-west-1.amazonaws.com/b6eca019-3ae7-4f83-9fbb-962497703415
leaf spot,maize_leaf_spot,leaf spot554_.jpg,https://data.mendeley.com/public-files/datasets/bwh3zbpkpv/files/171019d9-865a-44bf-aac4-b8b32acd419f/file_downloaded,https://prod-dcd-datasets-public-files-eu-west-1.s3.eu-west-1.amazonaws.com/0ffbb4c7-501e-4eda-ab03-737226ab4215
leaf spot,maize_leaf_spot,leaf spot555_.jpg,https://data.mendeley.com/public-files/datasets/bwh3zbpkpv/files/5f2789f9-6004-4ffd-bce9-4b0bc4a31200/file_downloaded,https://prod-dcd-datasets-public-files-eu-west-1.s3.eu-west-1.amazonaws.com/f718ac34-78d2-43bf-a904-e668a861fd1c
leaf spot,maize_leaf_spot,leaf spot556_.jpg,https://data.mendeley.com/public-files/datasets/bwh3zbpkpv/files/6b49f694-0ccc-472a-ae82-e802116c0127/file_downloaded,https://prod-dcd-datasets-public-files-eu-west-1.s3.eu-west-1.amazonaws.com/8df58670-a2b5-440c-832b-c4e96ad361d1
leaf spot,maize_leaf_spot,leaf spot557_.jpg,https://data.mendeley.com/public-files/datasets/bwh3zbpkpv/files/650009a1-b5e8-406a-83fc-20ca27fc9ebc/file_downloaded,https://prod-dcd-datasets-public-files-eu-west-1.s3.eu-west-1.amazonaws.com/a85dd8b6-3de7-45ab-99df-bc15fea0d629
leaf spot,maize_leaf_spot,leaf spot558_.jpg,https://data.mendeley.com/public-files/datasets/bwh3zbpkpv/files/8e2454e9-8e81-4f70-8fdd-be183fc839d6/file_downloaded,https://prod-dcd-datasets-public-files-eu-west-1.s3.eu-west-1.amazonaws.com/784ddf55-1076-4c1c-b010-54b350224457
leaf spot,maize_leaf_spot,leaf spot559_.jpg,https://data.mendeley.com/public-files/datasets/bwh3zbpkpv/files/6483bc77-078a-4a6f-8109-400a9db633c1/file_downloaded,https://prod-dcd-datasets-public-files-eu-west-1.s3.eu-west-1.amazonaws.com/d6fe4a8e-f91c-4938-9cc9-b972548136ff
leaf spot,maize_leaf_spot,leaf spot55_.jpg,https://data.mendeley.com/public-files/datasets/bwh3zbpkpv/files/812948f4-2328-4d7e-9a98-1118c6d68b00/file_downloaded,https://prod-dcd-datasets-public-files-eu-west-1.s3.eu-west-1.amazonaws.com/b70f955b-492a-4aa8-8d14-2adfdaeeced8
leaf spot,maize_leaf_spot,leaf spot560_.jpg,https://data.mendeley.com/public-files/datasets/bwh3zbpkpv/files/a02ba15d-41fa-4220-88f6-c7ba6ddb8b9f/file_downloaded,https://prod-dcd-datasets-public-files-eu-west-1.s3.eu-west-1.amazonaws.com/a965a5b7-4181-40ad-b5fc-06e7215f4ccb
leaf spot,maize_leaf_spot,leaf spot561_.jpg,https://data.mendeley.com/public-files/datasets/bwh3zbpkpv/files/d10432e4-e959-43e2-84ab-d8f4c3df95df/file_downloaded,https://prod-dcd-datasets-public-files-eu-west-1.s3.eu-west-1.amazonaws.com/2278ec07-4ef1-4ee0-a8fa-85c67103fe32
leaf spot,maize_leaf_spot,leaf spot562_.jpg,https://data.mendeley.com/public-files/datasets/bwh3zbpkpv/files/bee749b7-a424-477c-9a5f-b91c7f9bd6b5/file_downloaded,https://prod-dcd-datasets-public-files-eu-west-1.s3.eu-west-1.amazonaws.com/2e5e0543-6e62-4fde-ba41-d3aa72f2cc14
leaf spot,maize_leaf_spot,leaf spot563_.jpg,https://data.mendeley.com/public-files/datasets/bwh3zbpkpv/files/6f10ed89-a39d-4525-8af3-f1bccd462777/file_downloaded,https://prod-dcd-datasets-public-files-eu-west-1.s3.eu-west-1.amazonaws.com/d1f1cd32-b6d6-43e3-aac2-8c2ea88a09ff
leaf spot,maize_leaf_spot,leaf spot564_.jpg,https://data.mendeley.com/public-files/datasets/bwh3zbpkpv/files/4252ff4e-7ca7-4376-b3d0-e66cf9a1ab97/file_downloaded,https://prod-dcd-datasets-public-files-eu-west-1.s3.eu-west-1.amazonaws.com/07ac031e-e4de-4b17-94f0-058018b1b0c6
leaf spot,maize_leaf_spot,leaf spot565_.jpg,https://data.mendeley.com/public-files/datasets/bwh3zbpkpv/files/932f5b03-9a9b-47e7-9966-6aa126567ccb/file_downloaded,https://prod-dcd-datasets-public-files-eu-west-1.s3.eu-west-1.amazonaws.com/296be301-e88b-4665-9a82-7f0711f5e1fd
leaf spot,maize_leaf_spot,leaf spot566_.jpg,https://data.mendeley.com/public-files/datasets/bwh3zbpkpv/files/6d519c8c-fe76-4733-8486-92374915beff/file_downloaded,https://prod-dcd-datasets-public-files-eu-west-1.s3.eu-west-1.amazonaws.com/8fcf29e8-6a90-478d-af05-ff91291c6cc6
leaf spot,maize_leaf_spot,leaf spot567_.jpg,https://data.mendeley.com/public-files/datasets/bwh3zbpkpv/files/4575b633-a762-4591-9892-7603e223c3b9/file_downloaded,https://prod-dcd-datasets-public-files-eu-west-1.s3.eu-west-1.amazonaws.com/ea0d9150-7495-4391-9710-3679af763dcf
leaf spot,maize_leaf_spot,leaf spot568_.jpg,https://data.mendeley.com/public-files/datasets/bwh3zbpkpv/files/f95551a9-f539-4d94-8924-912996c65e75/file_downloaded,https://prod-dcd-datasets-public-files-eu-west-1.s3.eu-west-1.amazonaws.com/e7e84007-426d-44b5-b3bf-b332a789f524
leaf spot,maize_leaf_spot,leaf spot569_.jpg,https://data.mendeley.com/public-files/datasets/bwh3zbpkpv/files/1c783aea-7251-450e-8781-d88e3b724843/file_downloaded,https://prod-dcd-datasets-public-files-eu-west-1.s3.eu-west-1.amazonaws.com/4e82d39d-820a-4389-911c-9a5439d303ce
leaf spot,maize_leaf_spot,leaf spot56_.jpg,https://data.mendeley.com/public-files/datasets/bwh3zbpkpv/files/8db7f848-da1a-4cbb-8e13-21fb01cdc2eb/file_downloaded,https://prod-dcd-datasets-public-files-eu-west-1.s3.eu-west-1.amazonaws.com/d15b1c84-9e52-4079-b948-218392d5e496
leaf spot,maize_leaf_spot,leaf spot570_.jpg,https://data.mendeley.com/public-files/datasets/bwh3zbpkpv/files/41f8029f-1b53-4c70-973f-2d5c623413a9/file_downloaded,https://prod-dcd-datasets-public-files-eu-west-1.s3.eu-west-1.amazonaws.com/a35dd04d-a871-41f6-ae08-04bc75743c82
leaf spot,maize_leaf_spot,leaf spot571_.jpg,https://data.mendeley.com/public-files/datasets/bwh3zbpkpv/files/d1e56692-5b31-4253-b39b-a2660910411a/file_downloaded,https://prod-dcd-datasets-public-files-eu-west-1.s3.eu-west-1.amazonaws.com/22b43548-f195-4dc5-9789-8ba03e003264
leaf spot,maize_leaf_spot,leaf spot572_.jpg,https://data.mendeley.com/public-files/datasets/bwh3zbpkpv/files/c5fbceb3-05d3-48d5-8835-23dbdff36483/file_downloaded,https://prod-dcd-datasets-public-files-eu-west-1.s3.eu-west-1.amazonaws.com/135b6159-d2a7-47f5-ae63-a3b890b89c32
leaf spot,maize_leaf_spot,leaf spot573_.jpg,https://data.mendeley.com/public-files/datasets/bwh3zbpkpv/files/fc6a07c1-13bf-4780-be40-c2cd6d3266fb/file_downloaded,https://prod-dcd-datasets-public-files-eu-west-1.s3.eu-west-1.amazonaws.com/7aa41aeb-abb1-4385-a93b-d83c2d48d605
leaf spot,maize_leaf_spot,leaf spot574_.jpg,https://data.mendeley.com/public-files/datasets/bwh3zbpkpv/files/18330996-7767-44f8-a94e-fd24c90b6ab6/file_downloaded,https://prod-dcd-datasets-public-files-eu-west-1.s3.eu-west-1.amazonaws.com/326c116a-dae6-4d58-a978-34937d97f991
leaf spot,maize_leaf_spot,leaf spot575_.jpg,https://data.mendeley.com/public-files/datasets/bwh3zbpkpv/files/d02c9037-a193-4424-9728-31071cb8d8a6/file_downloaded,https://prod-dcd-datasets-public-files-eu-west-1.s3.eu-west-1.amazonaws.com/ddaee0e0-b180-41e3-bea9-cdea9b374e74
leaf spot,maize_leaf_spot,leaf spot576_.jpg,https://data.mendeley.com/public-files/datasets/bwh3zbpkpv/files/1b55780a-d381-4a3d-8502-0e882a222296/file_downloaded,https://prod-dcd-datasets-public-files-eu-west-1.s3.eu-west-1.amazonaws.com/12c06a13-7bd5-4173-ac0b-de35e4385d25
leaf spot,maize_leaf_spot,leaf spot577_.jpg,https://data.mendeley.com/public-files/datasets/bwh3zbpkpv/files/625dee2a-a691-44f5-8f65-fb02baa970d3/file_downloaded,https://prod-dcd-datasets-public-files-eu-west-1.s3.eu-west-1.amazonaws.com/b01bc675-754c-4efb-af50-e86a58015090
leaf spot,maize_leaf_spot,leaf spot578_.jpg,https://data.mendeley.com/public-files/datasets/bwh3zbpkpv/files/32f1ac5e-43fa-48c5-9840-135e29c1097c/file_downloaded,https://prod-dcd-datasets-public-files-eu-west-1.s3.eu-west-1.amazonaws.com/ed956b6b-8148-4bfd-8a73-4c675acc4a99
leaf spot,maize_leaf_spot,leaf spot579_.jpg,https://data.mendeley.com/public-files/datasets/bwh3zbpkpv/files/2b1c507d-330b-4ee0-8ca9-aad47219ab20/file_downloaded,https://prod-dcd-datasets-public-files-eu-west-1.s3.eu-west-1.amazonaws.com/1dc08eb7-cefa-4e52-b69b-dbbe01b14bd5
leaf spot,maize_leaf_spot,leaf spot57_.jpg,https://data.mendeley.com/public-files/datasets/bwh3zbpkpv/files/b92df5b1-68f6-4c4f-8efb-9b58f2446ffb/file_downloaded,https://prod-dcd-datasets-public-files-eu-west-1.s3.eu-west-1.amazonaws.com/7aeb3e77-1fdf-44bd-ac86-5f64d61ce8d9
leaf spot,maize_leaf_spot,leaf spot580_.jpg,https://data.mendeley.com/public-files/datasets/bwh3zbpkpv/files/6244faca-c3ce-415c-a5a4-c6089cbbcf77/file_downloaded,https://prod-dcd-datasets-public-files-eu-west-1.s3.eu-west-1.amazonaws.com/6821c3d0-5ae4-4150-9b55-148b71a7acb7
leaf spot,maize_leaf_spot,leaf spot581_.jpg,https://data.mendeley.com/public-files/datasets/bwh3zbpkpv/files/a90eda55-ed95-4152-b8de-8378e29e65f8/file_downloaded,https://prod-dcd-datasets-public-files-eu-west-1.s3.eu-west-1.amazonaws.com/3ff03b9c-4c72-4663-b519-8c7f7245f683
leaf spot,maize_leaf_spot,leaf spot582_.jpg,https://data.mendeley.com/public-files/datasets/bwh3zbpkpv/files/cfd4c9c5-41eb-4758-a078-c69761d7089b/file_downloaded,https://prod-dcd-datasets-public-files-eu-west-1.s3.eu-west-1.amazonaws.com/d988167a-622f-457f-af3b-2a90dac537cb
leaf spot,maize_leaf_spot,leaf spot583_.jpg,https://data.mendeley.com/public-files/datasets/bwh3zbpkpv/files/03b11335-7939-478b-af0b-d48c3fdb0156/file_downloaded,https://prod-dcd-datasets-public-files-eu-west-1.s3.eu-west-1.amazonaws.com/5b15d37b-cdc4-4233-bac5-23f3555ad263
leaf spot,maize_leaf_spot,leaf spot584_.jpg,https://data.mendeley.com/public-files/datasets/bwh3zbpkpv/files/240c5c41-be8b-496b-a25b-410b1cbb174e/file_downloaded,https://prod-dcd-datasets-public-files-eu-west-1.s3.eu-west-1.amazonaws.com/c0e0d5aa-d8fc-4ec7-980f-e01dfe1542fd
leaf spot,maize_leaf_spot,leaf spot585_.jpg,https://data.mendeley.com/public-files/datasets/bwh3zbpkpv/files/a668b06a-b4fe-42cb-94b7-8aa5ba969cba/file_downloaded,https://prod-dcd-datasets-public-files-eu-west-1.s3.eu-west-1.amazonaws.com/1d53d3a6-1f38-4da7-a6ab-05c67aba1cb8
leaf spot,maize_leaf_spot,leaf spot586_.jpg,https://data.mendeley.com/public-files/datasets/bwh3zbpkpv/files/a4ec2283-fe00-4d62-bfbb-7e58e50b0635/file_downloaded,https://prod-dcd-datasets-public-files-eu-west-1.s3.eu-west-1.amazonaws.com/04eb51c8-16de-4c5e-bd17-5d2ea9dcd49c
leaf spot,maize_leaf_spot,leaf spot587_.jpg,https://data.mendeley.com/public-files/datasets/bwh3zbpkpv/files/4d1844ac-da5b-46e2-a15f-def423be6e42/file_downloaded,https://prod-dcd-datasets-public-files-eu-west-1.s3.eu-west-1.amazonaws.com/63259527-aa15-4685-af8c-a4792e496adc
leaf spot,maize_leaf_spot,leaf spot588_.jpg,https://data.mendeley.com/public-files/datasets/bwh3zbpkpv/files/513122d9-bef1-421c-8b20-6e5ed5a31aac/file_downloaded,https://prod-dcd-datasets-public-files-eu-west-1.s3.eu-west-1.amazonaws.com/3eb5dbdf-d973-4e10-be81-d27b3380d017
leaf spot,maize_leaf_spot,leaf spot589_.jpg,https://data.mendeley.com/public-files/datasets/bwh3zbpkpv/files/9201c405-971e-4195-8c78-1c07893467a7/file_downloaded,https://prod-dcd-datasets-public-files-eu-west-1.s3.eu-west-1.amazonaws.com/6f63aa38-55f3-4f34-a2ed-8b5fb3a09ca5
leaf spot,maize_leaf_spot,leaf spot58_.jpg,https://data.mendeley.com/public-files/datasets/bwh3zbpkpv/files/63b178d7-001e-4f93-8143-920ff3b6efed/file_downloaded,https://prod-dcd-datasets-public-files-eu-west-1.s3.eu-west-1.amazonaws.com/94471fe4-43c3-4e02-b2b0-eaaec1db931a
leaf spot,maize_leaf_spot,leaf spot590_.jpg,https://data.mendeley.com/public-files/datasets/bwh3zbpkpv/files/4f159974-e6a5-4b9f-a7e1-81ab37712cea/file_downloaded,https://prod-dcd-datasets-public-files-eu-west-1.s3.eu-west-1.amazonaws.com/9724625e-0a26-4aa6-84aa-f30a68e4b418
leaf spot,maize_leaf_spot,leaf spot591_.jpg,https://data.mendeley.com/public-files/datasets/bwh3zbpkpv/files/bb102714-3caa-491b-a7d4-4c8fb14be528/file_downloaded,https://prod-dcd-datasets-public-files-eu-west-1.s3.eu-west-1.amazonaws.com/4d7fb11b-409d-4053-ac5e-c806ba104f1d
leaf spot,maize_leaf_spot,leaf spot592_.jpg,https://data.mendeley.com/public-files/datasets/bwh3zbpkpv/files/e6ba48d0-8dd7-4d0e-8474-e07ebf8c8766/file_downloaded,https://prod-dcd-datasets-public-files-eu-west-1.s3.eu-west-1.amazonaws.com/b2bcdb84-c639-48f7-9208-4d12cd86a7ef
leaf spot,maize_leaf_spot,leaf spot593_.jpg,https://data.mendeley.com/public-files/datasets/bwh3zbpkpv/files/c4d59462-3b30-460c-8705-e3a884b21db3/file_downloaded,https://prod-dcd-datasets-public-files-eu-west-1.s3.eu-west-1.amazonaws.com/41b75ce0-5d41-4ce3-9074-b36053d251b9
leaf spot,maize_leaf_spot,leaf spot594_.jpg,https://data.mendeley.com/public-files/datasets/bwh3zbpkpv/files/bee5ff1a-a753-4fec-8243-9a40c63eba3b/file_downloaded,https://prod-dcd-datasets-public-files-eu-west-1.s3.eu-west-1.amazonaws.com/f823e140-fb9f-434b-a929-8ec4f5d5263c
leaf spot,maize_leaf_spot,leaf spot595_.jpg,https://data.mendeley.com/public-files/datasets/bwh3zbpkpv/files/562c7b4b-4351-4e5d-b176-114b41b5e1fe/file_downloaded,https://prod-dcd-datasets-public-files-eu-west-1.s3.eu-west-1.amazonaws.com/85f1a46c-a663-4640-865d-f519846d972c
leaf spot,maize_leaf_spot,leaf spot596_.jpg,https://data.mendeley.com/public-files/datasets/bwh3zbpkpv/files/906bf334-56cf-4b0b-9fbf-e50a153fc7d3/file_downloaded,https://prod-dcd-datasets-public-files-eu-west-1.s3.eu-west-1.amazonaws.com/abbf8533-c4c4-4956-b3c8-c134d75f7c34
leaf spot,maize_leaf_spot,leaf spot597_.jpg,https://data.mendeley.com/public-files/datasets/bwh3zbpkpv/files/ed97d93b-42ed-4fd3-b416-f1255f884c2c/file_downloaded,https://prod-dcd-datasets-public-files-eu-west-1.s3.eu-west-1.amazonaws.com/7dd25ec6-447c-4591-a0bf-ec3321673fd1
leaf spot,maize_leaf_spot,leaf spot598_.jpg,https://data.mendeley.com/public-files/datasets/bwh3zbpkpv/files/9a8ca67c-09c2-4558-973d-64ea30dc7a16/file_downloaded,https://prod-dcd-datasets-public-files-eu-west-1.s3.eu-west-1.amazonaws.com/31465cc4-e741-4ac7-982c-5ec4818bd225
leaf spot,maize_leaf_spot,leaf spot599_.jpg,https://data.mendeley.com/public-files/datasets/bwh3zbpkpv/files/81f31fd2-bd2e-43a6-9008-7abe34c3d823/file_downloaded,https://prod-dcd-datasets-public-files-eu-west-1.s3.eu-west-1.amazonaws.com/7e1ce950-6461-4fce-87c8-fe99de795213
leaf spot,maize_leaf_spot,leaf spot59_.jpg,https://data.mendeley.com/public-files/datasets/bwh3zbpkpv/files/fb717a6d-2e5e-406b-ab61-fe678b76b4c6/file_downloaded,https://prod-dcd-datasets-public-files-eu-west-1.s3.eu-west-1.amazonaws.com/2be40e22-ea67-47ae-9ac3-6df7cc3e0245
leaf spot,maize_leaf_spot,leaf spot5_.jpg,https://data.mendeley.com/public-files/datasets/bwh3zbpkpv/files/d97b3605-8a29-4143-8c40-46ff74a9344e/file_downloaded,https://prod-dcd-datasets-public-files-eu-west-1.s3.eu-west-1.amazonaws.com/3133e366-d59a-4a09-b5f4-a8cb2da3900d
leaf spot,maize_leaf_spot,leaf spot600_.jpg,https://data.mendeley.com/public-files/datasets/bwh3zbpkpv/files/4fc0ca6a-18d6-49b3-a629-f9d7db9736c7/file_downloaded,https://prod-dcd-datasets-public-files-eu-west-1.s3.eu-west-1.amazonaws.com/97bee60e-f7c6-49b2-8b03-49c1f794122b
leaf spot,maize_leaf_spot,leaf spot601_.jpg,https://data.mendeley.com/public-files/datasets/bwh3zbpkpv/files/cd51325b-ecae-4919-9222-8a7b1acdca37/file_downloaded,https://prod-dcd-datasets-public-files-eu-west-1.s3.eu-west-1.amazonaws.com/865d0d66-b349-446e-9d8d-641c8d7c8199
leaf spot,maize_leaf_spot,leaf spot602_.jpg,https://data.mendeley.com/public-files/datasets/bwh3zbpkpv/files/8cd8f680-c591-4f5c-b843-2da91a5d281a/file_downloaded,https://prod-dcd-datasets-public-files-eu-west-1.s3.eu-west-1.amazonaws.com/5b245e0d-d3e9-47ae-9ef6-9091a8e76c73
leaf spot,maize_leaf_spot,leaf spot603_.jpg,https://data.mendeley.com/public-files/datasets/bwh3zbpkpv/files/917a861d-edf1-4c0e-88fb-78281d714c4a/file_downloaded,https://prod-dcd-datasets-public-files-eu-west-1.s3.eu-west-1.amazonaws.com/406e6dd5-a102-4ae5-879a-7fde0c20f957
leaf spot,maize_leaf_spot,leaf spot604_.jpg,https://data.mendeley.com/public-files/datasets/bwh3zbpkpv/files/20576a9e-0e23-4e67-9392-ab28699c859a/file_downloaded,https://prod-dcd-datasets-public-files-eu-west-1.s3.eu-west-1.amazonaws.com/fbfc9dbb-167f-4716-8456-8cb4578c6195
leaf spot,maize_leaf_spot,leaf spot605_.jpg,https://data.mendeley.com/public-files/datasets/bwh3zbpkpv/files/e8323374-2083-4d5c-b373-1cb1a3bb8a92/file_downloaded,https://prod-dcd-datasets-public-files-eu-west-1.s3.eu-west-1.amazonaws.com/ebbd1ba3-f9e0-4b64-a25e-a07dbe2e6c8d
leaf spot,maize_leaf_spot,leaf spot606_.jpg,https://data.mendeley.com/public-files/datasets/bwh3zbpkpv/files/f6ac2e0e-2368-48c6-b191-42b116875cd9/file_downloaded,https://prod-dcd-datasets-public-files-eu-west-1.s3.eu-west-1.amazonaws.com/728c1e13-999a-4579-8ee0-13e8d2805d22
leaf spot,maize_leaf_spot,leaf spot607_.jpg,https://data.mendeley.com/public-files/datasets/bwh3zbpkpv/files/b9e8188c-dfb1-42d0-990c-9dea08f44ec3/file_downloaded,https://prod-dcd-datasets-public-files-eu-west-1.s3.eu-west-1.amazonaws.com/c67fd409-8885-4bff-8aaf-8a0bd8331968
leaf spot,maize_leaf_spot,leaf spot608_.jpg,https://data.mendeley.com/public-files/datasets/bwh3zbpkpv/files/e5c95cbf-814c-4add-9ba2-4284b256097b/file_downloaded,https://prod-dcd-datasets-public-files-eu-west-1.s3.eu-west-1.amazonaws.com/282d6cf4-d4a5-4187-a014-71a12b48004b
leaf spot,maize_leaf_spot,leaf spot609_.jpg,https://data.mendeley.com/public-files/datasets/bwh3zbpkpv/files/dbda7314-c50f-4336-ab3b-42df8d53048e/file_downloaded,https://prod-dcd-datasets-public-files-eu-west-1.s3.eu-west-1.amazonaws.com/f1206a2e-1a42-4424-b387-c6a84fd54d5c
leaf spot,maize_leaf_spot,leaf spot60_.jpg,https://data.mendeley.com/public-files/datasets/bwh3zbpkpv/files/0e85b357-7ad2-4b6f-88a8-d3c83d9e81d3/file_downloaded,https://prod-dcd-datasets-public-files-eu-west-1.s3.eu-west-1.amazonaws.com/76a0ea4e-04cf-4f0e-8e61-75719ebc53b0
leaf spot,maize_leaf_spot,leaf spot610_.jpg,https://data.mendeley.com/public-files/datasets/bwh3zbpkpv/files/5e6aca10-ae03-4c7d-bd6a-db86b83cd1d3/file_downloaded,https://prod-dcd-datasets-public-files-eu-west-1.s3.eu-west-1.amazonaws.com/e09fa09a-31a0-4778-b53b-de286504cf04
leaf spot,maize_leaf_spot,leaf spot611_.jpg,https://data.mendeley.com/public-files/datasets/bwh3zbpkpv/files/cbfe577c-9bfc-4fe5-98a3-4745f992bca3/file_downloaded,https://prod-dcd-datasets-public-files-eu-west-1.s3.eu-west-1.amazonaws.com/82af5291-ac6e-45fd-8395-578de4100d21
leaf spot,maize_leaf_spot,leaf spot612_.jpg,https://data.mendeley.com/public-files/datasets/bwh3zbpkpv/files/2ff5ae12-c1e4-41e9-9ca9-c76c9d9c6a3a/file_downloaded,https://prod-dcd-datasets-public-files-eu-west-1.s3.eu-west-1.amazonaws.com/07575953-4bc8-4ab7-844f-c972b26a5285
leaf spot,maize_leaf_spot,leaf spot613_.jpg,https://data.mendeley.com/public-files/datasets/bwh3zbpkpv/files/fac9620a-a5f0-468f-b4c5-6cc2654ecd7d/file_downloaded,https://prod-dcd-datasets-public-files-eu-west-1.s3.eu-west-1.amazonaws.com/f8cc07d4-f0e0-4c06-bb45-b51db290df39
leaf spot,maize_leaf_spot,leaf spot614_.jpg,https://data.mendeley.com/public-files/datasets/bwh3zbpkpv/files/910970e1-7edb-47d4-ba0e-dda3069638b5/file_downloaded,https://prod-dcd-datasets-public-files-eu-west-1.s3.eu-west-1.amazonaws.com/99beac64-77cf-4874-ba39-29aa092b3722
leaf spot,maize_leaf_spot,leaf spot615_.jpg,https://data.mendeley.com/public-files/datasets/bwh3zbpkpv/files/e5b2644e-e63e-43c5-9aba-3d9679b1bdbd/file_downloaded,https://prod-dcd-datasets-public-files-eu-west-1.s3.eu-west-1.amazonaws.com/31e3ccb2-5e57-4136-b5ec-9d9aa58dae8f
leaf spot,maize_leaf_spot,leaf spot616_.jpg,https://data.mendeley.com/public-files/datasets/bwh3zbpkpv/files/ec1be66b-ee3e-46ff-81c1-77194836cb8f/file_downloaded,https://prod-dcd-datasets-public-files-eu-west-1.s3.eu-west-1.amazonaws.com/24ce89ab-14b0-41e6-a715-ab67c0e7041f
leaf spot,maize_leaf_spot,leaf spot617_.jpg,https://data.mendeley.com/public-files/datasets/bwh3zbpkpv/files/fd85af6c-7daf-440e-a6b5-c096ca189664/file_downloaded,https://prod-dcd-datasets-public-files-eu-west-1.s3.eu-west-1.amazonaws.com/00f6f461-cf25-4435-9bef-7ed0877a69ca
leaf spot,maize_leaf_spot,leaf spot618_.jpg,https://data.mendeley.com/public-files/datasets/bwh3zbpkpv/files/6eb27ab0-8970-4439-852a-30c85a6120aa/file_downloaded,https://prod-dcd-datasets-public-files-eu-west-1.s3.eu-west-1.amazonaws.com/5eba8a97-cbe1-4b1a-a639-691c9c5166f2
leaf spot,maize_leaf_spot,leaf spot619_.jpg,https://data.mendeley.com/public-files/datasets/bwh3zbpkpv/files/a9703a67-2f0a-4598-996d-5cbd5a8878c1/file_downloaded,https://prod-dcd-datasets-public-files-eu-west-1.s3.eu-west-1.amazonaws.com/04118d0c-2b11-4bcc-b481-12f457b4c739
leaf spot,maize_leaf_spot,leaf spot61_.jpg,https://data.mendeley.com/public-files/datasets/bwh3zbpkpv/files/c036ff47-c348-4e9c-97c5-646874f82646/file_downloaded,https://prod-dcd-datasets-public-files-eu-west-1.s3.eu-west-1.amazonaws.com/2836d971-7dd6-4bb0-9b40-f7a8a88cb2b9
leaf spot,maize_leaf_spot,leaf spot620_.jpg,https://data.mendeley.com/public-files/datasets/bwh3zbpkpv/files/cab67062-93cd-4f31-86a6-94d9ddee3bec/file_downloaded,https://prod-dcd-datasets-public-files-eu-west-1.s3.eu-west-1.amazonaws.com/ddc42042-ad08-4fc3-9ee5-3894cc869130
leaf spot,maize_leaf_spot,leaf spot621_.jpg,https://data.mendeley.com/public-files/datasets/bwh3zbpkpv/files/bf2dedf1-de23-4ea1-adc0-9dbd6195c83b/file_downloaded,https://prod-dcd-datasets-public-files-eu-west-1.s3.eu-west-1.amazonaws.com/50e2ee70-eb76-4409-b233-0c05b6631629
leaf spot,maize_leaf_spot,leaf spot622_.jpg,https://data.mendeley.com/public-files/datasets/bwh3zbpkpv/files/79fa2d95-7966-4e93-903e-6072fa004da9/file_downloaded,https://prod-dcd-datasets-public-files-eu-west-1.s3.eu-west-1.amazonaws.com/7c40666b-948e-490a-8f4a-fb904eaeb4a7
leaf spot,maize_leaf_spot,leaf spot623_.jpg,https://data.mendeley.com/public-files/datasets/bwh3zbpkpv/files/ba3acf6c-f7cb-4dde-a392-9eafa3c07232/file_downloaded,https://prod-dcd-datasets-public-files-eu-west-1.s3.eu-west-1.amazonaws.com/18a9ee1c-f7bb-46be-8be4-6da8ddc89469
leaf spot,maize_leaf_spot,leaf spot624_.jpg,https://data.mendeley.com/public-files/datasets/bwh3zbpkpv/files/1d578f0b-5d50-4b5b-9598-3f065acede60/file_downloaded,https://prod-dcd-datasets-public-files-eu-west-1.s3.eu-west-1.amazonaws.com/cebb4f7e-d9d8-4daf-a915-6c4b7cc33138
leaf spot,maize_leaf_spot,leaf spot625_.jpg,https://data.mendeley.com/public-files/datasets/bwh3zbpkpv/files/f4b7c933-2b93-4bb0-bdb1-047d2dcdc3f0/file_downloaded,https://prod-dcd-datasets-public-files-eu-west-1.s3.eu-west-1.amazonaws.com/11166e57-9aab-438c-bc70-522e9f143485
leaf spot,maize_leaf_spot,leaf spot626_.jpg,https://data.mendeley.com/public-files/datasets/bwh3zbpkpv/files/9c73ca30-b4db-4ef5-bf00-31307b8f5bb8/file_downloaded,https://prod-dcd-datasets-public-files-eu-west-1.s3.eu-west-1.amazonaws.com/e8dbfb15-8ba2-4e9b-abe4-a0a972358ab0
leaf spot,maize_leaf_spot,leaf spot627_.jpg,https://data.mendeley.com/public-files/datasets/bwh3zbpkpv/files/98e800a0-fc53-438f-a2a3-014c744e7338/file_downloaded,https://prod-dcd-datasets-public-files-eu-west-1.s3.eu-west-1.amazonaws.com/3b939e3e-24fd-437c-959d-e06891df2d05
leaf spot,maize_leaf_spot,leaf spot628_.jpg,https://data.mendeley.com/public-files/datasets/bwh3zbpkpv/files/94254e06-e624-4ed7-9386-f101e636f018/file_downloaded,https://prod-dcd-datasets-public-files-eu-west-1.s3.eu-west-1.amazonaws.com/7ae4aec0-1785-4417-9e8f-5410e219a225
leaf spot,maize_leaf_spot,leaf spot629_.jpg,https://data.mendeley.com/public-files/datasets/bwh3zbpkpv/files/ac4c33a5-a4ab-4a33-8004-5ca9910860eb/file_downloaded,https://prod-dcd-datasets-public-files-eu-west-1.s3.eu-west-1.amazonaws.com/3fc0802c-9a32-46c0-8834-6e9244002b9e
leaf spot,maize_leaf_spot,leaf spot62_.jpg,https://data.mendeley.com/public-files/datasets/bwh3zbpkpv/files/14741600-d4b8-4ddd-8f2d-320c8de1f838/file_downloaded,https://prod-dcd-datasets-public-files-eu-west-1.s3.eu-west-1.amazonaws.com/c20bea32-3edd-4a4a-a71c-c305fa94468a
leaf spot,maize_leaf_spot,leaf spot630_.jpg,https://data.mendeley.com/public-files/datasets/bwh3zbpkpv/files/92814344-5d04-4303-a00d-7ce5f6b48bf7/file_downloaded,https://prod-dcd-datasets-public-files-eu-west-1.s3.eu-west-1.amazonaws.com/f1969087-bd6f-4018-94ae-04a37b9f8a95
leaf spot,maize_leaf_spot,leaf spot631_.jpg,https://data.mendeley.com/public-files/datasets/bwh3zbpkpv/files/4cf5c8be-feca-4d29-b128-86ea01fc17de/file_downloaded,https://prod-dcd-datasets-public-files-eu-west-1.s3.eu-west-1.amazonaws.com/3d45fe3a-6242-479d-9602-19c31e7639a6
leaf spot,maize_leaf_spot,leaf spot632_.jpg,https://data.mendeley.com/public-files/datasets/bwh3zbpkpv/files/8a12fb42-dc82-4011-a089-c4ce6aa35951/file_downloaded,https://prod-dcd-datasets-public-files-eu-west-1.s3.eu-west-1.amazonaws.com/6c2c6a42-db52-4306-b2de-3a1c897281b2
leaf spot,maize_leaf_spot,leaf spot633_.jpg,https://data.mendeley.com/public-files/datasets/bwh3zbpkpv/files/4538f354-fae6-4dba-9ba3-342f54b3e8c5/file_downloaded,https://prod-dcd-datasets-public-files-eu-west-1.s3.eu-west-1.amazonaws.com/e1de2f60-2547-4ce2-a923-83ffc43b0b08
leaf spot,maize_leaf_spot,leaf spot634_.jpg,https://data.mendeley.com/public-files/datasets/bwh3zbpkpv/files/2857fe13-c013-4c24-b2cd-c3e628f29f55/file_downloaded,https://prod-dcd-datasets-public-files-eu-west-1.s3.eu-west-1.amazonaws.com/d3840875-ad4b-4c5d-9b42-4decac010170
leaf spot,maize_leaf_spot,leaf spot635_.jpg,https://data.mendeley.com/public-files/datasets/bwh3zbpkpv/files/29edb1c7-f7e5-4cea-9fe7-2d1846a50e2c/file_downloaded,https://prod-dcd-datasets-public-files-eu-west-1.s3.eu-west-1.amazonaws.com/8efa503d-2ff5-4bf8-b601-abff4614242c
leaf spot,maize_leaf_spot,leaf spot636_.jpg,https://data.mendeley.com/public-files/datasets/bwh3zbpkpv/files/729bd666-fe52-4ff2-8a60-eef9b5ff59fa/file_downloaded,https://prod-dcd-datasets-public-files-eu-west-1.s3.eu-west-1.amazonaws.com/79d8d467-4fe7-469d-897e-5f1c44b82ea4
leaf spot,maize_leaf_spot,leaf spot637_.jpg,https://data.mendeley.com/public-files/datasets/bwh3zbpkpv/files/a9411820-0275-461c-be1d-887331752482/file_downloaded,https://prod-dcd-datasets-public-files-eu-west-1.s3.eu-west-1.amazonaws.com/7956f7ab-7a5f-4b86-a6d0-73a4dfdcabda
leaf spot,maize_leaf_spot,leaf spot638_.jpg,https://data.mendeley.com/public-files/datasets/bwh3zbpkpv/files/2093d3cc-845c-410f-86f6-946288244062/file_downloaded,https://prod-dcd-datasets-public-files-eu-west-1.s3.eu-west-1.amazonaws.com/a5e3f7e8-93bd-4a9d-a16f-1239be68bbd7
leaf spot,maize_leaf_spot,leaf spot639_.jpg,https://data.mendeley.com/public-files/datasets/bwh3zbpkpv/files/a7aea9f5-5044-429b-b5ad-a76ca03adb62/file_downloaded,https://prod-dcd-datasets-public-files-eu-west-1.s3.eu-west-1.amazonaws.com/b17b94f6-1a80-4223-94e7-0f9b36b16693
leaf spot,maize_leaf_spot,leaf spot63_.jpg,https://data.mendeley.com/public-files/datasets/bwh3zbpkpv/files/f5a2c7fb-6fbe-42c4-a5c4-ee7034ac8776/file_downloaded,https://prod-dcd-datasets-public-files-eu-west-1.s3.eu-west-1.amazonaws.com/f03869f5-c731-4d57-a5bf-bd0cf15d6cce
leaf spot,maize_leaf_spot,leaf spot640_.jpg,https://data.mendeley.com/public-files/datasets/bwh3zbpkpv/files/c75dbcc7-e30f-47ef-ae81-a684448e7717/file_downloaded,https://prod-dcd-datasets-public-files-eu-west-1.s3.eu-west-1.amazonaws.com/8229cbd8-c8c9-42c9-a5b3-d402172a5ba4
leaf spot,maize_leaf_spot,leaf spot641_.jpg,https://data.mendeley.com/public-files/datasets/bwh3zbpkpv/files/da50dd8e-d0cf-4f2d-942c-4f4f8f207303/file_downloaded,https://prod-dcd-datasets-public-files-eu-west-1.s3.eu-west-1.amazonaws.com/7bc7cd48-076b-49e0-9b85-f38f8aacc2c1
leaf spot,maize_leaf_spot,leaf spot642_.jpg,https://data.mendeley.com/public-files/datasets/bwh3zbpkpv/files/390482a8-b4ee-43ee-b3c9-ffecb81181a2/file_downloaded,https://prod-dcd-datasets-public-files-eu-west-1.s3.eu-west-1.amazonaws.com/b95a6b77-093e-4196-b4a9-966598e3f960
leaf spot,maize_leaf_spot,leaf spot643_.jpg,https://data.mendeley.com/public-files/datasets/bwh3zbpkpv/files/441421c3-da79-48de-adf9-87b763a724c7/file_downloaded,https://prod-dcd-datasets-public-files-eu-west-1.s3.eu-west-1.amazonaws.com/2ba1917f-12db-4a37-bc82-2fb4175f9b76
leaf spot,maize_leaf_spot,leaf spot644_.jpg,https://data.mendeley.com/public-files/datasets/bwh3zbpkpv/files/0492cb68-8d06-479e-8c4c-0a5af36e1030/file_downloaded,https://prod-dcd-datasets-public-files-eu-west-1.s3.eu-west-1.amazonaws.com/ff1b7957-4cab-4939-be18-21a29345ca02
leaf spot,maize_leaf_spot,leaf spot645_.jpg,https://data.mendeley.com/public-files/datasets/bwh3zbpkpv/files/798bde92-9199-449b-b62a-692aa0b5eacc/file_downloaded,https://prod-dcd-datasets-public-files-eu-west-1.s3.eu-west-1.amazonaws.com/9c936c9c-2de8-4ccb-ac63-a437ce72b8b1
leaf spot,maize_leaf_spot,leaf spot646_.jpg,https://data.mendeley.com/public-files/datasets/bwh3zbpkpv/files/c9352a17-3bf6-4a8a-add2-37665352eea4/file_downloaded,https://prod-dcd-datasets-public-files-eu-west-1.s3.eu-west-1.amazonaws.com/5a8ccf15-4e8a-4a12-940e-422dfd513c01
leaf spot,maize_leaf_spot,leaf spot647_.jpg,https://data.mendeley.com/public-files/datasets/bwh3zbpkpv/files/82cfd12f-2008-4b30-aad1-cbc1d310a545/file_downloaded,https://prod-dcd-datasets-public-files-eu-west-1.s3.eu-west-1.amazonaws.com/0f2b92e8-4817-4a40-a5ab-96c8813c2a21
leaf spot,maize_leaf_spot,leaf spot648_.jpg,https://data.mendeley.com/public-files/datasets/bwh3zbpkpv/files/7d004fd6-9378-4d22-ac21-7ad112029194/file_downloaded,https://prod-dcd-datasets-public-files-eu-west-1.s3.eu-west-1.amazonaws.com/968e9241-e636-4fb9-b7b0-0d9e65398473
leaf spot,maize_leaf_spot,leaf spot649_.jpg,https://data.mendeley.com/public-files/datasets/bwh3zbpkpv/files/aafb159b-905a-4ef5-a5ff-4c3fe158fbb5/file_downloaded,https://prod-dcd-datasets-public-files-eu-west-1.s3.eu-west-1.amazonaws.com/acf4491d-a40e-4438-9028-ac646b632300
leaf spot,maize_leaf_spot,leaf spot64_.jpg,https://data.mendeley.com/public-files/datasets/bwh3zbpkpv/files/f2ae1c7d-3966-4ff9-b72d-28963cd578fe/file_downloaded,https://prod-dcd-datasets-public-files-eu-west-1.s3.eu-west-1.amazonaws.com/5d100f25-b56b-4a00-8779-2b45a8e25220
leaf spot,maize_leaf_spot,leaf spot650_.jpg,https://data.mendeley.com/public-files/datasets/bwh3zbpkpv/files/f8dd348c-fb00-49ad-a05f-3a689164fc6e/file_downloaded,https://prod-dcd-datasets-public-files-eu-west-1.s3.eu-west-1.amazonaws.com/fef08f72-927c-4535-b889-9e54cdc45001
leaf spot,maize_leaf_spot,leaf spot651_.jpg,https://data.mendeley.com/public-files/datasets/bwh3zbpkpv/files/f9425968-3ebe-4fcd-8458-9e66d46b965f/file_downloaded,https://prod-dcd-datasets-public-files-eu-west-1.s3.eu-west-1.amazonaws.com/6736dd60-c312-4f3b-becc-6234b4813baf
leaf spot,maize_leaf_spot,leaf spot652_.jpg,https://data.mendeley.com/public-files/datasets/bwh3zbpkpv/files/e1fac006-ca7a-4946-93ad-a871cf40b372/file_downloaded,https://prod-dcd-datasets-public-files-eu-west-1.s3.eu-west-1.amazonaws.com/85df36ca-050c-435a-ba25-5e4a54008634
leaf spot,maize_leaf_spot,leaf spot653_.jpg,https://data.mendeley.com/public-files/datasets/bwh3zbpkpv/files/4aaa0087-31cc-472f-aa4a-45eeddf2dd80/file_downloaded,https://prod-dcd-datasets-public-files-eu-west-1.s3.eu-west-1.amazonaws.com/7ccb9383-bdaa-4f3d-b368-db8590141b2a
leaf spot,maize_leaf_spot,leaf spot654_.jpg,https://data.mendeley.com/public-files/datasets/bwh3zbpkpv/files/9cd68e89-7d62-44f8-864d-6ced0d10cb98/file_downloaded,https://prod-dcd-datasets-public-files-eu-west-1.s3.eu-west-1.amazonaws.com/dd7b356b-86a1-4108-874e-e21211f38050
leaf spot,maize_leaf_spot,leaf spot655_.jpg,https://data.mendeley.com/public-files/datasets/bwh3zbpkpv/files/ae99a7b3-2479-4215-9408-cfe0273985f3/file_downloaded,https://prod-dcd-datasets-public-files-eu-west-1.s3.eu-west-1.amazonaws.com/0273286e-d3be-4996-94d3-ab69f3b577e2
leaf spot,maize_leaf_spot,leaf spot656_.jpg,https://data.mendeley.com/public-files/datasets/bwh3zbpkpv/files/ee765ee3-f143-43e7-b9f8-6812ae35c8bb/file_downloaded,https://prod-dcd-datasets-public-files-eu-west-1.s3.eu-west-1.amazonaws.com/180eac4a-bc7c-4704-83d6-09861d9098df
leaf spot,maize_leaf_spot,leaf spot657_.jpg,https://data.mendeley.com/public-files/datasets/bwh3zbpkpv/files/8b7e2207-c9e9-4cfb-94b4-c183215c2187/file_downloaded,https://prod-dcd-datasets-public-files-eu-west-1.s3.eu-west-1.amazonaws.com/e1654fbc-f7f1-4a34-9363-83a3edf1b58a
leaf spot,maize_leaf_spot,leaf spot658_.jpg,https://data.mendeley.com/public-files/datasets/bwh3zbpkpv/files/783bdb9b-849e-4f91-bc18-2647405e0838/file_downloaded,https://prod-dcd-datasets-public-files-eu-west-1.s3.eu-west-1.amazonaws.com/710660aa-32e8-49ba-8113-5580ee86b13c
leaf spot,maize_leaf_spot,leaf spot659_.jpg,https://data.mendeley.com/public-files/datasets/bwh3zbpkpv/files/58d33bf5-8a31-4e74-90d7-c13a617ffa1b/file_downloaded,https://prod-dcd-datasets-public-files-eu-west-1.s3.eu-west-1.amazonaws.com/262bec85-6aae-470f-839b-3f8c92c8d445
leaf spot,maize_leaf_spot,leaf spot65_.jpg,https://data.mendeley.com/public-files/datasets/bwh3zbpkpv/files/86b078af-a472-47d4-b5db-75c525219534/file_downloaded,https://prod-dcd-datasets-public-files-eu-west-1.s3.eu-west-1.amazonaws.com/ad6d226e-c6f8-4bce-a8ea-06c25509fa43
leaf spot,maize_leaf_spot,leaf spot660_.jpg,https://data.mendeley.com/public-files/datasets/bwh3zbpkpv/files/ddaf929b-f2da-4053-ab18-099d506a17c8/file_downloaded,https://prod-dcd-datasets-public-files-eu-west-1.s3.eu-west-1.amazonaws.com/09519cfe-64f5-4dab-a19a-597a02e5cc39
leaf spot,maize_leaf_spot,leaf spot661_.jpg,https://data.mendeley.com/public-files/datasets/bwh3zbpkpv/files/904dcfee-2995-4894-8584-205f73eb0b71/file_downloaded,https://prod-dcd-datasets-public-files-eu-west-1.s3.eu-west-1.amazonaws.com/37a92691-6a87-427b-9809-a7ecec41c5aa
leaf spot,maize_leaf_spot,leaf spot662_.jpg,https://data.mendeley.com/public-files/datasets/bwh3zbpkpv/files/57dcf4b3-1d99-4f4e-9fd5-1f5989b068cf/file_downloaded,https://prod-dcd-datasets-public-files-eu-west-1.s3.eu-west-1.amazonaws.com/70812bc2-c797-4212-ba77-3b5a9c8bf48c
leaf spot,maize_leaf_spot,leaf spot663_.jpg,https://data.mendeley.com/public-files/datasets/bwh3zbpkpv/files/c4610816-0302-4997-894e-3641c987c20f/file_downloaded,https://prod-dcd-datasets-public-files-eu-west-1.s3.eu-west-1.amazonaws.com/240e825f-7409-4bb1-803e-cfb5443a43e2
leaf spot,maize_leaf_spot,leaf spot664_.jpg,https://data.mendeley.com/public-files/datasets/bwh3zbpkpv/files/fa71b49d-d7d5-4c4a-bc26-fed26f210fe5/file_downloaded,https://prod-dcd-datasets-public-files-eu-west-1.s3.eu-west-1.amazonaws.com/e9f868fe-3419-458d-a82b-ef16c97475cc
leaf spot,maize_leaf_spot,leaf spot665_.jpg,https://data.mendeley.com/public-files/datasets/bwh3zbpkpv/files/4fbbce27-5d14-4f15-9bf4-14fa4da2ca2d/file_downloaded,https://prod-dcd-datasets-public-files-eu-west-1.s3.eu-west-1.amazonaws.com/6816129d-f620-4038-b784-eb2bbd9aa5fe
leaf spot,maize_leaf_spot,leaf spot666_.jpg,https://data.mendeley.com/public-files/datasets/bwh3zbpkpv/files/a7c33fa1-31ce-4883-909e-87128fba51ec/file_downloaded,https://prod-dcd-datasets-public-files-eu-west-1.s3.eu-west-1.amazonaws.com/a4af95a3-946d-41f6-b97e-f1a8c30eb57e
leaf spot,maize_leaf_spot,leaf spot667_.jpg,https://data.mendeley.com/public-files/datasets/bwh3zbpkpv/files/5c8a3c33-aaac-4fbe-9a3c-6e5b439316f6/file_downloaded,https://prod-dcd-datasets-public-files-eu-west-1.s3.eu-west-1.amazonaws.com/73ff2f86-5dc6-48bf-a7ec-95aefc51b643
leaf spot,maize_leaf_spot,leaf spot668_.jpg,https://data.mendeley.com/public-files/datasets/bwh3zbpkpv/files/da67b45b-0eaf-40e5-94d8-ece1b1fe1a15/file_downloaded,https://prod-dcd-datasets-public-files-eu-west-1.s3.eu-west-1.amazonaws.com/6702be01-c9af-4349-91ae-7b48f39696e1
leaf spot,maize_leaf_spot,leaf spot669_.jpg,https://data.mendeley.com/public-files/datasets/bwh3zbpkpv/files/23c61399-5620-414d-a031-957b297d24c1/file_downloaded,https://prod-dcd-datasets-public-files-eu-west-1.s3.eu-west-1.amazonaws.com/70a1f70e-0a40-4d58-a413-b1668ad50426
leaf spot,maize_leaf_spot,leaf spot66_.jpg,https://data.mendeley.com/public-files/datasets/bwh3zbpkpv/files/6371d423-79a1-4731-94d7-39c2f7bc58da/file_downloaded,https://prod-dcd-datasets-public-files-eu-west-1.s3.eu-west-1.amazonaws.com/13861132-010a-4c02-b237-7b03f85bf757
leaf spot,maize_leaf_spot,leaf spot670_.jpg,https://data.mendeley.com/public-files/datasets/bwh3zbpkpv/files/3358b9fe-415f-469a-8510-174be20ec3dc/file_downloaded,https://prod-dcd-datasets-public-files-eu-west-1.s3.eu-west-1.amazonaws.com/594cc1f2-fa4e-462a-a550-aae4e01d5f53
leaf spot,maize_leaf_spot,leaf spot671_.jpg,https://data.mendeley.com/public-files/datasets/bwh3zbpkpv/files/54830d2f-2a7c-4c14-860b-a317cea77613/file_downloaded,https://prod-dcd-datasets-public-files-eu-west-1.s3.eu-west-1.amazonaws.com/45bab7d6-b300-4c53-ac98-42f9947030ee
leaf spot,maize_leaf_spot,leaf spot672_.jpg,https://data.mendeley.com/public-files/datasets/bwh3zbpkpv/files/4b6c47b2-3c96-4daa-b052-3f21b8fd4bc5/file_downloaded,https://prod-dcd-datasets-public-files-eu-west-1.s3.eu-west-1.amazonaws.com/65f5fc12-ce01-4c40-8751-6f45586c0b7a
leaf spot,maize_leaf_spot,leaf spot673_.jpg,https://data.mendeley.com/public-files/datasets/bwh3zbpkpv/files/14926086-b359-41ae-8e14-da64e5b45d3e/file_downloaded,https://prod-dcd-datasets-public-files-eu-west-1.s3.eu-west-1.amazonaws.com/5113d14e-eab6-411e-929b-5213ceeb695f
leaf spot,maize_leaf_spot,leaf spot674_.jpg,https://data.mendeley.com/public-files/datasets/bwh3zbpkpv/files/16227970-9d3b-48ee-be55-bbb2734a0e2e/file_downloaded,https://prod-dcd-datasets-public-files-eu-west-1.s3.eu-west-1.amazonaws.com/9b5c57c7-9645-43cf-9efa-578941aaa277
leaf spot,maize_leaf_spot,leaf spot675_.jpg,https://data.mendeley.com/public-files/datasets/bwh3zbpkpv/files/2ea0b4cf-6389-4488-bcc0-bcd2af10821e/file_downloaded,https://prod-dcd-datasets-public-files-eu-west-1.s3.eu-west-1.amazonaws.com/e1954b60-dfa7-4cc5-abcd-48bfbdb6748f
leaf spot,maize_leaf_spot,leaf spot676_.jpg,https://data.mendeley.com/public-files/datasets/bwh3zbpkpv/files/647033fe-6c90-41c8-bdf9-bdb79c27ce97/file_downloaded,https://prod-dcd-datasets-public-files-eu-west-1.s3.eu-west-1.amazonaws.com/c5b77fab-9a81-48a8-864a-ad9606436733
leaf spot,maize_leaf_spot,leaf spot677_.jpg,https://data.mendeley.com/public-files/datasets/bwh3zbpkpv/files/2a31b1a4-cc5d-4142-bdc7-08eee96518c4/file_downloaded,https://prod-dcd-datasets-public-files-eu-west-1.s3.eu-west-1.amazonaws.com/19ea5ea7-c1a9-4a40-9dbb-34f852ac8ef1
leaf spot,maize_leaf_spot,leaf spot678_.jpg,https://data.mendeley.com/public-files/datasets/bwh3zbpkpv/files/28b665de-e803-4f39-a7df-42a6d69642ff/file_downloaded,https://prod-dcd-datasets-public-files-eu-west-1.s3.eu-west-1.amazonaws.com/c80b901f-c539-464c-9580-e06672bdc685
leaf spot,maize_leaf_spot,leaf spot679_.jpg,https://data.mendeley.com/public-files/datasets/bwh3zbpkpv/files/85b683d9-2caa-42f8-bfd1-048cd4419a9a/file_downloaded,https://prod-dcd-datasets-public-files-eu-west-1.s3.eu-west-1.amazonaws.com/b04334f6-8239-43a5-8b11-02cf30295b96
leaf spot,maize_leaf_spot,leaf spot67_.jpg,https://data.mendeley.com/public-files/datasets/bwh3zbpkpv/files/7cd8c817-0574-4380-9bec-259789b7f0df/file_downloaded,https://prod-dcd-datasets-public-files-eu-west-1.s3.eu-west-1.amazonaws.com/3db00327-bb0f-4431-b9f9-b9ef09a951b5
leaf spot,maize_leaf_spot,leaf spot680_.jpg,https://data.mendeley.com/public-files/datasets/bwh3zbpkpv/files/781911fa-c2f6-4342-bef4-25b9175c08f3/file_downloaded,https://prod-dcd-datasets-public-files-eu-west-1.s3.eu-west-1.amazonaws.com/885a890e-7039-4d0e-a846-612de0700ffe
leaf spot,maize_leaf_spot,leaf spot681_.jpg,https://data.mendeley.com/public-files/datasets/bwh3zbpkpv/files/6e51a9ad-1d47-4886-ac2f-9d2ad0529d01/file_downloaded,https://prod-dcd-datasets-public-files-eu-west-1.s3.eu-west-1.amazonaws.com/5c5356f6-27f9-471b-bc74-d80d43d98589
leaf spot,maize_leaf_spot,leaf spot682_.jpg,https://data.mendeley.com/public-files/datasets/bwh3zbpkpv/files/f505062b-9016-47cc-80eb-ec9f355dd34e/file_downloaded,https://prod-dcd-datasets-public-files-eu-west-1.s3.eu-west-1.amazonaws.com/e5866c0a-bb23-4cb8-8135-f6a559986820
leaf spot,maize_leaf_spot,leaf spot683_.jpg,https://data.mendeley.com/public-files/datasets/bwh3zbpkpv/files/eafe2bcc-c364-494a-899d-d452fa0b0bc3/file_downloaded,https://prod-dcd-datasets-public-files-eu-west-1.s3.eu-west-1.amazonaws.com/d67cd103-d0ee-4b4f-b441-48b71ab3af09
leaf spot,maize_leaf_spot,leaf spot684_.jpg,https://data.mendeley.com/public-files/datasets/bwh3zbpkpv/files/82e4886f-68d4-4342-88e0-73552d350a44/file_downloaded,https://prod-dcd-datasets-public-files-eu-west-1.s3.eu-west-1.amazonaws.com/61fb49bd-7da4-41e9-8f47-9f5ec3ddfb8b
leaf spot,maize_leaf_spot,leaf spot685_.jpg,https://data.mendeley.com/public-files/datasets/bwh3zbpkpv/files/3436ff17-6c67-4bd0-9948-0b9e2fb72e5f/file_downloaded,https://prod-dcd-datasets-public-files-eu-west-1.s3.eu-west-1.amazonaws.com/8296fb3f-283b-41b3-b2d5-52060890c35a
leaf spot,maize_leaf_spot,leaf spot686_.jpg,https://data.mendeley.com/public-files/datasets/bwh3zbpkpv/files/fef597f9-f104-4f31-b199-1c4a58832180/file_downloaded,https://prod-dcd-datasets-public-files-eu-west-1.s3.eu-west-1.amazonaws.com/e5a629ae-0b90-490f-93a2-2de862c98ceb
leaf spot,maize_leaf_spot,leaf spot687_.jpg,https://data.mendeley.com/public-files/datasets/bwh3zbpkpv/files/ff12c882-c019-437c-953f-e841a3dd2c56/file_downloaded,https://prod-dcd-datasets-public-files-eu-west-1.s3.eu-west-1.amazonaws.com/d2fa07ee-708e-4606-8118-0f91bc0263e8
leaf spot,maize_leaf_spot,leaf spot688_.jpg,https://data.mendeley.com/public-files/datasets/bwh3zbpkpv/files/60d4567b-5441-4469-8245-a3e26d58ab5b/file_downloaded,https://prod-dcd-datasets-public-files-eu-west-1.s3.eu-west-1.amazonaws.com/01ac4243-5441-4957-8d86-592fe7100d58
leaf spot,maize_leaf_spot,leaf spot689_.jpg,https://data.mendeley.com/public-files/datasets/bwh3zbpkpv/files/e34e9643-4831-4526-ba08-d1cca6af2876/file_downloaded,https://prod-dcd-datasets-public-files-eu-west-1.s3.eu-west-1.amazonaws.com/e4d66a72-7610-457c-8604-a1b13fdc4f01
leaf spot,maize_leaf_spot,leaf spot68_.jpg,https://data.mendeley.com/public-files/datasets/bwh3zbpkpv/files/bbb9261b-3935-4112-897f-a8ebda8b450d/file_downloaded,https://prod-dcd-datasets-public-files-eu-west-1.s3.eu-west-1.amazonaws.com/0d6e1a0c-5b36-43d9-be99-8811977e5522
leaf spot,maize_leaf_spot,leaf spot690_.jpg,https://data.mendeley.com/public-files/datasets/bwh3zbpkpv/files/06adf1c0-c5ca-4dcc-bca3-d4b6343bacc7/file_downloaded,https://prod-dcd-datasets-public-files-eu-west-1.s3.eu-west-1.amazonaws.com/3e2185c6-2f1a-49db-ac71-28fda8a1dbfb
leaf spot,maize_leaf_spot,leaf spot691_.jpg,https://data.mendeley.com/public-files/datasets/bwh3zbpkpv/files/f92fbecf-278e-41d5-beae-913cd2074324/file_downloaded,https://prod-dcd-datasets-public-files-eu-west-1.s3.eu-west-1.amazonaws.com/3638b064-5aae-4a66-91b2-0ed63d58e289
leaf spot,maize_leaf_spot,leaf spot692_.jpg,https://data.mendeley.com/public-files/datasets/bwh3zbpkpv/files/914f1026-a011-4448-83bd-3e202eb4911d/file_downloaded,https://prod-dcd-datasets-public-files-eu-west-1.s3.eu-west-1.amazonaws.com/69a957da-620d-42bd-983d-6fd1fb01e6b4
leaf spot,maize_leaf_spot,leaf spot693_.jpg,https://data.mendeley.com/public-files/datasets/bwh3zbpkpv/files/8eb04544-10a9-4795-bb96-fdd4c2a7b6d5/file_downloaded,https://prod-dcd-datasets-public-files-eu-west-1.s3.eu-west-1.amazonaws.com/0888419e-2719-464c-a030-87ceb15124cb
leaf spot,maize_leaf_spot,leaf spot694_.jpg,https://data.mendeley.com/public-files/datasets/bwh3zbpkpv/files/624442ac-4d83-4b3a-b985-9d1b3bc2a461/file_downloaded,https://prod-dcd-datasets-public-files-eu-west-1.s3.eu-west-1.amazonaws.com/0565e4b9-9037-4520-92cf-d10dc9659940
leaf spot,maize_leaf_spot,leaf spot695_.jpg,https://data.mendeley.com/public-files/datasets/bwh3zbpkpv/files/853eeabb-f602-4a7b-8ece-a0380f91237c/file_downloaded,https://prod-dcd-datasets-public-files-eu-west-1.s3.eu-west-1.amazonaws.com/07327a40-27d1-4055-aa64-7b935bacd7f7
leaf spot,maize_leaf_spot,leaf spot696_.jpg,https://data.mendeley.com/public-files/datasets/bwh3zbpkpv/files/733003e4-efef-494c-afa6-03f133033302/file_downloaded,https://prod-dcd-datasets-public-files-eu-west-1.s3.eu-west-1.amazonaws.com/c2457837-49fc-4dbc-ad13-486c89dec1a0
leaf spot,maize_leaf_spot,leaf spot697_.jpg,https://data.mendeley.com/public-files/datasets/bwh3zbpkpv/files/521c582b-c8ca-47e9-af34-ab4aa36602ec/file_downloaded,https://prod-dcd-datasets-public-files-eu-west-1.s3.eu-west-1.amazonaws.com/e0c90544-2927-4531-ac29-76505821b29f
leaf spot,maize_leaf_spot,leaf spot698_.jpg,https://data.mendeley.com/public-files/datasets/bwh3zbpkpv/files/69ae4cc7-6be7-4854-a73d-a4a3c6afdcb2/file_downloaded,https://prod-dcd-datasets-public-files-eu-west-1.s3.eu-west-1.amazonaws.com/be8d678e-c5a5-46f3-888e-25aa893adfd0
leaf spot,maize_leaf_spot,leaf spot699_.jpg,https://data.mendeley.com/public-files/datasets/bwh3zbpkpv/files/0a4c434d-c1b1-43fd-8943-7f9df3472f47/file_downloaded,https://prod-dcd-datasets-public-files-eu-west-1.s3.eu-west-1.amazonaws.com/bb3d95c9-5b03-408e-98cb-9b0b387705fc
leaf spot,maize_leaf_spot,leaf spot69_.jpg,https://data.mendeley.com/public-files/datasets/bwh3zbpkpv/files/7b742d77-bbc9-4df9-98f5-161ee1940bc4/file_downloaded,https://prod-dcd-datasets-public-files-eu-west-1.s3.eu-west-1.amazonaws.com/2d1b24b3-1ebf-4b7a-b83c-46e649021a64
leaf spot,maize_leaf_spot,leaf spot6_.jpg,https://data.mendeley.com/public-files/datasets/bwh3zbpkpv/files/57acd87a-bb68-4280-9251-8f1eb8367d2f/file_downloaded,https://prod-dcd-datasets-public-files-eu-west-1.s3.eu-west-1.amazonaws.com/c71a9b75-45bb-4b26-b0e9-d321bd308088
leaf spot,maize_leaf_spot,leaf spot700_.jpg,https://data.mendeley.com/public-files/datasets/bwh3zbpkpv/files/388e3e7b-b1a4-4bbb-8acc-f893fe5303ae/file_downloaded,https://prod-dcd-datasets-public-files-eu-west-1.s3.eu-west-1.amazonaws.com/66b32f03-30b6-4456-bcdf-107f0f909d4c
leaf spot,maize_leaf_spot,leaf spot701_.jpg,https://data.mendeley.com/public-files/datasets/bwh3zbpkpv/files/93c768fa-742a-4f39-bead-ad23eb19e502/file_downloaded,https://prod-dcd-datasets-public-files-eu-west-1.s3.eu-west-1.amazonaws.com/45bd6e46-cfb4-43af-801c-c5e61932c1e7
leaf spot,maize_leaf_spot,leaf spot702_.jpg,https://data.mendeley.com/public-files/datasets/bwh3zbpkpv/files/401267a9-2c19-472b-a351-5d5d5f7e6055/file_downloaded,https://prod-dcd-datasets-public-files-eu-west-1.s3.eu-west-1.amazonaws.com/01cba825-971b-4426-9244-a63ff43af5c6
leaf spot,maize_leaf_spot,leaf spot703_.jpg,https://data.mendeley.com/public-files/datasets/bwh3zbpkpv/files/994d87c3-e42a-439a-a496-c30bc86e4e4f/file_downloaded,https://prod-dcd-datasets-public-files-eu-west-1.s3.eu-west-1.amazonaws.com/4fe2da59-3e5b-4c5e-bc75-3f6d932a270d
leaf spot,maize_leaf_spot,leaf spot704_.jpg,https://data.mendeley.com/public-files/datasets/bwh3zbpkpv/files/2f828a45-fef1-4504-947a-529052b7dbd5/file_downloaded,https://prod-dcd-datasets-public-files-eu-west-1.s3.eu-west-1.amazonaws.com/10662aee-7975-48cd-8ecd-40d79c46a502
leaf spot,maize_leaf_spot,leaf spot705_.jpg,https://data.mendeley.com/public-files/datasets/bwh3zbpkpv/files/22531bdf-6c98-49b9-9e28-d5f90c6d8193/file_downloaded,https://prod-dcd-datasets-public-files-eu-west-1.s3.eu-west-1.amazonaws.com/04a32dd0-e432-4695-8cf2-33625231886f
leaf spot,maize_leaf_spot,leaf spot706_.jpg,https://data.mendeley.com/public-files/datasets/bwh3zbpkpv/files/66934b40-6fe5-4f5a-8ce6-ddbb8dd16309/file_downloaded,https://prod-dcd-datasets-public-files-eu-west-1.s3.eu-west-1.amazonaws.com/9eb91530-e7f2-41ae-a664-e5ea19c3ea08
leaf spot,maize_leaf_spot,leaf spot707_.jpg,https://data.mendeley.com/public-files/datasets/bwh3zbpkpv/files/fcdbdc76-6bcc-470e-9963-0449f88ecebe/file_downloaded,https://prod-dcd-datasets-public-files-eu-west-1.s3.eu-west-1.amazonaws.com/38fd7741-e705-4909-bd54-f940728ad081
leaf spot,maize_leaf_spot,leaf spot708_.jpg,https://data.mendeley.com/public-files/datasets/bwh3zbpkpv/files/ae76a633-648e-47ca-81c3-f8bc163e27f6/file_downloaded,https://prod-dcd-datasets-public-files-eu-west-1.s3.eu-west-1.amazonaws.com/7e2882ce-66c9-4a1e-bec1-a24b71e36416
leaf spot,maize_leaf_spot,leaf spot709_.jpg,https://data.mendeley.com/public-files/datasets/bwh3zbpkpv/files/7cd57688-60e9-455f-a1c6-514ab256dbf8/file_downloaded,https://prod-dcd-datasets-public-files-eu-west-1.s3.eu-west-1.amazonaws.com/f5476c43-e625-49b3-8e7f-034e2d0131ce
leaf spot,maize_leaf_spot,leaf spot70_.jpg,https://data.mendeley.com/public-files/datasets/bwh3zbpkpv/files/16695bf9-5f68-4ac3-8e82-b295450f412c/file_downloaded,https://prod-dcd-datasets-public-files-eu-west-1.s3.eu-west-1.amazonaws.com/93ac3ce0-e5f9-4bab-8098-5d22fc2dd7a6
leaf spot,maize_leaf_spot,leaf spot710_.jpg,https://data.mendeley.com/public-files/datasets/bwh3zbpkpv/files/0a20359b-c2a8-41b1-8b9c-128d574de575/file_downloaded,https://prod-dcd-datasets-public-files-eu-west-1.s3.eu-west-1.amazonaws.com/e2229196-efea-4dfe-98b4-5b256870d2e1
leaf spot,maize_leaf_spot,leaf spot711_.jpg,https://data.mendeley.com/public-files/datasets/bwh3zbpkpv/files/eb9f7900-c238-4948-b6bc-9ea6816a935b/file_downloaded,https://prod-dcd-datasets-public-files-eu-west-1.s3.eu-west-1.amazonaws.com/e80623d3-bd99-4ab8-b0e9-4f6fbbdba1af
leaf spot,maize_leaf_spot,leaf spot712_.jpg,https://data.mendeley.com/public-files/datasets/bwh3zbpkpv/files/515208e9-79f7-4c2e-b394-4d8c0b98912d/file_downloaded,https://prod-dcd-datasets-public-files-eu-west-1.s3.eu-west-1.amazonaws.com/83cc634a-e8e6-475d-a4b9-470c3002205f
leaf spot,maize_leaf_spot,leaf spot713_.jpg,https://data.mendeley.com/public-files/datasets/bwh3zbpkpv/files/156e7353-e753-4c79-96fd-5cfb04777656/file_downloaded,https://prod-dcd-datasets-public-files-eu-west-1.s3.eu-west-1.amazonaws.com/5167092b-fd32-4228-8a9e-06167b499897
leaf spot,maize_leaf_spot,leaf spot714_.jpg,https://data.mendeley.com/public-files/datasets/bwh3zbpkpv/files/c1e3ecc6-5d83-40e0-9e8b-c85421cfe432/file_downloaded,https://prod-dcd-datasets-public-files-eu-west-1.s3.eu-west-1.amazonaws.com/4d49ac40-4e8b-4e95-a801-5f67ec655aa2
leaf spot,maize_leaf_spot,leaf spot715_.jpg,https://data.mendeley.com/public-files/datasets/bwh3zbpkpv/files/945f3dc9-6004-436e-a10e-594509f27037/file_downloaded,https://prod-dcd-datasets-public-files-eu-west-1.s3.eu-west-1.amazonaws.com/fa39cb75-d002-4eb3-b25b-9c3b7db37c7b
leaf spot,maize_leaf_spot,leaf spot716_.jpg,https://data.mendeley.com/public-files/datasets/bwh3zbpkpv/files/9ca01bd0-66b9-4b11-947b-e7c0d301a016/file_downloaded,https://prod-dcd-datasets-public-files-eu-west-1.s3.eu-west-1.amazonaws.com/7ec3ee91-2424-49a0-8dd7-17de4500c49a
leaf spot,maize_leaf_spot,leaf spot717_.jpg,https://data.mendeley.com/public-files/datasets/bwh3zbpkpv/files/0b4092f1-6c1a-4d4d-b914-b26036c0bdea/file_downloaded,https://prod-dcd-datasets-public-files-eu-west-1.s3.eu-west-1.amazonaws.com/9971008a-8d3d-467c-9c33-d612b19cc0ea
leaf spot,maize_leaf_spot,leaf spot718_.jpg,https://data.mendeley.com/public-files/datasets/bwh3zbpkpv/files/2dd6ce29-e9bd-4368-844d-efe45c00d572/file_downloaded,https://prod-dcd-datasets-public-files-eu-west-1.s3.eu-west-1.amazonaws.com/f9a9095d-5d00-4700-8316-319cd849245b
leaf spot,maize_leaf_spot,leaf spot719_.jpg,https://data.mendeley.com/public-files/datasets/bwh3zbpkpv/files/d0834012-caae-4590-b662-996870b5aa20/file_downloaded,https://prod-dcd-datasets-public-files-eu-west-1.s3.eu-west-1.amazonaws.com/2cb66528-8da5-4084-9ce3-7ff492af9863
leaf spot,maize_leaf_spot,leaf spot71_.jpg,https://data.mendeley.com/public-files/datasets/bwh3zbpkpv/files/0cb88935-32f7-493b-aeb3-7363fb8eea78/file_downloaded,https://prod-dcd-datasets-public-files-eu-west-1.s3.eu-west-1.amazonaws.com/ee5f3654-1824-41e1-9fe9-2cb6cf4b4bcb
leaf spot,maize_leaf_spot,leaf spot720_.jpg,https://data.mendeley.com/public-files/datasets/bwh3zbpkpv/files/19287117-fe72-4b0e-abab-3c4bdd89228b/file_downloaded,https://prod-dcd-datasets-public-files-eu-west-1.s3.eu-west-1.amazonaws.com/bb858227-841f-4fda-97ed-db79f85bfe85
leaf spot,maize_leaf_spot,leaf spot721_.jpg,https://data.mendeley.com/public-files/datasets/bwh3zbpkpv/files/49d2c613-1d20-456b-bf15-8ad599b73309/file_downloaded,https://prod-dcd-datasets-public-files-eu-west-1.s3.eu-west-1.amazonaws.com/47cac9cd-3bec-4b6d-8987-26fc5b4363b4
leaf spot,maize_leaf_spot,leaf spot722_.jpg,https://data.mendeley.com/public-files/datasets/bwh3zbpkpv/files/85fdb7dd-3c4f-4e44-9a43-3067db2e98e1/file_downloaded,https://prod-dcd-datasets-public-files-eu-west-1.s3.eu-west-1.amazonaws.com/f129e3e5-b5ed-4717-9ad0-77f2d57f94a4
leaf spot,maize_leaf_spot,leaf spot723_.jpg,https://data.mendeley.com/public-files/datasets/bwh3zbpkpv/files/1c613383-5001-4d05-9af0-9a5084722ab0/file_downloaded,https://prod-dcd-datasets-public-files-eu-west-1.s3.eu-west-1.amazonaws.com/afc78994-22e6-4921-9cbb-1d9e81c9d350
leaf spot,maize_leaf_spot,leaf spot724_.jpg,https://data.mendeley.com/public-files/datasets/bwh3zbpkpv/files/63a77aa7-44e1-463d-b990-4062e29e3dd0/file_downloaded,https://prod-dcd-datasets-public-files-eu-west-1.s3.eu-west-1.amazonaws.com/b669b72d-52f3-48fd-8203-25ebf0dec44a
leaf spot,maize_leaf_spot,leaf spot725_.jpg,https://data.mendeley.com/public-files/datasets/bwh3zbpkpv/files/707a8e44-5b32-4017-a4ce-469d50949188/file_downloaded,https://prod-dcd-datasets-public-files-eu-west-1.s3.eu-west-1.amazonaws.com/0bd42efd-3a6c-4c4b-8df2-f7fb4b07ec71
leaf spot,maize_leaf_spot,leaf spot726_.jpg,https://data.mendeley.com/public-files/datasets/bwh3zbpkpv/files/ec5ab4e1-6884-41fe-8f61-2c15cc55b91a/file_downloaded,https://prod-dcd-datasets-public-files-eu-west-1.s3.eu-west-1.amazonaws.com/0c3f514c-a711-4efd-af45-3486f9c2526a
leaf spot,maize_leaf_spot,leaf spot727_.jpg,https://data.mendeley.com/public-files/datasets/bwh3zbpkpv/files/cf3aac8c-4383-45e6-bd75-2e02877d1d58/file_downloaded,https://prod-dcd-datasets-public-files-eu-west-1.s3.eu-west-1.amazonaws.com/387bad1c-c5bb-42c8-97b8-bc8343c48738
leaf spot,maize_leaf_spot,leaf spot728_.jpg,https://data.mendeley.com/public-files/datasets/bwh3zbpkpv/files/9140b27c-60c9-4173-9a2a-d061c916ad23/file_downloaded,https://prod-dcd-datasets-public-files-eu-west-1.s3.eu-west-1.amazonaws.com/1fee224f-3164-4e01-877a-b053c9a2fea5
leaf spot,maize_leaf_spot,leaf spot729_.jpg,https://data.mendeley.com/public-files/datasets/bwh3zbpkpv/files/6263d10e-ae68-408f-a6d9-8cfb3d553443/file_downloaded,https://prod-dcd-datasets-public-files-eu-west-1.s3.eu-west-1.amazonaws.com/8309cb1a-69bb-47f2-821a-78b035492d97
leaf spot,maize_leaf_spot,leaf spot72_.jpg,https://data.mendeley.com/public-files/datasets/bwh3zbpkpv/files/2aa06383-05c0-40e8-a43b-d2376951d811/file_downloaded,https://prod-dcd-datasets-public-files-eu-west-1.s3.eu-west-1.amazonaws.com/696194e2-ca0f-4eb1-b6a0-f186f5aa3b0a
leaf spot,maize_leaf_spot,leaf spot730_.jpg,https://data.mendeley.com/public-files/datasets/bwh3zbpkpv/files/09ccced1-6f9e-4f6a-bce7-065594c04d51/file_downloaded,https://prod-dcd-datasets-public-files-eu-west-1.s3.eu-west-1.amazonaws.com/14cfda2b-22d8-4c25-b604-777327f1f275
leaf spot,maize_leaf_spot,leaf spot731_.jpg,https://data.mendeley.com/public-files/datasets/bwh3zbpkpv/files/3fce33d8-5f4c-4d33-a54a-ab1e3d6fa757/file_downloaded,https://prod-dcd-datasets-public-files-eu-west-1.s3.eu-west-1.amazonaws.com/59e22b4b-bb0c-4c52-9ed4-b796ec45411a
leaf spot,maize_leaf_spot,leaf spot732_.jpg,https://data.mendeley.com/public-files/datasets/bwh3zbpkpv/files/98ffb245-d625-4c17-91a4-1df8ecaf95dc/file_downloaded,https://prod-dcd-datasets-public-files-eu-west-1.s3.eu-west-1.amazonaws.com/3af39771-cd3d-4900-8594-3368f78dd9f2
leaf spot,maize_leaf_spot,leaf spot733_.jpg,https://data.mendeley.com/public-files/datasets/bwh3zbpkpv/files/ca67430a-bbf1-44ae-be7d-98d23d8ea816/file_downloaded,https://prod-dcd-datasets-public-files-eu-west-1.s3.eu-west-1.amazonaws.com/08a8a79c-07a0-4b11-a82f-7eaecedb9c5e
leaf spot,maize_leaf_spot,leaf spot734_.jpg,https://data.mendeley.com/public-files/datasets/bwh3zbpkpv/files/5cf7844e-ca3a-4192-ad2c-5f37a0c9b14f/file_downloaded,https://prod-dcd-datasets-public-files-eu-west-1.s3.eu-west-1.amazonaws.com/61be6aef-9663-4e4d-9413-43e40a9ac2a2
leaf spot,maize_leaf_spot,leaf spot735_.jpg,https://data.mendeley.com/public-files/datasets/bwh3zbpkpv/files/2ef86412-7040-4a9b-8f9f-e77faf88012b/file_downloaded,https://prod-dcd-datasets-public-files-eu-west-1.s3.eu-west-1.amazonaws.com/e83a68ee-dc26-48b8-953e-a698f8e1eeec
leaf spot,maize_leaf_spot,leaf spot736_.jpg,https://data.mendeley.com/public-files/datasets/bwh3zbpkpv/files/32ad3a50-d636-42df-b06b-2becf87ce386/file_downloaded,https://prod-dcd-datasets-public-files-eu-west-1.s3.eu-west-1.amazonaws.com/c6b5df94-7a06-45e2-9214-360cb2db50f1
leaf spot,maize_leaf_spot,leaf spot737_.jpg,https://data.mendeley.com/public-files/datasets/bwh3zbpkpv/files/040ec4e3-e33f-4f1d-b8a7-eaecd5b9a692/file_downloaded,https://prod-dcd-datasets-public-files-eu-west-1.s3.eu-west-1.amazonaws.com/8e3a7887-f5e6-431f-bb9c-a34a5687125c
leaf spot,maize_leaf_spot,leaf spot738_.jpg,https://data.mendeley.com/public-files/datasets/bwh3zbpkpv/files/7ae75a88-9989-46a4-94fb-c043c92a9c2f/file_downloaded,https://prod-dcd-datasets-public-files-eu-west-1.s3.eu-west-1.amazonaws.com/55c7a9b1-a64f-4764-b092-3fb6d4ff376c
leaf spot,maize_leaf_spot,leaf spot739_.jpg,https://data.mendeley.com/public-files/datasets/bwh3zbpkpv/files/0ff985b6-8383-4a28-a21d-575c78a14154/file_downloaded,https://prod-dcd-datasets-public-files-eu-west-1.s3.eu-west-1.amazonaws.com/0f6dfe11-eac7-43c7-b2b4-63b81ce6096b
leaf spot,maize_leaf_spot,leaf spot73_.jpg,https://data.mendeley.com/public-files/datasets/bwh3zbpkpv/files/aee5bd73-06ae-4ea5-9e32-58f4a83a6cf4/file_downloaded,https://prod-dcd-datasets-public-files-eu-west-1.s3.eu-west-1.amazonaws.com/ca62b15b-0dc9-4158-8458-73fbfcaa9897
leaf spot,maize_leaf_spot,leaf spot740_.jpg,https://data.mendeley.com/public-files/datasets/bwh3zbpkpv/files/0bdff8df-7b16-449a-81d1-19b8cac24292/file_downloaded,https://prod-dcd-datasets-public-files-eu-west-1.s3.eu-west-1.amazonaws.com/0d9f29b6-1502-4adf-8f87-b3335ff7fe57
leaf spot,maize_leaf_spot,leaf spot741_.jpg,https://data.mendeley.com/public-files/datasets/bwh3zbpkpv/files/489eb471-28a2-4e36-b288-8d63878901fa/file_downloaded,https://prod-dcd-datasets-public-files-eu-west-1.s3.eu-west-1.amazonaws.com/a719da63-4d46-41f9-8621-80e553b40908
leaf spot,maize_leaf_spot,leaf spot742_.jpg,https://data.mendeley.com/public-files/datasets/bwh3zbpkpv/files/2e31f8f3-c9dc-41fe-ac6b-eb98ba212205/file_downloaded,https://prod-dcd-datasets-public-files-eu-west-1.s3.eu-west-1.amazonaws.com/338ddd35-866d-45ef-9e54-c390849ae7f1
leaf spot,maize_leaf_spot,leaf spot743_.jpg,https://data.mendeley.com/public-files/datasets/bwh3zbpkpv/files/c1585ddb-d77a-43e0-806e-043808990bbf/file_downloaded,https://prod-dcd-datasets-public-files-eu-west-1.s3.eu-west-1.amazonaws.com/e5bae490-6f0c-4bfa-813a-98d7dd5eca11
leaf spot,maize_leaf_spot,leaf spot744_.jpg,https://data.mendeley.com/public-files/datasets/bwh3zbpkpv/files/a09afce1-dff6-4698-a00d-e0557367d949/file_downloaded,https://prod-dcd-datasets-public-files-eu-west-1.s3.eu-west-1.amazonaws.com/b497d211-c1a9-4fcd-95e6-674ba51afe1a
leaf spot,maize_leaf_spot,leaf spot745_.jpg,https://data.mendeley.com/public-files/datasets/bwh3zbpkpv/files/e98df40e-2fc1-4be5-91bd-f588a05ff0a8/file_downloaded,https://prod-dcd-datasets-public-files-eu-west-1.s3.eu-west-1.amazonaws.com/e7013c33-7121-447d-9192-1ebbca909279
leaf spot,maize_leaf_spot,leaf spot746_.jpg,https://data.mendeley.com/public-files/datasets/bwh3zbpkpv/files/1b7dcb7a-08bb-4d93-9565-bf255d63e7c2/file_downloaded,https://prod-dcd-datasets-public-files-eu-west-1.s3.eu-west-1.amazonaws.com/ec2bdbc7-4ed4-4e07-9898-ce77e6793d1a
leaf spot,maize_leaf_spot,leaf spot747_.jpg,https://data.mendeley.com/public-files/datasets/bwh3zbpkpv/files/1bb282eb-460f-4174-87db-2624d8624e56/file_downloaded,https://prod-dcd-datasets-public-files-eu-west-1.s3.eu-west-1.amazonaws.com/5b672649-b11d-4672-8824-846eab99406f
leaf spot,maize_leaf_spot,leaf spot748_.jpg,https://data.mendeley.com/public-files/datasets/bwh3zbpkpv/files/39e57885-f1fb-4703-ba22-0269eaadb512/file_downloaded,https://prod-dcd-datasets-public-files-eu-west-1.s3.eu-west-1.amazonaws.com/59cd9ddf-8b92-4a9a-b0ef-2e822a6fae96
leaf spot,maize_leaf_spot,leaf spot749_.jpg,https://data.mendeley.com/public-files/datasets/bwh3zbpkpv/files/c8f06231-6b8f-4755-9135-eb06f00565ad/file_downloaded,https://prod-dcd-datasets-public-files-eu-west-1.s3.eu-west-1.amazonaws.com/715234cd-ea29-4ee1-aca6-5f57df99ba9d
leaf spot,maize_leaf_spot,leaf spot74_.jpg,https://data.mendeley.com/public-files/datasets/bwh3zbpkpv/files/378ca5e5-2252-49d0-88b6-882749c96885/file_downloaded,https://prod-dcd-datasets-public-files-eu-west-1.s3.eu-west-1.amazonaws.com/c68a5511-2361-47d1-b25d-c2925b896bb0
leaf spot,maize_leaf_spot,leaf spot750_.jpg,https://data.mendeley.com/public-files/datasets/bwh3zbpkpv/files/8b7519be-8c57-4f0c-b562-219e6b113800/file_downloaded,https://prod-dcd-datasets-public-files-eu-west-1.s3.eu-west-1.amazonaws.com/787a43db-d08a-482c-afa0-00458210b080
leaf spot,maize_leaf_spot,leaf spot751_.jpg,https://data.mendeley.com/public-files/datasets/bwh3zbpkpv/files/9957c60a-28af-4e96-99bc-a131f6a8d372/file_downloaded,https://prod-dcd-datasets-public-files-eu-west-1.s3.eu-west-1.amazonaws.com/20e5afa6-90fa-4667-8ced-3d1b3e16f491
leaf spot,maize_leaf_spot,leaf spot752_.jpg,https://data.mendeley.com/public-files/datasets/bwh3zbpkpv/files/864c29c4-2350-47b2-9213-46ebe9f7016b/file_downloaded,https://prod-dcd-datasets-public-files-eu-west-1.s3.eu-west-1.amazonaws.com/055780d7-ae10-49db-b8be-05057167925b
leaf spot,maize_leaf_spot,leaf spot753_.jpg,https://data.mendeley.com/public-files/datasets/bwh3zbpkpv/files/62ad7146-6678-4a68-bcd8-0ff10d0b9407/file_downloaded,https://prod-dcd-datasets-public-files-eu-west-1.s3.eu-west-1.amazonaws.com/c8d72e21-f551-4681-ab23-66aea842971a
leaf spot,maize_leaf_spot,leaf spot754_.jpg,https://data.mendeley.com/public-files/datasets/bwh3zbpkpv/files/64221b67-7972-4694-9ebd-17e50c50f9cb/file_downloaded,https://prod-dcd-datasets-public-files-eu-west-1.s3.eu-west-1.amazonaws.com/80d9fc38-e7aa-4c57-9509-73b28ec44df5
leaf spot,maize_leaf_spot,leaf spot755_.jpg,https://data.mendeley.com/public-files/datasets/bwh3zbpkpv/files/398e9602-30ca-4d12-9771-c21a3295d57f/file_downloaded,https://prod-dcd-datasets-public-files-eu-west-1.s3.eu-west-1.amazonaws.com/371122fd-f684-4673-8494-81cf6043e043
leaf spot,maize_leaf_spot,leaf spot756_.jpg,https://data.mendeley.com/public-files/datasets/bwh3zbpkpv/files/85fff412-518d-4610-b7e5-e9e6840ce07a/file_downloaded,https://prod-dcd-datasets-public-files-eu-west-1.s3.eu-west-1.amazonaws.com/39583c6c-6307-486d-995a-1d44594c76a5
leaf spot,maize_leaf_spot,leaf spot757_.jpg,https://data.mendeley.com/public-files/datasets/bwh3zbpkpv/files/8a7673ae-a99d-47b1-9c22-08dc9dc27071/file_downloaded,https://prod-dcd-datasets-public-files-eu-west-1.s3.eu-west-1.amazonaws.com/63c889d3-86b9-4124-9d1d-3d9fa4c97c9c
leaf spot,maize_leaf_spot,leaf spot758_.jpg,https://data.mendeley.com/public-files/datasets/bwh3zbpkpv/files/670c9cec-b8ea-4683-b27b-591703baf606/file_downloaded,https://prod-dcd-datasets-public-files-eu-west-1.s3.eu-west-1.amazonaws.com/ae40c447-e9fc-4394-9c0c-4bcb7c11d604
leaf spot,maize_leaf_spot,leaf spot759_.jpg,https://data.mendeley.com/public-files/datasets/bwh3zbpkpv/files/f5ca46e5-4018-4fe7-9f02-3cde55cc8126/file_downloaded,https://prod-dcd-datasets-public-files-eu-west-1.s3.eu-west-1.amazonaws.com/df1ce831-196c-4099-96ae-225a7c75c408
leaf spot,maize_leaf_spot,leaf spot75_.jpg,https://data.mendeley.com/public-files/datasets/bwh3zbpkpv/files/5e38ad3b-69a4-4ef3-809c-1fd1535f9144/file_downloaded,https://prod-dcd-datasets-public-files-eu-west-1.s3.eu-west-1.amazonaws.com/14e4f2b1-3464-458c-be5c-aced5244dfb4
leaf spot,maize_leaf_spot,leaf spot760_.jpg,https://data.mendeley.com/public-files/datasets/bwh3zbpkpv/files/29b8a947-dfea-441c-8209-af6a46ba0346/file_downloaded,https://prod-dcd-datasets-public-files-eu-west-1.s3.eu-west-1.amazonaws.com/0bbad451-3c4a-45bc-9b2d-8c736fbd0ad8
leaf spot,maize_leaf_spot,leaf spot761_.jpg,https://data.mendeley.com/public-files/datasets/bwh3zbpkpv/files/da973c75-1c4f-4b2c-af7c-544e23e1e9ea/file_downloaded,https://prod-dcd-datasets-public-files-eu-west-1.s3.eu-west-1.amazonaws.com/c709ad8a-584f-49ad-b8b4-f22daa209e85
leaf spot,maize_leaf_spot,leaf spot762_.jpg,https://data.mendeley.com/public-files/datasets/bwh3zbpkpv/files/1d3f59e2-2836-4af0-953c-bd0571c32cd6/file_downloaded,https://prod-dcd-datasets-public-files-eu-west-1.s3.eu-west-1.amazonaws.com/fde779c1-e8c7-4c33-9b85-b8f78c3e7bcf
leaf spot,maize_leaf_spot,leaf spot763_.jpg,https://data.mendeley.com/public-files/datasets/bwh3zbpkpv/files/6ad27b35-adae-45ed-bcb7-4239cf3784fc/file_downloaded,https://prod-dcd-datasets-public-files-eu-west-1.s3.eu-west-1.amazonaws.com/c51c3356-5feb-40ca-a50e-e90b36ace0b8
streak virus,maize_streak_virus,streak virus1000_.jpg,https://data.mendeley.com/public-files/datasets/bwh3zbpkpv/files/4045282a-e7f3-4833-ad84-bc748eb5012e/file_downloaded,https://prod-dcd-datasets-public-files-eu-west-1.s3.eu-west-1.amazonaws.com/76926903-12ab-440b-ae06-c282097b3144
streak virus,maize_streak_virus,streak virus1001_.jpg,https://data.mendeley.com/public-files/datasets/bwh3zbpkpv/files/f8dd69b0-836d-4377-9ecb-4e30f98901a5/file_downloaded,https://prod-dcd-datasets-public-files-eu-west-1.s3.eu-west-1.amazonaws.com/529d80c4-cea5-4b5d-b6d3-78f6ce5a6e84
streak virus,maize_streak_virus,streak virus1002_.jpg,https://data.mendeley.com/public-files/datasets/bwh3zbpkpv/files/d967527b-3dfd-4920-81a7-dca09aad3205/file_downloaded,https://prod-dcd-datasets-public-files-eu-west-1.s3.eu-west-1.amazonaws.com/3534f325-cebd-4386-922a-81518b39dd35
streak virus,maize_streak_virus,streak virus1003_.jpg,https://data.mendeley.com/public-files/datasets/bwh3zbpkpv/files/2b25782e-5e2c-4921-9525-5445a6b57060/file_downloaded,https://prod-dcd-datasets-public-files-eu-west-1.s3.eu-west-1.amazonaws.com/802ca59f-a596-412a-a4be-b0294b2dcfc7
streak virus,maize_streak_virus,streak virus1004_.jpg,https://data.mendeley.com/public-files/datasets/bwh3zbpkpv/files/faff6685-f81c-454c-82d0-26f44fa6ae64/file_downloaded,https://prod-dcd-datasets-public-files-eu-west-1.s3.eu-west-1.amazonaws.com/618f3696-4e62-456a-bab5-84b8b451113b
streak virus,maize_streak_virus,streak virus1005_.jpg,https://data.mendeley.com/public-files/datasets/bwh3zbpkpv/files/6e73d047-d39d-4519-8576-a617e13a8114/file_downloaded,https://prod-dcd-datasets-public-files-eu-west-1.s3.eu-west-1.amazonaws.com/4a4cec34-babc-475e-bd03-fb41b41ceef3
streak virus,maize_streak_virus,streak virus1006_.jpg,https://data.mendeley.com/public-files/datasets/bwh3zbpkpv/files/38c7b76b-819f-4d19-97a3-fab50c103643/file_downloaded,https://prod-dcd-datasets-public-files-eu-west-1.s3.eu-west-1.amazonaws.com/76e75d90-5585-4982-af06-94e8ccf342a4
streak virus,maize_streak_virus,streak virus1007_.jpg,https://data.mendeley.com/public-files/datasets/bwh3zbpkpv/files/4c42d572-35dd-4298-ab0b-b0ab2121f0c1/file_downloaded,https://prod-dcd-datasets-public-files-eu-west-1.s3.eu-west-1.amazonaws.com/e3f44249-9b0b-4d4e-a065-ceb731d621c6
streak virus,maize_streak_virus,streak virus1008_.jpg,https://data.mendeley.com/public-files/datasets/bwh3zbpkpv/files/088fbbb5-ff15-473b-8fed-ea8e045aebbc/file_downloaded,https://prod-dcd-datasets-public-files-eu-west-1.s3.eu-west-1.amazonaws.com/e0468f42-5124-4813-b6a4-53a1cc201e09
streak virus,maize_streak_virus,streak virus1009_.jpg,https://data.mendeley.com/public-files/datasets/bwh3zbpkpv/files/d66d318d-ab15-42c3-b0ac-2cae0d1da147/file_downloaded,https://prod-dcd-datasets-public-files-eu-west-1.s3.eu-west-1.amazonaws.com/9c982d93-ee39-44ae-a679-2e5efa705b98
streak virus,maize_streak_virus,streak virus100_.jpg,https://data.mendeley.com/public-files/datasets/bwh3zbpkpv/files/a9634c5b-7026-4461-ade9-f725febdd634/file_downloaded,https://prod-dcd-datasets-public-files-eu-west-1.s3.eu-west-1.amazonaws.com/e6a50897-14c9-4378-8682-53d3f5d8334b
streak virus,maize_streak_virus,streak virus1010_.jpg,https://data.mendeley.com/public-files/datasets/bwh3zbpkpv/files/7beb49c5-f0a8-4640-bb02-b1a62145e9a3/file_downloaded,https://prod-dcd-datasets-public-files-eu-west-1.s3.eu-west-1.amazonaws.com/d2cfa86a-233b-453c-b158-f3991ff96e80
streak virus,maize_streak_virus,streak virus1011_.jpg,https://data.mendeley.com/public-files/datasets/bwh3zbpkpv/files/cdb7657e-a38f-451f-a40c-b8c2c6fa7ecb/file_downloaded,https://prod-dcd-datasets-public-files-eu-west-1.s3.eu-west-1.amazonaws.com/d0b7f462-e6f2-474a-9185-f31342c95909
streak virus,maize_streak_virus,streak virus101_.jpg,https://data.mendeley.com/public-files/datasets/bwh3zbpkpv/files/0340a10b-17b4-43c7-8585-bd98e6cfdc2c/file_downloaded,https://prod-dcd-datasets-public-files-eu-west-1.s3.eu-west-1.amazonaws.com/b8425a95-a033-47c2-b550-11a52657a26a
streak virus,maize_streak_virus,streak virus102_.jpg,https://data.mendeley.com/public-files/datasets/bwh3zbpkpv/files/ba3cfd31-276b-4074-9bf4-5435fb716684/file_downloaded,https://prod-dcd-datasets-public-files-eu-west-1.s3.eu-west-1.amazonaws.com/0abe90fd-419f-410d-b693-0bcc734dd427
streak virus,maize_streak_virus,streak virus103_.jpg,https://data.mendeley.com/public-files/datasets/bwh3zbpkpv/files/3f635e30-ac8a-4894-84bd-b46fe8bd00af/file_downloaded,https://prod-dcd-datasets-public-files-eu-west-1.s3.eu-west-1.amazonaws.com/ea9a5f12-169a-448c-8458-4c7d81d5671e
streak virus,maize_streak_virus,streak virus104_.jpg,https://data.mendeley.com/public-files/datasets/bwh3zbpkpv/files/2e3b359f-4a16-4bbe-9ce7-90b47eff71b5/file_downloaded,https://prod-dcd-datasets-public-files-eu-west-1.s3.eu-west-1.amazonaws.com/d5ff8b63-eeae-494f-b318-69100b32e868
streak virus,maize_streak_virus,streak virus105_.jpg,https://data.mendeley.com/public-files/datasets/bwh3zbpkpv/files/18bbb65a-1d00-47df-8488-7bbe8b6cc45d/file_downloaded,https://prod-dcd-datasets-public-files-eu-west-1.s3.eu-west-1.amazonaws.com/92e789c9-be9d-490f-8fa5-38fc0c1e82cb
streak virus,maize_streak_virus,streak virus106_.jpg,https://data.mendeley.com/public-files/datasets/bwh3zbpkpv/files/2f0b9fb8-b208-4e05-88ad-3aac80b6980c/file_downloaded,https://prod-dcd-datasets-public-files-eu-west-1.s3.eu-west-1.amazonaws.com/856f0091-8311-4c45-863d-e48439a385b3
streak virus,maize_streak_virus,streak virus107_.jpg,https://data.mendeley.com/public-files/datasets/bwh3zbpkpv/files/acad2b56-5e00-4a6c-9139-2b5073026c36/file_downloaded,https://prod-dcd-datasets-public-files-eu-west-1.s3.eu-west-1.amazonaws.com/ec1c5821-7952-433a-8507-972d9d86d2e2
streak virus,maize_streak_virus,streak virus108_.jpg,https://data.mendeley.com/public-files/datasets/bwh3zbpkpv/files/6f1ed85b-2f54-435a-a569-5af7a9e1630b/file_downloaded,https://prod-dcd-datasets-public-files-eu-west-1.s3.eu-west-1.amazonaws.com/3fec94c9-39d3-4809-b6b4-93faf4d589c0
streak virus,maize_streak_virus,streak virus109_.jpg,https://data.mendeley.com/public-files/datasets/bwh3zbpkpv/files/dc63d423-54b3-4ce2-b0bf-0dc1af73299d/file_downloaded,https://prod-dcd-datasets-public-files-eu-west-1.s3.eu-west-1.amazonaws.com/5e761c16-e101-4c52-9d2d-1d843f8ca653
streak virus,maize_streak_virus,streak virus10_.jpg,https://data.mendeley.com/public-files/datasets/bwh3zbpkpv/files/169fab11-2889-411f-beeb-d6da581b7737/file_downloaded,https://prod-dcd-datasets-public-files-eu-west-1.s3.eu-west-1.amazonaws.com/41e0f672-90a7-45bf-be2b-70498ba8dd0d
streak virus,maize_streak_virus,streak virus110_.jpg,https://data.mendeley.com/public-files/datasets/bwh3zbpkpv/files/89573ec4-54c1-4c86-8ecc-490f3ee709fb/file_downloaded,https://prod-dcd-datasets-public-files-eu-west-1.s3.eu-west-1.amazonaws.com/ad54e815-2bf8-4893-96da-8f055b2493dc
streak virus,maize_streak_virus,streak virus111_.jpg,https://data.mendeley.com/public-files/datasets/bwh3zbpkpv/files/6be9138a-dbf7-422a-9c44-38a32da51644/file_downloaded,https://prod-dcd-datasets-public-files-eu-west-1.s3.eu-west-1.amazonaws.com/5faf14e4-60d0-4285-a200-bf410e2aeda8
streak virus,maize_streak_virus,streak virus112_.jpg,https://data.mendeley.com/public-files/datasets/bwh3zbpkpv/files/17eb4cad-4597-487a-bdde-69ceb0e5b902/file_downloaded,https://prod-dcd-datasets-public-files-eu-west-1.s3.eu-west-1.amazonaws.com/5f50e6d1-7e6c-4086-97e3-951568b36be6
streak virus,maize_streak_virus,streak virus113_.jpg,https://data.mendeley.com/public-files/datasets/bwh3zbpkpv/files/4a3002a6-f58c-4dd1-a761-be4a85edf465/file_downloaded,https://prod-dcd-datasets-public-files-eu-west-1.s3.eu-west-1.amazonaws.com/97861b85-a731-4f55-85cd-4fb1dc50503a
streak virus,maize_streak_virus,streak virus114_.jpg,https://data.mendeley.com/public-files/datasets/bwh3zbpkpv/files/3779bfd4-7729-483c-bca4-05d933330b46/file_downloaded,https://prod-dcd-datasets-public-files-eu-west-1.s3.eu-west-1.amazonaws.com/13dc25c2-a9fb-4426-9884-b3978361f045
streak virus,maize_streak_virus,streak virus115_.jpg,https://data.mendeley.com/public-files/datasets/bwh3zbpkpv/files/fee6e6bc-4f51-449b-ad67-36a15d4072ee/file_downloaded,https://prod-dcd-datasets-public-files-eu-west-1.s3.eu-west-1.amazonaws.com/8a22a408-f58a-4717-af02-ef960f40a857
streak virus,maize_streak_virus,streak virus116_.jpg,https://data.mendeley.com/public-files/datasets/bwh3zbpkpv/files/f68e139f-72bd-4a7f-8cc5-f6bb27e08db1/file_downloaded,https://prod-dcd-datasets-public-files-eu-west-1.s3.eu-west-1.amazonaws.com/0cd5b9aa-2afb-4f82-adbb-768b0bb2458e
streak virus,maize_streak_virus,streak virus117_.jpg,https://data.mendeley.com/public-files/datasets/bwh3zbpkpv/files/d8f29225-61b1-4bb3-9b0e-f58868398eb4/file_downloaded,https://prod-dcd-datasets-public-files-eu-west-1.s3.eu-west-1.amazonaws.com/3590949e-f5df-4538-8313-d51f0e745c38
streak virus,maize_streak_virus,streak virus118_.jpg,https://data.mendeley.com/public-files/datasets/bwh3zbpkpv/files/7cdf04c5-02bc-4940-88b9-359f39f94ca3/file_downloaded,https://prod-dcd-datasets-public-files-eu-west-1.s3.eu-west-1.amazonaws.com/5c008f59-c10f-4e6e-926f-cdec903d79de
streak virus,maize_streak_virus,streak virus119_.jpg,https://data.mendeley.com/public-files/datasets/bwh3zbpkpv/files/454a4ccf-3b81-45cc-b7b0-e0f48c762b00/file_downloaded,https://prod-dcd-datasets-public-files-eu-west-1.s3.eu-west-1.amazonaws.com/93df0758-6e12-4ef6-823d-89ed1ab0a1f8
streak virus,maize_streak_virus,streak virus11_.jpg,https://data.mendeley.com/public-files/datasets/bwh3zbpkpv/files/f6456629-0590-4f07-abed-56533989b89e/file_downloaded,https://prod-dcd-datasets-public-files-eu-west-1.s3.eu-west-1.amazonaws.com/59e9283f-beb3-4a14-b118-9fc53ffafb9f
streak virus,maize_streak_virus,streak virus120_.jpg,https://data.mendeley.com/public-files/datasets/bwh3zbpkpv/files/e68a8318-4eb0-4a03-b413-1ab8347c2aa4/file_downloaded,https://prod-dcd-datasets-public-files-eu-west-1.s3.eu-west-1.amazonaws.com/8cbcccb6-dae8-4c0e-a56f-6778fb3ec2e8
streak virus,maize_streak_virus,streak virus121_.jpg,https://data.mendeley.com/public-files/datasets/bwh3zbpkpv/files/346d5b69-6a24-4f83-a926-5081947c2b7f/file_downloaded,https://prod-dcd-datasets-public-files-eu-west-1.s3.eu-west-1.amazonaws.com/4f50206e-47b8-4a28-8927-89eeb04a1d0c
streak virus,maize_streak_virus,streak virus122_.jpg,https://data.mendeley.com/public-files/datasets/bwh3zbpkpv/files/4a988350-2bda-42c3-b1d0-91b72cc6fb11/file_downloaded,https://prod-dcd-datasets-public-files-eu-west-1.s3.eu-west-1.amazonaws.com/a55db141-9f20-497b-ae23-ec396140d9c9
streak virus,maize_streak_virus,streak virus123_.jpg,https://data.mendeley.com/public-files/datasets/bwh3zbpkpv/files/23af369b-7599-44ca-b0fd-5ba6d8ebce2f/file_downloaded,https://prod-dcd-datasets-public-files-eu-west-1.s3.eu-west-1.amazonaws.com/8518d5ee-f235-4e26-8c7a-6a8c523ab3a1
streak virus,maize_streak_virus,streak virus124_.jpg,https://data.mendeley.com/public-files/datasets/bwh3zbpkpv/files/b1d23d66-4ff5-4e59-a379-5e5ebfd4be9c/file_downloaded,https://prod-dcd-datasets-public-files-eu-west-1.s3.eu-west-1.amazonaws.com/5c6c823f-42d3-41b2-a24b-4c55eda48cde
streak virus,maize_streak_virus,streak virus125_.jpg,https://data.mendeley.com/public-files/datasets/bwh3zbpkpv/files/0dfbff9c-b27b-47f3-b6f9-389117c61d64/file_downloaded,https://prod-dcd-datasets-public-files-eu-west-1.s3.eu-west-1.amazonaws.com/d345fe04-19c5-4991-aea2-aadd1605a8ed
streak virus,maize_streak_virus,streak virus126_.jpg,https://data.mendeley.com/public-files/datasets/bwh3zbpkpv/files/a14d6516-3836-4d8f-944c-9d36439dafe5/file_downloaded,https://prod-dcd-datasets-public-files-eu-west-1.s3.eu-west-1.amazonaws.com/2299c422-0d08-4150-b311-9f6fad547b98
streak virus,maize_streak_virus,streak virus127_.jpg,https://data.mendeley.com/public-files/datasets/bwh3zbpkpv/files/95852dc1-45e3-4129-901d-bb6578bda7b2/file_downloaded,https://prod-dcd-datasets-public-files-eu-west-1.s3.eu-west-1.amazonaws.com/7513462d-1b60-4d49-a7e4-68d90f84ab02
streak virus,maize_streak_virus,streak virus128_.jpg,https://data.mendeley.com/public-files/datasets/bwh3zbpkpv/files/933e588f-fb34-46ee-9bcb-2576ec314626/file_downloaded,https://prod-dcd-datasets-public-files-eu-west-1.s3.eu-west-1.amazonaws.com/ace0c9f2-f94a-4750-abb9-bc4c865ca002
streak virus,maize_streak_virus,streak virus129_.jpg,https://data.mendeley.com/public-files/datasets/bwh3zbpkpv/files/c159af62-d4cf-4f39-a71c-98f7be980c68/file_downloaded,https://prod-dcd-datasets-public-files-eu-west-1.s3.eu-west-1.amazonaws.com/58057b5c-d7ac-45a1-ab37-fd1ffc646c4a
streak virus,maize_streak_virus,streak virus12_.jpg,https://data.mendeley.com/public-files/datasets/bwh3zbpkpv/files/d12fedd9-93ae-45a5-842b-b207a33c4366/file_downloaded,https://prod-dcd-datasets-public-files-eu-west-1.s3.eu-west-1.amazonaws.com/2e95826d-b9a2-4d61-bbdd-cbd87ecbf042
streak virus,maize_streak_virus,streak virus130_.jpg,https://data.mendeley.com/public-files/datasets/bwh3zbpkpv/files/0d2c3f7a-bdbd-489e-a2a6-2c02678d21d5/file_downloaded,https://prod-dcd-datasets-public-files-eu-west-1.s3.eu-west-1.amazonaws.com/50eea45c-7341-4c78-a809-8db53b2bb5c3
streak virus,maize_streak_virus,streak virus131_.jpg,https://data.mendeley.com/public-files/datasets/bwh3zbpkpv/files/a4e4476c-cc2e-4194-9a61-0e809639c86e/file_downloaded,https://prod-dcd-datasets-public-files-eu-west-1.s3.eu-west-1.amazonaws.com/a109d3ba-ddd1-40cc-8c2b-6cc1abbd73c7
streak virus,maize_streak_virus,streak virus132_.jpg,https://data.mendeley.com/public-files/datasets/bwh3zbpkpv/files/c43ca0b2-86f2-4f72-818f-27624731cf30/file_downloaded,https://prod-dcd-datasets-public-files-eu-west-1.s3.eu-west-1.amazonaws.com/3cba54fc-17e9-4cbd-bfb5-9ddbac3cb966
streak virus,maize_streak_virus,streak virus133_.jpg,https://data.mendeley.com/public-files/datasets/bwh3zbpkpv/files/7dcb939c-9871-4a28-ab52-cc8111bab445/file_downloaded,https://prod-dcd-datasets-public-files-eu-west-1.s3.eu-west-1.amazonaws.com/ffe7259d-472a-4d8b-92b0-3b2dd9ad3fab
streak virus,maize_streak_virus,streak virus134_.jpg,https://data.mendeley.com/public-files/datasets/bwh3zbpkpv/files/7303123b-502a-4f7c-b86e-58c9655f246e/file_downloaded,https://prod-dcd-datasets-public-files-eu-west-1.s3.eu-west-1.amazonaws.com/f46887c6-c1b5-48a6-81bd-508648fee831
streak virus,maize_streak_virus,streak virus135_.jpg,https://data.mendeley.com/public-files/datasets/bwh3zbpkpv/files/6fd38f64-57cf-44fe-9646-2c4d3392161e/file_downloaded,https://prod-dcd-datasets-public-files-eu-west-1.s3.eu-west-1.amazonaws.com/0b37b674-dedc-4184-87a1-dcc18d3e287d
streak virus,maize_streak_virus,streak virus136_.jpg,https://data.mendeley.com/public-files/datasets/bwh3zbpkpv/files/24163b8a-6404-40f3-a7d4-09d1a49f4a71/file_downloaded,https://prod-dcd-datasets-public-files-eu-west-1.s3.eu-west-1.amazonaws.com/37b327ce-4422-4567-b711-00669b5416cd
streak virus,maize_streak_virus,streak virus137_.jpg,https://data.mendeley.com/public-files/datasets/bwh3zbpkpv/files/3818189f-60ec-41b7-a34a-27935a7881da/file_downloaded,https://prod-dcd-datasets-public-files-eu-west-1.s3.eu-west-1.amazonaws.com/0ad0895e-e1b5-4573-878b-8f74caaaaf52
streak virus,maize_streak_virus,streak virus138_.jpg,https://data.mendeley.com/public-files/datasets/bwh3zbpkpv/files/b430d697-ff8b-4da6-84a0-2f782a00c1a9/file_downloaded,https://prod-dcd-datasets-public-files-eu-west-1.s3.eu-west-1.amazonaws.com/2d7bf6a9-5d52-4acb-9921-c334304fc115
streak virus,maize_streak_virus,streak virus139_.jpg,https://data.mendeley.com/public-files/datasets/bwh3zbpkpv/files/51697105-e979-4b24-bfd6-4b201079d21f/file_downloaded,https://prod-dcd-datasets-public-files-eu-west-1.s3.eu-west-1.amazonaws.com/3c888abd-ff51-40fe-9e8d-961815016371
streak virus,maize_streak_virus,streak virus13_.jpg,https://data.mendeley.com/public-files/datasets/bwh3zbpkpv/files/f8a3f310-a40f-4c0c-b5c8-5f0acc8463b6/file_downloaded,https://prod-dcd-datasets-public-files-eu-west-1.s3.eu-west-1.amazonaws.com/6df14843-b4bf-45b6-8a45-51fe97dbdd68
streak virus,maize_streak_virus,streak virus140_.jpg,https://data.mendeley.com/public-files/datasets/bwh3zbpkpv/files/4f6c1ed9-6367-4a39-b447-75300aa30fbf/file_downloaded,https://prod-dcd-datasets-public-files-eu-west-1.s3.eu-west-1.amazonaws.com/0f057fe6-8040-4ad1-872e-80f9b858a9a8
streak virus,maize_streak_virus,streak virus141_.jpg,https://data.mendeley.com/public-files/datasets/bwh3zbpkpv/files/da406b4a-ac4e-43e9-83ce-1ebbb90937e1/file_downloaded,https://prod-dcd-datasets-public-files-eu-west-1.s3.eu-west-1.amazonaws.com/065ac9bd-d84a-4ebc-8c0f-b0290f7215bf
streak virus,maize_streak_virus,streak virus142_.jpg,https://data.mendeley.com/public-files/datasets/bwh3zbpkpv/files/01c5daee-873d-41cf-85ab-e8232ffe5710/file_downloaded,https://prod-dcd-datasets-public-files-eu-west-1.s3.eu-west-1.amazonaws.com/b7e950d7-31c4-4b87-b2a1-2459dfc28fbf
streak virus,maize_streak_virus,streak virus143_.jpg,https://data.mendeley.com/public-files/datasets/bwh3zbpkpv/files/ec4ed54a-dd00-4ad5-a780-8b01e1d1eb29/file_downloaded,https://prod-dcd-datasets-public-files-eu-west-1.s3.eu-west-1.amazonaws.com/b5ddcc0e-11fe-4eda-a803-087e39351bd0
streak virus,maize_streak_virus,streak virus144_.jpg,https://data.mendeley.com/public-files/datasets/bwh3zbpkpv/files/2f22166d-b391-4dbe-84ba-a1cd67c486e2/file_downloaded,https://prod-dcd-datasets-public-files-eu-west-1.s3.eu-west-1.amazonaws.com/4ccb9df6-f212-4740-bc26-7d093bd2d3df
streak virus,maize_streak_virus,streak virus145_.jpg,https://data.mendeley.com/public-files/datasets/bwh3zbpkpv/files/24732a74-6e1c-4b80-bf54-45c35ec69168/file_downloaded,https://prod-dcd-datasets-public-files-eu-west-1.s3.eu-west-1.amazonaws.com/ab372a1f-ceaa-4576-87b4-2d13936afc34
streak virus,maize_streak_virus,streak virus146_.jpg,https://data.mendeley.com/public-files/datasets/bwh3zbpkpv/files/94611839-29ce-4c11-b126-89d9c5bea44c/file_downloaded,https://prod-dcd-datasets-public-files-eu-west-1.s3.eu-west-1.amazonaws.com/3f8d6902-3e31-42cd-a80f-70afea935ed8
streak virus,maize_streak_virus,streak virus147_.jpg,https://data.mendeley.com/public-files/datasets/bwh3zbpkpv/files/7603919d-05e8-4db2-962e-ecdaf29c7e46/file_downloaded,https://prod-dcd-datasets-public-files-eu-west-1.s3.eu-west-1.amazonaws.com/6280adb8-d198-4276-96cb-c2d2fb6c481f
streak virus,maize_streak_virus,streak virus148_.jpg,https://data.mendeley.com/public-files/datasets/bwh3zbpkpv/files/3f092a95-f10e-4e80-a9d4-7435def35c8f/file_downloaded,https://prod-dcd-datasets-public-files-eu-west-1.s3.eu-west-1.amazonaws.com/c0581ac7-79da-446b-8014-b985c4fc688e
streak virus,maize_streak_virus,streak virus149_.jpg,https://data.mendeley.com/public-files/datasets/bwh3zbpkpv/files/0d0bfa04-3f48-4716-a884-6c913cec99b5/file_downloaded,https://prod-dcd-datasets-public-files-eu-west-1.s3.eu-west-1.amazonaws.com/18ec3f9d-464a-4e49-87cc-aa2367b1fd20
streak virus,maize_streak_virus,streak virus14_.jpg,https://data.mendeley.com/public-files/datasets/bwh3zbpkpv/files/a5f54fd4-b93d-417c-ba24-116d0defdc41/file_downloaded,https://prod-dcd-datasets-public-files-eu-west-1.s3.eu-west-1.amazonaws.com/9648ffc5-1a62-44bc-b2ed-3bfd22726aea
streak virus,maize_streak_virus,streak virus150_.jpg,https://data.mendeley.com/public-files/datasets/bwh3zbpkpv/files/2a1cf0c8-3d1a-4081-9325-cb131f139bb1/file_downloaded,https://prod-dcd-datasets-public-files-eu-west-1.s3.eu-west-1.amazonaws.com/de1501f1-1ea5-4e3b-9c40-e7b10a33b17b
streak virus,maize_streak_virus,streak virus151_.jpg,https://data.mendeley.com/public-files/datasets/bwh3zbpkpv/files/d4511149-030f-4f09-bdc5-e2ad6596245f/file_downloaded,https://prod-dcd-datasets-public-files-eu-west-1.s3.eu-west-1.amazonaws.com/e00e220a-a01c-47db-a172-822f6df40b5a
streak virus,maize_streak_virus,streak virus152_.jpg,https://data.mendeley.com/public-files/datasets/bwh3zbpkpv/files/60d29da1-61ce-47cd-bd19-483a56beeeee/file_downloaded,https://prod-dcd-datasets-public-files-eu-west-1.s3.eu-west-1.amazonaws.com/bd8a12ee-cbef-4a9e-a18c-e920d3eaa268
streak virus,maize_streak_virus,streak virus153_.jpg,https://data.mendeley.com/public-files/datasets/bwh3zbpkpv/files/59ff9c18-915d-402c-a9ed-3cc11116eac7/file_downloaded,https://prod-dcd-datasets-public-files-eu-west-1.s3.eu-west-1.amazonaws.com/87ef7a10-d1f7-4d71-8da6-316400db96dc
streak virus,maize_streak_virus,streak virus154_.jpg,https://data.mendeley.com/public-files/datasets/bwh3zbpkpv/files/e3ed94e5-aceb-4394-8516-28c77c2e9e94/file_downloaded,https://prod-dcd-datasets-public-files-eu-west-1.s3.eu-west-1.amazonaws.com/63c7f0e9-b881-414f-8d2e-b9272859b24d
streak virus,maize_streak_virus,streak virus155_.jpg,https://data.mendeley.com/public-files/datasets/bwh3zbpkpv/files/dfad7072-7447-4976-bf25-18c824833fcf/file_downloaded,https://prod-dcd-datasets-public-files-eu-west-1.s3.eu-west-1.amazonaws.com/43d07855-4322-44cd-a7a0-14f2c7a0d1e3
streak virus,maize_streak_virus,streak virus156_.jpg,https://data.mendeley.com/public-files/datasets/bwh3zbpkpv/files/22f0c441-26b5-475c-a231-f0a7145e8627/file_downloaded,https://prod-dcd-datasets-public-files-eu-west-1.s3.eu-west-1.amazonaws.com/0785c803-2e6f-449c-813b-0e86a1c07cdc
streak virus,maize_streak_virus,streak virus157_.jpg,https://data.mendeley.com/public-files/datasets/bwh3zbpkpv/files/0996f20c-2f1f-4ab2-9fa1-4f484f0764c4/file_downloaded,https://prod-dcd-datasets-public-files-eu-west-1.s3.eu-west-1.amazonaws.com/aae22038-fdbc-4af8-9fc4-12f9849d411e
streak virus,maize_streak_virus,streak virus158_.jpg,https://data.mendeley.com/public-files/datasets/bwh3zbpkpv/files/2eea4e94-be03-4676-b43d-1a0dca236191/file_downloaded,https://prod-dcd-datasets-public-files-eu-west-1.s3.eu-west-1.amazonaws.com/2899a0a0-325a-4980-b63b-9de9d3a29cf7
streak virus,maize_streak_virus,streak virus159_.jpg,https://data.mendeley.com/public-files/datasets/bwh3zbpkpv/files/83f23c29-ce65-4e84-a0b1-c47c6e72244a/file_downloaded,https://prod-dcd-datasets-public-files-eu-west-1.s3.eu-west-1.amazonaws.com/1b04c8a9-444a-4ef8-8287-8f36573a9883
streak virus,maize_streak_virus,streak virus15_.jpg,https://data.mendeley.com/public-files/datasets/bwh3zbpkpv/files/4d9d6fbe-47ec-4986-b29f-fb2275916bef/file_downloaded,https://prod-dcd-datasets-public-files-eu-west-1.s3.eu-west-1.amazonaws.com/ff3dd9bf-80fd-4a82-98d7-c0d0c777c242
streak virus,maize_streak_virus,streak virus160_.jpg,https://data.mendeley.com/public-files/datasets/bwh3zbpkpv/files/0187bacd-c5ba-46a4-8bce-eb9d56289a65/file_downloaded,https://prod-dcd-datasets-public-files-eu-west-1.s3.eu-west-1.amazonaws.com/8990540c-fee6-4aec-b4c2-f461686b9179
streak virus,maize_streak_virus,streak virus161_.jpg,https://data.mendeley.com/public-files/datasets/bwh3zbpkpv/files/704754b0-b36b-4253-b477-8518b98b07f5/file_downloaded,https://prod-dcd-datasets-public-files-eu-west-1.s3.eu-west-1.amazonaws.com/818e5126-510a-4c79-add5-6e80ba3dbf29
streak virus,maize_streak_virus,streak virus162_.jpg,https://data.mendeley.com/public-files/datasets/bwh3zbpkpv/files/7656f3ae-d981-4553-995e-c7f06233d81b/file_downloaded,https://prod-dcd-datasets-public-files-eu-west-1.s3.eu-west-1.amazonaws.com/ec8317ef-9a22-4d6e-9411-b391476147e6
streak virus,maize_streak_virus,streak virus163_.jpg,https://data.mendeley.com/public-files/datasets/bwh3zbpkpv/files/8f5d04c8-6761-4726-b0b1-a600d9239d44/file_downloaded,https://prod-dcd-datasets-public-files-eu-west-1.s3.eu-west-1.amazonaws.com/a6176022-bb88-4f85-9d20-db7280fd0842
streak virus,maize_streak_virus,streak virus164_.jpg,https://data.mendeley.com/public-files/datasets/bwh3zbpkpv/files/472c38f8-8dd0-4e80-909d-430528de3ebe/file_downloaded,https://prod-dcd-datasets-public-files-eu-west-1.s3.eu-west-1.amazonaws.com/6cb55199-d07d-4f12-a151-e975cb918b18
streak virus,maize_streak_virus,streak virus165_.jpg,https://data.mendeley.com/public-files/datasets/bwh3zbpkpv/files/f27a2c16-58d5-43d6-ab11-c12383b17ba7/file_downloaded,https://prod-dcd-datasets-public-files-eu-west-1.s3.eu-west-1.amazonaws.com/24aa7373-1a55-4430-8b0d-adb24d4e385a
streak virus,maize_streak_virus,streak virus166_.jpg,https://data.mendeley.com/public-files/datasets/bwh3zbpkpv/files/931b22b7-ec2e-4003-bf5a-ab4d0ad08e62/file_downloaded,https://prod-dcd-datasets-public-files-eu-west-1.s3.eu-west-1.amazonaws.com/bc031b36-89cc-401f-9487-c3ef5b7ec299
streak virus,maize_streak_virus,streak virus167_.jpg,https://data.mendeley.com/public-files/datasets/bwh3zbpkpv/files/fd344bac-354a-48d4-8296-7ca94c6cc84c/file_downloaded,https://prod-dcd-datasets-public-files-eu-west-1.s3.eu-west-1.amazonaws.com/f419ae2d-129a-4ad7-8404-65ae08c8e993
streak virus,maize_streak_virus,streak virus168_.jpg,https://data.mendeley.com/public-files/datasets/bwh3zbpkpv/files/7b5a81c4-0107-4a8c-bd12-5f4fce374276/file_downloaded,https://prod-dcd-datasets-public-files-eu-west-1.s3.eu-west-1.amazonaws.com/4132b8c7-a033-4cfe-baa1-2a652342eb66
streak virus,maize_streak_virus,streak virus169_.jpg,https://data.mendeley.com/public-files/datasets/bwh3zbpkpv/files/fedc4449-b5cf-426f-b9e8-fc53eaf689a9/file_downloaded,https://prod-dcd-datasets-public-files-eu-west-1.s3.eu-west-1.amazonaws.com/9edc4427-3e35-470f-b437-e33bed01c266
streak virus,maize_streak_virus,streak virus16_.jpg,https://data.mendeley.com/public-files/datasets/bwh3zbpkpv/files/13a0b42d-6c8e-45c2-95e7-5f468250cf33/file_downloaded,https://prod-dcd-datasets-public-files-eu-west-1.s3.eu-west-1.amazonaws.com/0c83f288-52ce-44fa-89f8-b501caf51805
streak virus,maize_streak_virus,streak virus170_.jpg,https://data.mendeley.com/public-files/datasets/bwh3zbpkpv/files/1ad21b41-d34b-4196-8fd4-6515befc2330/file_downloaded,https://prod-dcd-datasets-public-files-eu-west-1.s3.eu-west-1.amazonaws.com/2d22895c-7833-455b-a1be-72ec882c9f23
streak virus,maize_streak_virus,streak virus171_.jpg,https://data.mendeley.com/public-files/datasets/bwh3zbpkpv/files/b500bce9-e7c9-4f3e-bd50-e377aedefdb0/file_downloaded,https://prod-dcd-datasets-public-files-eu-west-1.s3.eu-west-1.amazonaws.com/cbb92021-8acb-4cd5-9f1c-abee29bea96a
streak virus,maize_streak_virus,streak virus172_.jpg,https://data.mendeley.com/public-files/datasets/bwh3zbpkpv/files/161c21a5-1eb3-4f05-a60b-17cf788eed99/file_downloaded,https://prod-dcd-datasets-public-files-eu-west-1.s3.eu-west-1.amazonaws.com/a4255280-7d62-4e1e-9541-97a84a07f2dd
streak virus,maize_streak_virus,streak virus173_.jpg,https://data.mendeley.com/public-files/datasets/bwh3zbpkpv/files/f0422185-4e74-488d-9e8c-bab1d0de54f6/file_downloaded,https://prod-dcd-datasets-public-files-eu-west-1.s3.eu-west-1.amazonaws.com/f4a8eb52-f946-4a47-8598-bcfffd3df89a
streak virus,maize_streak_virus,streak virus174_.jpg,https://data.mendeley.com/public-files/datasets/bwh3zbpkpv/files/b81ec3be-a2b5-4a7b-9948-411904773308/file_downloaded,https://prod-dcd-datasets-public-files-eu-west-1.s3.eu-west-1.amazonaws.com/07963845-0033-47fd-a7d8-62d0589d05c8
streak virus,maize_streak_virus,streak virus175_.jpg,https://data.mendeley.com/public-files/datasets/bwh3zbpkpv/files/1555987b-a976-4883-8dc0-7807942db85f/file_downloaded,https://prod-dcd-datasets-public-files-eu-west-1.s3.eu-west-1.amazonaws.com/0c07eee9-35c3-441a-a1e2-19261c00a850
streak virus,maize_streak_virus,streak virus176_.jpg,https://data.mendeley.com/public-files/datasets/bwh3zbpkpv/files/974b9c7c-f211-44c4-b94b-08accfdb778c/file_downloaded,https://prod-dcd-datasets-public-files-eu-west-1.s3.eu-west-1.amazonaws.com/40cb40c5-c52e-4b30-b533-db73c19e16c6
streak virus,maize_streak_virus,streak virus177_.jpg,https://data.mendeley.com/public-files/datasets/bwh3zbpkpv/files/c0b36d69-4545-4b2a-81ab-973cf3c84cef/file_downloaded,https://prod-dcd-datasets-public-files-eu-west-1.s3.eu-west-1.amazonaws.com/71b011f9-d2b6-41ef-ae35-a63dc19c6768
streak virus,maize_streak_virus,streak virus178_.jpg,https://data.mendeley.com/public-files/datasets/bwh3zbpkpv/files/b1d40225-61ca-45c2-ad0c-519c029ea0c4/file_downloaded,https://prod-dcd-datasets-public-files-eu-west-1.s3.eu-west-1.amazonaws.com/1705422e-5b50-404a-9fc4-f591894144c8
streak virus,maize_streak_virus,streak virus179_.jpg,https://data.mendeley.com/public-files/datasets/bwh3zbpkpv/files/e93a2407-9aa2-411f-9d98-c503af625630/file_downloaded,https://prod-dcd-datasets-public-files-eu-west-1.s3.eu-west-1.amazonaws.com/c0c305c3-5e4a-479c-a33b-755bac74aad4
streak virus,maize_streak_virus,streak virus17_.jpg,https://data.mendeley.com/public-files/datasets/bwh3zbpkpv/files/df013334-a5cf-4946-ac1a-ffb86ab70efa/file_downloaded,https://prod-dcd-datasets-public-files-eu-west-1.s3.eu-west-1.amazonaws.com/3daaf80e-2ee5-468f-8262-cd0c0ad6a984
streak virus,maize_streak_virus,streak virus180_.jpg,https://data.mendeley.com/public-files/datasets/bwh3zbpkpv/files/f8153cb5-0623-43e2-92b8-69b31f303cae/file_downloaded,https://prod-dcd-datasets-public-files-eu-west-1.s3.eu-west-1.amazonaws.com/a6b90e3d-3229-4fa1-aaa7-ffbdc29c3f26
streak virus,maize_streak_virus,streak virus181_.jpg,https://data.mendeley.com/public-files/datasets/bwh3zbpkpv/files/c2512c76-8036-4c10-993c-516b6a8ef0eb/file_downloaded,https://prod-dcd-datasets-public-files-eu-west-1.s3.eu-west-1.amazonaws.com/cf177df0-a4ff-482d-9b7d-f7f26db39f6c
streak virus,maize_streak_virus,streak virus182_.jpg,https://data.mendeley.com/public-files/datasets/bwh3zbpkpv/files/e7a584b0-9253-478e-bb5e-1c4e99203973/file_downloaded,https://prod-dcd-datasets-public-files-eu-west-1.s3.eu-west-1.amazonaws.com/af455371-eed9-4bc2-92fc-782e47a933a3
streak virus,maize_streak_virus,streak virus183_.jpg,https://data.mendeley.com/public-files/datasets/bwh3zbpkpv/files/14625c8d-7000-4ac6-ba95-1b7286c36516/file_downloaded,https://prod-dcd-datasets-public-files-eu-west-1.s3.eu-west-1.amazonaws.com/aa7988a9-c923-429a-958d-83e1f822a390
streak virus,maize_streak_virus,streak virus184_.jpg,https://data.mendeley.com/public-files/datasets/bwh3zbpkpv/files/1a96b39e-c09b-4d7d-ad70-df776481557f/file_downloaded,https://prod-dcd-datasets-public-files-eu-west-1.s3.eu-west-1.amazonaws.com/3e3c91dc-2d94-457a-8c94-30e34409b15b
streak virus,maize_streak_virus,streak virus185_.jpg,https://data.mendeley.com/public-files/datasets/bwh3zbpkpv/files/73a5e2f3-e33d-4d97-ad10-508d4c331b71/file_downloaded,https://prod-dcd-datasets-public-files-eu-west-1.s3.eu-west-1.amazonaws.com/a2d5d60d-4e15-4653-a51b-a8301807d9c4
streak virus,maize_streak_virus,streak virus186_.jpg,https://data.mendeley.com/public-files/datasets/bwh3zbpkpv/files/bf8ffa38-04fd-4d02-afc4-6b47ac6403e0/file_downloaded,https://prod-dcd-datasets-public-files-eu-west-1.s3.eu-west-1.amazonaws.com/1cefcefa-fd24-4406-a0dc-edf9dfd37ff9
streak virus,maize_streak_virus,streak virus187_.jpg,https://data.mendeley.com/public-files/datasets/bwh3zbpkpv/files/2dab5141-6edc-4dff-be16-e37b34fd04ea/file_downloaded,https://prod-dcd-datasets-public-files-eu-west-1.s3.eu-west-1.amazonaws.com/65c4c6bd-8f36-4537-9b44-9fd001d8d5b1
streak virus,maize_streak_virus,streak virus188_.jpg,https://data.mendeley.com/public-files/datasets/bwh3zbpkpv/files/11c28b69-205a-44d8-aa21-4a0ae408da28/file_downloaded,https://prod-dcd-datasets-public-files-eu-west-1.s3.eu-west-1.amazonaws.com/70da5337-109b-4a1c-aeef-5e2436f0a772
streak virus,maize_streak_virus,streak virus189_.jpg,https://data.mendeley.com/public-files/datasets/bwh3zbpkpv/files/fd52ac46-fc3c-4720-93ad-525314f4378d/file_downloaded,https://prod-dcd-datasets-public-files-eu-west-1.s3.eu-west-1.amazonaws.com/8fbde346-c765-4457-8b84-6868c76d05a7
streak virus,maize_streak_virus,streak virus18_.jpg,https://data.mendeley.com/public-files/datasets/bwh3zbpkpv/files/bb1586e8-e31a-4fd3-b8a3-259f35edd86e/file_downloaded,https://prod-dcd-datasets-public-files-eu-west-1.s3.eu-west-1.amazonaws.com/53454d14-376b-4ee6-bd0d-8264a5fcfa76
streak virus,maize_streak_virus,streak virus190_.jpg,https://data.mendeley.com/public-files/datasets/bwh3zbpkpv/files/cc916de6-41d6-4c47-a003-3fcd33574561/file_downloaded,https://prod-dcd-datasets-public-files-eu-west-1.s3.eu-west-1.amazonaws.com/eb46a292-f1bc-4d45-9ff7-3f3f3095a4d1
streak virus,maize_streak_virus,streak virus191_.jpg,https://data.mendeley.com/public-files/datasets/bwh3zbpkpv/files/f5d3aa4c-acb3-4551-bebb-25cf9d49cb29/file_downloaded,https://prod-dcd-datasets-public-files-eu-west-1.s3.eu-west-1.amazonaws.com/e429dbc4-b972-4115-b7e3-78093b6fedc1
streak virus,maize_streak_virus,streak virus192_.jpg,https://data.mendeley.com/public-files/datasets/bwh3zbpkpv/files/d51b0bb7-4386-4f86-a86e-688128afee9f/file_downloaded,https://prod-dcd-datasets-public-files-eu-west-1.s3.eu-west-1.amazonaws.com/de7171bd-433a-4097-b575-4d52efa9fee2
streak virus,maize_streak_virus,streak virus193_.jpg,https://data.mendeley.com/public-files/datasets/bwh3zbpkpv/files/31eb196c-1cf7-4408-9ec6-8eab77859963/file_downloaded,https://prod-dcd-datasets-public-files-eu-west-1.s3.eu-west-1.amazonaws.com/14f24dbe-193f-4697-90c2-770726850d8f
streak virus,maize_streak_virus,streak virus194_.jpg,https://data.mendeley.com/public-files/datasets/bwh3zbpkpv/files/9df2e354-bcfd-4090-b4d0-884b888f3728/file_downloaded,https://prod-dcd-datasets-public-files-eu-west-1.s3.eu-west-1.amazonaws.com/24d6194f-da24-431a-b038-10bb2219bacb
streak virus,maize_streak_virus,streak virus195_.jpg,https://data.mendeley.com/public-files/datasets/bwh3zbpkpv/files/08340c69-30e1-4e7b-8135-f1e6c52dbc0e/file_downloaded,https://prod-dcd-datasets-public-files-eu-west-1.s3.eu-west-1.amazonaws.com/cf76661a-0a52-4f03-851f-75def7cf4774
streak virus,maize_streak_virus,streak virus196_.jpg,https://data.mendeley.com/public-files/datasets/bwh3zbpkpv/files/efe6a4ff-ddc6-4fb6-b18a-36e94e5df7d4/file_downloaded,https://prod-dcd-datasets-public-files-eu-west-1.s3.eu-west-1.amazonaws.com/2119d02d-14ff-42dc-8918-f17fe59e035a
streak virus,maize_streak_virus,streak virus197_.jpg,https://data.mendeley.com/public-files/datasets/bwh3zbpkpv/files/8b6cec0f-0ed6-461e-be4d-b1704db74ce0/file_downloaded,https://prod-dcd-datasets-public-files-eu-west-1.s3.eu-west-1.amazonaws.com/acfdd7da-61e8-4da1-a341-490cfc6c3f55
streak virus,maize_streak_virus,streak virus198_.jpg,https://data.mendeley.com/public-files/datasets/bwh3zbpkpv/files/70dd1e1d-2c9b-4f09-acfe-5c60684fe373/file_downloaded,https://prod-dcd-datasets-public-files-eu-west-1.s3.eu-west-1.amazonaws.com/64604286-9301-428e-9447-7409af6b3dfc
streak virus,maize_streak_virus,streak virus199_.jpg,https://data.mendeley.com/public-files/datasets/bwh3zbpkpv/files/8d42f7b8-c8bf-400a-92a5-45adf724d627/file_downloaded,https://prod-dcd-datasets-public-files-eu-west-1.s3.eu-west-1.amazonaws.com/e2d77ee2-ae6d-461c-9780-19bedcde1d47
streak virus,maize_streak_virus,streak virus19_.jpg,https://data.mendeley.com/public-files/datasets/bwh3zbpkpv/files/30a55aef-bd2b-4ee5-a0b2-12056fd6c909/file_downloaded,https://prod-dcd-datasets-public-files-eu-west-1.s3.eu-west-1.amazonaws.com/c06b5d57-e37f-4613-8b45-115c21382b8d
streak virus,maize_streak_virus,streak virus200_.jpg,https://data.mendeley.com/public-files/datasets/bwh3zbpkpv/files/2d18f0e3-0e0a-4f6c-b0b7-e569af9a27d5/file_downloaded,https://prod-dcd-datasets-public-files-eu-west-1.s3.eu-west-1.amazonaws.com/deece078-9458-4b20-a95c-7e0e5accfc6f
streak virus,maize_streak_virus,streak virus201_.jpg,https://data.mendeley.com/public-files/datasets/bwh3zbpkpv/files/ed4be7b2-5975-4254-8467-46ce332793ff/file_downloaded,https://prod-dcd-datasets-public-files-eu-west-1.s3.eu-west-1.amazonaws.com/a76c1111-5aec-459d-aac7-549f3863a02e
streak virus,maize_streak_virus,streak virus202_.jpg,https://data.mendeley.com/public-files/datasets/bwh3zbpkpv/files/cd371b41-3594-425c-96d9-f329dff33920/file_downloaded,https://prod-dcd-datasets-public-files-eu-west-1.s3.eu-west-1.amazonaws.com/fc948e3e-360d-4b5c-896f-8991b300d4eb
streak virus,maize_streak_virus,streak virus203_.jpg,https://data.mendeley.com/public-files/datasets/bwh3zbpkpv/files/997c3468-ea4d-4b5a-bc9b-0f909b30ca42/file_downloaded,https://prod-dcd-datasets-public-files-eu-west-1.s3.eu-west-1.amazonaws.com/e1f3d912-88d6-4423-9166-932226e9cce8
streak virus,maize_streak_virus,streak virus204_.jpg,https://data.mendeley.com/public-files/datasets/bwh3zbpkpv/files/771a63e5-5d49-43d5-a489-96cc1fd186d4/file_downloaded,https://prod-dcd-datasets-public-files-eu-west-1.s3.eu-west-1.amazonaws.com/7cadd7bf-dd58-4ca2-aa7c-ab1877d42811
streak virus,maize_streak_virus,streak virus205_.jpg,https://data.mendeley.com/public-files/datasets/bwh3zbpkpv/files/22fad695-0c7f-4dc2-8c27-7034deac043b/file_downloaded,https://prod-dcd-datasets-public-files-eu-west-1.s3.eu-west-1.amazonaws.com/220c4702-1dfe-49f5-8e32-ec44aa3016de
streak virus,maize_streak_virus,streak virus206_.jpg,https://data.mendeley.com/public-files/datasets/bwh3zbpkpv/files/387685c4-192d-41a5-9976-da829d2b3cdb/file_downloaded,https://prod-dcd-datasets-public-files-eu-west-1.s3.eu-west-1.amazonaws.com/a7ddc667-8ecb-4ee5-9f47-55dabc131847
streak virus,maize_streak_virus,streak virus207_.jpg,https://data.mendeley.com/public-files/datasets/bwh3zbpkpv/files/e09293a8-4b44-44ca-9c57-df2a22966d45/file_downloaded,https://prod-dcd-datasets-public-files-eu-west-1.s3.eu-west-1.amazonaws.com/515c66f9-2223-4b20-84c4-53292ba54562
streak virus,maize_streak_virus,streak virus208_.jpg,https://data.mendeley.com/public-files/datasets/bwh3zbpkpv/files/60bdb4aa-adb3-4ced-80bb-e923fb1b3c5d/file_downloaded,https://prod-dcd-datasets-public-files-eu-west-1.s3.eu-west-1.amazonaws.com/00fb2355-fe85-42a8-98af-c0302eaf34cd
streak virus,maize_streak_virus,streak virus209_.jpg,https://data.mendeley.com/public-files/datasets/bwh3zbpkpv/files/0957a623-997a-494f-806a-627d61b74b21/file_downloaded,https://prod-dcd-datasets-public-files-eu-west-1.s3.eu-west-1.amazonaws.com/ae053118-421f-4836-a8f2-eb35f0ba5cc0
streak virus,maize_streak_virus,streak virus20_.jpg,https://data.mendeley.com/public-files/datasets/bwh3zbpkpv/files/322ad43f-538b-4366-9058-c7e953c5ef86/file_downloaded,https://prod-dcd-datasets-public-files-eu-west-1.s3.eu-west-1.amazonaws.com/cb4dce73-3e52-4a7a-a697-85efbdc6621d
streak virus,maize_streak_virus,streak virus210_.jpg,https://data.mendeley.com/public-files/datasets/bwh3zbpkpv/files/0dd48ee9-06f2-4f03-b841-d300506e95e7/file_downloaded,https://prod-dcd-datasets-public-files-eu-west-1.s3.eu-west-1.amazonaws.com/a6728fa2-538e-4762-abd4-4c3988dc242e
streak virus,maize_streak_virus,streak virus211_.jpg,https://data.mendeley.com/public-files/datasets/bwh3zbpkpv/files/7e53a4c6-3541-4816-91cc-c1790ef7123a/file_downloaded,https://prod-dcd-datasets-public-files-eu-west-1.s3.eu-west-1.amazonaws.com/3ba7acad-e9d6-47e8-acd4-45f37653f886
streak virus,maize_streak_virus,streak virus212_.jpg,https://data.mendeley.com/public-files/datasets/bwh3zbpkpv/files/a3acde9a-be75-4033-bb8a-741a183551f8/file_downloaded,https://prod-dcd-datasets-public-files-eu-west-1.s3.eu-west-1.amazonaws.com/c212259a-ea35-4cdd-bcb7-d86b90399fdf
streak virus,maize_streak_virus,streak virus213_.jpg,https://data.mendeley.com/public-files/datasets/bwh3zbpkpv/files/9154bb77-b46d-4f03-ad6d-867e3207869a/file_downloaded,https://prod-dcd-datasets-public-files-eu-west-1.s3.eu-west-1.amazonaws.com/c14eb549-4e8f-4c3f-a79f-ed3b18b16562
streak virus,maize_streak_virus,streak virus214_.jpg,https://data.mendeley.com/public-files/datasets/bwh3zbpkpv/files/93eeb668-cbd4-4d47-b6c2-a7116eab5001/file_downloaded,https://prod-dcd-datasets-public-files-eu-west-1.s3.eu-west-1.amazonaws.com/e2f92d2a-2ec1-4cb2-a2d8-9cb2d6d561bd
streak virus,maize_streak_virus,streak virus215_.jpg,https://data.mendeley.com/public-files/datasets/bwh3zbpkpv/files/ef8db959-a9f8-4bd1-94dd-292c90a4e298/file_downloaded,https://prod-dcd-datasets-public-files-eu-west-1.s3.eu-west-1.amazonaws.com/12071e6d-aa5d-4ee3-bbb4-2fe58269402f
streak virus,maize_streak_virus,streak virus218_.jpg,https://data.mendeley.com/public-files/datasets/bwh3zbpkpv/files/d524632f-4608-4833-9ab4-6487f9175b29/file_downloaded,https://prod-dcd-datasets-public-files-eu-west-1.s3.eu-west-1.amazonaws.com/eb65d312-0bfc-4c32-9d4f-bb4468288c03
streak virus,maize_streak_virus,streak virus220_.jpg,https://data.mendeley.com/public-files/datasets/bwh3zbpkpv/files/f7a637b8-adc0-4880-be1d-3cdb5e3fefbc/file_downloaded,https://prod-dcd-datasets-public-files-eu-west-1.s3.eu-west-1.amazonaws.com/66d35af2-ddb2-4634-8a72-c6e442e8c4b2
streak virus,maize_streak_virus,streak virus221_.jpg,https://data.mendeley.com/public-files/datasets/bwh3zbpkpv/files/94e6e286-188a-4dd0-8313-9737381f16dc/file_downloaded,https://prod-dcd-datasets-public-files-eu-west-1.s3.eu-west-1.amazonaws.com/5ee4a494-12d4-4930-8b8f-5655372c9f7e
streak virus,maize_streak_virus,streak virus222_.jpg,https://data.mendeley.com/public-files/datasets/bwh3zbpkpv/files/d6cc0836-97e8-4f11-b816-54d8e604baae/file_downloaded,https://prod-dcd-datasets-public-files-eu-west-1.s3.eu-west-1.amazonaws.com/df85c2f4-0fb7-43ed-b3aa-0d61b4a2455a
streak virus,maize_streak_virus,streak virus223_.jpg,https://data.mendeley.com/public-files/datasets/bwh3zbpkpv/files/acdd30b2-2026-471e-a3a4-24dec86aaaca/file_downloaded,https://prod-dcd-datasets-public-files-eu-west-1.s3.eu-west-1.amazonaws.com/0b073347-369c-46bd-b84c-7d277618dcd4
streak virus,maize_streak_virus,streak virus224_.jpg,https://data.mendeley.com/public-files/datasets/bwh3zbpkpv/files/12118348-831f-47fe-ba55-a91ed1275220/file_downloaded,https://prod-dcd-datasets-public-files-eu-west-1.s3.eu-west-1.amazonaws.com/9144b741-5a2d-42f7-b8b3-678a31b43661
streak virus,maize_streak_virus,streak virus225_.jpg,https://data.mendeley.com/public-files/datasets/bwh3zbpkpv/files/b209ce14-40f6-4169-8330-6bd416b8d99a/file_downloaded,https://prod-dcd-datasets-public-files-eu-west-1.s3.eu-west-1.amazonaws.com/2c896473-d313-4876-8c91-46f15c9cb01b
streak virus,maize_streak_virus,streak virus226_.jpg,https://data.mendeley.com/public-files/datasets/bwh3zbpkpv/files/d6ee969d-24b3-4a3f-920a-3811a2227ea4/file_downloaded,https://prod-dcd-datasets-public-files-eu-west-1.s3.eu-west-1.amazonaws.com/af1e64a5-394b-4f85-b216-fcaba6e95693
streak virus,maize_streak_virus,streak virus227_.jpg,https://data.mendeley.com/public-files/datasets/bwh3zbpkpv/files/d57936d6-00f9-4890-a343-32963ace0f9a/file_downloaded,https://prod-dcd-datasets-public-files-eu-west-1.s3.eu-west-1.amazonaws.com/20086f52-eba5-453d-90cd-727cc9486245
streak virus,maize_streak_virus,streak virus228_.jpg,https://data.mendeley.com/public-files/datasets/bwh3zbpkpv/files/7b9c1c52-30b7-4f42-b4dd-a998f8356468/file_downloaded,https://prod-dcd-datasets-public-files-eu-west-1.s3.eu-west-1.amazonaws.com/a344c176-a48f-40d0-a214-b9a36e86e817
streak virus,maize_streak_virus,streak virus229_.jpg,https://data.mendeley.com/public-files/datasets/bwh3zbpkpv/files/0ae7cd1b-8d5f-489b-98b6-df463c2c6121/file_downloaded,https://prod-dcd-datasets-public-files-eu-west-1.s3.eu-west-1.amazonaws.com/58cc8ad0-a760-4de4-83d2-2afcb0641f03
streak virus,maize_streak_virus,streak virus22_.jpg,https://data.mendeley.com/public-files/datasets/bwh3zbpkpv/files/3403e979-b15a-49b3-ae5e-b6db34e99f11/file_downloaded,https://prod-dcd-datasets-public-files-eu-west-1.s3.eu-west-1.amazonaws.com/044a8dfd-3d60-4555-84c5-5bd06ddaeb97
streak virus,maize_streak_virus,streak virus230_.jpg,https://data.mendeley.com/public-files/datasets/bwh3zbpkpv/files/c3d4183e-7e88-4a6c-ba40-28923054cc57/file_downloaded,https://prod-dcd-datasets-public-files-eu-west-1.s3.eu-west-1.amazonaws.com/7e90bc94-85e6-4cae-b580-ca3585a9c622
streak virus,maize_streak_virus,streak virus231_.jpg,https://data.mendeley.com/public-files/datasets/bwh3zbpkpv/files/97018fe4-63dd-4818-ad14-d5dc3a2e4d68/file_downloaded,https://prod-dcd-datasets-public-files-eu-west-1.s3.eu-west-1.amazonaws.com/9d5e1f0f-56b6-47c8-9a87-9a7781981b67
streak virus,maize_streak_virus,streak virus257_.jpg,https://data.mendeley.com/public-files/datasets/bwh3zbpkpv/files/d2128bad-97f7-4a8a-9463-2ba68e610efb/file_downloaded,https://prod-dcd-datasets-public-files-eu-west-1.s3.eu-west-1.amazonaws.com/488a4461-faac-4254-af4e-d57fa0227245
streak virus,maize_streak_virus,streak virus258_.jpg,https://data.mendeley.com/public-files/datasets/bwh3zbpkpv/files/82a919f8-cb4f-4210-87ac-4c29927014a3/file_downloaded,https://prod-dcd-datasets-public-files-eu-west-1.s3.eu-west-1.amazonaws.com/c21f2d52-00cc-4db7-9229-226e6b22417f
streak virus,maize_streak_virus,streak virus259_.jpg,https://data.mendeley.com/public-files/datasets/bwh3zbpkpv/files/bc103e47-9340-4ee9-8983-4abc5a25a2e5/file_downloaded,https://prod-dcd-datasets-public-files-eu-west-1.s3.eu-west-1.amazonaws.com/e014d980-bf6c-41de-b6dc-95eb1a61cab5
streak virus,maize_streak_virus,streak virus25_.jpg,https://data.mendeley.com/public-files/datasets/bwh3zbpkpv/files/51431edb-3f59-430b-84bb-4ecac4bbb4fd/file_downloaded,https://prod-dcd-datasets-public-files-eu-west-1.s3.eu-west-1.amazonaws.com/fc6d9a10-e254-431f-aba3-02d7d9db7a10
streak virus,maize_streak_virus,streak virus260_.jpg,https://data.mendeley.com/public-files/datasets/bwh3zbpkpv/files/19957ec5-50de-4c84-9694-4d5f46f97ef7/file_downloaded,https://prod-dcd-datasets-public-files-eu-west-1.s3.eu-west-1.amazonaws.com/af7d01e5-517b-4a9e-9f7e-09b60f2a9b8f
streak virus,maize_streak_virus,streak virus261_.jpg,https://data.mendeley.com/public-files/datasets/bwh3zbpkpv/files/28e7b73f-d11d-44c2-a4ba-d08bab4f1849/file_downloaded,https://prod-dcd-datasets-public-files-eu-west-1.s3.eu-west-1.amazonaws.com/3d25478e-17c8-42b4-81e6-30ce9fc43a91
streak virus,maize_streak_virus,streak virus262_.jpg,https://data.mendeley.com/public-files/datasets/bwh3zbpkpv/files/93c52eef-c942-4071-b4e1-409e30a70fec/file_downloaded,https://prod-dcd-datasets-public-files-eu-west-1.s3.eu-west-1.amazonaws.com/1a9f9290-1d1a-40c0-bb01-585b05f2c6e8
streak virus,maize_streak_virus,streak virus263_.jpg,https://data.mendeley.com/public-files/datasets/bwh3zbpkpv/files/1351fc20-621a-4d70-a96d-7f4e0f78ea43/file_downloaded,https://prod-dcd-datasets-public-files-eu-west-1.s3.eu-west-1.amazonaws.com/00c9539e-4dab-4f42-aec6-ec5bbbdc9571
streak virus,maize_streak_virus,streak virus264_.jpg,https://data.mendeley.com/public-files/datasets/bwh3zbpkpv/files/f33c3346-8f99-45d6-9be5-2c79bb1f48d3/file_downloaded,https://prod-dcd-datasets-public-files-eu-west-1.s3.eu-west-1.amazonaws.com/0f19e978-c62e-4e85-95c1-c816ddf45e40
streak virus,maize_streak_virus,streak virus265_.jpg,https://data.mendeley.com/public-files/datasets/bwh3zbpkpv/files/cc76ff31-341d-410a-a93b-ac5086527b00/file_downloaded,https://prod-dcd-datasets-public-files-eu-west-1.s3.eu-west-1.amazonaws.com/cdb4bf5b-e562-4b63-b3fb-feaad075af2c
streak virus,maize_streak_virus,streak virus266_.jpg,https://data.mendeley.com/public-files/datasets/bwh3zbpkpv/files/738b489e-ebb6-4b7c-b188-9e736c7bd9b4/file_downloaded,https://prod-dcd-datasets-public-files-eu-west-1.s3.eu-west-1.amazonaws.com/cbc4bc64-9b67-45f9-8670-5a468f375a96
streak virus,maize_streak_virus,streak virus267_.jpg,https://data.mendeley.com/public-files/datasets/bwh3zbpkpv/files/3e2be696-11fb-4fc5-b977-2584b5c90517/file_downloaded,https://prod-dcd-datasets-public-files-eu-west-1.s3.eu-west-1.amazonaws.com/923b99d6-6bdc-4580-a98e-c1b4591690af
streak virus,maize_streak_virus,streak virus268_.jpg,https://data.mendeley.com/public-files/datasets/bwh3zbpkpv/files/7b38aeac-e9a6-4abe-83b4-29fab35e81c0/file_downloaded,https://prod-dcd-datasets-public-files-eu-west-1.s3.eu-west-1.amazonaws.com/08bebb66-d93c-4b32-9a8b-23440331ab16
streak virus,maize_streak_virus,streak virus269_.jpg,https://data.mendeley.com/public-files/datasets/bwh3zbpkpv/files/d2472a39-52d1-4747-b98d-16d78bcc5e1a/file_downloaded,https://prod-dcd-datasets-public-files-eu-west-1.s3.eu-west-1.amazonaws.com/01d4a36f-6b10-43bd-a868-849072e9387b
streak virus,maize_streak_virus,streak virus26_.jpg,https://data.mendeley.com/public-files/datasets/bwh3zbpkpv/files/f6b1d90c-10d3-4a2e-b42d-5cb1cdf0716f/file_downloaded,https://prod-dcd-datasets-public-files-eu-west-1.s3.eu-west-1.amazonaws.com/052f9a14-b803-47b1-8d22-e2cb06fac788
streak virus,maize_streak_virus,streak virus270_.jpg,https://data.mendeley.com/public-files/datasets/bwh3zbpkpv/files/b7e6e972-8471-45c1-ba81-238fb1152cf6/file_downloaded,https://prod-dcd-datasets-public-files-eu-west-1.s3.eu-west-1.amazonaws.com/26013520-e99a-4322-9951-90af0a4d1865
streak virus,maize_streak_virus,streak virus271_.jpg,https://data.mendeley.com/public-files/datasets/bwh3zbpkpv/files/31f64ee5-d9d0-4b13-8be0-b643e02f1282/file_downloaded,https://prod-dcd-datasets-public-files-eu-west-1.s3.eu-west-1.amazonaws.com/d40f644c-6fd0-4514-a1e1-ce227c42ec7a
streak virus,maize_streak_virus,streak virus272_.jpg,https://data.mendeley.com/public-files/datasets/bwh3zbpkpv/files/007a86ff-8728-4394-9c9a-f81a8a5f44df/file_downloaded,https://prod-dcd-datasets-public-files-eu-west-1.s3.eu-west-1.amazonaws.com/94a9805c-3b4c-4483-b720-78e1f7f30a61
streak virus,maize_streak_virus,streak virus273_.jpg,https://data.mendeley.com/public-files/datasets/bwh3zbpkpv/files/fe9516e1-e8f1-4944-aa48-d47fc60c32fa/file_downloaded,https://prod-dcd-datasets-public-files-eu-west-1.s3.eu-west-1.amazonaws.com/207560c5-3e98-48ed-9330-bcda19d53bbd
streak virus,maize_streak_virus,streak virus274_.jpg,https://data.mendeley.com/public-files/datasets/bwh3zbpkpv/files/f2bd8334-c21e-451c-9eae-a242ed1a6b1e/file_downloaded,https://prod-dcd-datasets-public-files-eu-west-1.s3.eu-west-1.amazonaws.com/b3a7f5ed-f434-4d99-b5f9-62ee8fc0ffb6
streak virus,maize_streak_virus,streak virus275_.jpg,https://data.mendeley.com/public-files/datasets/bwh3zbpkpv/files/30bccf61-e11e-40b5-b06c-86cfee8c6b2a/file_downloaded,https://prod-dcd-datasets-public-files-eu-west-1.s3.eu-west-1.amazonaws.com/32dde026-9e15-4252-a582-37d7735e48c0
streak virus,maize_streak_virus,streak virus276_.jpg,https://data.mendeley.com/public-files/datasets/bwh3zbpkpv/files/d8454089-9f1f-4be8-b9d8-43d503bae535/file_downloaded,https://prod-dcd-datasets-public-files-eu-west-1.s3.eu-west-1.amazonaws.com/ca9afcbe-59f6-4004-9697-3b5d4311b4cd
streak virus,maize_streak_virus,streak virus277_.jpg,https://data.mendeley.com/public-files/datasets/bwh3zbpkpv/files/152330da-223d-4759-82c4-b8ed63f83c03/file_downloaded,https://prod-dcd-datasets-public-files-eu-west-1.s3.eu-west-1.amazonaws.com/d0780713-4a84-432f-9780-e628985d3709
streak virus,maize_streak_virus,streak virus278_.jpg,https://data.mendeley.com/public-files/datasets/bwh3zbpkpv/files/96144819-b165-4745-b572-95831b7daf55/file_downloaded,https://prod-dcd-datasets-public-files-eu-west-1.s3.eu-west-1.amazonaws.com/fc3b7855-5d18-4bcb-9e8b-aa64cb840a45
streak virus,maize_streak_virus,streak virus279_.jpg,https://data.mendeley.com/public-files/datasets/bwh3zbpkpv/files/43964240-2ede-4261-879d-68ea2db8fb12/file_downloaded,https://prod-dcd-datasets-public-files-eu-west-1.s3.eu-west-1.amazonaws.com/839e090d-ffee-4141-b6cb-c6ef62d29f9d
streak virus,maize_streak_virus,streak virus27_.jpg,https://data.mendeley.com/public-files/datasets/bwh3zbpkpv/files/2cd21fd1-6c82-4aed-8d04-d011b7bb239f/file_downloaded,https://prod-dcd-datasets-public-files-eu-west-1.s3.eu-west-1.amazonaws.com/ae52c161-d314-41a1-8729-f40aa4731e83
streak virus,maize_streak_virus,streak virus280_.jpg,https://data.mendeley.com/public-files/datasets/bwh3zbpkpv/files/124127a8-7ee8-4152-9eb6-f4163960e9f6/file_downloaded,https://prod-dcd-datasets-public-files-eu-west-1.s3.eu-west-1.amazonaws.com/d20b4e7e-704a-4f05-b513-a2fde6d09f62
streak virus,maize_streak_virus,streak virus281_.jpg,https://data.mendeley.com/public-files/datasets/bwh3zbpkpv/files/b21c900c-992b-4c17-984c-1367d67cd01b/file_downloaded,https://prod-dcd-datasets-public-files-eu-west-1.s3.eu-west-1.amazonaws.com/7784475b-8959-4d22-b96b-71fe275fbccb
streak virus,maize_streak_virus,streak virus282_.jpg,https://data.mendeley.com/public-files/datasets/bwh3zbpkpv/files/0def2d3d-5824-4f91-aa4d-7cea9cd372d4/file_downloaded,https://prod-dcd-datasets-public-files-eu-west-1.s3.eu-west-1.amazonaws.com/f2c4152c-e11c-4d2c-bb52-4e4c8aa08793
streak virus,maize_streak_virus,streak virus283_.jpg,https://data.mendeley.com/public-files/datasets/bwh3zbpkpv/files/f7d3cc94-c6b7-4209-b6ca-a9c2c734d39c/file_downloaded,https://prod-dcd-datasets-public-files-eu-west-1.s3.eu-west-1.amazonaws.com/73ecb9eb-d698-4b60-9e24-e2afc9246555
streak virus,maize_streak_virus,streak virus284_.jpg,https://data.mendeley.com/public-files/datasets/bwh3zbpkpv/files/d8985685-55d4-4a1f-a32d-e1bd94fb811d/file_downloaded,https://prod-dcd-datasets-public-files-eu-west-1.s3.eu-west-1.amazonaws.com/6ce867ce-bf02-4bc4-afa4-065c2e630410
streak virus,maize_streak_virus,streak virus285_.jpg,https://data.mendeley.com/public-files/datasets/bwh3zbpkpv/files/cde8a26b-3c8c-4b37-a51c-a10796a45d02/file_downloaded,https://prod-dcd-datasets-public-files-eu-west-1.s3.eu-west-1.amazonaws.com/e3fc1423-04eb-4bcd-83f4-211d040990d1
streak virus,maize_streak_virus,streak virus286_.jpg,https://data.mendeley.com/public-files/datasets/bwh3zbpkpv/files/b250dbb4-a813-494a-b802-e7265c1eac08/file_downloaded,https://prod-dcd-datasets-public-files-eu-west-1.s3.eu-west-1.amazonaws.com/a56c0941-a63c-4b65-b5a1-92da1a6bc76f
streak virus,maize_streak_virus,streak virus287_.jpg,https://data.mendeley.com/public-files/datasets/bwh3zbpkpv/files/0f3bfab1-6ded-4a03-a4fa-2aed372a14c4/file_downloaded,https://prod-dcd-datasets-public-files-eu-west-1.s3.eu-west-1.amazonaws.com/f110a356-bf0e-4c91-a64b-92d8c74713d2
streak virus,maize_streak_virus,streak virus288_.jpg,https://data.mendeley.com/public-files/datasets/bwh3zbpkpv/files/8eb952c5-3232-430a-b835-ed0c338acb59/file_downloaded,https://prod-dcd-datasets-public-files-eu-west-1.s3.eu-west-1.amazonaws.com/216624f6-1b5a-4466-9ee1-3bb3f722327b
streak virus,maize_streak_virus,streak virus289_.jpg,https://data.mendeley.com/public-files/datasets/bwh3zbpkpv/files/d6235be9-1e58-45c2-b1f1-4bd198989c61/file_downloaded,https://prod-dcd-datasets-public-files-eu-west-1.s3.eu-west-1.amazonaws.com/e183f1c9-4665-4ca9-a2ba-13ad7d235638
streak virus,maize_streak_virus,streak virus28_.jpg,https://data.mendeley.com/public-files/datasets/bwh3zbpkpv/files/d0bcf852-594b-4c59-97ad-2bfc98d903c0/file_downloaded,https://prod-dcd-datasets-public-files-eu-west-1.s3.eu-west-1.amazonaws.com/f6054f8a-8e92-463a-b265-51eaff83269a
streak virus,maize_streak_virus,streak virus290_.jpg,https://data.mendeley.com/public-files/datasets/bwh3zbpkpv/files/e0fc4fac-7460-44b2-978d-6baedc3a7667/file_downloaded,https://prod-dcd-datasets-public-files-eu-west-1.s3.eu-west-1.amazonaws.com/03c82023-3ac7-4fdb-b720-e8a42493ddb1
streak virus,maize_streak_virus,streak virus291_.jpg,https://data.mendeley.com/public-files/datasets/bwh3zbpkpv/files/807f0dfb-7ba3-4cbc-995f-536324445de4/file_downloaded,https://prod-dcd-datasets-public-files-eu-west-1.s3.eu-west-1.amazonaws.com/418c8496-f9f5-4736-9d14-56142f876fce
streak virus,maize_streak_virus,streak virus292_.jpg,https://data.mendeley.com/public-files/datasets/bwh3zbpkpv/files/1603dd8d-d2c8-4a48-8881-f039614b1447/file_downloaded,https://prod-dcd-datasets-public-files-eu-west-1.s3.eu-west-1.amazonaws.com/14d46bd7-3af4-4921-b058-d26f26750d51
streak virus,maize_streak_virus,streak virus293_.jpg,https://data.mendeley.com/public-files/datasets/bwh3zbpkpv/files/1f579e49-1aac-48d4-82c2-76e4f44db63b/file_downloaded,https://prod-dcd-datasets-public-files-eu-west-1.s3.eu-west-1.amazonaws.com/f60af6f2-05e0-4af9-ba6d-0d5f3dbed3f5
streak virus,maize_streak_virus,streak virus294_.jpg,https://data.mendeley.com/public-files/datasets/bwh3zbpkpv/files/a7d443d4-5e1d-4f01-ab47-7a005284e3c8/file_downloaded,https://prod-dcd-datasets-public-files-eu-west-1.s3.eu-west-1.amazonaws.com/54b22a3c-9c99-4f24-94a8-0b2f8c53c4d2
streak virus,maize_streak_virus,streak virus295_.jpg,https://data.mendeley.com/public-files/datasets/bwh3zbpkpv/files/a4790a8b-e918-4d39-8707-05cb360878aa/file_downloaded,https://prod-dcd-datasets-public-files-eu-west-1.s3.eu-west-1.amazonaws.com/54c2959a-4800-4d41-81a7-c7137cd82489
streak virus,maize_streak_virus,streak virus296_.jpg,https://data.mendeley.com/public-files/datasets/bwh3zbpkpv/files/2d5411bd-2322-4a8e-b503-c39a158c41ae/file_downloaded,https://prod-dcd-datasets-public-files-eu-west-1.s3.eu-west-1.amazonaws.com/188a0ed3-5079-4aab-ab8e-8fb88ae8b147
streak virus,maize_streak_virus,streak virus297_.jpg,https://data.mendeley.com/public-files/datasets/bwh3zbpkpv/files/47f73d7f-36b8-47e9-8623-3d1c7c828592/file_downloaded,https://prod-dcd-datasets-public-files-eu-west-1.s3.eu-west-1.amazonaws.com/7665b41d-c2af-48b7-932f-775f0e3e6107
streak virus,maize_streak_virus,streak virus298_.jpg,https://data.mendeley.com/public-files/datasets/bwh3zbpkpv/files/2409f6d0-48e9-43d2-b70e-dcb5bb155889/file_downloaded,https://prod-dcd-datasets-public-files-eu-west-1.s3.eu-west-1.amazonaws.com/461bcd84-af87-4384-9ced-bf4aaf116b0e
streak virus,maize_streak_virus,streak virus299_.jpg,https://data.mendeley.com/public-files/datasets/bwh3zbpkpv/files/cec1d79d-2743-4553-9479-6b1f70256830/file_downloaded,https://prod-dcd-datasets-public-files-eu-west-1.s3.eu-west-1.amazonaws.com/22aa20b5-01af-41fd-b0ed-0bad2801e5e3
streak virus,maize_streak_virus,streak virus29_.jpg,https://data.mendeley.com/public-files/datasets/bwh3zbpkpv/files/fb30526d-928c-4d11-adf7-919641e6397d/file_downloaded,https://prod-dcd-datasets-public-files-eu-west-1.s3.eu-west-1.amazonaws.com/776c5fef-72c1-4cdc-9dc5-001a3856a808
streak virus,maize_streak_virus,streak virus2_.jpg,https://data.mendeley.com/public-files/datasets/bwh3zbpkpv/files/7ca7be1f-4af7-441c-84f8-711673a99aad/file_downloaded,https://prod-dcd-datasets-public-files-eu-west-1.s3.eu-west-1.amazonaws.com/8e38caef-98b5-4974-a19c-71c778f21478
streak virus,maize_streak_virus,streak virus300_.jpg,https://data.mendeley.com/public-files/datasets/bwh3zbpkpv/files/434e05fb-a34a-4436-a3c3-511aaec24263/file_downloaded,https://prod-dcd-datasets-public-files-eu-west-1.s3.eu-west-1.amazonaws.com/1eaf6a2a-ccd1-4fb6-99b6-12659db5fb0e
streak virus,maize_streak_virus,streak virus301_.jpg,https://data.mendeley.com/public-files/datasets/bwh3zbpkpv/files/c3d8a47a-8515-42fb-8681-039d9eeb2a80/file_downloaded,https://prod-dcd-datasets-public-files-eu-west-1.s3.eu-west-1.amazonaws.com/5ac3d056-772d-4f83-9ac7-6001ff9335ec
streak virus,maize_streak_virus,streak virus302_.jpg,https://data.mendeley.com/public-files/datasets/bwh3zbpkpv/files/a8b765a7-957e-46f7-bd65-08920d95e5fb/file_downloaded,https://prod-dcd-datasets-public-files-eu-west-1.s3.eu-west-1.amazonaws.com/b7421d8a-eb81-4313-a11b-c2e5b836d8b4
streak virus,maize_streak_virus,streak virus303_.jpg,https://data.mendeley.com/public-files/datasets/bwh3zbpkpv/files/24c608aa-addd-4cd2-a113-10cfb7b2c949/file_downloaded,https://prod-dcd-datasets-public-files-eu-west-1.s3.eu-west-1.amazonaws.com/ee441fca-4549-44cf-b44f-57d74f7add9d
streak virus,maize_streak_virus,streak virus304_.jpg,https://data.mendeley.com/public-files/datasets/bwh3zbpkpv/files/2f13841d-c4c3-4b2d-bdc6-a4c2cd1477f8/file_downloaded,https://prod-dcd-datasets-public-files-eu-west-1.s3.eu-west-1.amazonaws.com/6d8d3d61-5f19-465f-8183-7fae3d9dce3d
streak virus,maize_streak_virus,streak virus305_.jpg,https://data.mendeley.com/public-files/datasets/bwh3zbpkpv/files/e296c057-905a-4aa1-b474-0693fed6cabb/file_downloaded,https://prod-dcd-datasets-public-files-eu-west-1.s3.eu-west-1.amazonaws.com/4c5769cc-0155-408e-9f44-2dfff7be436a
streak virus,maize_streak_virus,streak virus306_.jpg,https://data.mendeley.com/public-files/datasets/bwh3zbpkpv/files/11a144e6-3cc3-4b55-9679-cc20432edf70/file_downloaded,https://prod-dcd-datasets-public-files-eu-west-1.s3.eu-west-1.amazonaws.com/5a861848-1e67-4fe7-98e3-c5e4e0caab77
streak virus,maize_streak_virus,streak virus307_.jpg,https://data.mendeley.com/public-files/datasets/bwh3zbpkpv/files/4f8f5e6f-7c09-4e2e-8c5b-efac49c152bb/file_downloaded,https://prod-dcd-datasets-public-files-eu-west-1.s3.eu-west-1.amazonaws.com/90773954-4c37-46ff-8e1e-bbcf2d56a789
streak virus,maize_streak_virus,streak virus308_.jpg,https://data.mendeley.com/public-files/datasets/bwh3zbpkpv/files/7151ebbf-b14a-41e3-8065-49f32111bf98/file_downloaded,https://prod-dcd-datasets-public-files-eu-west-1.s3.eu-west-1.amazonaws.com/63af2fff-801f-42ae-88fc-292c41d89721
streak virus,maize_streak_virus,streak virus309_.jpg,https://data.mendeley.com/public-files/datasets/bwh3zbpkpv/files/80366266-ee53-48ae-8040-ad6276c9e3e6/file_downloaded,https://prod-dcd-datasets-public-files-eu-west-1.s3.eu-west-1.amazonaws.com/15ad30cf-e1d7-42c9-968d-46c857f721c1
streak virus,maize_streak_virus,streak virus30_.jpg,https://data.mendeley.com/public-files/datasets/bwh3zbpkpv/files/ee0d2f83-574b-4548-9387-efaef7c3722c/file_downloaded,https://prod-dcd-datasets-public-files-eu-west-1.s3.eu-west-1.amazonaws.com/8e33e2f5-2508-40c9-b038-e0824652b39c
streak virus,maize_streak_virus,streak virus310_.jpg,https://data.mendeley.com/public-files/datasets/bwh3zbpkpv/files/0a6fb65b-ba2d-4c70-843d-239881e55a58/file_downloaded,https://prod-dcd-datasets-public-files-eu-west-1.s3.eu-west-1.amazonaws.com/92e9fd2a-37e6-4962-9c70-e64cd9142d31
streak virus,maize_streak_virus,streak virus311_.jpg,https://data.mendeley.com/public-files/datasets/bwh3zbpkpv/files/9355c37b-b714-433e-a798-a6e0111f28a3/file_downloaded,https://prod-dcd-datasets-public-files-eu-west-1.s3.eu-west-1.amazonaws.com/be919420-ee1e-4001-a109-c3c56210a885
streak virus,maize_streak_virus,streak virus312_.jpg,https://data.mendeley.com/public-files/datasets/bwh3zbpkpv/files/cc3717b0-0eac-4f79-81f3-3df9a4acbe72/file_downloaded,https://prod-dcd-datasets-public-files-eu-west-1.s3.eu-west-1.amazonaws.com/0b6818e9-a3a3-4ac9-b0cf-c0fa1cf95149
streak virus,maize_streak_virus,streak virus313_.jpg,https://data.mendeley.com/public-files/datasets/bwh3zbpkpv/files/4be05845-214e-483e-b5be-306eae06436e/file_downloaded,https://prod-dcd-datasets-public-files-eu-west-1.s3.eu-west-1.amazonaws.com/d0d150d4-ee42-42fc-8266-24c29e022040
streak virus,maize_streak_virus,streak virus314_.jpg,https://data.mendeley.com/public-files/datasets/bwh3zbpkpv/files/b92f7196-43d8-4550-8ef6-0a615f3e0ed4/file_downloaded,https://prod-dcd-datasets-public-files-eu-west-1.s3.eu-west-1.amazonaws.com/86298da4-93ed-4128-a1fa-b53c0e3a4d60
streak virus,maize_streak_virus,streak virus315_.jpg,https://data.mendeley.com/public-files/datasets/bwh3zbpkpv/files/69dc98de-497b-47ed-98f8-ab398f16925b/file_downloaded,https://prod-dcd-datasets-public-files-eu-west-1.s3.eu-west-1.amazonaws.com/b8422349-fffd-4428-8b2d-392ac1aa9f81
streak virus,maize_streak_virus,streak virus316_.jpg,https://data.mendeley.com/public-files/datasets/bwh3zbpkpv/files/5cbd2218-e56e-497b-bb65-1b661dcb96a4/file_downloaded,https://prod-dcd-datasets-public-files-eu-west-1.s3.eu-west-1.amazonaws.com/92d4437f-724d-451a-93b3-8b4b2b08000f
streak virus,maize_streak_virus,streak virus317_.jpg,https://data.mendeley.com/public-files/datasets/bwh3zbpkpv/files/4d9b76bb-f17b-4a85-b4da-37cabe6159be/file_downloaded,https://prod-dcd-datasets-public-files-eu-west-1.s3.eu-west-1.amazonaws.com/034c2029-7951-4e56-be98-313cf4e43c12
streak virus,maize_streak_virus,streak virus318_.jpg,https://data.mendeley.com/public-files/datasets/bwh3zbpkpv/files/8ccf8f6f-f74a-49ae-b333-1c222202e74c/file_downloaded,https://prod-dcd-datasets-public-files-eu-west-1.s3.eu-west-1.amazonaws.com/558c3669-1df8-4dbb-bacd-e7f2869f5b46
streak virus,maize_streak_virus,streak virus319_.jpg,https://data.mendeley.com/public-files/datasets/bwh3zbpkpv/files/8d699c0c-f4b0-4e9c-a9d2-a1587e20327f/file_downloaded,https://prod-dcd-datasets-public-files-eu-west-1.s3.eu-west-1.amazonaws.com/ca64e8c5-1b9e-44ae-b14c-8468f7d649e8
streak virus,maize_streak_virus,streak virus31_.jpg,https://data.mendeley.com/public-files/datasets/bwh3zbpkpv/files/ec925b5a-d15d-463f-b7f9-d8058306b7fa/file_downloaded,https://prod-dcd-datasets-public-files-eu-west-1.s3.eu-west-1.amazonaws.com/d80d77a9-f1ce-4a8d-9930-f16169fd0bec
streak virus,maize_streak_virus,streak virus320_.jpg,https://data.mendeley.com/public-files/datasets/bwh3zbpkpv/files/089dd920-105e-41ed-b78b-6af02383a44b/file_downloaded,https://prod-dcd-datasets-public-files-eu-west-1.s3.eu-west-1.amazonaws.com/56c7ea85-8bd5-4c16-8188-0a1d99af69af
streak virus,maize_streak_virus,streak virus321_.jpg,https://data.mendeley.com/public-files/datasets/bwh3zbpkpv/files/5eb35185-9972-4bb8-8970-69cad74ca8fb/file_downloaded,https://prod-dcd-datasets-public-files-eu-west-1.s3.eu-west-1.amazonaws.com/06adc0ba-34f1-4736-80e9-7fabafc42d06
streak virus,maize_streak_virus,streak virus322_.jpg,https://data.mendeley.com/public-files/datasets/bwh3zbpkpv/files/792f947b-96db-4a60-9b3b-4ebf7924e4ee/file_downloaded,https://prod-dcd-datasets-public-files-eu-west-1.s3.eu-west-1.amazonaws.com/225b7809-7ea6-4897-a0af-7f2f20012507
streak virus,maize_streak_virus,streak virus323_.jpg,https://data.mendeley.com/public-files/datasets/bwh3zbpkpv/files/4ffbecb7-cb1b-4bdd-ad41-e8f0a2eaca48/file_downloaded,https://prod-dcd-datasets-public-files-eu-west-1.s3.eu-west-1.amazonaws.com/27e9e072-0c8c-4380-87c4-6fca47515abd
streak virus,maize_streak_virus,streak virus324_.jpg,https://data.mendeley.com/public-files/datasets/bwh3zbpkpv/files/5fdd5577-8bc1-4fda-895c-0773d03a2cf8/file_downloaded,https://prod-dcd-datasets-public-files-eu-west-1.s3.eu-west-1.amazonaws.com/17e1316e-c966-4933-9cc4-cccfd7160d18
streak virus,maize_streak_virus,streak virus325_.jpg,https://data.mendeley.com/public-files/datasets/bwh3zbpkpv/files/b59ff74e-6c8f-42d5-a0c7-7ea4de35e1f3/file_downloaded,https://prod-dcd-datasets-public-files-eu-west-1.s3.eu-west-1.amazonaws.com/3316be05-8b8e-47d5-9ab1-056d06b84070
streak virus,maize_streak_virus,streak virus326_.jpg,https://data.mendeley.com/public-files/datasets/bwh3zbpkpv/files/91f0ce36-d5ba-4400-8342-9920f5cf1431/file_downloaded,https://prod-dcd-datasets-public-files-eu-west-1.s3.eu-west-1.amazonaws.com/29338e74-28db-4aad-a1ca-beecd858850d
streak virus,maize_streak_virus,streak virus327_.jpg,https://data.mendeley.com/public-files/datasets/bwh3zbpkpv/files/8e05a050-0ce1-42d7-bfb3-5eee44ada53b/file_downloaded,https://prod-dcd-datasets-public-files-eu-west-1.s3.eu-west-1.amazonaws.com/4c57c869-35ca-4e34-a196-32f9988d5d47
streak virus,maize_streak_virus,streak virus328_.jpg,https://data.mendeley.com/public-files/datasets/bwh3zbpkpv/files/b84c58fb-7242-4663-9fc5-625cc66c8d57/file_downloaded,https://prod-dcd-datasets-public-files-eu-west-1.s3.eu-west-1.amazonaws.com/4c806026-c927-429c-9092-c1becde2487a
streak virus,maize_streak_virus,streak virus329_.jpg,https://data.mendeley.com/public-files/datasets/bwh3zbpkpv/files/7a0599d2-668d-45b7-a382-a28ff46767c0/file_downloaded,https://prod-dcd-datasets-public-files-eu-west-1.s3.eu-west-1.amazonaws.com/1ff7f28b-2194-43e4-b786-2ed26a6ccd19
streak virus,maize_streak_virus,streak virus32_.jpg,https://data.mendeley.com/public-files/datasets/bwh3zbpkpv/files/e8bdef5c-9cbf-4b40-9657-c6e57a01d723/file_downloaded,https://prod-dcd-datasets-public-files-eu-west-1.s3.eu-west-1.amazonaws.com/0f8cc99e-1c7a-4b67-914d-9c6650f1c32d
streak virus,maize_streak_virus,streak virus330_.jpg,https://data.mendeley.com/public-files/datasets/bwh3zbpkpv/files/a9d28a7c-bd91-4093-9f5c-01d8e8dc860c/file_downloaded,https://prod-dcd-datasets-public-files-eu-west-1.s3.eu-west-1.amazonaws.com/19a8afd5-6406-47b6-8abb-5a47426d0485
streak virus,maize_streak_virus,streak virus331_.jpg,https://data.mendeley.com/public-files/datasets/bwh3zbpkpv/files/dbe378fb-930a-432c-b9e9-4cd6a8b86de9/file_downloaded,https://prod-dcd-datasets-public-files-eu-west-1.s3.eu-west-1.amazonaws.com/edeb9b42-d5aa-4c9f-8e1a-05c1d817220c
streak virus,maize_streak_virus,streak virus332_.jpg,https://data.mendeley.com/public-files/datasets/bwh3zbpkpv/files/18271441-dade-4ab2-8b87-0f1c785976b1/file_downloaded,https://prod-dcd-datasets-public-files-eu-west-1.s3.eu-west-1.amazonaws.com/cf931db7-15d1-4744-8cf1-6ee8d312a550
streak virus,maize_streak_virus,streak virus333_.jpg,https://data.mendeley.com/public-files/datasets/bwh3zbpkpv/files/88dc5dc2-dc79-4391-90d9-c43306f321d6/file_downloaded,https://prod-dcd-datasets-public-files-eu-west-1.s3.eu-west-1.amazonaws.com/c74b6888-af1d-4955-9341-fb139d4c429b
streak virus,maize_streak_virus,streak virus334_.jpg,https://data.mendeley.com/public-files/datasets/bwh3zbpkpv/files/fb63e99c-9fc4-4eaf-a3c1-567a26317d8b/file_downloaded,https://prod-dcd-datasets-public-files-eu-west-1.s3.eu-west-1.amazonaws.com/c7d984d0-6a30-480d-9483-ff283426b6f4
streak virus,maize_streak_virus,streak virus335_.jpg,https://data.mendeley.com/public-files/datasets/bwh3zbpkpv/files/c0af5bc6-f5e2-4f03-98aa-c4a72c8fd8ad/file_downloaded,https://prod-dcd-datasets-public-files-eu-west-1.s3.eu-west-1.amazonaws.com/5ff0645f-6526-48aa-a3a1-81df35630575
streak virus,maize_streak_virus,streak virus336_.jpg,https://data.mendeley.com/public-files/datasets/bwh3zbpkpv/files/3ce1ae14-a00b-4f39-af2b-56aaf9ce7cd7/file_downloaded,https://prod-dcd-datasets-public-files-eu-west-1.s3.eu-west-1.amazonaws.com/f4c75fab-3bc3-49cf-962b-ecc7f9d8331e
streak virus,maize_streak_virus,streak virus337_.jpg,https://data.mendeley.com/public-files/datasets/bwh3zbpkpv/files/19408e07-c8da-4c73-a83c-992a3ee79735/file_downloaded,https://prod-dcd-datasets-public-files-eu-west-1.s3.eu-west-1.amazonaws.com/e61b5bfe-0957-42a0-95c8-051dc9591ba2
streak virus,maize_streak_virus,streak virus338_.jpg,https://data.mendeley.com/public-files/datasets/bwh3zbpkpv/files/7a01ecd6-e8df-4b93-94c3-3a8c661a5bf3/file_downloaded,https://prod-dcd-datasets-public-files-eu-west-1.s3.eu-west-1.amazonaws.com/d8fc3b3f-3919-4d7f-890d-d6813b6c5f2b
streak virus,maize_streak_virus,streak virus339_.jpg,https://data.mendeley.com/public-files/datasets/bwh3zbpkpv/files/c7e31c58-d8a4-44d5-96b4-8a79012aa85a/file_downloaded,https://prod-dcd-datasets-public-files-eu-west-1.s3.eu-west-1.amazonaws.com/2bd7f5d7-5d35-4822-89b4-d6a6d5839742
streak virus,maize_streak_virus,streak virus33_.jpg,https://data.mendeley.com/public-files/datasets/bwh3zbpkpv/files/ef2bea63-836c-4094-9768-1dd6289eeafe/file_downloaded,https://prod-dcd-datasets-public-files-eu-west-1.s3.eu-west-1.amazonaws.com/985db648-c49d-4e70-9a31-3316d2740de0
streak virus,maize_streak_virus,streak virus340_.jpg,https://data.mendeley.com/public-files/datasets/bwh3zbpkpv/files/2b6851c5-7ef2-404b-b308-0fb469187a09/file_downloaded,https://prod-dcd-datasets-public-files-eu-west-1.s3.eu-west-1.amazonaws.com/9b6b4e07-b50c-4928-9f72-efbb98994aa9
streak virus,maize_streak_virus,streak virus341_.jpg,https://data.mendeley.com/public-files/datasets/bwh3zbpkpv/files/ab605321-0685-4340-b701-a6f2abe45873/file_downloaded,https://prod-dcd-datasets-public-files-eu-west-1.s3.eu-west-1.amazonaws.com/4d49212a-545c-4141-b7d7-bba197f70447
streak virus,maize_streak_virus,streak virus342_.jpg,https://data.mendeley.com/public-files/datasets/bwh3zbpkpv/files/6dff3490-042b-4107-bf12-0b5a61b5241a/file_downloaded,https://prod-dcd-datasets-public-files-eu-west-1.s3.eu-west-1.amazonaws.com/da4b1fd6-cbd1-4c10-824d-f86f490486d4
streak virus,maize_streak_virus,streak virus343_.jpg,https://data.mendeley.com/public-files/datasets/bwh3zbpkpv/files/739372fe-8b33-4b25-b652-71cff0cc1efe/file_downloaded,https://prod-dcd-datasets-public-files-eu-west-1.s3.eu-west-1.amazonaws.com/ccf3dcb0-a9bd-4a41-ab68-ffe1d97427b6
streak virus,maize_streak_virus,streak virus344_.jpg,https://data.mendeley.com/public-files/datasets/bwh3zbpkpv/files/91ffa25a-45b6-41a5-a217-85b8d94ee368/file_downloaded,https://prod-dcd-datasets-public-files-eu-west-1.s3.eu-west-1.amazonaws.com/496b6f22-a748-4e36-b349-ee166cabac89
streak virus,maize_streak_virus,streak virus345_.jpg,https://data.mendeley.com/public-files/datasets/bwh3zbpkpv/files/4b9ced49-b7e9-4631-ad82-18b0fd820901/file_downloaded,https://prod-dcd-datasets-public-files-eu-west-1.s3.eu-west-1.amazonaws.com/4ed1a11e-4d85-443a-a7b2-0c2f2a298407
streak virus,maize_streak_virus,streak virus346_.jpg,https://data.mendeley.com/public-files/datasets/bwh3zbpkpv/files/04ed6e9a-5756-4eab-a1ee-a4a20100109b/file_downloaded,https://prod-dcd-datasets-public-files-eu-west-1.s3.eu-west-1.amazonaws.com/bdf2874e-71cf-44eb-a8e0-c631d2549efd
streak virus,maize_streak_virus,streak virus347_.jpg,https://data.mendeley.com/public-files/datasets/bwh3zbpkpv/files/212051b4-9def-441a-bdb7-e89af409b366/file_downloaded,https://prod-dcd-datasets-public-files-eu-west-1.s3.eu-west-1.amazonaws.com/eda952cc-9fa3-49a6-85c0-d6b3c7e3dfc3
streak virus,maize_streak_virus,streak virus348_.jpg,https://data.mendeley.com/public-files/datasets/bwh3zbpkpv/files/c2409396-f670-403c-8ae9-e6c1097119cd/file_downloaded,https://prod-dcd-datasets-public-files-eu-west-1.s3.eu-west-1.amazonaws.com/62d879db-c431-4130-898b-d1b57ff5832f
streak virus,maize_streak_virus,streak virus349_.jpg,https://data.mendeley.com/public-files/datasets/bwh3zbpkpv/files/05672cd5-8b4e-4de1-851d-48c7c4076ee3/file_downloaded,https://prod-dcd-datasets-public-files-eu-west-1.s3.eu-west-1.amazonaws.com/13eb61f8-a09c-4078-8a44-55c115147e44
streak virus,maize_streak_virus,streak virus34_.jpg,https://data.mendeley.com/public-files/datasets/bwh3zbpkpv/files/9df26579-1f9e-4ac3-ae9d-64163b181d80/file_downloaded,https://prod-dcd-datasets-public-files-eu-west-1.s3.eu-west-1.amazonaws.com/6fabf5e0-0b43-45ff-84ec-e4a2e4d772a2
streak virus,maize_streak_virus,streak virus350_.jpg,https://data.mendeley.com/public-files/datasets/bwh3zbpkpv/files/c9d87701-2303-4cb5-8aab-55a606044768/file_downloaded,https://prod-dcd-datasets-public-files-eu-west-1.s3.eu-west-1.amazonaws.com/9da29343-1daf-4450-9e7c-7daa1bf846ad
streak virus,maize_streak_virus,streak virus351_.jpg,https://data.mendeley.com/public-files/datasets/bwh3zbpkpv/files/686d5278-3be0-4ab3-9a1d-efe354a3e337/file_downloaded,https://prod-dcd-datasets-public-files-eu-west-1.s3.eu-west-1.amazonaws.com/e2aa216b-2a29-42c7-bd23-9179e0bed0c0
streak virus,maize_streak_virus,streak virus352_.jpg,https://data.mendeley.com/public-files/datasets/bwh3zbpkpv/files/ef6b4391-c346-4633-9698-70ab63f5495a/file_downloaded,https://prod-dcd-datasets-public-files-eu-west-1.s3.eu-west-1.amazonaws.com/9d009d03-fcb6-414e-8e8d-4b9fab3d2f0e
streak virus,maize_streak_virus,streak virus353_.jpg,https://data.mendeley.com/public-files/datasets/bwh3zbpkpv/files/4a98398a-3728-4b0f-b852-05d77b0067fe/file_downloaded,https://prod-dcd-datasets-public-files-eu-west-1.s3.eu-west-1.amazonaws.com/d26c5398-e87d-4094-b425-b02d4e71f293
streak virus,maize_streak_virus,streak virus354_.jpg,https://data.mendeley.com/public-files/datasets/bwh3zbpkpv/files/5c7b3ee8-437a-4aea-b713-0087fa382fbd/file_downloaded,https://prod-dcd-datasets-public-files-eu-west-1.s3.eu-west-1.amazonaws.com/81c42aae-df4b-497f-94b8-ddcf803d5475
streak virus,maize_streak_virus,streak virus355_.jpg,https://data.mendeley.com/public-files/datasets/bwh3zbpkpv/files/cb13e33a-19c9-40c4-8685-88590164d9b6/file_downloaded,https://prod-dcd-datasets-public-files-eu-west-1.s3.eu-west-1.amazonaws.com/8fe50ecc-36c5-4b31-901a-5f656cee14c9
streak virus,maize_streak_virus,streak virus356_.jpg,https://data.mendeley.com/public-files/datasets/bwh3zbpkpv/files/f6fd5ad9-ab7a-4d2e-a805-087d5f4d0b38/file_downloaded,https://prod-dcd-datasets-public-files-eu-west-1.s3.eu-west-1.amazonaws.com/1e277f96-ccdb-4d80-a330-1b6f9f10f4c4
streak virus,maize_streak_virus,streak virus357_.jpg,https://data.mendeley.com/public-files/datasets/bwh3zbpkpv/files/4fac0ff9-28ff-4801-9afe-fbddeada0c04/file_downloaded,https://prod-dcd-datasets-public-files-eu-west-1.s3.eu-west-1.amazonaws.com/748581a8-63aa-4909-b51b-0eb437b3f5b6
streak virus,maize_streak_virus,streak virus358_.jpg,https://data.mendeley.com/public-files/datasets/bwh3zbpkpv/files/6ca06cb2-8d64-4503-ae1f-1949eb6513c6/file_downloaded,https://prod-dcd-datasets-public-files-eu-west-1.s3.eu-west-1.amazonaws.com/bac1cf31-163c-49f6-9ef0-fd444ff7f543
streak virus,maize_streak_virus,streak virus359_.jpg,https://data.mendeley.com/public-files/datasets/bwh3zbpkpv/files/d784ad1c-e0a9-43d3-946f-3dd9d37d065c/file_downloaded,https://prod-dcd-datasets-public-files-eu-west-1.s3.eu-west-1.amazonaws.com/ee34fa20-9bff-4fb9-ae77-210194026601
streak virus,maize_streak_virus,streak virus35_.jpg,https://data.mendeley.com/public-files/datasets/bwh3zbpkpv/files/9d67c074-feae-488a-9901-5ae96cd7d639/file_downloaded,https://prod-dcd-datasets-public-files-eu-west-1.s3.eu-west-1.amazonaws.com/7e2218a2-9e48-401e-b73d-f317a77b78c5
streak virus,maize_streak_virus,streak virus360_.jpg,https://data.mendeley.com/public-files/datasets/bwh3zbpkpv/files/2c2678d4-54f0-4cbf-8ab6-d1dd05cec22b/file_downloaded,https://prod-dcd-datasets-public-files-eu-west-1.s3.eu-west-1.amazonaws.com/fc537515-d325-4e59-8595-c280cc9fd870
streak virus,maize_streak_virus,streak virus361_.jpg,https://data.mendeley.com/public-files/datasets/bwh3zbpkpv/files/22983d0e-eafa-4401-8bc9-d583e01bbf36/file_downloaded,https://prod-dcd-datasets-public-files-eu-west-1.s3.eu-west-1.amazonaws.com/b9d62193-21bf-4b45-be48-e58b75cd70ae
streak virus,maize_streak_virus,streak virus362_.jpg,https://data.mendeley.com/public-files/datasets/bwh3zbpkpv/files/236bc103-884a-4082-9f9b-42866544c504/file_downloaded,https://prod-dcd-datasets-public-files-eu-west-1.s3.eu-west-1.amazonaws.com/f19052c1-3948-440f-8207-38df1218c403
streak virus,maize_streak_virus,streak virus363_.jpg,https://data.mendeley.com/public-files/datasets/bwh3zbpkpv/files/4e119d6e-294b-4cbd-84a7-419ed090df85/file_downloaded,https://prod-dcd-datasets-public-files-eu-west-1.s3.eu-west-1.amazonaws.com/3fe8c422-504d-4d0f-9dbe-07fa0deba751
streak virus,maize_streak_virus,streak virus364_.jpg,https://data.mendeley.com/public-files/datasets/bwh3zbpkpv/files/84081c36-a69d-4da0-ba86-69df8d90000a/file_downloaded,https://prod-dcd-datasets-public-files-eu-west-1.s3.eu-west-1.amazonaws.com/3c1e7253-0854-4b69-b9f4-a33d16f05eca
streak virus,maize_streak_virus,streak virus365_.jpg,https://data.mendeley.com/public-files/datasets/bwh3zbpkpv/files/03188abb-bc33-42a1-90d3-0fb11db80028/file_downloaded,https://prod-dcd-datasets-public-files-eu-west-1.s3.eu-west-1.amazonaws.com/c74dde31-9026-4ecb-b6df-99b9fa88fdf5
streak virus,maize_streak_virus,streak virus366_.jpg,https://data.mendeley.com/public-files/datasets/bwh3zbpkpv/files/c296044f-e869-40fa-9a91-bdbbd4c3a862/file_downloaded,https://prod-dcd-datasets-public-files-eu-west-1.s3.eu-west-1.amazonaws.com/8653f674-ddb5-49ac-ba99-40dd5ce74e60
streak virus,maize_streak_virus,streak virus367_.jpg,https://data.mendeley.com/public-files/datasets/bwh3zbpkpv/files/557c2499-1b2c-4e1d-be3f-39e6b23da0d5/file_downloaded,https://prod-dcd-datasets-public-files-eu-west-1.s3.eu-west-1.amazonaws.com/7801f729-acb7-4861-9019-057047f78ecb
streak virus,maize_streak_virus,streak virus368_.jpg,https://data.mendeley.com/public-files/datasets/bwh3zbpkpv/files/38abe6bc-edba-4245-b63c-bbeea991ff55/file_downloaded,https://prod-dcd-datasets-public-files-eu-west-1.s3.eu-west-1.amazonaws.com/f340e52c-2a24-4fab-8f88-aa899baf5ffc
streak virus,maize_streak_virus,streak virus369_.jpg,https://data.mendeley.com/public-files/datasets/bwh3zbpkpv/files/787b6180-4352-455c-87af-e907e705afba/file_downloaded,https://prod-dcd-datasets-public-files-eu-west-1.s3.eu-west-1.amazonaws.com/de969636-af4b-4008-9c2d-1f8e99730175
streak virus,maize_streak_virus,streak virus36_.jpg,https://data.mendeley.com/public-files/datasets/bwh3zbpkpv/files/8f92a3cc-921c-4993-9f5a-f3db90bc7da7/file_downloaded,https://prod-dcd-datasets-public-files-eu-west-1.s3.eu-west-1.amazonaws.com/8449c2f8-2709-4636-bfba-f1cead55149e
streak virus,maize_streak_virus,streak virus370_.jpg,https://data.mendeley.com/public-files/datasets/bwh3zbpkpv/files/1b83dba3-d567-49c7-8a34-4af5a585edde/file_downloaded,https://prod-dcd-datasets-public-files-eu-west-1.s3.eu-west-1.amazonaws.com/4c378fcc-002f-4d06-b03d-3f666e77f443
streak virus,maize_streak_virus,streak virus371_.jpg,https://data.mendeley.com/public-files/datasets/bwh3zbpkpv/files/17230382-b395-4154-8050-0df8634121a1/file_downloaded,https://prod-dcd-datasets-public-files-eu-west-1.s3.eu-west-1.amazonaws.com/b01157b9-25ce-418c-8566-1d326a27030d
streak virus,maize_streak_virus,streak virus372_.jpg,https://data.mendeley.com/public-files/datasets/bwh3zbpkpv/files/72a33fb3-d6d2-451a-b468-693ede7c0231/file_downloaded,https://prod-dcd-datasets-public-files-eu-west-1.s3.eu-west-1.amazonaws.com/e71edc3b-55b3-4f8d-a36f-ca5effeb21b7
streak virus,maize_streak_virus,streak virus373_.jpg,https://data.mendeley.com/public-files/datasets/bwh3zbpkpv/files/72aa045f-f900-4e1b-9941-0aa9a2dfdf32/file_downloaded,https://prod-dcd-datasets-public-files-eu-west-1.s3.eu-west-1.amazonaws.com/2af98f25-8371-486f-b344-a38245e71b0e
streak virus,maize_streak_virus,streak virus374_.jpg,https://data.mendeley.com/public-files/datasets/bwh3zbpkpv/files/e6646f9d-b487-4ce2-8f8f-c568275d4292/file_downloaded,https://prod-dcd-datasets-public-files-eu-west-1.s3.eu-west-1.amazonaws.com/96fe8805-7192-464d-874f-7929b72d8e2b
streak virus,maize_streak_virus,streak virus375_.jpg,https://data.mendeley.com/public-files/datasets/bwh3zbpkpv/files/e2d9432b-1322-4357-8534-8134a0816e4e/file_downloaded,https://prod-dcd-datasets-public-files-eu-west-1.s3.eu-west-1.amazonaws.com/a62b2da3-0b6f-4145-8878-ac1ea466e22c
streak virus,maize_streak_virus,streak virus376_.jpg,https://data.mendeley.com/public-files/datasets/bwh3zbpkpv/files/740dad16-0400-4151-86e7-5ad3c8c7a32a/file_downloaded,https://prod-dcd-datasets-public-files-eu-west-1.s3.eu-west-1.amazonaws.com/41dd96a0-03c9-4961-b8bd-40a1e7f14197
streak virus,maize_streak_virus,streak virus377_.jpg,https://data.mendeley.com/public-files/datasets/bwh3zbpkpv/files/baa2bb9d-3de5-4c27-8844-c3ca9376cde7/file_downloaded,https://prod-dcd-datasets-public-files-eu-west-1.s3.eu-west-1.amazonaws.com/56a17a47-34db-48f2-9dcc-f39f90b3eed8
streak virus,maize_streak_virus,streak virus378_.jpg,https://data.mendeley.com/public-files/datasets/bwh3zbpkpv/files/df215cd0-0fac-4c3b-bb54-181b1a38787e/file_downloaded,https://prod-dcd-datasets-public-files-eu-west-1.s3.eu-west-1.amazonaws.com/85ad1f7d-bcca-4ba4-9443-39c090a572e3
streak virus,maize_streak_virus,streak virus379_.jpg,https://data.mendeley.com/public-files/datasets/bwh3zbpkpv/files/8889f8c7-ce17-4a85-b560-de63f0718a78/file_downloaded,https://prod-dcd-datasets-public-files-eu-west-1.s3.eu-west-1.amazonaws.com/bed2ba88-d2d2-48fb-85cc-5bcfa0e39e7e
streak virus,maize_streak_virus,streak virus37_.jpg,https://data.mendeley.com/public-files/datasets/bwh3zbpkpv/files/2ce9ec09-b845-4908-b5e7-a00053bbb0e1/file_downloaded,https://prod-dcd-datasets-public-files-eu-west-1.s3.eu-west-1.amazonaws.com/0c93ca01-3ede-40e8-b8ba-425be7b58059
streak virus,maize_streak_virus,streak virus380_.jpg,https://data.mendeley.com/public-files/datasets/bwh3zbpkpv/files/478d5968-390b-4d10-a125-a36aa95736dc/file_downloaded,https://prod-dcd-datasets-public-files-eu-west-1.s3.eu-west-1.amazonaws.com/070bc703-7dcf-45f4-9f95-e3f42b4c16ed
streak virus,maize_streak_virus,streak virus381_.jpg,https://data.mendeley.com/public-files/datasets/bwh3zbpkpv/files/ced319ac-f9e5-432b-bc44-619920aec1f4/file_downloaded,https://prod-dcd-datasets-public-files-eu-west-1.s3.eu-west-1.amazonaws.com/84036582-fdf9-4fbe-9496-0f8d08cafcdb
streak virus,maize_streak_virus,streak virus382_.jpg,https://data.mendeley.com/public-files/datasets/bwh3zbpkpv/files/60dce923-9898-4623-b8f3-99c0f00d15a8/file_downloaded,https://prod-dcd-datasets-public-files-eu-west-1.s3.eu-west-1.amazonaws.com/cb4b2a4f-66b0-425c-97ad-a164197a80ac
streak virus,maize_streak_virus,streak virus383_.jpg,https://data.mendeley.com/public-files/datasets/bwh3zbpkpv/files/cf41c5f3-83d3-4cb8-ac88-677673ff4782/file_downloaded,https://prod-dcd-datasets-public-files-eu-west-1.s3.eu-west-1.amazonaws.com/fc42e691-c4b0-4bc4-ba8e-366cde8b0e1f
streak virus,maize_streak_virus,streak virus384_.jpg,https://data.mendeley.com/public-files/datasets/bwh3zbpkpv/files/3ec91a58-a004-4474-b25a-a82951c547db/file_downloaded,https://prod-dcd-datasets-public-files-eu-west-1.s3.eu-west-1.amazonaws.com/3f085807-eb5f-4140-8661-015597ca9bdf
streak virus,maize_streak_virus,streak virus385_.jpg,https://data.mendeley.com/public-files/datasets/bwh3zbpkpv/files/eb595d5d-1d6e-4105-b7f5-50ab07192c0b/file_downloaded,https://prod-dcd-datasets-public-files-eu-west-1.s3.eu-west-1.amazonaws.com/c40da47a-7dfb-4b37-9962-c4b262703d2b
streak virus,maize_streak_virus,streak virus386_.jpg,https://data.mendeley.com/public-files/datasets/bwh3zbpkpv/files/1ec67624-8985-49c6-a13f-40f28ab072e1/file_downloaded,https://prod-dcd-datasets-public-files-eu-west-1.s3.eu-west-1.amazonaws.com/3967f98e-5162-46b1-acb9-44312421467d
streak virus,maize_streak_virus,streak virus387_.jpg,https://data.mendeley.com/public-files/datasets/bwh3zbpkpv/files/459908af-16d3-41e4-acb9-77f3ca2867a2/file_downloaded,https://prod-dcd-datasets-public-files-eu-west-1.s3.eu-west-1.amazonaws.com/9fa47166-c66b-49ac-acb4-a0f6eb207a9b
streak virus,maize_streak_virus,streak virus388_.jpg,https://data.mendeley.com/public-files/datasets/bwh3zbpkpv/files/0e3b171e-b114-40a2-86db-a7a3ce9aaa6a/file_downloaded,https://prod-dcd-datasets-public-files-eu-west-1.s3.eu-west-1.amazonaws.com/1ba17864-cd11-4627-ae75-f7843929e78a
streak virus,maize_streak_virus,streak virus389_.jpg,https://data.mendeley.com/public-files/datasets/bwh3zbpkpv/files/76789fbb-c307-4c2d-a125-2562af1d1879/file_downloaded,https://prod-dcd-datasets-public-files-eu-west-1.s3.eu-west-1.amazonaws.com/9099aec5-fe7f-43b4-8d7a-c458fc2fae06
streak virus,maize_streak_virus,streak virus38_.jpg,https://data.mendeley.com/public-files/datasets/bwh3zbpkpv/files/f1b84f63-cd3c-4303-9825-105de0fcd487/file_downloaded,https://prod-dcd-datasets-public-files-eu-west-1.s3.eu-west-1.amazonaws.com/1204be1b-f39b-455e-8b1d-ca3a8f6f8364
streak virus,maize_streak_virus,streak virus390_.jpg,https://data.mendeley.com/public-files/datasets/bwh3zbpkpv/files/45e77530-a038-45e1-86db-92f99edbed1a/file_downloaded,https://prod-dcd-datasets-public-files-eu-west-1.s3.eu-west-1.amazonaws.com/c10428d6-41e1-48c4-b976-c5d00fa5bebb
streak virus,maize_streak_virus,streak virus391_.jpg,https://data.mendeley.com/public-files/datasets/bwh3zbpkpv/files/c4aa274f-f860-4513-9070-c45c0ba8fcad/file_downloaded,https://prod-dcd-datasets-public-files-eu-west-1.s3.eu-west-1.amazonaws.com/5e81f4d2-61a2-40b0-b4f2-a62d3d72a8fc
streak virus,maize_streak_virus,streak virus392_.jpg,https://data.mendeley.com/public-files/datasets/bwh3zbpkpv/files/7a31b20c-f625-450b-82a7-7392739626aa/file_downloaded,https://prod-dcd-datasets-public-files-eu-west-1.s3.eu-west-1.amazonaws.com/479622c3-83f6-47cc-8c50-8dc0d326d5df
streak virus,maize_streak_virus,streak virus393_.jpg,https://data.mendeley.com/public-files/datasets/bwh3zbpkpv/files/3018d317-3481-492d-bf9a-ac595e899842/file_downloaded,https://prod-dcd-datasets-public-files-eu-west-1.s3.eu-west-1.amazonaws.com/ef3aa689-17fd-482b-8f7c-d5a35d1158da
streak virus,maize_streak_virus,streak virus394_.jpg,https://data.mendeley.com/public-files/datasets/bwh3zbpkpv/files/3393e776-dd8d-473b-a0e8-92ae77625ca8/file_downloaded,https://prod-dcd-datasets-public-files-eu-west-1.s3.eu-west-1.amazonaws.com/ac1306d4-7890-4048-9db2-d830fd876b0c
streak virus,maize_streak_virus,streak virus395_.jpg,https://data.mendeley.com/public-files/datasets/bwh3zbpkpv/files/c83082af-8e8f-4d21-88db-bfddc00eabbc/file_downloaded,https://prod-dcd-datasets-public-files-eu-west-1.s3.eu-west-1.amazonaws.com/72e835c2-a2e7-4e65-bd4b-2d67b1af4719
streak virus,maize_streak_virus,streak virus396_.jpg,https://data.mendeley.com/public-files/datasets/bwh3zbpkpv/files/c1e22a95-580d-4778-b5b2-54f1e97899cc/file_downloaded,https://prod-dcd-datasets-public-files-eu-west-1.s3.eu-west-1.amazonaws.com/a1c0005c-0307-4977-9848-a3e25a1978f2
streak virus,maize_streak_virus,streak virus397_.jpg,https://data.mendeley.com/public-files/datasets/bwh3zbpkpv/files/92048fb1-11b9-402c-978c-50f4da7d7ce3/file_downloaded,https://prod-dcd-datasets-public-files-eu-west-1.s3.eu-west-1.amazonaws.com/e7e7f9d2-4977-4941-abcd-cafb044de479
streak virus,maize_streak_virus,streak virus398_.jpg,https://data.mendeley.com/public-files/datasets/bwh3zbpkpv/files/2f2aa56f-f843-4478-bb34-738c76ba63f1/file_downloaded,https://prod-dcd-datasets-public-files-eu-west-1.s3.eu-west-1.amazonaws.com/d20e2043-c3ca-4edc-9f29-f797434a67cf
streak virus,maize_streak_virus,streak virus399_.jpg,https://data.mendeley.com/public-files/datasets/bwh3zbpkpv/files/e8a9c1f3-3006-447e-b24e-0dce801d7643/file_downloaded,https://prod-dcd-datasets-public-files-eu-west-1.s3.eu-west-1.amazonaws.com/65774878-5bf7-4ccc-839d-d5653f07fb53
streak virus,maize_streak_virus,streak virus39_.jpg,https://data.mendeley.com/public-files/datasets/bwh3zbpkpv/files/94b68509-96f7-4fff-994b-1d42ee2dc52e/file_downloaded,https://prod-dcd-datasets-public-files-eu-west-1.s3.eu-west-1.amazonaws.com/d31a8fcd-82ac-41eb-a08b-9296c716d933
streak virus,maize_streak_virus,streak virus3_.jpg,https://data.mendeley.com/public-files/datasets/bwh3zbpkpv/files/930409d2-8dac-4544-b689-4932c8429120/file_downloaded,https://prod-dcd-datasets-public-files-eu-west-1.s3.eu-west-1.amazonaws.com/809b6d87-30d1-4fad-b00c-2ff96080231a
streak virus,maize_streak_virus,streak virus400_.jpg,https://data.mendeley.com/public-files/datasets/bwh3zbpkpv/files/51fd1aa9-2f7d-416d-9763-30a368a04e0b/file_downloaded,https://prod-dcd-datasets-public-files-eu-west-1.s3.eu-west-1.amazonaws.com/07e3a093-a6d8-46c8-b971-2b4ffc356701
streak virus,maize_streak_virus,streak virus401_.jpg,https://data.mendeley.com/public-files/datasets/bwh3zbpkpv/files/368ef21f-f736-4191-bd77-3c89dada41fb/file_downloaded,https://prod-dcd-datasets-public-files-eu-west-1.s3.eu-west-1.amazonaws.com/0ed38d64-94e2-4ea9-9703-4a2afe1456dd
streak virus,maize_streak_virus,streak virus402_.jpg,https://data.mendeley.com/public-files/datasets/bwh3zbpkpv/files/21b1d6ae-a271-4afc-ae1b-7d5b1a3872b0/file_downloaded,https://prod-dcd-datasets-public-files-eu-west-1.s3.eu-west-1.amazonaws.com/d4b0e48d-d777-449b-9934-4ef8eef0deda
streak virus,maize_streak_virus,streak virus403_.jpg,https://data.mendeley.com/public-files/datasets/bwh3zbpkpv/files/f6a8ce75-f64c-48a4-8495-59de70af1ee7/file_downloaded,https://prod-dcd-datasets-public-files-eu-west-1.s3.eu-west-1.amazonaws.com/03b59ec2-5a8c-4a25-b5b4-989589ed0a5f
streak virus,maize_streak_virus,streak virus404_.jpg,https://data.mendeley.com/public-files/datasets/bwh3zbpkpv/files/a630ef8f-c4d6-4d81-9f49-dc7273f8258c/file_downloaded,https://prod-dcd-datasets-public-files-eu-west-1.s3.eu-west-1.amazonaws.com/0ebbccc1-3dc7-4a05-b025-1c036910f032
streak virus,maize_streak_virus,streak virus405_.jpg,https://data.mendeley.com/public-files/datasets/bwh3zbpkpv/files/ad7c9409-9189-4c97-ad56-bb2a9299fe2d/file_downloaded,https://prod-dcd-datasets-public-files-eu-west-1.s3.eu-west-1.amazonaws.com/bdab941c-5720-4a14-80ea-ca1595c9a3de
streak virus,maize_streak_virus,streak virus406_.jpg,https://data.mendeley.com/public-files/datasets/bwh3zbpkpv/files/6f9b4f41-8db7-40d0-af93-6f0be9310a98/file_downloaded,https://prod-dcd-datasets-public-files-eu-west-1.s3.eu-west-1.amazonaws.com/eb44bc1c-c8e9-4bc3-b586-9efecfe2d90b
streak virus,maize_streak_virus,streak virus407_.jpg,https://data.mendeley.com/public-files/datasets/bwh3zbpkpv/files/d2d1f5d2-7619-42e8-8556-6738ce869c51/file_downloaded,https://prod-dcd-datasets-public-files-eu-west-1.s3.eu-west-1.amazonaws.com/9e68f417-b3f0-4495-8cd8-ecd9f2bddc41
streak virus,maize_streak_virus,streak virus408_.jpg,https://data.mendeley.com/public-files/datasets/bwh3zbpkpv/files/ba759281-29b2-4671-b54e-a45faf40d710/file_downloaded,https://prod-dcd-datasets-public-files-eu-west-1.s3.eu-west-1.amazonaws.com/7a61ccc9-f0e4-4abc-95ab-d746f42de6fb
streak virus,maize_streak_virus,streak virus409_.jpg,https://data.mendeley.com/public-files/datasets/bwh3zbpkpv/files/399ea14a-4b70-43da-b4a5-3976cac17f95/file_downloaded,https://prod-dcd-datasets-public-files-eu-west-1.s3.eu-west-1.amazonaws.com/211ebc02-db62-4da0-b14e-a627eaad14ce
streak virus,maize_streak_virus,streak virus40_.jpg,https://data.mendeley.com/public-files/datasets/bwh3zbpkpv/files/88c397ed-de52-4c3f-8dc7-ec2ff69a4e92/file_downloaded,https://prod-dcd-datasets-public-files-eu-west-1.s3.eu-west-1.amazonaws.com/7ee92523-5399-48e5-9628-22a518f224b0
streak virus,maize_streak_virus,streak virus410_.jpg,https://data.mendeley.com/public-files/datasets/bwh3zbpkpv/files/84f8cf39-a50e-484c-bf6d-2becb31b6e7f/file_downloaded,https://prod-dcd-datasets-public-files-eu-west-1.s3.eu-west-1.amazonaws.com/f2d61ac8-8e8a-47ff-8414-54ab15ca772b
streak virus,maize_streak_virus,streak virus411_.jpg,https://data.mendeley.com/public-files/datasets/bwh3zbpkpv/files/6ac9f40f-a44b-4b12-8fa8-4d54ded1840a/file_downloaded,https://prod-dcd-datasets-public-files-eu-west-1.s3.eu-west-1.amazonaws.com/d036344f-1e34-42cf-81e3-4a634bf10071
streak virus,maize_streak_virus,streak virus412_.jpg,https://data.mendeley.com/public-files/datasets/bwh3zbpkpv/files/54b7c7ff-ed0f-42ee-b0f9-c23e63bb9d30/file_downloaded,https://prod-dcd-datasets-public-files-eu-west-1.s3.eu-west-1.amazonaws.com/c26d0578-f96e-4d29-8e86-26ade7bf72bf
streak virus,maize_streak_virus,streak virus413_.jpg,https://data.mendeley.com/public-files/datasets/bwh3zbpkpv/files/927f2fee-e035-485d-8fd1-ce9af2e3d39c/file_downloaded,https://prod-dcd-datasets-public-files-eu-west-1.s3.eu-west-1.amazonaws.com/e192fd03-603d-42d1-acfc-532256e5a16e
streak virus,maize_streak_virus,streak virus414_.jpg,https://data.mendeley.com/public-files/datasets/bwh3zbpkpv/files/5ff0fe38-b7ff-4e6b-b993-52e2750f9747/file_downloaded,https://prod-dcd-datasets-public-files-eu-west-1.s3.eu-west-1.amazonaws.com/7987ed29-5c82-48dc-b615-2b807b73c586
streak virus,maize_streak_virus,streak virus415_.jpg,https://data.mendeley.com/public-files/datasets/bwh3zbpkpv/files/f7c90f74-496b-4d31-acaa-fd032457dc56/file_downloaded,https://prod-dcd-datasets-public-files-eu-west-1.s3.eu-west-1.amazonaws.com/84ac13e9-7c4d-467b-86e6-ec4fd8101aa3
streak virus,maize_streak_virus,streak virus416_.jpg,https://data.mendeley.com/public-files/datasets/bwh3zbpkpv/files/e4da0bc8-233b-42f8-a733-032e3424ce3f/file_downloaded,https://prod-dcd-datasets-public-files-eu-west-1.s3.eu-west-1.amazonaws.com/1aad64a4-be20-44e2-b7ac-f08a0611acff
streak virus,maize_streak_virus,streak virus417_.jpg,https://data.mendeley.com/public-files/datasets/bwh3zbpkpv/files/21ffffce-bb6d-4a7a-bb3c-a214fe377b39/file_downloaded,https://prod-dcd-datasets-public-files-eu-west-1.s3.eu-west-1.amazonaws.com/78232fb2-18ca-4db6-9976-47c251f71747
streak virus,maize_streak_virus,streak virus418_.jpg,https://data.mendeley.com/public-files/datasets/bwh3zbpkpv/files/7609d50c-80e3-4599-8347-a439226813c6/file_downloaded,https://prod-dcd-datasets-public-files-eu-west-1.s3.eu-west-1.amazonaws.com/a07044b5-ad96-4787-b3bc-77f31b8f29f0
streak virus,maize_streak_virus,streak virus419_.jpg,https://data.mendeley.com/public-files/datasets/bwh3zbpkpv/files/ffd2afba-d3f9-48ef-b5c6-1acfed95b8a1/file_downloaded,https://prod-dcd-datasets-public-files-eu-west-1.s3.eu-west-1.amazonaws.com/525ce491-caf1-4dfe-b34c-0ac86422ade7
streak virus,maize_streak_virus,streak virus41_.jpg,https://data.mendeley.com/public-files/datasets/bwh3zbpkpv/files/728cc4ac-2a0b-43f2-86ea-fd2d882609c4/file_downloaded,https://prod-dcd-datasets-public-files-eu-west-1.s3.eu-west-1.amazonaws.com/4037e43f-736f-4173-a88c-af374acfdac9
streak virus,maize_streak_virus,streak virus420_.jpg,https://data.mendeley.com/public-files/datasets/bwh3zbpkpv/files/6cb1e625-798f-4536-9333-b6b8554b7c67/file_downloaded,https://prod-dcd-datasets-public-files-eu-west-1.s3.eu-west-1.amazonaws.com/77e37923-3999-47f1-94d9-5cb775b0bd81
streak virus,maize_streak_virus,streak virus421_.jpg,https://data.mendeley.com/public-files/datasets/bwh3zbpkpv/files/67d60f6a-5d05-4524-a71e-91a94dd2a8e4/file_downloaded,https://prod-dcd-datasets-public-files-eu-west-1.s3.eu-west-1.amazonaws.com/26d1d389-2cb9-4179-b0a3-bbc4d130f0fc
streak virus,maize_streak_virus,streak virus422_.jpg,https://data.mendeley.com/public-files/datasets/bwh3zbpkpv/files/eda9162d-87ef-4f0f-b852-f04abb5bb26f/file_downloaded,https://prod-dcd-datasets-public-files-eu-west-1.s3.eu-west-1.amazonaws.com/fe5dca29-0b56-4df0-a12e-5e6cb6cf1e4a
streak virus,maize_streak_virus,streak virus423_.jpg,https://data.mendeley.com/public-files/datasets/bwh3zbpkpv/files/5f167d4a-e0c9-43d3-8cef-8eda024377e1/file_downloaded,https://prod-dcd-datasets-public-files-eu-west-1.s3.eu-west-1.amazonaws.com/3ac9ee55-a127-4064-9fb8-9be87210649c
streak virus,maize_streak_virus,streak virus424_.jpg,https://data.mendeley.com/public-files/datasets/bwh3zbpkpv/files/72e11ab4-4627-4a93-9b46-af44b4bbb68f/file_downloaded,https://prod-dcd-datasets-public-files-eu-west-1.s3.eu-west-1.amazonaws.com/0c3a604c-2b28-4f4a-a7d6-0b92e42978a3
streak virus,maize_streak_virus,streak virus425_.jpg,https://data.mendeley.com/public-files/datasets/bwh3zbpkpv/files/38d63162-38f4-499f-a117-ea52a5e5378c/file_downloaded,https://prod-dcd-datasets-public-files-eu-west-1.s3.eu-west-1.amazonaws.com/d08e9f3e-5272-4bd3-9cbc-9b63ce1bf7cd
streak virus,maize_streak_virus,streak virus426_.jpg,https://data.mendeley.com/public-files/datasets/bwh3zbpkpv/files/e50eb6ff-f74a-4a7a-947f-8007f5fe9f47/file_downloaded,https://prod-dcd-datasets-public-files-eu-west-1.s3.eu-west-1.amazonaws.com/340bcded-f794-4487-8f28-9acb731cddc0
streak virus,maize_streak_virus,streak virus427_.jpg,https://data.mendeley.com/public-files/datasets/bwh3zbpkpv/files/3c5f900b-a537-4491-9126-3eb52570dfa0/file_downloaded,https://prod-dcd-datasets-public-files-eu-west-1.s3.eu-west-1.amazonaws.com/8fb9c678-1b76-4813-8d83-055c34d8f89e
streak virus,maize_streak_virus,streak virus428_.jpg,https://data.mendeley.com/public-files/datasets/bwh3zbpkpv/files/83f526c5-3dd9-445b-aeae-b0ab0814642d/file_downloaded,https://prod-dcd-datasets-public-files-eu-west-1.s3.eu-west-1.amazonaws.com/36abcfb7-f0ed-40d6-a8ae-309bb8f3a8f3
streak virus,maize_streak_virus,streak virus429_.jpg,https://data.mendeley.com/public-files/datasets/bwh3zbpkpv/files/6311eeea-9a18-42b6-a6aa-6a6d824a7054/file_downloaded,https://prod-dcd-datasets-public-files-eu-west-1.s3.eu-west-1.amazonaws.com/8421ffcb-d6f3-474c-9b36-118d7019a6cc
streak virus,maize_streak_virus,streak virus42_.jpg,https://data.mendeley.com/public-files/datasets/bwh3zbpkpv/files/f1a9ab4c-420c-4e38-9d38-c69a7258cf13/file_downloaded,https://prod-dcd-datasets-public-files-eu-west-1.s3.eu-west-1.amazonaws.com/907f28e5-12ae-452d-b6c1-7001c80a9cda
streak virus,maize_streak_virus,streak virus430_.jpg,https://data.mendeley.com/public-files/datasets/bwh3zbpkpv/files/5e3dff43-61b8-498f-a690-524c477bfae2/file_downloaded,https://prod-dcd-datasets-public-files-eu-west-1.s3.eu-west-1.amazonaws.com/79e7a1dd-d1c6-465e-8a02-8958c2e94aaa
streak virus,maize_streak_virus,streak virus431_.jpg,https://data.mendeley.com/public-files/datasets/bwh3zbpkpv/files/99e571ad-db13-4630-9707-02470c97e5ef/file_downloaded,https://prod-dcd-datasets-public-files-eu-west-1.s3.eu-west-1.amazonaws.com/f724b7b4-fa18-41a0-ad5f-1759ff3e9227
streak virus,maize_streak_virus,streak virus432_.jpg,https://data.mendeley.com/public-files/datasets/bwh3zbpkpv/files/30e24fc1-cbe4-455c-a9ff-c1a8b3b7c905/file_downloaded,https://prod-dcd-datasets-public-files-eu-west-1.s3.eu-west-1.amazonaws.com/c20f82e1-e223-4ac3-a81e-98f9ca2f00f9
streak virus,maize_streak_virus,streak virus433_.jpg,https://data.mendeley.com/public-files/datasets/bwh3zbpkpv/files/a1eac47f-5400-459c-aaf9-454abf76a065/file_downloaded,https://prod-dcd-datasets-public-files-eu-west-1.s3.eu-west-1.amazonaws.com/e531d743-2533-417b-a540-ed73d4d992a5
streak virus,maize_streak_virus,streak virus434_.jpg,https://data.mendeley.com/public-files/datasets/bwh3zbpkpv/files/e9685c6a-b59a-43ab-9f3f-fcc6f769ea2a/file_downloaded,https://prod-dcd-datasets-public-files-eu-west-1.s3.eu-west-1.amazonaws.com/9c34d635-8aac-4486-963f-4dce8a1d1926
streak virus,maize_streak_virus,streak virus435_.jpg,https://data.mendeley.com/public-files/datasets/bwh3zbpkpv/files/b4de8785-d314-4ff4-bafe-a7807ee8752e/file_downloaded,https://prod-dcd-datasets-public-files-eu-west-1.s3.eu-west-1.amazonaws.com/7109fb8a-567d-40aa-ab59-a3f5a8cb93d4
streak virus,maize_streak_virus,streak virus436_.jpg,https://data.mendeley.com/public-files/datasets/bwh3zbpkpv/files/80504c1d-dced-4390-b739-35987a02013a/file_downloaded,https://prod-dcd-datasets-public-files-eu-west-1.s3.eu-west-1.amazonaws.com/d33aee8d-ead1-48ae-a531-b8eb6eae2ab6
streak virus,maize_streak_virus,streak virus437_.jpg,https://data.mendeley.com/public-files/datasets/bwh3zbpkpv/files/94d8d40e-b06c-47ff-ad4a-79b2c9310c8a/file_downloaded,https://prod-dcd-datasets-public-files-eu-west-1.s3.eu-west-1.amazonaws.com/828a5178-e699-4605-996a-8e153c9d4dfe
streak virus,maize_streak_virus,streak virus438_.jpg,https://data.mendeley.com/public-files/datasets/bwh3zbpkpv/files/3d310dd5-8fd8-41e9-9006-f3a841f52d6d/file_downloaded,https://prod-dcd-datasets-public-files-eu-west-1.s3.eu-west-1.amazonaws.com/a3d673da-3fc2-4358-9ef6-729023552007
streak virus,maize_streak_virus,streak virus439_.jpg,https://data.mendeley.com/public-files/datasets/bwh3zbpkpv/files/ffc7e45e-28b2-4b97-808d-2a55f4805527/file_downloaded,https://prod-dcd-datasets-public-files-eu-west-1.s3.eu-west-1.amazonaws.com/8209eb19-d8b8-4d89-8b8f-30b435369a7e
streak virus,maize_streak_virus,streak virus43_.jpg,https://data.mendeley.com/public-files/datasets/bwh3zbpkpv/files/127c23b3-bb99-435a-8cbf-582e6bb7d3c6/file_downloaded,https://prod-dcd-datasets-public-files-eu-west-1.s3.eu-west-1.amazonaws.com/dddd5bec-0a1e-4479-80a7-0e56b5865ea4
streak virus,maize_streak_virus,streak virus440_.jpg,https://data.mendeley.com/public-files/datasets/bwh3zbpkpv/files/8aee3be9-11f4-4331-94b0-342105d7a46d/file_downloaded,https://prod-dcd-datasets-public-files-eu-west-1.s3.eu-west-1.amazonaws.com/09e3aed2-1e6e-439b-9331-e3159987d401
streak virus,maize_streak_virus,streak virus441_.jpg,https://data.mendeley.com/public-files/datasets/bwh3zbpkpv/files/4fbf7951-7df3-4727-addc-4c9038d7e9d9/file_downloaded,https://prod-dcd-datasets-public-files-eu-west-1.s3.eu-west-1.amazonaws.com/d25452ce-49e9-4aa5-a103-387c6d09bd69
streak virus,maize_streak_virus,streak virus442_.jpg,https://data.mendeley.com/public-files/datasets/bwh3zbpkpv/files/e6f6c98a-aa1a-4aa6-8196-f70c283b63d4/file_downloaded,https://prod-dcd-datasets-public-files-eu-west-1.s3.eu-west-1.amazonaws.com/924a2bce-9c7e-4b45-8af7-bfe2104efbc6
streak virus,maize_streak_virus,streak virus443_.jpg,https://data.mendeley.com/public-files/datasets/bwh3zbpkpv/files/79edd3b8-22fc-4b71-8bab-12f5637bb477/file_downloaded,https://prod-dcd-datasets-public-files-eu-west-1.s3.eu-west-1.amazonaws.com/0a125ae7-2ea4-48fc-ac6b-960275e9ab63
streak virus,maize_streak_virus,streak virus444_.jpg,https://data.mendeley.com/public-files/datasets/bwh3zbpkpv/files/a37c28c3-a6ef-4f69-9755-690744b1e24a/file_downloaded,https://prod-dcd-datasets-public-files-eu-west-1.s3.eu-west-1.amazonaws.com/14cf2060-6e83-458f-8ac0-49c9efc26a6b
streak virus,maize_streak_virus,streak virus445_.jpg,https://data.mendeley.com/public-files/datasets/bwh3zbpkpv/files/615e2d1d-5510-4f95-9936-67f840e7f03f/file_downloaded,https://prod-dcd-datasets-public-files-eu-west-1.s3.eu-west-1.amazonaws.com/13224a81-0948-46ee-a133-ea3bd9680a91
streak virus,maize_streak_virus,streak virus446_.jpg,https://data.mendeley.com/public-files/datasets/bwh3zbpkpv/files/d0cf3646-716c-4fb6-a860-5a384a3ea842/file_downloaded,https://prod-dcd-datasets-public-files-eu-west-1.s3.eu-west-1.amazonaws.com/4cbbb308-f613-41cf-944c-601821d877ec
streak virus,maize_streak_virus,streak virus447_.jpg,https://data.mendeley.com/public-files/datasets/bwh3zbpkpv/files/5aff7641-2fd5-447e-8b04-1cfb7713d74d/file_downloaded,https://prod-dcd-datasets-public-files-eu-west-1.s3.eu-west-1.amazonaws.com/0c7d0aec-2b91-4cde-8283-9ad21d545950
streak virus,maize_streak_virus,streak virus448_.jpg,https://data.mendeley.com/public-files/datasets/bwh3zbpkpv/files/12c5db08-7336-4498-8e79-358fe2520e7e/file_downloaded,https://prod-dcd-datasets-public-files-eu-west-1.s3.eu-west-1.amazonaws.com/06f17d43-665a-41d1-8c6e-290dbc226dd9
streak virus,maize_streak_virus,streak virus449_.jpg,https://data.mendeley.com/public-files/datasets/bwh3zbpkpv/files/5c9102da-6659-47ac-afdd-fb5f7084277b/file_downloaded,https://prod-dcd-datasets-public-files-eu-west-1.s3.eu-west-1.amazonaws.com/5eeccf77-b858-405c-ba69-b3bf8e172b90
streak virus,maize_streak_virus,streak virus44_.jpg,https://data.mendeley.com/public-files/datasets/bwh3zbpkpv/files/0939b187-ced7-4f09-81da-68145dca21c7/file_downloaded,https://prod-dcd-datasets-public-files-eu-west-1.s3.eu-west-1.amazonaws.com/410abfd1-f350-4956-9948-2f4989d9b756
streak virus,maize_streak_virus,streak virus450_.jpg,https://data.mendeley.com/public-files/datasets/bwh3zbpkpv/files/51375bfc-e35b-4f6f-9404-d965b1851966/file_downloaded,https://prod-dcd-datasets-public-files-eu-west-1.s3.eu-west-1.amazonaws.com/aa5cb24f-dee0-44af-ba90-977313ff0627
streak virus,maize_streak_virus,streak virus451_.jpg,https://data.mendeley.com/public-files/datasets/bwh3zbpkpv/files/6b921312-5e5c-4885-83a6-519af72cb247/file_downloaded,https://prod-dcd-datasets-public-files-eu-west-1.s3.eu-west-1.amazonaws.com/65206762-11e8-43db-9cf3-32d9287a0bd2
streak virus,maize_streak_virus,streak virus452_.jpg,https://data.mendeley.com/public-files/datasets/bwh3zbpkpv/files/e13b3363-c5a4-4559-8fee-fc96706dfc19/file_downloaded,https://prod-dcd-datasets-public-files-eu-west-1.s3.eu-west-1.amazonaws.com/7afdc3e9-5d8b-4f15-a39d-b94d262cec1b
streak virus,maize_streak_virus,streak virus453_.jpg,https://data.mendeley.com/public-files/datasets/bwh3zbpkpv/files/80dc6511-d248-4f0a-816f-a3eda861c4a7/file_downloaded,https://prod-dcd-datasets-public-files-eu-west-1.s3.eu-west-1.amazonaws.com/773a51d7-1e37-421d-a501-f9de10b37e6d
streak virus,maize_streak_virus,streak virus454_.jpg,https://data.mendeley.com/public-files/datasets/bwh3zbpkpv/files/aedc8627-6d4d-4d08-96eb-8b3dbd50b50b/file_downloaded,https://prod-dcd-datasets-public-files-eu-west-1.s3.eu-west-1.amazonaws.com/8c58ce4b-910f-49b1-b128-988d9d809f03
streak virus,maize_streak_virus,streak virus455_.jpg,https://data.mendeley.com/public-files/datasets/bwh3zbpkpv/files/7d6041a7-4243-4e33-be42-bd44c5267060/file_downloaded,https://prod-dcd-datasets-public-files-eu-west-1.s3.eu-west-1.amazonaws.com/98b67087-f0ef-4a5d-a864-cdcf9a6c7662
streak virus,maize_streak_virus,streak virus456_.jpg,https://data.mendeley.com/public-files/datasets/bwh3zbpkpv/files/43cdf87e-71a6-4827-83eb-e397caa16f55/file_downloaded,https://prod-dcd-datasets-public-files-eu-west-1.s3.eu-west-1.amazonaws.com/44023b16-dba9-46f3-892c-e168ffb4bf33
streak virus,maize_streak_virus,streak virus457_.jpg,https://data.mendeley.com/public-files/datasets/bwh3zbpkpv/files/7626328a-6b2b-4421-84de-b817e572e54e/file_downloaded,https://prod-dcd-datasets-public-files-eu-west-1.s3.eu-west-1.amazonaws.com/58f881f6-0763-4220-a719-a91052430f12
streak virus,maize_streak_virus,streak virus458_.jpg,https://data.mendeley.com/public-files/datasets/bwh3zbpkpv/files/37b04456-4551-493c-b2ae-bcacd1b34a56/file_downloaded,https://prod-dcd-datasets-public-files-eu-west-1.s3.eu-west-1.amazonaws.com/15cb9052-ce6a-48ed-8600-65977be9ec71
streak virus,maize_streak_virus,streak virus459_.jpg,https://data.mendeley.com/public-files/datasets/bwh3zbpkpv/files/e309a33b-a7a3-4b4f-a43b-594a848f2018/file_downloaded,https://prod-dcd-datasets-public-files-eu-west-1.s3.eu-west-1.amazonaws.com/1dc9ef71-8605-4684-804e-b9a53ff05bde
streak virus,maize_streak_virus,streak virus45_.jpg,https://data.mendeley.com/public-files/datasets/bwh3zbpkpv/files/72f5e1e2-208b-47e7-9bf2-fc9560b1f35f/file_downloaded,https://prod-dcd-datasets-public-files-eu-west-1.s3.eu-west-1.amazonaws.com/65adb7b2-5e5c-4e8d-a038-1eba623c59ae
streak virus,maize_streak_virus,streak virus460_.jpg,https://data.mendeley.com/public-files/datasets/bwh3zbpkpv/files/8a074668-f3d1-45df-bc26-8c1954340137/file_downloaded,https://prod-dcd-datasets-public-files-eu-west-1.s3.eu-west-1.amazonaws.com/f1eeea73-66e2-4add-bf45-067417887dff
streak virus,maize_streak_virus,streak virus461_.jpg,https://data.mendeley.com/public-files/datasets/bwh3zbpkpv/files/ed3e6a92-85e6-4c45-96b9-aa47cdb1717c/file_downloaded,https://prod-dcd-datasets-public-files-eu-west-1.s3.eu-west-1.amazonaws.com/0eab7679-1866-4f58-a844-c71e08f5a425
streak virus,maize_streak_virus,streak virus462_.jpg,https://data.mendeley.com/public-files/datasets/bwh3zbpkpv/files/4d9d27d3-e5aa-451e-af6a-c825ddfc9bc5/file_downloaded,https://prod-dcd-datasets-public-files-eu-west-1.s3.eu-west-1.amazonaws.com/7e090d0c-6051-4735-9224-ef0a287c5999
streak virus,maize_streak_virus,streak virus463_.jpg,https://data.mendeley.com/public-files/datasets/bwh3zbpkpv/files/0be630c9-2085-49d4-b936-43dd626a6272/file_downloaded,https://prod-dcd-datasets-public-files-eu-west-1.s3.eu-west-1.amazonaws.com/b4fa62e7-8be6-493f-9085-84896329c958
streak virus,maize_streak_virus,streak virus464_.jpg,https://data.mendeley.com/public-files/datasets/bwh3zbpkpv/files/66506daf-b66d-4bc3-a2d5-60b744cd3785/file_downloaded,https://prod-dcd-datasets-public-files-eu-west-1.s3.eu-west-1.amazonaws.com/8c825619-1002-4a29-8ef0-25e2aa962d67
streak virus,maize_streak_virus,streak virus465_.jpg,https://data.mendeley.com/public-files/datasets/bwh3zbpkpv/files/45bf64c6-7579-4915-aaaf-e1958af9ab83/file_downloaded,https://prod-dcd-datasets-public-files-eu-west-1.s3.eu-west-1.amazonaws.com/9282668b-ae33-4e40-9777-234d0414f762
streak virus,maize_streak_virus,streak virus466_.jpg,https://data.mendeley.com/public-files/datasets/bwh3zbpkpv/files/9a7f0367-4ec7-4fa8-8a37-932c2145934d/file_downloaded,https://prod-dcd-datasets-public-files-eu-west-1.s3.eu-west-1.amazonaws.com/e8e7aa2e-27e7-4deb-9630-a26ef6295efc
streak virus,maize_streak_virus,streak virus467_.jpg,https://data.mendeley.com/public-files/datasets/bwh3zbpkpv/files/7a1e2803-2315-4ac4-8943-927612521e15/file_downloaded,https://prod-dcd-datasets-public-files-eu-west-1.s3.eu-west-1.amazonaws.com/4407a2d6-8e41-40d7-8125-762dad25eb87
streak virus,maize_streak_virus,streak virus468_.jpg,https://data.mendeley.com/public-files/datasets/bwh3zbpkpv/files/373cda0e-538c-4891-b0e6-1ea23dce557b/file_downloaded,https://prod-dcd-datasets-public-files-eu-west-1.s3.eu-west-1.amazonaws.com/00a7522e-4aa2-4a30-a164-a12913c051d1
streak virus,maize_streak_virus,streak virus469_.jpg,https://data.mendeley.com/public-files/datasets/bwh3zbpkpv/files/fa439616-f04c-4fe6-a0a9-d9a1e7d44b62/file_downloaded,https://prod-dcd-datasets-public-files-eu-west-1.s3.eu-west-1.amazonaws.com/570b0305-59ab-4879-89d1-64bcb992ad1a
streak virus,maize_streak_virus,streak virus46_.jpg,https://data.mendeley.com/public-files/datasets/bwh3zbpkpv/files/b8b943c4-9211-46ee-adee-3ecf1c480c27/file_downloaded,https://prod-dcd-datasets-public-files-eu-west-1.s3.eu-west-1.amazonaws.com/c2e4d156-d19a-452b-96ca-9850646d8cf6
streak virus,maize_streak_virus,streak virus470_.jpg,https://data.mendeley.com/public-files/datasets/bwh3zbpkpv/files/580d0bca-068f-4c64-97a2-637795cded9a/file_downloaded,https://prod-dcd-datasets-public-files-eu-west-1.s3.eu-west-1.amazonaws.com/e6853a5c-d7cb-4a6c-bcb5-5d3b5aace7db
streak virus,maize_streak_virus,streak virus471_.jpg,https://data.mendeley.com/public-files/datasets/bwh3zbpkpv/files/c026ecf2-82a3-4b8d-bf94-7778c6d8e28c/file_downloaded,https://prod-dcd-datasets-public-files-eu-west-1.s3.eu-west-1.amazonaws.com/4b415ea4-715e-4696-b6af-1d26052183fa
streak virus,maize_streak_virus,streak virus472_.jpg,https://data.mendeley.com/public-files/datasets/bwh3zbpkpv/files/c82a9bed-392b-4d4a-b357-08720a26af1f/file_downloaded,https://prod-dcd-datasets-public-files-eu-west-1.s3.eu-west-1.amazonaws.com/22b28705-544e-4028-ba38-0735bfc427ba
streak virus,maize_streak_virus,streak virus473_.jpg,https://data.mendeley.com/public-files/datasets/bwh3zbpkpv/files/b0d300d7-593e-4783-99b7-ee0738d54e42/file_downloaded,https://prod-dcd-datasets-public-files-eu-west-1.s3.eu-west-1.amazonaws.com/1baadb89-c6fb-4396-a6bb-f9dd782794a9
streak virus,maize_streak_virus,streak virus474_.jpg,https://data.mendeley.com/public-files/datasets/bwh3zbpkpv/files/8b4790d5-f9ff-4618-a773-10342caf8910/file_downloaded,https://prod-dcd-datasets-public-files-eu-west-1.s3.eu-west-1.amazonaws.com/58c87468-e34b-4d3c-b497-80e3bba97859
streak virus,maize_streak_virus,streak virus475_.jpg,https://data.mendeley.com/public-files/datasets/bwh3zbpkpv/files/b8d781b6-a16d-4d73-923b-c3c202d0b921/file_downloaded,https://prod-dcd-datasets-public-files-eu-west-1.s3.eu-west-1.amazonaws.com/b9e221ba-7e2c-4595-ad92-f4b3e490fdb4
streak virus,maize_streak_virus,streak virus476_.jpg,https://data.mendeley.com/public-files/datasets/bwh3zbpkpv/files/2d4317fe-4849-4451-bcf5-f8207457758c/file_downloaded,https://prod-dcd-datasets-public-files-eu-west-1.s3.eu-west-1.amazonaws.com/b1b51be0-861e-46d0-a313-df1cbba92d37
streak virus,maize_streak_virus,streak virus477_.jpg,https://data.mendeley.com/public-files/datasets/bwh3zbpkpv/files/63629526-e64f-43f9-9b88-8212752ece4d/file_downloaded,https://prod-dcd-datasets-public-files-eu-west-1.s3.eu-west-1.amazonaws.com/2911efdd-f015-45ad-988d-8fcbcb2f67f8
streak virus,maize_streak_virus,streak virus478_.jpg,https://data.mendeley.com/public-files/datasets/bwh3zbpkpv/files/a99d5f16-0c56-4025-a67c-7f084f71df57/file_downloaded,https://prod-dcd-datasets-public-files-eu-west-1.s3.eu-west-1.amazonaws.com/32b9f204-3de9-4553-8bca-3c1499ea4c82
streak virus,maize_streak_virus,streak virus479_.jpg,https://data.mendeley.com/public-files/datasets/bwh3zbpkpv/files/cdd8a305-4f7f-4365-8ec2-6d25b180d615/file_downloaded,https://prod-dcd-datasets-public-files-eu-west-1.s3.eu-west-1.amazonaws.com/861abd73-8221-4d73-b801-b904c7e1cf13
streak virus,maize_streak_virus,streak virus47_.jpg,https://data.mendeley.com/public-files/datasets/bwh3zbpkpv/files/06feda31-5072-46b2-92fb-da802b89a3f6/file_downloaded,https://prod-dcd-datasets-public-files-eu-west-1.s3.eu-west-1.amazonaws.com/52aa2734-ec86-4350-ac79-2c71444a5d56
streak virus,maize_streak_virus,streak virus480_.jpg,https://data.mendeley.com/public-files/datasets/bwh3zbpkpv/files/6698e0f6-00db-479a-b5a8-7e07f38fd7f2/file_downloaded,https://prod-dcd-datasets-public-files-eu-west-1.s3.eu-west-1.amazonaws.com/fa9cd839-35b3-4df2-b026-10a832e0f20b
streak virus,maize_streak_virus,streak virus481_.jpg,https://data.mendeley.com/public-files/datasets/bwh3zbpkpv/files/6bfd80f9-6580-48ca-a281-4df6eea1aa9a/file_downloaded,https://prod-dcd-datasets-public-files-eu-west-1.s3.eu-west-1.amazonaws.com/f33195ea-5d72-4bb3-9a0e-f1ca9847333d
streak virus,maize_streak_virus,streak virus482_.jpg,https://data.mendeley.com/public-files/datasets/bwh3zbpkpv/files/003c43f8-cb81-4165-8ac6-fa03e8d602b7/file_downloaded,https://prod-dcd-datasets-public-files-eu-west-1.s3.eu-west-1.amazonaws.com/b8656863-9210-4900-8bd8-41fdbb836e0a
streak virus,maize_streak_virus,streak virus483_.jpg,https://data.mendeley.com/public-files/datasets/bwh3zbpkpv/files/923c1f47-7974-481d-9d71-654fd545f676/file_downloaded,https://prod-dcd-datasets-public-files-eu-west-1.s3.eu-west-1.amazonaws.com/a27f6ef3-d130-4e61-9d0e-7587d2c0759f
streak virus,maize_streak_virus,streak virus484_.jpg,https://data.mendeley.com/public-files/datasets/bwh3zbpkpv/files/2ec06e3b-6230-42a3-a37e-8544efd54ed0/file_downloaded,https://prod-dcd-datasets-public-files-eu-west-1.s3.eu-west-1.amazonaws.com/8e47b424-77a5-4e97-9f0e-b9eff15dd1a5
streak virus,maize_streak_virus,streak virus485_.jpg,https://data.mendeley.com/public-files/datasets/bwh3zbpkpv/files/3d94baf0-f22f-4c65-b29a-ba22a4dae351/file_downloaded,https://prod-dcd-datasets-public-files-eu-west-1.s3.eu-west-1.amazonaws.com/55d940f2-7112-4df8-a09e-bb3b7c7891db
streak virus,maize_streak_virus,streak virus486_.jpg,https://data.mendeley.com/public-files/datasets/bwh3zbpkpv/files/477427ce-7b8d-4c5c-b4a5-ef4ad9b5c3b9/file_downloaded,https://prod-dcd-datasets-public-files-eu-west-1.s3.eu-west-1.amazonaws.com/f1c8db6b-6392-4078-84f6-4eb8899e1e0c
streak virus,maize_streak_virus,streak virus487_.jpg,https://data.mendeley.com/public-files/datasets/bwh3zbpkpv/files/b5684ffb-60b7-40ef-9b68-191fc8a805c1/file_downloaded,https://prod-dcd-datasets-public-files-eu-west-1.s3.eu-west-1.amazonaws.com/265d781c-4651-4dbc-9f25-cd78a70a0403
streak virus,maize_streak_virus,streak virus488_.jpg,https://data.mendeley.com/public-files/datasets/bwh3zbpkpv/files/75aceadd-8d1c-4f06-bdbc-a28263e804b0/file_downloaded,https://prod-dcd-datasets-public-files-eu-west-1.s3.eu-west-1.amazonaws.com/2f2ebe65-a5b9-4912-858f-50cbe0b07304
streak virus,maize_streak_virus,streak virus489_.jpg,https://data.mendeley.com/public-files/datasets/bwh3zbpkpv/files/159c8138-e485-4b09-b0ca-476cd4645959/file_downloaded,https://prod-dcd-datasets-public-files-eu-west-1.s3.eu-west-1.amazonaws.com/2b2bf707-8eea-4c58-815d-a1f02476b3ac
streak virus,maize_streak_virus,streak virus48_.jpg,https://data.mendeley.com/public-files/datasets/bwh3zbpkpv/files/d6d0b634-1175-47c1-af9d-4833e7e7f104/file_downloaded,https://prod-dcd-datasets-public-files-eu-west-1.s3.eu-west-1.amazonaws.com/edefa759-7719-49e6-ae36-b0c0a0deedb7
streak virus,maize_streak_virus,streak virus490_.jpg,https://data.mendeley.com/public-files/datasets/bwh3zbpkpv/files/305fcb3f-0c39-4fb3-8f4f-317609cd0dd8/file_downloaded,https://prod-dcd-datasets-public-files-eu-west-1.s3.eu-west-1.amazonaws.com/567cce78-6960-43f6-916c-4821e7c87791
streak virus,maize_streak_virus,streak virus491_.jpg,https://data.mendeley.com/public-files/datasets/bwh3zbpkpv/files/8b20c5d8-2096-41f5-9ea0-b0a848f099d5/file_downloaded,https://prod-dcd-datasets-public-files-eu-west-1.s3.eu-west-1.amazonaws.com/6a8dd639-e7a3-42cf-a27d-e72717d383d4
streak virus,maize_streak_virus,streak virus492_.jpg,https://data.mendeley.com/public-files/datasets/bwh3zbpkpv/files/26e2a5b5-c95d-461b-ab8e-55015e4544f7/file_downloaded,https://prod-dcd-datasets-public-files-eu-west-1.s3.eu-west-1.amazonaws.com/d4d51a79-bb3c-4d10-b38b-7d557c31f34b
streak virus,maize_streak_virus,streak virus493_.jpg,https://data.mendeley.com/public-files/datasets/bwh3zbpkpv/files/1b6245b6-4909-4ef7-95cb-b14462652e61/file_downloaded,https://prod-dcd-datasets-public-files-eu-west-1.s3.eu-west-1.amazonaws.com/92258363-f6c0-4a1b-a175-5dad8ae6ac10
streak virus,maize_streak_virus,streak virus494_.jpg,https://data.mendeley.com/public-files/datasets/bwh3zbpkpv/files/d2366066-8d7f-4d30-9d78-ff9063cfb801/file_downloaded,https://prod-dcd-datasets-public-files-eu-west-1.s3.eu-west-1.amazonaws.com/7ebe501c-9203-41f6-ae47-a7fc9ba062bf
streak virus,maize_streak_virus,streak virus495_.jpg,https://data.mendeley.com/public-files/datasets/bwh3zbpkpv/files/570b5f97-cf13-4b01-8b66-8588205de0fd/file_downloaded,https://prod-dcd-datasets-public-files-eu-west-1.s3.eu-west-1.amazonaws.com/d2922655-e328-46cd-9a07-7b494d59521e
streak virus,maize_streak_virus,streak virus496_.jpg,https://data.mendeley.com/public-files/datasets/bwh3zbpkpv/files/2741c566-22fb-400c-94a2-c61cd2f264c9/file_downloaded,https://prod-dcd-datasets-public-files-eu-west-1.s3.eu-west-1.amazonaws.com/02d2c3bb-ca10-4312-aac3-a958e004a0bb
streak virus,maize_streak_virus,streak virus497_.jpg,https://data.mendeley.com/public-files/datasets/bwh3zbpkpv/files/27f6d2c3-92b8-4739-aa95-876239964da2/file_downloaded,https://prod-dcd-datasets-public-files-eu-west-1.s3.eu-west-1.amazonaws.com/2e013f52-1a0b-43e0-83fe-80fe1066d87d
streak virus,maize_streak_virus,streak virus498_.jpg,https://data.mendeley.com/public-files/datasets/bwh3zbpkpv/files/f3414f7f-248b-4a2d-b07f-fc50d17ffe85/file_downloaded,https://prod-dcd-datasets-public-files-eu-west-1.s3.eu-west-1.amazonaws.com/72710816-eb8a-4aef-86aa-1dab7cc80f17
streak virus,maize_streak_virus,streak virus499_.jpg,https://data.mendeley.com/public-files/datasets/bwh3zbpkpv/files/8392e921-47a3-4d83-8fcd-cab663d3652f/file_downloaded,https://prod-dcd-datasets-public-files-eu-west-1.s3.eu-west-1.amazonaws.com/2bd887a2-b8bc-4e00-bbf3-6081a273f4b3
streak virus,maize_streak_virus,streak virus49_.jpg,https://data.mendeley.com/public-files/datasets/bwh3zbpkpv/files/2b0f70f5-738f-4e00-8e42-8153164ccdb6/file_downloaded,https://prod-dcd-datasets-public-files-eu-west-1.s3.eu-west-1.amazonaws.com/9f6a2371-6ee8-4744-b800-266917fdfb3a
streak virus,maize_streak_virus,streak virus4_.jpg,https://data.mendeley.com/public-files/datasets/bwh3zbpkpv/files/c1e00652-58a0-41de-ac78-f652491ee7d6/file_downloaded,https://prod-dcd-datasets-public-files-eu-west-1.s3.eu-west-1.amazonaws.com/5ac09e44-5aa8-4a1d-b161-81754f9bdc61
streak virus,maize_streak_virus,streak virus500_.jpg,https://data.mendeley.com/public-files/datasets/bwh3zbpkpv/files/8789e159-b553-428a-8d88-81090b029c72/file_downloaded,https://prod-dcd-datasets-public-files-eu-west-1.s3.eu-west-1.amazonaws.com/f48a9108-efc9-4a85-a517-65f9866a1d08
streak virus,maize_streak_virus,streak virus501_.jpg,https://data.mendeley.com/public-files/datasets/bwh3zbpkpv/files/e8432e03-5b3e-4e21-b864-cf2cda3cfcf5/file_downloaded,https://prod-dcd-datasets-public-files-eu-west-1.s3.eu-west-1.amazonaws.com/8c4c97ca-3505-4b21-b522-301ac011e8e8
streak virus,maize_streak_virus,streak virus502_.jpg,https://data.mendeley.com/public-files/datasets/bwh3zbpkpv/files/9a21d11a-7073-40dd-a0b9-6a31a459241b/file_downloaded,https://prod-dcd-datasets-public-files-eu-west-1.s3.eu-west-1.amazonaws.com/3daba97f-febb-486c-8996-e3d0df202fc3
streak virus,maize_streak_virus,streak virus503_.jpg,https://data.mendeley.com/public-files/datasets/bwh3zbpkpv/files/54256ccf-77db-49f0-90fb-107e531d4757/file_downloaded,https://prod-dcd-datasets-public-files-eu-west-1.s3.eu-west-1.amazonaws.com/77c6545a-9edc-43de-89d7-983f615adf0c
streak virus,maize_streak_virus,streak virus504_.jpg,https://data.mendeley.com/public-files/datasets/bwh3zbpkpv/files/42e593ca-ae3e-4cd4-ac49-90e90594bedb/file_downloaded,https://prod-dcd-datasets-public-files-eu-west-1.s3.eu-west-1.amazonaws.com/a29a6189-afec-428a-a9f0-6a65190359c6
streak virus,maize_streak_virus,streak virus505_.jpg,https://data.mendeley.com/public-files/datasets/bwh3zbpkpv/files/6c1cf0ad-d0bd-48c3-91ca-81bada6aece7/file_downloaded,https://prod-dcd-datasets-public-files-eu-west-1.s3.eu-west-1.amazonaws.com/6772a6a0-c0ba-40b3-bbc8-49fb612de8cf
streak virus,maize_streak_virus,streak virus506_.jpg,https://data.mendeley.com/public-files/datasets/bwh3zbpkpv/files/7bd2fc24-d333-45de-8e56-2ba0fd47eecd/file_downloaded,https://prod-dcd-datasets-public-files-eu-west-1.s3.eu-west-1.amazonaws.com/eb44f070-ac24-42a6-986a-1dedfd912213
streak virus,maize_streak_virus,streak virus507_.jpg,https://data.mendeley.com/public-files/datasets/bwh3zbpkpv/files/b4bc4848-bcea-402c-b9cb-9771c5c15a8a/file_downloaded,https://prod-dcd-datasets-public-files-eu-west-1.s3.eu-west-1.amazonaws.com/da6512b2-7e4e-4720-bc14-4b48da6443a0
streak virus,maize_streak_virus,streak virus508_.jpg,https://data.mendeley.com/public-files/datasets/bwh3zbpkpv/files/54390864-9695-4c20-804d-5ebb901bac7f/file_downloaded,https://prod-dcd-datasets-public-files-eu-west-1.s3.eu-west-1.amazonaws.com/c50a3359-9046-4a07-9c40-abe252e818b5
streak virus,maize_streak_virus,streak virus509_.jpg,https://data.mendeley.com/public-files/datasets/bwh3zbpkpv/files/ac21780a-ac03-41f5-bc04-d349b23017a2/file_downloaded,https://prod-dcd-datasets-public-files-eu-west-1.s3.eu-west-1.amazonaws.com/b9ff2601-4e2e-46a6-a771-0d6ebb3be1c5
streak virus,maize_streak_virus,streak virus50_.jpg,https://data.mendeley.com/public-files/datasets/bwh3zbpkpv/files/a8962344-4262-4c29-8d55-97eededc3168/file_downloaded,https://prod-dcd-datasets-public-files-eu-west-1.s3.eu-west-1.amazonaws.com/77858b59-0019-4dbf-af75-c81e02f2eb32
streak virus,maize_streak_virus,streak virus510_.jpg,https://data.mendeley.com/public-files/datasets/bwh3zbpkpv/files/8ca20077-94f3-45fa-ae09-c2360b5b2044/file_downloaded,https://prod-dcd-datasets-public-files-eu-west-1.s3.eu-west-1.amazonaws.com/d39e941f-06d1-489a-b6e4-fdde1134692e
streak virus,maize_streak_virus,streak virus511_.jpg,https://data.mendeley.com/public-files/datasets/bwh3zbpkpv/files/c910913b-18f4-4225-aa8f-7625c7857746/file_downloaded,https://prod-dcd-datasets-public-files-eu-west-1.s3.eu-west-1.amazonaws.com/4764dd8d-210c-4578-a71c-bc0f1e507b2b
streak virus,maize_streak_virus,streak virus512_.jpg,https://data.mendeley.com/public-files/datasets/bwh3zbpkpv/files/b00c9f82-36ea-4e7c-963f-8c597214198d/file_downloaded,https://prod-dcd-datasets-public-files-eu-west-1.s3.eu-west-1.amazonaws.com/383a3908-d102-49c8-956d-41b018881572
streak virus,maize_streak_virus,streak virus513_.jpg,https://data.mendeley.com/public-files/datasets/bwh3zbpkpv/files/92511a5d-4da9-44d9-bd25-29fec5b40940/file_downloaded,https://prod-dcd-datasets-public-files-eu-west-1.s3.eu-west-1.amazonaws.com/3eddfc8e-1773-4312-890f-468b31e3ee2f
streak virus,maize_streak_virus,streak virus514_.jpg,https://data.mendeley.com/public-files/datasets/bwh3zbpkpv/files/7679e1fc-ab5e-456d-ac64-941810387def/file_downloaded,https://prod-dcd-datasets-public-files-eu-west-1.s3.eu-west-1.amazonaws.com/d950c179-d542-42c7-9add-7ecea8da945a
streak virus,maize_streak_virus,streak virus515_.jpg,https://data.mendeley.com/public-files/datasets/bwh3zbpkpv/files/c92cb52a-0b1f-4b12-b6e4-5dcb8963e3b0/file_downloaded,https://prod-dcd-datasets-public-files-eu-west-1.s3.eu-west-1.amazonaws.com/67da5d6f-6948-444c-9f4d-a4d102e1ffd8
streak virus,maize_streak_virus,streak virus516_.jpg,https://data.mendeley.com/public-files/datasets/bwh3zbpkpv/files/0f788588-6266-4d5e-8c05-d88f3bbbbe34/file_downloaded,https://prod-dcd-datasets-public-files-eu-west-1.s3.eu-west-1.amazonaws.com/5e12d8d3-3a7b-4489-a5f8-e55eec53eb61
streak virus,maize_streak_virus,streak virus517_.jpg,https://data.mendeley.com/public-files/datasets/bwh3zbpkpv/files/7ab7924e-1091-429a-a8ae-63eebec4270c/file_downloaded,https://prod-dcd-datasets-public-files-eu-west-1.s3.eu-west-1.amazonaws.com/ee34a2c8-9385-48df-a250-df3c392a0f27
streak virus,maize_streak_virus,streak virus518_.jpg,https://data.mendeley.com/public-files/datasets/bwh3zbpkpv/files/f8c2a682-5af6-4dec-8bb4-8676c1b39f17/file_downloaded,https://prod-dcd-datasets-public-files-eu-west-1.s3.eu-west-1.amazonaws.com/3d644ff7-c08f-4384-8fbd-bf78a487507e
streak virus,maize_streak_virus,streak virus519_.jpg,https://data.mendeley.com/public-files/datasets/bwh3zbpkpv/files/925914d6-bbdd-411a-a966-7b321f1a74af/file_downloaded,https://prod-dcd-datasets-public-files-eu-west-1.s3.eu-west-1.amazonaws.com/1a3a3580-e2f4-4bca-8569-de0a191bec6f
streak virus,maize_streak_virus,streak virus51_.jpg,https://data.mendeley.com/public-files/datasets/bwh3zbpkpv/files/6a2d99e8-533a-44f0-b875-009325e9cfda/file_downloaded,https://prod-dcd-datasets-public-files-eu-west-1.s3.eu-west-1.amazonaws.com/9aff1798-7030-428e-863f-038e98352fe1
streak virus,maize_streak_virus,streak virus520_.jpg,https://data.mendeley.com/public-files/datasets/bwh3zbpkpv/files/b3fe329b-c550-41c7-b80a-0137dbf517c2/file_downloaded,https://prod-dcd-datasets-public-files-eu-west-1.s3.eu-west-1.amazonaws.com/65a80b55-1877-4a9c-b82f-b8a9c727bea1
streak virus,maize_streak_virus,streak virus521_.jpg,https://data.mendeley.com/public-files/datasets/bwh3zbpkpv/files/fb5dc0c4-1b8a-4515-a2ea-2de874df75af/file_downloaded,https://prod-dcd-datasets-public-files-eu-west-1.s3.eu-west-1.amazonaws.com/904ec7d1-2d56-44e6-8c73-e1b1b08ca961
streak virus,maize_streak_virus,streak virus522_.jpg,https://data.mendeley.com/public-files/datasets/bwh3zbpkpv/files/f69b8b51-e2b3-41c3-bda3-4aa939e83c5d/file_downloaded,https://prod-dcd-datasets-public-files-eu-west-1.s3.eu-west-1.amazonaws.com/c53624b1-6409-4189-ab1d-245c9ccdbd10
streak virus,maize_streak_virus,streak virus523_.jpg,https://data.mendeley.com/public-files/datasets/bwh3zbpkpv/files/40a7dade-5c14-4713-baf7-c4be9e87abad/file_downloaded,https://prod-dcd-datasets-public-files-eu-west-1.s3.eu-west-1.amazonaws.com/b43461d8-a421-4fe6-824b-671aeb0d3969
streak virus,maize_streak_virus,streak virus524_.jpg,https://data.mendeley.com/public-files/datasets/bwh3zbpkpv/files/31c21426-a229-4c4c-9000-e0b12c5a647a/file_downloaded,https://prod-dcd-datasets-public-files-eu-west-1.s3.eu-west-1.amazonaws.com/9911afcc-ed6e-428a-8f0c-469265997ef4
streak virus,maize_streak_virus,streak virus525_.jpg,https://data.mendeley.com/public-files/datasets/bwh3zbpkpv/files/065ded3d-c2d4-403c-bd9d-729f3ff5dcb2/file_downloaded,https://prod-dcd-datasets-public-files-eu-west-1.s3.eu-west-1.amazonaws.com/d6088477-84fb-4628-b81a-c1a90b976c26
streak virus,maize_streak_virus,streak virus526_.jpg,https://data.mendeley.com/public-files/datasets/bwh3zbpkpv/files/e0ce206d-5917-4032-ba16-0cae1d9336fc/file_downloaded,https://prod-dcd-datasets-public-files-eu-west-1.s3.eu-west-1.amazonaws.com/205f944c-3bcb-4e71-96bf-2bc559706839
streak virus,maize_streak_virus,streak virus527_.jpg,https://data.mendeley.com/public-files/datasets/bwh3zbpkpv/files/034c5e2a-f7ee-43c0-8119-6c07008d0c07/file_downloaded,https://prod-dcd-datasets-public-files-eu-west-1.s3.eu-west-1.amazonaws.com/8bbfa633-7168-41be-9d6d-b557909bc2c0
streak virus,maize_streak_virus,streak virus528_.jpg,https://data.mendeley.com/public-files/datasets/bwh3zbpkpv/files/0952abe5-9d55-4046-b4a7-3e70c0c51b44/file_downloaded,https://prod-dcd-datasets-public-files-eu-west-1.s3.eu-west-1.amazonaws.com/3153b689-6051-4235-9ded-38590147cee9
streak virus,maize_streak_virus,streak virus529_.jpg,https://data.mendeley.com/public-files/datasets/bwh3zbpkpv/files/5df778ca-2cb5-442f-8b62-a80f18ee2a9c/file_downloaded,https://prod-dcd-datasets-public-files-eu-west-1.s3.eu-west-1.amazonaws.com/da6b5ecf-1bae-4a90-9e76-4f52ac3a159f
streak virus,maize_streak_virus,streak virus52_.jpg,https://data.mendeley.com/public-files/datasets/bwh3zbpkpv/files/aca48993-9ff0-46cf-9be0-15c9b65052dc/file_downloaded,https://prod-dcd-datasets-public-files-eu-west-1.s3.eu-west-1.amazonaws.com/a3ae9647-e7ee-46d4-bc46-c4c6a4f6de78
streak virus,maize_streak_virus,streak virus530_.jpg,https://data.mendeley.com/public-files/datasets/bwh3zbpkpv/files/62423bc8-dc1d-4ce0-97b3-936605761b58/file_downloaded,https://prod-dcd-datasets-public-files-eu-west-1.s3.eu-west-1.amazonaws.com/40e731d3-0c26-403a-87f1-a71b4ac296df
streak virus,maize_streak_virus,streak virus531_.jpg,https://data.mendeley.com/public-files/datasets/bwh3zbpkpv/files/3c4801f3-533a-45c6-bec3-9c24c63cc779/file_downloaded,https://prod-dcd-datasets-public-files-eu-west-1.s3.eu-west-1.amazonaws.com/f4855c13-928e-48f4-a642-bcff55bd6dd3
streak virus,maize_streak_virus,streak virus532_.jpg,https://data.mendeley.com/public-files/datasets/bwh3zbpkpv/files/180100ba-7bc2-4b7d-8ab1-88ec8bcff908/file_downloaded,https://prod-dcd-datasets-public-files-eu-west-1.s3.eu-west-1.amazonaws.com/4c0e9fb3-a471-4d1c-943a-ec809ddcd85e
streak virus,maize_streak_virus,streak virus533_.jpg,https://data.mendeley.com/public-files/datasets/bwh3zbpkpv/files/7ae61794-326a-4935-b64f-6aa8d63116e4/file_downloaded,https://prod-dcd-datasets-public-files-eu-west-1.s3.eu-west-1.amazonaws.com/27dcdb06-17d7-41c1-9a81-a994248a908b
streak virus,maize_streak_virus,streak virus534_.jpg,https://data.mendeley.com/public-files/datasets/bwh3zbpkpv/files/886660d3-f562-4da0-a70b-633713376ad5/file_downloaded,https://prod-dcd-datasets-public-files-eu-west-1.s3.eu-west-1.amazonaws.com/a3b0cbe8-5cfc-4ea0-8300-b6f9cce16073
streak virus,maize_streak_virus,streak virus535_.jpg,https://data.mendeley.com/public-files/datasets/bwh3zbpkpv/files/c5571617-a292-4012-99bb-d0fbc5a83b79/file_downloaded,https://prod-dcd-datasets-public-files-eu-west-1.s3.eu-west-1.amazonaws.com/e509b17d-3133-4390-9211-58cf92e2df01
streak virus,maize_streak_virus,streak virus536_.jpg,https://data.mendeley.com/public-files/datasets/bwh3zbpkpv/files/59419818-a92a-4cce-998d-bc2e62905227/file_downloaded,https://prod-dcd-datasets-public-files-eu-west-1.s3.eu-west-1.amazonaws.com/f7cfecbd-caa5-4be4-a6d6-e83cba51c9c2
streak virus,maize_streak_virus,streak virus537_.jpg,https://data.mendeley.com/public-files/datasets/bwh3zbpkpv/files/41a8aef3-f515-4677-8ab5-dc9f70ed7423/file_downloaded,https://prod-dcd-datasets-public-files-eu-west-1.s3.eu-west-1.amazonaws.com/5ca4b54d-5ea2-4b5c-856b-2953d6516cfd
streak virus,maize_streak_virus,streak virus538_.jpg,https://data.mendeley.com/public-files/datasets/bwh3zbpkpv/files/3ecaa288-dc6c-4e55-a065-7073f3a1072c/file_downloaded,https://prod-dcd-datasets-public-files-eu-west-1.s3.eu-west-1.amazonaws.com/d8aa445a-cfe0-4538-8457-f1ba6d423252
streak virus,maize_streak_virus,streak virus539_.jpg,https://data.mendeley.com/public-files/datasets/bwh3zbpkpv/files/66c813f6-fe6f-4bfa-be9a-de4250dd003b/file_downloaded,https://prod-dcd-datasets-public-files-eu-west-1.s3.eu-west-1.amazonaws.com/5f09b717-5850-46b6-bd35-d7836c2ce1fa
streak virus,maize_streak_virus,streak virus53_.jpg,https://data.mendeley.com/public-files/datasets/bwh3zbpkpv/files/e695d51f-6e5e-469e-9deb-820a70090206/file_downloaded,https://prod-dcd-datasets-public-files-eu-west-1.s3.eu-west-1.amazonaws.com/93d45488-eb1b-4372-bee9-12605e96c04d
streak virus,maize_streak_virus,streak virus540_.jpg,https://data.mendeley.com/public-files/datasets/bwh3zbpkpv/files/f8de3c22-1f1d-47ff-8a2a-8eaa151fd982/file_downloaded,https://prod-dcd-datasets-public-files-eu-west-1.s3.eu-west-1.amazonaws.com/b1d638d2-5151-46ec-b46f-4cfb80500285
streak virus,maize_streak_virus,streak virus541_.jpg,https://data.mendeley.com/public-files/datasets/bwh3zbpkpv/files/a2dd0515-83b4-49e0-bba0-b908b7b255a7/file_downloaded,https://prod-dcd-datasets-public-files-eu-west-1.s3.eu-west-1.amazonaws.com/b0b49351-ef6d-4a1e-ac4e-02eb8b475f48
streak virus,maize_streak_virus,streak virus542_.jpg,https://data.mendeley.com/public-files/datasets/bwh3zbpkpv/files/e3ef6c87-f70b-4c24-8af3-b61a4d6f8a9c/file_downloaded,https://prod-dcd-datasets-public-files-eu-west-1.s3.eu-west-1.amazonaws.com/634ea3db-3b13-4118-8b56-e7067f9483f3
streak virus,maize_streak_virus,streak virus543_.jpg,https://data.mendeley.com/public-files/datasets/bwh3zbpkpv/files/aeb23bc7-92a5-4775-8728-6b2b5dd8f7ee/file_downloaded,https://prod-dcd-datasets-public-files-eu-west-1.s3.eu-west-1.amazonaws.com/54d97512-f7d4-460c-b3a5-747a63017bd4
streak virus,maize_streak_virus,streak virus544_.jpg,https://data.mendeley.com/public-files/datasets/bwh3zbpkpv/files/2c8919a6-9eae-4f36-82a1-ba9680dc6b20/file_downloaded,https://prod-dcd-datasets-public-files-eu-west-1.s3.eu-west-1.amazonaws.com/2219963a-7e2a-4706-aa58-201502e0a019
streak virus,maize_streak_virus,streak virus545_.jpg,https://data.mendeley.com/public-files/datasets/bwh3zbpkpv/files/b620fa18-e510-423d-97df-de2165475f14/file_downloaded,https://prod-dcd-datasets-public-files-eu-west-1.s3.eu-west-1.amazonaws.com/c91419c9-3a42-4b8d-a72c-358256825a80
streak virus,maize_streak_virus,streak virus546_.jpg,https://data.mendeley.com/public-files/datasets/bwh3zbpkpv/files/a105005a-1a1c-443e-bad8-2613cfcdbc00/file_downloaded,https://prod-dcd-datasets-public-files-eu-west-1.s3.eu-west-1.amazonaws.com/798c2e9f-c07a-40c5-aa1d-4cf57d0993ad
streak virus,maize_streak_virus,streak virus547_.jpg,https://data.mendeley.com/public-files/datasets/bwh3zbpkpv/files/f14aa55c-3bb2-480d-94e3-957be38d57d2/file_downloaded,https://prod-dcd-datasets-public-files-eu-west-1.s3.eu-west-1.amazonaws.com/cbe9bd76-1b14-421e-8b57-a78cbf266fb9
streak virus,maize_streak_virus,streak virus548_.jpg,https://data.mendeley.com/public-files/datasets/bwh3zbpkpv/files/c657c651-22ac-4c21-b319-9036e869d3e5/file_downloaded,https://prod-dcd-datasets-public-files-eu-west-1.s3.eu-west-1.amazonaws.com/04405323-919c-43dc-8991-8077265099fb
streak virus,maize_streak_virus,streak virus549_.jpg,https://data.mendeley.com/public-files/datasets/bwh3zbpkpv/files/85a7b27d-168f-4ddf-9ac3-be08e7f08983/file_downloaded,https://prod-dcd-datasets-public-files-eu-west-1.s3.eu-west-1.amazonaws.com/3e66cdfc-e5bc-4ab6-8641-ccaa31728501
streak virus,maize_streak_virus,streak virus54_.jpg,https://data.mendeley.com/public-files/datasets/bwh3zbpkpv/files/a6e16256-989e-4dad-a10a-9d41322b6fdf/file_downloaded,https://prod-dcd-datasets-public-files-eu-west-1.s3.eu-west-1.amazonaws.com/14153a29-6349-44bd-a55a-929e6dfa673a
streak virus,maize_streak_virus,streak virus550_.jpg,https://data.mendeley.com/public-files/datasets/bwh3zbpkpv/files/b62aa5e6-a44e-4ada-bfdd-8f0a46c9a851/file_downloaded,https://prod-dcd-datasets-public-files-eu-west-1.s3.eu-west-1.amazonaws.com/adc2ea23-833a-41e9-9a0e-4706cb01fe50
streak virus,maize_streak_virus,streak virus551_.jpg,https://data.mendeley.com/public-files/datasets/bwh3zbpkpv/files/068f9616-7b05-43d1-ada2-655a18edca8d/file_downloaded,https://prod-dcd-datasets-public-files-eu-west-1.s3.eu-west-1.amazonaws.com/64addc59-2a3c-4807-988b-082ad2923f34
streak virus,maize_streak_virus,streak virus552_.jpg,https://data.mendeley.com/public-files/datasets/bwh3zbpkpv/files/5d7c3fe6-11f1-4843-b41f-771dab749cb1/file_downloaded,https://prod-dcd-datasets-public-files-eu-west-1.s3.eu-west-1.amazonaws.com/012c45b8-96f1-4934-b08a-41cee88f0ef9
streak virus,maize_streak_virus,streak virus553_.jpg,https://data.mendeley.com/public-files/datasets/bwh3zbpkpv/files/47927b69-c2da-457e-b4d1-accc5b17c74c/file_downloaded,https://prod-dcd-datasets-public-files-eu-west-1.s3.eu-west-1.amazonaws.com/fa0053cc-4994-46d1-9271-5f3d581cfd8f
streak virus,maize_streak_virus,streak virus554_.jpg,https://data.mendeley.com/public-files/datasets/bwh3zbpkpv/files/9903f95c-8671-47b4-8b91-a2efc910dd1b/file_downloaded,https://prod-dcd-datasets-public-files-eu-west-1.s3.eu-west-1.amazonaws.com/3cb87f98-15ef-4463-bbd2-bb5e2ff08270
streak virus,maize_streak_virus,streak virus555_.jpg,https://data.mendeley.com/public-files/datasets/bwh3zbpkpv/files/dd62d8ba-fce4-4af7-b9f8-11e643864449/file_downloaded,https://prod-dcd-datasets-public-files-eu-west-1.s3.eu-west-1.amazonaws.com/0137a5e3-31a4-48b2-89da-1df40d18f5c6
streak virus,maize_streak_virus,streak virus556_.jpg,https://data.mendeley.com/public-files/datasets/bwh3zbpkpv/files/7ec82dd7-f1e6-43f7-899d-910fa1f09731/file_downloaded,https://prod-dcd-datasets-public-files-eu-west-1.s3.eu-west-1.amazonaws.com/17c2f380-89d6-4e12-9af1-3037d5e048aa
streak virus,maize_streak_virus,streak virus557_.jpg,https://data.mendeley.com/public-files/datasets/bwh3zbpkpv/files/2a34b5ad-685c-4974-86a1-0ca65f7d3d59/file_downloaded,https://prod-dcd-datasets-public-files-eu-west-1.s3.eu-west-1.amazonaws.com/f6f02270-2bbc-46af-b6e8-80e0cb118422
streak virus,maize_streak_virus,streak virus558_.jpg,https://data.mendeley.com/public-files/datasets/bwh3zbpkpv/files/a7282a9e-6e0c-4b15-9053-214b496e6d3b/file_downloaded,https://prod-dcd-datasets-public-files-eu-west-1.s3.eu-west-1.amazonaws.com/d9dc086e-3c48-4a75-a48d-d26cd977bf35
streak virus,maize_streak_virus,streak virus559_.jpg,https://data.mendeley.com/public-files/datasets/bwh3zbpkpv/files/b86a003f-724f-4520-bedf-a4a64fa419bd/file_downloaded,https://prod-dcd-datasets-public-files-eu-west-1.s3.eu-west-1.amazonaws.com/c3daaf44-0cec-4253-b068-e08b5b7edcde
streak virus,maize_streak_virus,streak virus55_.jpg,https://data.mendeley.com/public-files/datasets/bwh3zbpkpv/files/02830f56-c6c5-49e7-afc4-6d2e6acb8f4e/file_downloaded,https://prod-dcd-datasets-public-files-eu-west-1.s3.eu-west-1.amazonaws.com/343cf718-d528-45d7-a08a-ec43f477de7b
streak virus,maize_streak_virus,streak virus560_.jpg,https://data.mendeley.com/public-files/datasets/bwh3zbpkpv/files/e4e4f22e-d591-494a-a2ed-ebe2258af59d/file_downloaded,https://prod-dcd-datasets-public-files-eu-west-1.s3.eu-west-1.amazonaws.com/8a0e0ea8-95ad-43c1-8f6d-0f3e27b36916
streak virus,maize_streak_virus,streak virus561_.jpg,https://data.mendeley.com/public-files/datasets/bwh3zbpkpv/files/c18ddbe1-4b44-40e1-8892-00d436c76476/file_downloaded,https://prod-dcd-datasets-public-files-eu-west-1.s3.eu-west-1.amazonaws.com/aa757dcf-54c8-46f0-a6b0-26bb24b97383
streak virus,maize_streak_virus,streak virus562_.jpg,https://data.mendeley.com/public-files/datasets/bwh3zbpkpv/files/1c6fff35-e06e-4026-98f7-15813d840f60/file_downloaded,https://prod-dcd-datasets-public-files-eu-west-1.s3.eu-west-1.amazonaws.com/8dd2f8c0-f411-4db0-ac48-e3fee86551fc
streak virus,maize_streak_virus,streak virus563_.jpg,https://data.mendeley.com/public-files/datasets/bwh3zbpkpv/files/f0a6ea90-e7b6-49f3-88ce-cc6b6da5e9ce/file_downloaded,https://prod-dcd-datasets-public-files-eu-west-1.s3.eu-west-1.amazonaws.com/bef83ca4-8cb1-4073-8d2e-adf826aa65e7
streak virus,maize_streak_virus,streak virus564_.jpg,https://data.mendeley.com/public-files/datasets/bwh3zbpkpv/files/3433e0be-32f8-45ca-b534-8b6442f8b41f/file_downloaded,https://prod-dcd-datasets-public-files-eu-west-1.s3.eu-west-1.amazonaws.com/b4b8e9b7-ba08-4b13-b914-0c9c6bdade22
streak virus,maize_streak_virus,streak virus565_.jpg,https://data.mendeley.com/public-files/datasets/bwh3zbpkpv/files/aab4a372-f848-4f5b-ba22-22066952d9e8/file_downloaded,https://prod-dcd-datasets-public-files-eu-west-1.s3.eu-west-1.amazonaws.com/1846cd95-76fe-4d77-b7bd-349adfd222fc
streak virus,maize_streak_virus,streak virus566_.jpg,https://data.mendeley.com/public-files/datasets/bwh3zbpkpv/files/0169cce5-b266-40e4-a022-e4c30346dee3/file_downloaded,https://prod-dcd-datasets-public-files-eu-west-1.s3.eu-west-1.amazonaws.com/50ab7c81-4ed5-41ce-9f67-e7a70adf7427
streak virus,maize_streak_virus,streak virus567_.jpg,https://data.mendeley.com/public-files/datasets/bwh3zbpkpv/files/c2d85fd0-a15a-4f46-a45c-1912a6dc03b0/file_downloaded,https://prod-dcd-datasets-public-files-eu-west-1.s3.eu-west-1.amazonaws.com/f3229855-9bba-45b0-b949-e74b319857f1
streak virus,maize_streak_virus,streak virus568_.jpg,https://data.mendeley.com/public-files/datasets/bwh3zbpkpv/files/8653747c-e263-4a18-816b-4bea1bbde9fc/file_downloaded,https://prod-dcd-datasets-public-files-eu-west-1.s3.eu-west-1.amazonaws.com/5a7ae168-a594-4a2d-84cd-4aa36814e057
streak virus,maize_streak_virus,streak virus569_.jpg,https://data.mendeley.com/public-files/datasets/bwh3zbpkpv/files/0d314bd8-fd16-4b35-b256-5e3c880fe799/file_downloaded,https://prod-dcd-datasets-public-files-eu-west-1.s3.eu-west-1.amazonaws.com/11b81611-89ab-4f59-bf8f-fcf991aaf5f2
streak virus,maize_streak_virus,streak virus56_.jpg,https://data.mendeley.com/public-files/datasets/bwh3zbpkpv/files/f3c382d9-5615-4eab-b768-686b181a1a89/file_downloaded,https://prod-dcd-datasets-public-files-eu-west-1.s3.eu-west-1.amazonaws.com/746ade93-c6cf-4ad8-8180-606fa490d49d
streak virus,maize_streak_virus,streak virus570_.jpg,https://data.mendeley.com/public-files/datasets/bwh3zbpkpv/files/ff17dab9-51b1-40f1-bebd-102cd4606931/file_downloaded,https://prod-dcd-datasets-public-files-eu-west-1.s3.eu-west-1.amazonaws.com/0d064394-2618-4b83-9f74-9e588cce20ed
streak virus,maize_streak_virus,streak virus571_.jpg,https://data.mendeley.com/public-files/datasets/bwh3zbpkpv/files/9813d3b8-409f-417e-935a-b672cc03cde5/file_downloaded,https://prod-dcd-datasets-public-files-eu-west-1.s3.eu-west-1.amazonaws.com/96225388-c289-4f1a-b1d9-b83eb4de3857
streak virus,maize_streak_virus,streak virus572_.jpg,https://data.mendeley.com/public-files/datasets/bwh3zbpkpv/files/2004a0ec-09f4-4e61-a8a1-670f178a9d04/file_downloaded,https://prod-dcd-datasets-public-files-eu-west-1.s3.eu-west-1.amazonaws.com/1d23061a-96a9-4d6f-9c33-f75218e7c504
streak virus,maize_streak_virus,streak virus573_.jpg,https://data.mendeley.com/public-files/datasets/bwh3zbpkpv/files/a0404860-90e9-4843-953d-e8f3da1708e4/file_downloaded,https://prod-dcd-datasets-public-files-eu-west-1.s3.eu-west-1.amazonaws.com/b483b432-8054-48f3-848e-ce3aab980da4
streak virus,maize_streak_virus,streak virus574_.jpg,https://data.mendeley.com/public-files/datasets/bwh3zbpkpv/files/b43e2e5c-b8cd-4b99-884d-5702294ed7be/file_downloaded,https://prod-dcd-datasets-public-files-eu-west-1.s3.eu-west-1.amazonaws.com/264309ee-352b-4506-8abf-afeeec2056ed
streak virus,maize_streak_virus,streak virus575_.jpg,https://data.mendeley.com/public-files/datasets/bwh3zbpkpv/files/d56a48dd-b791-4ee3-8d6d-5e60b8c1b2c8/file_downloaded,https://prod-dcd-datasets-public-files-eu-west-1.s3.eu-west-1.amazonaws.com/0cdede66-61a4-4d0a-9b87-87f912f98a81
streak virus,maize_streak_virus,streak virus576_.jpg,https://data.mendeley.com/public-files/datasets/bwh3zbpkpv/files/303703fc-8274-46a0-98d4-a439a14b4e76/file_downloaded,https://prod-dcd-datasets-public-files-eu-west-1.s3.eu-west-1.amazonaws.com/801b2b29-b0e6-41e4-a231-b129b1fbd120
streak virus,maize_streak_virus,streak virus577_.jpg,https://data.mendeley.com/public-files/datasets/bwh3zbpkpv/files/fb430367-01ab-4799-ac99-61592196de39/file_downloaded,https://prod-dcd-datasets-public-files-eu-west-1.s3.eu-west-1.amazonaws.com/843c1e27-89d0-40ea-97bc-86249c339a7d
streak virus,maize_streak_virus,streak virus578_.jpg,https://data.mendeley.com/public-files/datasets/bwh3zbpkpv/files/43903dae-91d3-4f74-81ee-2c8f87686ad2/file_downloaded,https://prod-dcd-datasets-public-files-eu-west-1.s3.eu-west-1.amazonaws.com/e1f78749-01f7-4267-8e58-c0cf38c230ba
streak virus,maize_streak_virus,streak virus579_.jpg,https://data.mendeley.com/public-files/datasets/bwh3zbpkpv/files/6bb0bfbc-32f7-4299-9739-d7fe69a72283/file_downloaded,https://prod-dcd-datasets-public-files-eu-west-1.s3.eu-west-1.amazonaws.com/4b02b54c-b8a6-40cb-800f-3d5cc2013699
streak virus,maize_streak_virus,streak virus57_.jpg,https://data.mendeley.com/public-files/datasets/bwh3zbpkpv/files/1197ac3d-0d34-4602-bd7b-d0a9d766db69/file_downloaded,https://prod-dcd-datasets-public-files-eu-west-1.s3.eu-west-1.amazonaws.com/de67799c-dcef-4905-b6a9-994bbabdaa11
streak virus,maize_streak_virus,streak virus580_.jpg,https://data.mendeley.com/public-files/datasets/bwh3zbpkpv/files/03ce1925-8149-44da-aa3c-722e7d656372/file_downloaded,https://prod-dcd-datasets-public-files-eu-west-1.s3.eu-west-1.amazonaws.com/c4e2fa2c-26f3-4ad3-a676-9fe20ef76799
streak virus,maize_streak_virus,streak virus581_.jpg,https://data.mendeley.com/public-files/datasets/bwh3zbpkpv/files/4344a83d-d35b-42c7-bcd8-e9cdd30f9c32/file_downloaded,https://prod-dcd-datasets-public-files-eu-west-1.s3.eu-west-1.amazonaws.com/082b052f-dabf-4f15-98d6-1e385e983397
streak virus,maize_streak_virus,streak virus582_.jpg,https://data.mendeley.com/public-files/datasets/bwh3zbpkpv/files/5adfc64e-17ce-4232-8a69-227ff9d852c0/file_downloaded,https://prod-dcd-datasets-public-files-eu-west-1.s3.eu-west-1.amazonaws.com/c3a746e3-2ca9-4386-936e-f75955857733
streak virus,maize_streak_virus,streak virus583_.jpg,https://data.mendeley.com/public-files/datasets/bwh3zbpkpv/files/bb2ff6f2-d7db-47a8-a134-83f7bed1c6a3/file_downloaded,https://prod-dcd-datasets-public-files-eu-west-1.s3.eu-west-1.amazonaws.com/37bae093-53c5-4fe1-89da-3ac54d7a5eea
streak virus,maize_streak_virus,streak virus584_.jpg,https://data.mendeley.com/public-files/datasets/bwh3zbpkpv/files/639d7483-37fa-420b-ae3a-5ed95676b8b0/file_downloaded,https://prod-dcd-datasets-public-files-eu-west-1.s3.eu-west-1.amazonaws.com/6ab25c5d-4a7d-4f25-9f3f-97c19ca005b1
streak virus,maize_streak_virus,streak virus585_.jpg,https://data.mendeley.com/public-files/datasets/bwh3zbpkpv/files/b078df7e-5fc8-404f-90f0-26df2273749b/file_downloaded,https://prod-dcd-datasets-public-files-eu-west-1.s3.eu-west-1.amazonaws.com/f5002c36-0ba9-4eba-86f0-b93bbfe06d5a
streak virus,maize_streak_virus,streak virus586_.jpg,https://data.mendeley.com/public-files/datasets/bwh3zbpkpv/files/922b7e42-cb0a-43b7-84d5-c2d2d0947a04/file_downloaded,https://prod-dcd-datasets-public-files-eu-west-1.s3.eu-west-1.amazonaws.com/e345c908-b64f-48b9-a2a3-64fd135d581c
streak virus,maize_streak_virus,streak virus587_.jpg,https://data.mendeley.com/public-files/datasets/bwh3zbpkpv/files/c1db47e3-8024-49b3-814c-254080f5f09d/file_downloaded,https://prod-dcd-datasets-public-files-eu-west-1.s3.eu-west-1.amazonaws.com/e23dcf2e-a5b6-439a-9dfb-82247e0fc459
streak virus,maize_streak_virus,streak virus588_.jpg,https://data.mendeley.com/public-files/datasets/bwh3zbpkpv/files/49c05367-3908-46c2-9be7-d3f0be3b675f/file_downloaded,https://prod-dcd-datasets-public-files-eu-west-1.s3.eu-west-1.amazonaws.com/2af325af-7950-4bc8-8757-56abe8bfde5b
streak virus,maize_streak_virus,streak virus589_.jpg,https://data.mendeley.com/public-files/datasets/bwh3zbpkpv/files/37e6e835-6132-42ff-aaca-62c41d213fb5/file_downloaded,https://prod-dcd-datasets-public-files-eu-west-1.s3.eu-west-1.amazonaws.com/982c2e6a-94c8-40d3-97d2-cf649e0f09db
streak virus,maize_streak_virus,streak virus58_.jpg,https://data.mendeley.com/public-files/datasets/bwh3zbpkpv/files/0835a1a7-b03e-4919-b3d7-a3b0e4a8d562/file_downloaded,https://prod-dcd-datasets-public-files-eu-west-1.s3.eu-west-1.amazonaws.com/1b882f9f-303c-4489-9751-cb9c5b109de8
streak virus,maize_streak_virus,streak virus590_.jpg,https://data.mendeley.com/public-files/datasets/bwh3zbpkpv/files/d96ef9ac-a9a2-4882-b3c9-68363ed7a971/file_downloaded,https://prod-dcd-datasets-public-files-eu-west-1.s3.eu-west-1.amazonaws.com/5b01db06-0bb5-4bba-957a-2f93731d2c23
streak virus,maize_streak_virus,streak virus591_.jpg,https://data.mendeley.com/public-files/datasets/bwh3zbpkpv/files/4cece6e7-d5ca-43ae-90e8-daea20e6352a/file_downloaded,https://prod-dcd-datasets-public-files-eu-west-1.s3.eu-west-1.amazonaws.com/ec28d6d3-9122-4565-8053-b0b8a26fc64a
streak virus,maize_streak_virus,streak virus592_.jpg,https://data.mendeley.com/public-files/datasets/bwh3zbpkpv/files/4aed83d9-c9b8-4522-9bea-f0dcd9f38714/file_downloaded,https://prod-dcd-datasets-public-files-eu-west-1.s3.eu-west-1.amazonaws.com/56f98cc3-6d5a-47da-a83c-73aa4ce74b08
streak virus,maize_streak_virus,streak virus593_.jpg,https://data.mendeley.com/public-files/datasets/bwh3zbpkpv/files/3a472e1e-5792-4653-bf03-9e30167b1513/file_downloaded,https://prod-dcd-datasets-public-files-eu-west-1.s3.eu-west-1.amazonaws.com/e80312dd-bdef-4f33-b6d7-414eb16aa32d
streak virus,maize_streak_virus,streak virus594_.jpg,https://data.mendeley.com/public-files/datasets/bwh3zbpkpv/files/49d8649b-245b-40bc-901b-e55b15fd8198/file_downloaded,https://prod-dcd-datasets-public-files-eu-west-1.s3.eu-west-1.amazonaws.com/f45ab771-dc00-4437-b051-ce302fba98d9
streak virus,maize_streak_virus,streak virus595_.jpg,https://data.mendeley.com/public-files/datasets/bwh3zbpkpv/files/e02ddfd8-c1dd-481e-aafe-6c3dff49d91f/file_downloaded,https://prod-dcd-datasets-public-files-eu-west-1.s3.eu-west-1.amazonaws.com/ec107336-8bb2-4ab1-ba9f-9ef5b44ee912
streak virus,maize_streak_virus,streak virus596_.jpg,https://data.mendeley.com/public-files/datasets/bwh3zbpkpv/files/4ba543b5-b6f4-441b-9f60-e83534388377/file_downloaded,https://prod-dcd-datasets-public-files-eu-west-1.s3.eu-west-1.amazonaws.com/e924d6ca-3729-4ed1-a70d-fcf73fc46e58
streak virus,maize_streak_virus,streak virus597_.jpg,https://data.mendeley.com/public-files/datasets/bwh3zbpkpv/files/5fde0539-57c0-4951-9998-a37fefca4e0f/file_downloaded,https://prod-dcd-datasets-public-files-eu-west-1.s3.eu-west-1.amazonaws.com/d7eda6b0-e686-411f-a7ee-58b9d1624c26
streak virus,maize_streak_virus,streak virus598_.jpg,https://data.mendeley.com/public-files/datasets/bwh3zbpkpv/files/a578569a-7f57-4c0e-9612-9e75e3a30d61/file_downloaded,https://prod-dcd-datasets-public-files-eu-west-1.s3.eu-west-1.amazonaws.com/aaa41724-cacd-49e9-9dc6-f404b2903b71
streak virus,maize_streak_virus,streak virus599_.jpg,https://data.mendeley.com/public-files/datasets/bwh3zbpkpv/files/050c5d3f-8609-4c12-ad7a-76dbd2023213/file_downloaded,https://prod-dcd-datasets-public-files-eu-west-1.s3.eu-west-1.amazonaws.com/e45aac44-2d94-4e4e-8c86-1a6a395e83a2
streak virus,maize_streak_virus,streak virus59_.jpg,https://data.mendeley.com/public-files/datasets/bwh3zbpkpv/files/d105c9fa-ebfb-4a05-8da5-477a29be017b/file_downloaded,https://prod-dcd-datasets-public-files-eu-west-1.s3.eu-west-1.amazonaws.com/7f180945-5d03-4e58-8065-f5b4d2ad99b0
streak virus,maize_streak_virus,streak virus5_.jpg,https://data.mendeley.com/public-files/datasets/bwh3zbpkpv/files/cee7752c-1909-4434-aef2-05422d73abaf/file_downloaded,https://prod-dcd-datasets-public-files-eu-west-1.s3.eu-west-1.amazonaws.com/2131e6b3-edb6-4a9f-b163-cd076fec26e0
streak virus,maize_streak_virus,streak virus600_.jpg,https://data.mendeley.com/public-files/datasets/bwh3zbpkpv/files/36be60f1-3e46-44f9-b4c9-653be9759aa7/file_downloaded,https://prod-dcd-datasets-public-files-eu-west-1.s3.eu-west-1.amazonaws.com/cf49bdab-541c-44f5-9ba8-5294001ae01e
streak virus,maize_streak_virus,streak virus601_.jpg,https://data.mendeley.com/public-files/datasets/bwh3zbpkpv/files/c8899a79-b5ff-40cf-bb56-56784d91fd5b/file_downloaded,https://prod-dcd-datasets-public-files-eu-west-1.s3.eu-west-1.amazonaws.com/029f3239-2c28-48f4-9a1b-b771aaf41c0f
streak virus,maize_streak_virus,streak virus602_.jpg,https://data.mendeley.com/public-files/datasets/bwh3zbpkpv/files/5695a862-0195-41c0-a125-874e3ea5f050/file_downloaded,https://prod-dcd-datasets-public-files-eu-west-1.s3.eu-west-1.amazonaws.com/b3793a7c-a54d-42a4-9b05-4c014cd75569
streak virus,maize_streak_virus,streak virus603_.jpg,https://data.mendeley.com/public-files/datasets/bwh3zbpkpv/files/e69e059c-a3f4-4160-9dc3-1d679a2e90c5/file_downloaded,https://prod-dcd-datasets-public-files-eu-west-1.s3.eu-west-1.amazonaws.com/e084e37a-3187-4ced-8852-6603628fcc43
streak virus,maize_streak_virus,streak virus604_.jpg,https://data.mendeley.com/public-files/datasets/bwh3zbpkpv/files/64843780-8bed-4a9f-88d2-6e1553d01074/file_downloaded,https://prod-dcd-datasets-public-files-eu-west-1.s3.eu-west-1.amazonaws.com/78716116-748c-4baf-8bda-a5ebfa928480
streak virus,maize_streak_virus,streak virus605_.jpg,https://data.mendeley.com/public-files/datasets/bwh3zbpkpv/files/46e99e9d-5e36-4e36-97d5-1c8e696be616/file_downloaded,https://prod-dcd-datasets-public-files-eu-west-1.s3.eu-west-1.amazonaws.com/f1581cfe-6111-4e41-afdb-e9444c77b408
streak virus,maize_streak_virus,streak virus606_.jpg,https://data.mendeley.com/public-files/datasets/bwh3zbpkpv/files/d7aa20b2-0e8c-4528-b873-51487daa1d98/file_downloaded,https://prod-dcd-datasets-public-files-eu-west-1.s3.eu-west-1.amazonaws.com/10dde831-33d5-48b7-907f-5c9152baddc5
streak virus,maize_streak_virus,streak virus607_.jpg,https://data.mendeley.com/public-files/datasets/bwh3zbpkpv/files/a617f17f-dea5-4c1f-9a41-f80ccff71008/file_downloaded,https://prod-dcd-datasets-public-files-eu-west-1.s3.eu-west-1.amazonaws.com/9cc7efbb-97d0-4a11-ab02-b4831dd5f3f4
streak virus,maize_streak_virus,streak virus608_.jpg,https://data.mendeley.com/public-files/datasets/bwh3zbpkpv/files/814b1ebf-2a82-4d86-a7a3-55be595dd826/file_downloaded,https://prod-dcd-datasets-public-files-eu-west-1.s3.eu-west-1.amazonaws.com/781e4c71-5381-4597-a954-7ecfc755fc92
streak virus,maize_streak_virus,streak virus609_.jpg,https://data.mendeley.com/public-files/datasets/bwh3zbpkpv/files/f70d0cf2-98c0-4282-b9c6-7d853c69b48b/file_downloaded,https://prod-dcd-datasets-public-files-eu-west-1.s3.eu-west-1.amazonaws.com/f592ac56-3019-493e-af0e-4a99fceed5c3
streak virus,maize_streak_virus,streak virus60_.jpg,https://data.mendeley.com/public-files/datasets/bwh3zbpkpv/files/dfc21108-4003-4fed-b20d-4e7ccea1b4bd/file_downloaded,https://prod-dcd-datasets-public-files-eu-west-1.s3.eu-west-1.amazonaws.com/b9807a24-980e-445a-bce3-c33d9ed1c3e3
streak virus,maize_streak_virus,streak virus610_.jpg,https://data.mendeley.com/public-files/datasets/bwh3zbpkpv/files/fbf0d882-5477-46c6-b732-fa9bab922139/file_downloaded,https://prod-dcd-datasets-public-files-eu-west-1.s3.eu-west-1.amazonaws.com/69a8baad-eb81-464c-9ca7-3e97f4573ed7
streak virus,maize_streak_virus,streak virus611_.jpg,https://data.mendeley.com/public-files/datasets/bwh3zbpkpv/files/362e5f44-45e6-46c7-a56b-a6b1c086016f/file_downloaded,https://prod-dcd-datasets-public-files-eu-west-1.s3.eu-west-1.amazonaws.com/29f227a8-0aa2-49d9-8149-708ea379336f
streak virus,maize_streak_virus,streak virus612_.jpg,https://data.mendeley.com/public-files/datasets/bwh3zbpkpv/files/5954ba19-b030-4a54-85b4-2e32821b06d3/file_downloaded,https://prod-dcd-datasets-public-files-eu-west-1.s3.eu-west-1.amazonaws.com/6cee712e-675f-4a70-a152-c55eb96ebef6
streak virus,maize_streak_virus,streak virus613_.jpg,https://data.mendeley.com/public-files/datasets/bwh3zbpkpv/files/249d915b-d2ea-4c28-bd48-558356b5e4f7/file_downloaded,https://prod-dcd-datasets-public-files-eu-west-1.s3.eu-west-1.amazonaws.com/979b37c5-90e9-45f4-abae-ca2c25296da0
streak virus,maize_streak_virus,streak virus614_.jpg,https://data.mendeley.com/public-files/datasets/bwh3zbpkpv/files/5658d638-a544-4fd5-b757-3af2daad85bf/file_downloaded,https://prod-dcd-datasets-public-files-eu-west-1.s3.eu-west-1.amazonaws.com/98231fb5-c6e5-474a-a9ce-a81f611e6ac7
streak virus,maize_streak_virus,streak virus615_.jpg,https://data.mendeley.com/public-files/datasets/bwh3zbpkpv/files/856d31b0-bce9-4281-b035-1318d22246f8/file_downloaded,https://prod-dcd-datasets-public-files-eu-west-1.s3.eu-west-1.amazonaws.com/68229cd2-c91c-4ad7-9b4c-9b6a40c31f47
streak virus,maize_streak_virus,streak virus616_.jpg,https://data.mendeley.com/public-files/datasets/bwh3zbpkpv/files/436e959a-f1d9-412b-9b27-6fc2bea80011/file_downloaded,https://prod-dcd-datasets-public-files-eu-west-1.s3.eu-west-1.amazonaws.com/34305ca6-095b-42b9-b843-eba9ac533183
streak virus,maize_streak_virus,streak virus617_.jpg,https://data.mendeley.com/public-files/datasets/bwh3zbpkpv/files/ca00ba7a-de09-40c2-ae13-29e4338a6b32/file_downloaded,https://prod-dcd-datasets-public-files-eu-west-1.s3.eu-west-1.amazonaws.com/93c849b2-5c36-4c20-8cdf-33e65c520ba9
streak virus,maize_streak_virus,streak virus618_.jpg,https://data.mendeley.com/public-files/datasets/bwh3zbpkpv/files/161d8bf9-7849-44b5-b7a4-d82c0c39d3f6/file_downloaded,https://prod-dcd-datasets-public-files-eu-west-1.s3.eu-west-1.amazonaws.com/3ddfc2c6-d635-469c-866a-84f11fd4dabc
streak virus,maize_streak_virus,streak virus619_.jpg,https://data.mendeley.com/public-files/datasets/bwh3zbpkpv/files/8b0c4c87-49b3-498d-a17b-a5270b75d1d0/file_downloaded,https://prod-dcd-datasets-public-files-eu-west-1.s3.eu-west-1.amazonaws.com/1ccd6565-f192-4057-a1ce-94ae39b8d666
streak virus,maize_streak_virus,streak virus61_.jpg,https://data.mendeley.com/public-files/datasets/bwh3zbpkpv/files/ff800fad-dc9a-4892-9b33-45ef46a37b68/file_downloaded,https://prod-dcd-datasets-public-files-eu-west-1.s3.eu-west-1.amazonaws.com/9a109630-84fb-46bc-ae77-cbc87d5b54eb
streak virus,maize_streak_virus,streak virus620_.jpg,https://data.mendeley.com/public-files/datasets/bwh3zbpkpv/files/896cc331-c502-4fa7-b262-ea60c22722cb/file_downloaded,https://prod-dcd-datasets-public-files-eu-west-1.s3.eu-west-1.amazonaws.com/666cf5fc-dbf6-4dc9-903f-4b670b37e8a9
streak virus,maize_streak_virus,streak virus621_.jpg,https://data.mendeley.com/public-files/datasets/bwh3zbpkpv/files/a4cb45d3-2299-4789-9f30-cc05ce7d76b8/file_downloaded,https://prod-dcd-datasets-public-files-eu-west-1.s3.eu-west-1.amazonaws.com/172faa86-8b15-4d1a-9d9a-30d09753bfc6
streak virus,maize_streak_virus,streak virus622_.jpg,https://data.mendeley.com/public-files/datasets/bwh3zbpkpv/files/5fe417c3-581d-4756-8df6-3923e579a663/file_downloaded,https://prod-dcd-datasets-public-files-eu-west-1.s3.eu-west-1.amazonaws.com/d0497a01-2dca-4ab5-9374-575bddb9feda
streak virus,maize_streak_virus,streak virus623_.jpg,https://data.mendeley.com/public-files/datasets/bwh3zbpkpv/files/effc58b6-7928-4f2d-b9c2-bf40f262b6e2/file_downloaded,https://prod-dcd-datasets-public-files-eu-west-1.s3.eu-west-1.amazonaws.com/c0e71fba-3679-4678-9d15-714d204dc602
streak virus,maize_streak_virus,streak virus624_.jpg,https://data.mendeley.com/public-files/datasets/bwh3zbpkpv/files/09c8d0e7-0a6e-47c6-92a5-f696520b9e9b/file_downloaded,https://prod-dcd-datasets-public-files-eu-west-1.s3.eu-west-1.amazonaws.com/65f48eb8-6aa8-4963-ada3-83350f17f759
streak virus,maize_streak_virus,streak virus625_.jpg,https://data.mendeley.com/public-files/datasets/bwh3zbpkpv/files/699e3ad9-cee4-452c-ad3e-31300adb9c2c/file_downloaded,https://prod-dcd-datasets-public-files-eu-west-1.s3.eu-west-1.amazonaws.com/2647faae-2b03-45b9-aa48-fe2ff818f50b
streak virus,maize_streak_virus,streak virus626_.jpg,https://data.mendeley.com/public-files/datasets/bwh3zbpkpv/files/c479da69-360c-4b4b-8e8f-840f2f3367b5/file_downloaded,https://prod-dcd-datasets-public-files-eu-west-1.s3.eu-west-1.amazonaws.com/d7caa415-73bf-4cd2-a7ef-b7d1e5c29875
streak virus,maize_streak_virus,streak virus627_.jpg,https://data.mendeley.com/public-files/datasets/bwh3zbpkpv/files/ce5c2d73-a937-43a0-9fef-f63d3208c189/file_downloaded,https://prod-dcd-datasets-public-files-eu-west-1.s3.eu-west-1.amazonaws.com/77f63d39-27b8-4e82-885a-74a98058e996
streak virus,maize_streak_virus,streak virus628_.jpg,https://data.mendeley.com/public-files/datasets/bwh3zbpkpv/files/1517f8f1-bd3f-49df-8136-4f06b93dfff1/file_downloaded,https://prod-dcd-datasets-public-files-eu-west-1.s3.eu-west-1.amazonaws.com/f30897df-83d2-46ae-beb3-0691f06bb1be
streak virus,maize_streak_virus,streak virus629_.jpg,https://data.mendeley.com/public-files/datasets/bwh3zbpkpv/files/b32e2f6f-ca4c-459d-9f9f-71d61e57ca10/file_downloaded,https://prod-dcd-datasets-public-files-eu-west-1.s3.eu-west-1.amazonaws.com/2058629f-2c25-4545-a750-844436ed69e3
streak virus,maize_streak_virus,streak virus62_.jpg,https://data.mendeley.com/public-files/datasets/bwh3zbpkpv/files/49d03e86-bd61-4445-b195-980fa9737c99/file_downloaded,https://prod-dcd-datasets-public-files-eu-west-1.s3.eu-west-1.amazonaws.com/d3baa1c9-58bc-4739-b91e-fd462d9805a4
streak virus,maize_streak_virus,streak virus630_.jpg,https://data.mendeley.com/public-files/datasets/bwh3zbpkpv/files/8b564857-180a-45ff-8c02-20141fdf5106/file_downloaded,https://prod-dcd-datasets-public-files-eu-west-1.s3.eu-west-1.amazonaws.com/4828c1ed-fd2b-4017-97ce-70cf78af3166
streak virus,maize_streak_virus,streak virus631_.jpg,https://data.mendeley.com/public-files/datasets/bwh3zbpkpv/files/a217fcbf-fe71-4ee3-906b-151c42fe9dc7/file_downloaded,https://prod-dcd-datasets-public-files-eu-west-1.s3.eu-west-1.amazonaws.com/b3b66b1d-5f8b-4d8e-b2f9-44a053d99a4c
streak virus,maize_streak_virus,streak virus632_.jpg,https://data.mendeley.com/public-files/datasets/bwh3zbpkpv/files/91d81815-45eb-4eca-9899-d353b241d386/file_downloaded,https://prod-dcd-datasets-public-files-eu-west-1.s3.eu-west-1.amazonaws.com/502bba4a-277f-4136-b04d-62eaf6452150
streak virus,maize_streak_virus,streak virus633_.jpg,https://data.mendeley.com/public-files/datasets/bwh3zbpkpv/files/92532b65-bab7-4a09-b014-9435ad354b99/file_downloaded,https://prod-dcd-datasets-public-files-eu-west-1.s3.eu-west-1.amazonaws.com/6028daa3-209a-4c6b-bfc8-fcf251c65536
streak virus,maize_streak_virus,streak virus634_.jpg,https://data.mendeley.com/public-files/datasets/bwh3zbpkpv/files/0ef45978-3918-4cb4-bcdc-17232533c088/file_downloaded,https://prod-dcd-datasets-public-files-eu-west-1.s3.eu-west-1.amazonaws.com/7a7d146d-cf21-4193-8e71-4d1190f0db21
streak virus,maize_streak_virus,streak virus635_.jpg,https://data.mendeley.com/public-files/datasets/bwh3zbpkpv/files/edef975f-7e06-414b-8c49-bed1aa2b3f7d/file_downloaded,https://prod-dcd-datasets-public-files-eu-west-1.s3.eu-west-1.amazonaws.com/91b1a989-5f20-4a29-a2ef-680d71b2b606
streak virus,maize_streak_virus,streak virus636_.jpg,https://data.mendeley.com/public-files/datasets/bwh3zbpkpv/files/0380646a-1165-4658-911c-3767c0ccc9b2/file_downloaded,https://prod-dcd-datasets-public-files-eu-west-1.s3.eu-west-1.amazonaws.com/b4df8ff0-f07e-4e63-b025-dd09d5f50b82
streak virus,maize_streak_virus,streak virus637_.jpg,https://data.mendeley.com/public-files/datasets/bwh3zbpkpv/files/6d353936-2ab3-4e97-a741-fc33531a026c/file_downloaded,https://prod-dcd-datasets-public-files-eu-west-1.s3.eu-west-1.amazonaws.com/9eba408a-a6ed-4436-baea-b1c8297c48cc
streak virus,maize_streak_virus,streak virus638_.jpg,https://data.mendeley.com/public-files/datasets/bwh3zbpkpv/files/074178a3-6f7d-411d-91db-988eb7be3647/file_downloaded,https://prod-dcd-datasets-public-files-eu-west-1.s3.eu-west-1.amazonaws.com/65959c4c-9cb4-499e-8d99-2a45049ff0e9
streak virus,maize_streak_virus,streak virus639_.jpg,https://data.mendeley.com/public-files/datasets/bwh3zbpkpv/files/6d0946f0-8b6a-4c2a-bee7-56658658ea75/file_downloaded,https://prod-dcd-datasets-public-files-eu-west-1.s3.eu-west-1.amazonaws.com/f91b23a2-0ae2-4826-aa71-0f2b19a7b7b4
streak virus,maize_streak_virus,streak virus63_.jpg,https://data.mendeley.com/public-files/datasets/bwh3zbpkpv/files/1a7fc9a5-6d23-4c10-be8a-3c0748e3f328/file_downloaded,https://prod-dcd-datasets-public-files-eu-west-1.s3.eu-west-1.amazonaws.com/05989bf4-a30f-4fd6-b4e8-1e64d6a5b06a
streak virus,maize_streak_virus,streak virus640_.jpg,https://data.mendeley.com/public-files/datasets/bwh3zbpkpv/files/0f167be4-d47a-4bbf-b4e0-0ac5e62bc347/file_downloaded,https://prod-dcd-datasets-public-files-eu-west-1.s3.eu-west-1.amazonaws.com/f7a8f6eb-b694-4935-82cc-8292ec335fef
streak virus,maize_streak_virus,streak virus641_.jpg,https://data.mendeley.com/public-files/datasets/bwh3zbpkpv/files/832a8626-95c4-4707-b5c5-c7ee071872a5/file_downloaded,https://prod-dcd-datasets-public-files-eu-west-1.s3.eu-west-1.amazonaws.com/eeca7a81-ec9d-472f-9c15-cdedaa753b93
streak virus,maize_streak_virus,streak virus642_.jpg,https://data.mendeley.com/public-files/datasets/bwh3zbpkpv/files/1b265a58-4dba-41d3-b9f6-97c5c4f562c0/file_downloaded,https://prod-dcd-datasets-public-files-eu-west-1.s3.eu-west-1.amazonaws.com/7efbb459-dfac-4f22-bdb1-38a2167c866b
streak virus,maize_streak_virus,streak virus643_.jpg,https://data.mendeley.com/public-files/datasets/bwh3zbpkpv/files/c338b7cf-8995-4a3a-bbcc-5f15332c6435/file_downloaded,https://prod-dcd-datasets-public-files-eu-west-1.s3.eu-west-1.amazonaws.com/91a9893d-4d5b-4ee6-8a32-a3a1eacdaf80
streak virus,maize_streak_virus,streak virus644_.jpg,https://data.mendeley.com/public-files/datasets/bwh3zbpkpv/files/15b51107-1995-4525-8fc2-13553221af73/file_downloaded,https://prod-dcd-datasets-public-files-eu-west-1.s3.eu-west-1.amazonaws.com/d1cab133-943b-4150-8a70-e3593568e00f
streak virus,maize_streak_virus,streak virus645_.jpg,https://data.mendeley.com/public-files/datasets/bwh3zbpkpv/files/88f4c1a9-06eb-4c1b-8a0d-f2033ae691c4/file_downloaded,https://prod-dcd-datasets-public-files-eu-west-1.s3.eu-west-1.amazonaws.com/4212d134-a38d-4259-a778-a813da10c4df
streak virus,maize_streak_virus,streak virus646_.jpg,https://data.mendeley.com/public-files/datasets/bwh3zbpkpv/files/de740ef4-7514-4b4e-9bdf-194aafc4c274/file_downloaded,https://prod-dcd-datasets-public-files-eu-west-1.s3.eu-west-1.amazonaws.com/d6bb9548-43d2-4e82-8ec6-d5d4e95a29ec
streak virus,maize_streak_virus,streak virus647_.jpg,https://data.mendeley.com/public-files/datasets/bwh3zbpkpv/files/72bfdcc3-e0ac-4b58-93e9-8f1604688db7/file_downloaded,https://prod-dcd-datasets-public-files-eu-west-1.s3.eu-west-1.amazonaws.com/ae4ced42-bd24-4855-ace3-db5a3dcef44f
streak virus,maize_streak_virus,streak virus648_.jpg,https://data.mendeley.com/public-files/datasets/bwh3zbpkpv/files/f42f3241-b334-4c69-9c94-37dcdad3481d/file_downloaded,https://prod-dcd-datasets-public-files-eu-west-1.s3.eu-west-1.amazonaws.com/357bb5ac-441f-45d4-890f-f512cdf41f78
streak virus,maize_streak_virus,streak virus649_.jpg,https://data.mendeley.com/public-files/datasets/bwh3zbpkpv/files/0a013f44-6dbb-4d1f-95c9-d7ddcc80a86c/file_downloaded,https://prod-dcd-datasets-public-files-eu-west-1.s3.eu-west-1.amazonaws.com/f7744ad9-04f2-4507-9985-ec072f5ebce0
streak virus,maize_streak_virus,streak virus64_.jpg,https://data.mendeley.com/public-files/datasets/bwh3zbpkpv/files/f1322c36-f14f-4ace-afa0-5a53820d0ebc/file_downloaded,https://prod-dcd-datasets-public-files-eu-west-1.s3.eu-west-1.amazonaws.com/da1dfb90-5c03-4551-aadc-81aada90a494
streak virus,maize_streak_virus,streak virus650_.jpg,https://data.mendeley.com/public-files/datasets/bwh3zbpkpv/files/9bd3b8f0-7e50-40ae-af97-661419da0453/file_downloaded,https://prod-dcd-datasets-public-files-eu-west-1.s3.eu-west-1.amazonaws.com/96378922-36ae-4a96-bb66-a41253122809
streak virus,maize_streak_virus,streak virus651_.jpg,https://data.mendeley.com/public-files/datasets/bwh3zbpkpv/files/742c7997-9049-4fa4-8042-c57c516941f4/file_downloaded,https://prod-dcd-datasets-public-files-eu-west-1.s3.eu-west-1.amazonaws.com/345c7230-d4aa-4e9b-8155-91a2d1e88b40
streak virus,maize_streak_virus,streak virus652_.jpg,https://data.mendeley.com/public-files/datasets/bwh3zbpkpv/files/f58adbcc-30b0-45a4-bbd3-38b222036d73/file_downloaded,https://prod-dcd-datasets-public-files-eu-west-1.s3.eu-west-1.amazonaws.com/43edb675-603f-4a87-b377-a6ce2d47122e
streak virus,maize_streak_virus,streak virus653_.jpg,https://data.mendeley.com/public-files/datasets/bwh3zbpkpv/files/96735baf-59ba-49d2-913f-d7d3f90726de/file_downloaded,https://prod-dcd-datasets-public-files-eu-west-1.s3.eu-west-1.amazonaws.com/58572c8c-4d00-473a-866d-65ae81490904
streak virus,maize_streak_virus,streak virus654_.jpg,https://data.mendeley.com/public-files/datasets/bwh3zbpkpv/files/6a06019b-5f71-4dbb-97f1-89db7ff78e33/file_downloaded,https://prod-dcd-datasets-public-files-eu-west-1.s3.eu-west-1.amazonaws.com/11b31471-036a-4b85-8410-8bd8a5810de3
streak virus,maize_streak_virus,streak virus655_.jpg,https://data.mendeley.com/public-files/datasets/bwh3zbpkpv/files/d9c8bcdc-4d59-433a-aa1d-2db1228c996d/file_downloaded,https://prod-dcd-datasets-public-files-eu-west-1.s3.eu-west-1.amazonaws.com/531b53c4-0b56-47aa-82aa-746d3c66cd19
streak virus,maize_streak_virus,streak virus656_.jpg,https://data.mendeley.com/public-files/datasets/bwh3zbpkpv/files/2a50f2de-e7c1-42af-9c3e-972328520e03/file_downloaded,https://prod-dcd-datasets-public-files-eu-west-1.s3.eu-west-1.amazonaws.com/4252377c-7bf6-4f11-a749-75e460f7fa50
streak virus,maize_streak_virus,streak virus657_.jpg,https://data.mendeley.com/public-files/datasets/bwh3zbpkpv/files/babfc9d3-0893-46ee-b3e8-e4b814c7b48c/file_downloaded,https://prod-dcd-datasets-public-files-eu-west-1.s3.eu-west-1.amazonaws.com/112fd102-971e-4f21-ba48-001f16433fae
streak virus,maize_streak_virus,streak virus658_.jpg,https://data.mendeley.com/public-files/datasets/bwh3zbpkpv/files/33031d88-0389-438d-bec9-f8b508e2848c/file_downloaded,https://prod-dcd-datasets-public-files-eu-west-1.s3.eu-west-1.amazonaws.com/4472074c-c139-468f-8f4a-cd4e8b688eb8
streak virus,maize_streak_virus,streak virus659_.jpg,https://data.mendeley.com/public-files/datasets/bwh3zbpkpv/files/5acc9806-2743-4d49-846f-00317fe2a66b/file_downloaded,https://prod-dcd-datasets-public-files-eu-west-1.s3.eu-west-1.amazonaws.com/6341a932-ca84-4c0d-babf-f2139d901f96
streak virus,maize_streak_virus,streak virus65_.jpg,https://data.mendeley.com/public-files/datasets/bwh3zbpkpv/files/88fd0442-71d0-4d3c-9823-0a68f704956c/file_downloaded,https://prod-dcd-datasets-public-files-eu-west-1.s3.eu-west-1.amazonaws.com/716775c3-2c9c-47d8-b6ba-ee027b3504dc
streak virus,maize_streak_virus,streak virus660_.jpg,https://data.mendeley.com/public-files/datasets/bwh3zbpkpv/files/b9264bc1-6d10-4d8a-93dc-4dd4e782add0/file_downloaded,https://prod-dcd-datasets-public-files-eu-west-1.s3.eu-west-1.amazonaws.com/c44aff17-903f-45ba-8c08-0b291c5600bd
streak virus,maize_streak_virus,streak virus661_.jpg,https://data.mendeley.com/public-files/datasets/bwh3zbpkpv/files/2ae7b6e2-867b-425b-9a88-700aa5a72a20/file_downloaded,https://prod-dcd-datasets-public-files-eu-west-1.s3.eu-west-1.amazonaws.com/341acbcd-b190-483a-b5a2-fd68e7eec575
streak virus,maize_streak_virus,streak virus662_.jpg,https://data.mendeley.com/public-files/datasets/bwh3zbpkpv/files/a4e59e39-5d47-4c35-aa7b-cb8296793763/file_downloaded,https://prod-dcd-datasets-public-files-eu-west-1.s3.eu-west-1.amazonaws.com/17809641-8772-4450-8879-94307b04facd
streak virus,maize_streak_virus,streak virus663_.jpg,https://data.mendeley.com/public-files/datasets/bwh3zbpkpv/files/c615885c-0ef5-4cf2-8358-fa24fffb2003/file_downloaded,https://prod-dcd-datasets-public-files-eu-west-1.s3.eu-west-1.amazonaws.com/f0d337ff-2e78-4102-97fb-d6589ee354f6
streak virus,maize_streak_virus,streak virus664_.jpg,https://data.mendeley.com/public-files/datasets/bwh3zbpkpv/files/73f45ebf-179a-4db4-8211-770894815ba8/file_downloaded,https://prod-dcd-datasets-public-files-eu-west-1.s3.eu-west-1.amazonaws.com/8fade57f-b412-4fa7-b4bc-80923b0981cb
streak virus,maize_streak_virus,streak virus665_.jpg,https://data.mendeley.com/public-files/datasets/bwh3zbpkpv/files/15da9499-2c6b-4f8d-b4b8-c5a90aff1e65/file_downloaded,https://prod-dcd-datasets-public-files-eu-west-1.s3.eu-west-1.amazonaws.com/c52395ca-3f91-4156-93a6-66da892fd31c
streak virus,maize_streak_virus,streak virus666_.jpg,https://data.mendeley.com/public-files/datasets/bwh3zbpkpv/files/fc89fa16-39c2-4b3a-9248-d8b5344a6758/file_downloaded,https://prod-dcd-datasets-public-files-eu-west-1.s3.eu-west-1.amazonaws.com/01d507f9-3c49-4e7d-9559-8f9430dc8603
streak virus,maize_streak_virus,streak virus667_.jpg,https://data.mendeley.com/public-files/datasets/bwh3zbpkpv/files/e1ad798a-31d1-4fc2-9969-c09c705c58b9/file_downloaded,https://prod-dcd-datasets-public-files-eu-west-1.s3.eu-west-1.amazonaws.com/dec7891d-e7de-43bc-ab4a-c1b0fcd9e0a7
streak virus,maize_streak_virus,streak virus668_.jpg,https://data.mendeley.com/public-files/datasets/bwh3zbpkpv/files/b00ba5ee-24ba-4ca0-b765-50379bf085d2/file_downloaded,https://prod-dcd-datasets-public-files-eu-west-1.s3.eu-west-1.amazonaws.com/634d924a-2a39-40f2-8c91-79a67bc3c07f
streak virus,maize_streak_virus,streak virus669_.jpg,https://data.mendeley.com/public-files/datasets/bwh3zbpkpv/files/08ef3940-3646-43dd-9ca2-9be7b883df3e/file_downloaded,https://prod-dcd-datasets-public-files-eu-west-1.s3.eu-west-1.amazonaws.com/7615ccd4-ff73-4c7b-8bb0-c77b57d57f9e
streak virus,maize_streak_virus,streak virus66_.jpg,https://data.mendeley.com/public-files/datasets/bwh3zbpkpv/files/d09577a8-6b1b-495d-8209-12ff42adc718/file_downloaded,https://prod-dcd-datasets-public-files-eu-west-1.s3.eu-west-1.amazonaws.com/74184307-9892-474d-be2a-0a57d951adec
streak virus,maize_streak_virus,streak virus670_.jpg,https://data.mendeley.com/public-files/datasets/bwh3zbpkpv/files/a5cb21fa-f847-4e9e-bafa-95f9a8e90958/file_downloaded,https://prod-dcd-datasets-public-files-eu-west-1.s3.eu-west-1.amazonaws.com/cba456cf-a1dd-4008-aa48-96b4534d2e1a
streak virus,maize_streak_virus,streak virus671_.jpg,https://data.mendeley.com/public-files/datasets/bwh3zbpkpv/files/e69961f7-9108-41ca-8910-77adaafa37dd/file_downloaded,https://prod-dcd-datasets-public-files-eu-west-1.s3.eu-west-1.amazonaws.com/cba910f7-5d4d-442f-b6c2-831062f002a7
streak virus,maize_streak_virus,streak virus672_.jpg,https://data.mendeley.com/public-files/datasets/bwh3zbpkpv/files/6e13f9c5-0aff-41ef-89d3-1151a6bb3348/file_downloaded,https://prod-dcd-datasets-public-files-eu-west-1.s3.eu-west-1.amazonaws.com/4e07f057-e931-4a7b-8621-ebbbe50ce04b
streak virus,maize_streak_virus,streak virus673_.jpg,https://data.mendeley.com/public-files/datasets/bwh3zbpkpv/files/5b220785-00b7-4e9b-b620-cec91481ff76/file_downloaded,https://prod-dcd-datasets-public-files-eu-west-1.s3.eu-west-1.amazonaws.com/27741529-23a4-4b4a-ba1f-300f67380c6c
streak virus,maize_streak_virus,streak virus674_.jpg,https://data.mendeley.com/public-files/datasets/bwh3zbpkpv/files/7584f6c3-dad1-46b8-941d-3f151c7e4e37/file_downloaded,https://prod-dcd-datasets-public-files-eu-west-1.s3.eu-west-1.amazonaws.com/554b4208-4a23-468d-9563-de1cd66fbc06
streak virus,maize_streak_virus,streak virus675_.jpg,https://data.mendeley.com/public-files/datasets/bwh3zbpkpv/files/485c74fa-1798-4736-bdc6-5bb890c8708f/file_downloaded,https://prod-dcd-datasets-public-files-eu-west-1.s3.eu-west-1.amazonaws.com/faa1bec8-2c4d-43d9-853d-2a135c1a25ea
streak virus,maize_streak_virus,streak virus676_.jpg,https://data.mendeley.com/public-files/datasets/bwh3zbpkpv/files/f055483f-79d5-4825-a22f-bb1cc7903b53/file_downloaded,https://prod-dcd-datasets-public-files-eu-west-1.s3.eu-west-1.amazonaws.com/4edfd9de-87cd-411b-a6b6-4c657c6d5370
streak virus,maize_streak_virus,streak virus677_.jpg,https://data.mendeley.com/public-files/datasets/bwh3zbpkpv/files/4966e174-73ce-4cd3-ad5e-5fc4a94c70c3/file_downloaded,https://prod-dcd-datasets-public-files-eu-west-1.s3.eu-west-1.amazonaws.com/63ede7ed-f4e9-469a-b004-feae74cc934b
streak virus,maize_streak_virus,streak virus678_.jpg,https://data.mendeley.com/public-files/datasets/bwh3zbpkpv/files/8daee6c8-5e93-4657-b073-fb0baadba183/file_downloaded,https://prod-dcd-datasets-public-files-eu-west-1.s3.eu-west-1.amazonaws.com/ed0609d0-194f-4518-aee1-324d59733a89
streak virus,maize_streak_virus,streak virus679_.jpg,https://data.mendeley.com/public-files/datasets/bwh3zbpkpv/files/a3da97ea-53a2-460c-ab4b-87af60e97f7c/file_downloaded,https://prod-dcd-datasets-public-files-eu-west-1.s3.eu-west-1.amazonaws.com/5c28aa91-1a5d-4160-a836-88d6071bd096
streak virus,maize_streak_virus,streak virus67_.jpg,https://data.mendeley.com/public-files/datasets/bwh3zbpkpv/files/1dfdde31-ee71-4ec7-b4c6-bc44862a57c9/file_downloaded,https://prod-dcd-datasets-public-files-eu-west-1.s3.eu-west-1.amazonaws.com/9b668502-f381-4e1a-aec9-ecd3b683bf36
streak virus,maize_streak_virus,streak virus680_.jpg,https://data.mendeley.com/public-files/datasets/bwh3zbpkpv/files/275e0739-7cc9-4ef8-b500-1936bc208eba/file_downloaded,https://prod-dcd-datasets-public-files-eu-west-1.s3.eu-west-1.amazonaws.com/7fd40a29-e7de-43de-8c54-4739be22133f
streak virus,maize_streak_virus,streak virus681_.jpg,https://data.mendeley.com/public-files/datasets/bwh3zbpkpv/files/6391f45a-7cbf-4ccc-a089-2e5d527db75c/file_downloaded,https://prod-dcd-datasets-public-files-eu-west-1.s3.eu-west-1.amazonaws.com/3905edc0-2aa4-4fe7-9fe5-7be0ad6e4874
streak virus,maize_streak_virus,streak virus682_.jpg,https://data.mendeley.com/public-files/datasets/bwh3zbpkpv/files/b63d2abc-69a7-40ae-bf26-25f628ae2d0a/file_downloaded,https://prod-dcd-datasets-public-files-eu-west-1.s3.eu-west-1.amazonaws.com/22a2a26b-b29b-4526-adf6-ffe6f0216c62
streak virus,maize_streak_virus,streak virus683_.jpg,https://data.mendeley.com/public-files/datasets/bwh3zbpkpv/files/2ddb1503-63ef-4d3c-96ed-8255326a83c1/file_downloaded,https://prod-dcd-datasets-public-files-eu-west-1.s3.eu-west-1.amazonaws.com/3de49ecf-b167-4871-91d3-fb28c6d4b547
streak virus,maize_streak_virus,streak virus684_.jpg,https://data.mendeley.com/public-files/datasets/bwh3zbpkpv/files/f9633931-322c-412e-b3b4-6af44e5cac4c/file_downloaded,https://prod-dcd-datasets-public-files-eu-west-1.s3.eu-west-1.amazonaws.com/ec18c087-8ace-4cd9-8203-cf86785c5623
streak virus,maize_streak_virus,streak virus685_.jpg,https://data.mendeley.com/public-files/datasets/bwh3zbpkpv/files/2e86fe1f-3889-4d28-b464-553646aaf789/file_downloaded,https://prod-dcd-datasets-public-files-eu-west-1.s3.eu-west-1.amazonaws.com/b77151bc-6ad8-4a9d-88ab-b4e955dffd1c
streak virus,maize_streak_virus,streak virus686_.jpg,https://data.mendeley.com/public-files/datasets/bwh3zbpkpv/files/6d2acb93-bd4c-4a81-bfa1-71f4fe3e7e1d/file_downloaded,https://prod-dcd-datasets-public-files-eu-west-1.s3.eu-west-1.amazonaws.com/b4437ecd-e5b3-4d86-9044-12d13fa61e82
streak virus,maize_streak_virus,streak virus687_.jpg,https://data.mendeley.com/public-files/datasets/bwh3zbpkpv/files/f8041161-9b72-4312-bfd2-47e223c97b67/file_downloaded,https://prod-dcd-datasets-public-files-eu-west-1.s3.eu-west-1.amazonaws.com/c8c45532-ceaa-41fe-a8b9-5eeacf86b50d
streak virus,maize_streak_virus,streak virus688_.jpg,https://data.mendeley.com/public-files/datasets/bwh3zbpkpv/files/34fd2ffb-9716-4566-bac9-f19ef0bf1cb9/file_downloaded,https://prod-dcd-datasets-public-files-eu-west-1.s3.eu-west-1.amazonaws.com/04bb20ea-106e-46e1-84de-06c528398d46
streak virus,maize_streak_virus,streak virus689_.jpg,https://data.mendeley.com/public-files/datasets/bwh3zbpkpv/files/bea8d9e7-3597-4a91-bac1-eb5087c88cfc/file_downloaded,https://prod-dcd-datasets-public-files-eu-west-1.s3.eu-west-1.amazonaws.com/70ca082a-80fd-4167-967e-9cbce0720965
streak virus,maize_streak_virus,streak virus68_.jpg,https://data.mendeley.com/public-files/datasets/bwh3zbpkpv/files/76c7f976-4b31-4557-bc53-8c48a6b031e7/file_downloaded,https://prod-dcd-datasets-public-files-eu-west-1.s3.eu-west-1.amazonaws.com/80bb15a5-8c9d-4c4d-89a9-26e1e6ed0491
streak virus,maize_streak_virus,streak virus690_.jpg,https://data.mendeley.com/public-files/datasets/bwh3zbpkpv/files/e152d57e-bdf0-4d03-9ed4-65737840abe8/file_downloaded,https://prod-dcd-datasets-public-files-eu-west-1.s3.eu-west-1.amazonaws.com/893da490-3946-4c53-859a-695cf62ebcac
streak virus,maize_streak_virus,streak virus691_.jpg,https://data.mendeley.com/public-files/datasets/bwh3zbpkpv/files/410a801a-65dc-4447-b5c4-3fd0c2845cb8/file_downloaded,https://prod-dcd-datasets-public-files-eu-west-1.s3.eu-west-1.amazonaws.com/0353cabf-6035-49ca-8536-6df78d4e6b51
streak virus,maize_streak_virus,streak virus692_.jpg,https://data.mendeley.com/public-files/datasets/bwh3zbpkpv/files/da69d4e1-5b01-4d14-973d-b4b20e288c70/file_downloaded,https://prod-dcd-datasets-public-files-eu-west-1.s3.eu-west-1.amazonaws.com/212dd9f8-a6cc-4b28-a6be-1f50dafb68ab
streak virus,maize_streak_virus,streak virus693_.jpg,https://data.mendeley.com/public-files/datasets/bwh3zbpkpv/files/1f46fd40-cf48-41a7-9dcf-d98687c5c0e4/file_downloaded,https://prod-dcd-datasets-public-files-eu-west-1.s3.eu-west-1.amazonaws.com/0921ba01-a653-46c9-bffa-f50848010eb8
streak virus,maize_streak_virus,streak virus694_.jpg,https://data.mendeley.com/public-files/datasets/bwh3zbpkpv/files/c59e7682-586c-4c03-9ef2-5ecfbb299a5c/file_downloaded,https://prod-dcd-datasets-public-files-eu-west-1.s3.eu-west-1.amazonaws.com/815aafb1-a31a-4625-a1c2-70ced9bc6de8
streak virus,maize_streak_virus,streak virus695_.jpg,https://data.mendeley.com/public-files/datasets/bwh3zbpkpv/files/54012749-f1ab-42de-8ceb-0f44ff4234df/file_downloaded,https://prod-dcd-datasets-public-files-eu-west-1.s3.eu-west-1.amazonaws.com/4da47310-5fdc-4b4e-b948-52634cf64491
streak virus,maize_streak_virus,streak virus696_.jpg,https://data.mendeley.com/public-files/datasets/bwh3zbpkpv/files/fe771f53-87ef-4beb-a1f0-036abc0e7ba0/file_downloaded,https://prod-dcd-datasets-public-files-eu-west-1.s3.eu-west-1.amazonaws.com/2b9f8edb-bffd-46b1-8049-269462b07b60
streak virus,maize_streak_virus,streak virus697_.jpg,https://data.mendeley.com/public-files/datasets/bwh3zbpkpv/files/dc067ba1-34da-46c1-890e-c922b09f2712/file_downloaded,https://prod-dcd-datasets-public-files-eu-west-1.s3.eu-west-1.amazonaws.com/409ba879-73a3-48d1-aff9-071f65e75b12
streak virus,maize_streak_virus,streak virus698_.jpg,https://data.mendeley.com/public-files/datasets/bwh3zbpkpv/files/ef735495-6c6d-4b7a-9048-e7ccd84d1506/file_downloaded,https://prod-dcd-datasets-public-files-eu-west-1.s3.eu-west-1.amazonaws.com/d5b6c1aa-1f4a-4f7c-9a12-e61ad02abe65
streak virus,maize_streak_virus,streak virus699_.jpg,https://data.mendeley.com/public-files/datasets/bwh3zbpkpv/files/fb724004-a4e9-416f-a6c8-13753045edc4/file_downloaded,https://prod-dcd-datasets-public-files-eu-west-1.s3.eu-west-1.amazonaws.com/821ff3b1-2eff-43df-bad7-d207cdf44700
streak virus,maize_streak_virus,streak virus69_.jpg,https://data.mendeley.com/public-files/datasets/bwh3zbpkpv/files/2a040a80-f521-40d4-99c7-771afc644979/file_downloaded,https://prod-dcd-datasets-public-files-eu-west-1.s3.eu-west-1.amazonaws.com/b5151141-d679-449e-ae17-2a0998990018
streak virus,maize_streak_virus,streak virus6_.jpg,https://data.mendeley.com/public-files/datasets/bwh3zbpkpv/files/0c485e83-89e8-4806-8834-c78763977afe/file_downloaded,https://prod-dcd-datasets-public-files-eu-west-1.s3.eu-west-1.amazonaws.com/679663f9-71e3-4dc1-bff0-5d8bd2f43735
streak virus,maize_streak_virus,streak virus700_.jpg,https://data.mendeley.com/public-files/datasets/bwh3zbpkpv/files/126dfd33-8fe6-4939-9b60-7fc7fdc0a6fa/file_downloaded,https://prod-dcd-datasets-public-files-eu-west-1.s3.eu-west-1.amazonaws.com/57215634-814e-4818-84ad-51438a4d8ac3
streak virus,maize_streak_virus,streak virus701_.jpg,https://data.mendeley.com/public-files/datasets/bwh3zbpkpv/files/8419f4e4-5570-4357-a38a-1edbae512c92/file_downloaded,https://prod-dcd-datasets-public-files-eu-west-1.s3.eu-west-1.amazonaws.com/b3250a66-146b-479e-b972-d28b59ad5c0e
streak virus,maize_streak_virus,streak virus702_.jpg,https://data.mendeley.com/public-files/datasets/bwh3zbpkpv/files/1bdb3e43-8c64-48e1-9849-06a484da9e79/file_downloaded,https://prod-dcd-datasets-public-files-eu-west-1.s3.eu-west-1.amazonaws.com/9d94f174-57e7-4083-b703-bff4de64228e
streak virus,maize_streak_virus,streak virus703_.jpg,https://data.mendeley.com/public-files/datasets/bwh3zbpkpv/files/25bf7778-5eb2-4348-b843-2083703b8990/file_downloaded,https://prod-dcd-datasets-public-files-eu-west-1.s3.eu-west-1.amazonaws.com/f497cbea-60d8-4273-9f85-0552605ee4c0
streak virus,maize_streak_virus,streak virus704_.jpg,https://data.mendeley.com/public-files/datasets/bwh3zbpkpv/files/5b352c62-ab6b-4c5b-9df9-338ccedafa8a/file_downloaded,https://prod-dcd-datasets-public-files-eu-west-1.s3.eu-west-1.amazonaws.com/43304521-c383-4fd7-895e-107f70d229c0
streak virus,maize_streak_virus,streak virus705_.jpg,https://data.mendeley.com/public-files/datasets/bwh3zbpkpv/files/decbca2e-b306-49cd-a3e9-2f592c8276a3/file_downloaded,https://prod-dcd-datasets-public-files-eu-west-1.s3.eu-west-1.amazonaws.com/3d8b9699-536b-4854-bd32-83f561982358
streak virus,maize_streak_virus,streak virus706_.jpg,https://data.mendeley.com/public-files/datasets/bwh3zbpkpv/files/2927472a-fc54-4694-952b-87b9df40a2ea/file_downloaded,https://prod-dcd-datasets-public-files-eu-west-1.s3.eu-west-1.amazonaws.com/edc40864-89a3-403e-a679-c7c97aa845c0
streak virus,maize_streak_virus,streak virus707_.jpg,https://data.mendeley.com/public-files/datasets/bwh3zbpkpv/files/52173770-9f14-481d-addd-0a9cb5fe8c88/file_downloaded,https://prod-dcd-datasets-public-files-eu-west-1.s3.eu-west-1.amazonaws.com/1ad898a5-a434-41ca-ae3a-91253ee952fe
streak virus,maize_streak_virus,streak virus708_.jpg,https://data.mendeley.com/public-files/datasets/bwh3zbpkpv/files/75dd9fbc-7ef5-4e24-8658-2840600036b6/file_downloaded,https://prod-dcd-datasets-public-files-eu-west-1.s3.eu-west-1.amazonaws.com/34432e28-3f0e-4701-a4ed-ddede840b301
streak virus,maize_streak_virus,streak virus709_.jpg,https://data.mendeley.com/public-files/datasets/bwh3zbpkpv/files/6c5e9f4f-6fc7-4d76-9027-8ca0a12ba442/file_downloaded,https://prod-dcd-datasets-public-files-eu-west-1.s3.eu-west-1.amazonaws.com/e68d4081-bafe-4744-a521-d24f7d506f67
streak virus,maize_streak_virus,streak virus70_.jpg,https://data.mendeley.com/public-files/datasets/bwh3zbpkpv/files/98911049-63e9-4749-bc0f-fe6c7b17b404/file_downloaded,https://prod-dcd-datasets-public-files-eu-west-1.s3.eu-west-1.amazonaws.com/f35390f6-4b4c-4597-8cb0-f2577445d09e
streak virus,maize_streak_virus,streak virus710_.jpg,https://data.mendeley.com/public-files/datasets/bwh3zbpkpv/files/1985fcfe-de05-45dc-8421-6464c5448be2/file_downloaded,https://prod-dcd-datasets-public-files-eu-west-1.s3.eu-west-1.amazonaws.com/cd75c06a-6ce6-4697-8f07-4ac2405c4336
streak virus,maize_streak_virus,streak virus711_.jpg,https://data.mendeley.com/public-files/datasets/bwh3zbpkpv/files/11770c45-9c6a-4280-b646-b7ffd1963d8f/file_downloaded,https://prod-dcd-datasets-public-files-eu-west-1.s3.eu-west-1.amazonaws.com/7c4ac21c-b659-4e38-85c5-09261a129edc
streak virus,maize_streak_virus,streak virus712_.jpg,https://data.mendeley.com/public-files/datasets/bwh3zbpkpv/files/37ed99cc-21e9-4a32-9fa1-c1046b2ce0fd/file_downloaded,https://prod-dcd-datasets-public-files-eu-west-1.s3.eu-west-1.amazonaws.com/04bfd3b1-0d6a-4354-bcb7-93b8eb43cef6
streak virus,maize_streak_virus,streak virus713_.jpg,https://data.mendeley.com/public-files/datasets/bwh3zbpkpv/files/0e377738-fb9f-4690-a1da-757171e17d38/file_downloaded,https://prod-dcd-datasets-public-files-eu-west-1.s3.eu-west-1.amazonaws.com/650cf7b3-453b-4f01-ba17-94bf5a2d3ede
streak virus,maize_streak_virus,streak virus714_.jpg,https://data.mendeley.com/public-files/datasets/bwh3zbpkpv/files/7836837b-a09a-49f5-8760-cd004e4c9ab7/file_downloaded,https://prod-dcd-datasets-public-files-eu-west-1.s3.eu-west-1.amazonaws.com/598db328-f5f9-40bf-bd6a-261950de058f
streak virus,maize_streak_virus,streak virus715_.jpg,https://data.mendeley.com/public-files/datasets/bwh3zbpkpv/files/8c1fb4e2-2410-4ea3-870e-5f9a7494b6e2/file_downloaded,https://prod-dcd-datasets-public-files-eu-west-1.s3.eu-west-1.amazonaws.com/bb445f35-ccb0-48cc-96c3-2955454af49d
streak virus,maize_streak_virus,streak virus716_.jpg,https://data.mendeley.com/public-files/datasets/bwh3zbpkpv/files/7e3b2afa-0b34-4142-b2af-5626c0d41c61/file_downloaded,https://prod-dcd-datasets-public-files-eu-west-1.s3.eu-west-1.amazonaws.com/d70c3a75-9aee-4eba-8a19-d978f66ce2ec
streak virus,maize_streak_virus,streak virus717_.jpg,https://data.mendeley.com/public-files/datasets/bwh3zbpkpv/files/45ca87aa-9cf9-4a5c-bb75-8a4bff4f4192/file_downloaded,https://prod-dcd-datasets-public-files-eu-west-1.s3.eu-west-1.amazonaws.com/33e93f62-d0eb-44c2-997b-7e534929af21
streak virus,maize_streak_virus,streak virus718_.jpg,https://data.mendeley.com/public-files/datasets/bwh3zbpkpv/files/182881fd-d173-44a0-a702-30e42c996285/file_downloaded,https://prod-dcd-datasets-public-files-eu-west-1.s3.eu-west-1.amazonaws.com/06a0b6da-16a3-4743-8dc1-22bfbf876318
streak virus,maize_streak_virus,streak virus719_.jpg,https://data.mendeley.com/public-files/datasets/bwh3zbpkpv/files/f4f6a074-4b56-40ae-adce-7f6662e12a27/file_downloaded,https://prod-dcd-datasets-public-files-eu-west-1.s3.eu-west-1.amazonaws.com/f822a715-24ec-4a94-a15b-eba84ded1a9b
streak virus,maize_streak_virus,streak virus71_.jpg,https://data.mendeley.com/public-files/datasets/bwh3zbpkpv/files/4443a3f5-1d2e-456f-8ab9-64bcdcdeed69/file_downloaded,https://prod-dcd-datasets-public-files-eu-west-1.s3.eu-west-1.amazonaws.com/3e9bd419-aebb-4c9a-a549-ba85b9216d6c
streak virus,maize_streak_virus,streak virus720_.jpg,https://data.mendeley.com/public-files/datasets/bwh3zbpkpv/files/7abd5230-0cbd-4a9b-8e67-dc840403fec0/file_downloaded,https://prod-dcd-datasets-public-files-eu-west-1.s3.eu-west-1.amazonaws.com/ec4dae17-8f5c-4b69-ba87-34c5e267ba80
streak virus,maize_streak_virus,streak virus721_.jpg,https://data.mendeley.com/public-files/datasets/bwh3zbpkpv/files/e163a963-a720-461e-9c5c-19da219377d9/file_downloaded,https://prod-dcd-datasets-public-files-eu-west-1.s3.eu-west-1.amazonaws.com/70918c0d-4a56-4ad1-a234-15253a3b0aba
streak virus,maize_streak_virus,streak virus722_.jpg,https://data.mendeley.com/public-files/datasets/bwh3zbpkpv/files/571c869a-bd84-478f-b39a-234633af3246/file_downloaded,https://prod-dcd-datasets-public-files-eu-west-1.s3.eu-west-1.amazonaws.com/997379ac-48ea-45db-b82a-030d4fb608eb
streak virus,maize_streak_virus,streak virus723_.jpg,https://data.mendeley.com/public-files/datasets/bwh3zbpkpv/files/d3399b3e-3309-494a-b3c3-0baf0f14f240/file_downloaded,https://prod-dcd-datasets-public-files-eu-west-1.s3.eu-west-1.amazonaws.com/1fe7bb1f-6ff8-430f-a611-a54e6876a01c
streak virus,maize_streak_virus,streak virus724_.jpg,https://data.mendeley.com/public-files/datasets/bwh3zbpkpv/files/de3dfd51-c830-4cc2-a0e6-9e1cf6c70173/file_downloaded,https://prod-dcd-datasets-public-files-eu-west-1.s3.eu-west-1.amazonaws.com/6502406a-b671-4f57-9b21-03aca7693f18
streak virus,maize_streak_virus,streak virus725_.jpg,https://data.mendeley.com/public-files/datasets/bwh3zbpkpv/files/9679e516-c34b-4d18-9908-d01d8e2faf63/file_downloaded,https://prod-dcd-datasets-public-files-eu-west-1.s3.eu-west-1.amazonaws.com/3611e07c-e753-43ac-8c99-ccb11e114c17
streak virus,maize_streak_virus,streak virus726_.jpg,https://data.mendeley.com/public-files/datasets/bwh3zbpkpv/files/572a9885-f19c-4201-937d-e53267ad8106/file_downloaded,https://prod-dcd-datasets-public-files-eu-west-1.s3.eu-west-1.amazonaws.com/27044076-d13a-491d-9407-f4c537da679b
streak virus,maize_streak_virus,streak virus727_.jpg,https://data.mendeley.com/public-files/datasets/bwh3zbpkpv/files/31a847a5-f6e0-4a44-b5cd-19621d91a930/file_downloaded,https://prod-dcd-datasets-public-files-eu-west-1.s3.eu-west-1.amazonaws.com/9ea0a802-5d4b-404a-bf30-2d813cad4ae1
streak virus,maize_streak_virus,streak virus728_.jpg,https://data.mendeley.com/public-files/datasets/bwh3zbpkpv/files/8ac19f11-ed3a-446e-ae3f-1f956b151a8a/file_downloaded,https://prod-dcd-datasets-public-files-eu-west-1.s3.eu-west-1.amazonaws.com/c1c3a07c-66f5-4c05-9d43-fc4fc038498c
streak virus,maize_streak_virus,streak virus729_.jpg,https://data.mendeley.com/public-files/datasets/bwh3zbpkpv/files/79b3ef1e-a601-41d9-9d80-713f1c097247/file_downloaded,https://prod-dcd-datasets-public-files-eu-west-1.s3.eu-west-1.amazonaws.com/b512a1a6-3114-4f20-b014-ebea2368e2dc
streak virus,maize_streak_virus,streak virus72_.jpg,https://data.mendeley.com/public-files/datasets/bwh3zbpkpv/files/5b37a741-5f86-4992-8cc2-2d509337ece7/file_downloaded,https://prod-dcd-datasets-public-files-eu-west-1.s3.eu-west-1.amazonaws.com/7359a62d-b02c-4772-8feb-f7225cfeaff5
streak virus,maize_streak_virus,streak virus730_.jpg,https://data.mendeley.com/public-files/datasets/bwh3zbpkpv/files/ec8036ca-fb59-4583-83c9-9f54d83cfec9/file_downloaded,https://prod-dcd-datasets-public-files-eu-west-1.s3.eu-west-1.amazonaws.com/05f86ab5-74de-4e78-ae84-ca147a9630dc
streak virus,maize_streak_virus,streak virus731_.jpg,https://data.mendeley.com/public-files/datasets/bwh3zbpkpv/files/aa9fb3ec-46f6-4845-9cf5-8ff9931ac68e/file_downloaded,https://prod-dcd-datasets-public-files-eu-west-1.s3.eu-west-1.amazonaws.com/16e839e5-f620-4322-8a6d-46dc4fcad29f
streak virus,maize_streak_virus,streak virus732_.jpg,https://data.mendeley.com/public-files/datasets/bwh3zbpkpv/files/996df711-1105-444e-8c10-52675631bdd7/file_downloaded,https://prod-dcd-datasets-public-files-eu-west-1.s3.eu-west-1.amazonaws.com/0deee307-3ccd-4b1d-b270-926c5f84bcd0
streak virus,maize_streak_virus,streak virus733_.jpg,https://data.mendeley.com/public-files/datasets/bwh3zbpkpv/files/5e90d9b7-0288-4f81-8210-c4881ed1e23e/file_downloaded,https://prod-dcd-datasets-public-files-eu-west-1.s3.eu-west-1.amazonaws.com/a6249b38-6257-4905-a594-5c0588d5065d
streak virus,maize_streak_virus,streak virus734_.jpg,https://data.mendeley.com/public-files/datasets/bwh3zbpkpv/files/03c2abc4-f604-49f8-b6f7-9c38a57aa395/file_downloaded,https://prod-dcd-datasets-public-files-eu-west-1.s3.eu-west-1.amazonaws.com/d595d6ee-1528-4507-8fc6-394a32e0d9e9
streak virus,maize_streak_virus,streak virus735_.jpg,https://data.mendeley.com/public-files/datasets/bwh3zbpkpv/files/365a4c73-a7b4-4c43-8b3d-09722bf9f133/file_downloaded,https://prod-dcd-datasets-public-files-eu-west-1.s3.eu-west-1.amazonaws.com/9fcb61a5-6b0e-42c8-b367-9911143cfca1
streak virus,maize_streak_virus,streak virus736_.jpg,https://data.mendeley.com/public-files/datasets/bwh3zbpkpv/files/0e03fa99-006b-4526-85f6-cfe9c8feff81/file_downloaded,https://prod-dcd-datasets-public-files-eu-west-1.s3.eu-west-1.amazonaws.com/fbd4ad0d-b558-422f-afb4-84ee36f5af4b
streak virus,maize_streak_virus,streak virus737_.jpg,https://data.mendeley.com/public-files/datasets/bwh3zbpkpv/files/726fb0e5-c6c6-4ccd-b83f-9c7cbb6a5ab1/file_downloaded,https://prod-dcd-datasets-public-files-eu-west-1.s3.eu-west-1.amazonaws.com/afcffc6c-952c-428f-98e9-d810bdabc838
streak virus,maize_streak_virus,streak virus738_.jpg,https://data.mendeley.com/public-files/datasets/bwh3zbpkpv/files/760bc03b-98e7-4e93-a2fb-00c096cd904c/file_downloaded,https://prod-dcd-datasets-public-files-eu-west-1.s3.eu-west-1.amazonaws.com/d2c6ce6f-9ece-45b0-9032-93568ab3d32f
streak virus,maize_streak_virus,streak virus739_.jpg,https://data.mendeley.com/public-files/datasets/bwh3zbpkpv/files/d876442d-d155-44cd-ab60-1539df92a64b/file_downloaded,https://prod-dcd-datasets-public-files-eu-west-1.s3.eu-west-1.amazonaws.com/8f8df7ab-0d7b-4b5a-a42f-d346677675cf
streak virus,maize_streak_virus,streak virus73_.jpg,https://data.mendeley.com/public-files/datasets/bwh3zbpkpv/files/4f16741b-2a05-41bb-b7ed-2090c504e9d2/file_downloaded,https://prod-dcd-datasets-public-files-eu-west-1.s3.eu-west-1.amazonaws.com/831c72d1-e0d6-45a2-ae10-9165c37ec91c
streak virus,maize_streak_virus,streak virus740_.jpg,https://data.mendeley.com/public-files/datasets/bwh3zbpkpv/files/b30c668a-621b-4981-afa4-599246daa19b/file_downloaded,https://prod-dcd-datasets-public-files-eu-west-1.s3.eu-west-1.amazonaws.com/95fc8552-4672-486c-97a0-a005d55f06b3
streak virus,maize_streak_virus,streak virus741_.jpg,https://data.mendeley.com/public-files/datasets/bwh3zbpkpv/files/efeb22b4-873d-41ab-9ea5-d033653dec59/file_downloaded,https://prod-dcd-datasets-public-files-eu-west-1.s3.eu-west-1.amazonaws.com/b94cf03b-b681-4cdd-8048-96629b5a92ff
streak virus,maize_streak_virus,streak virus742_.jpg,https://data.mendeley.com/public-files/datasets/bwh3zbpkpv/files/aca8df93-b89b-4e06-94b5-ee420bbb19e5/file_downloaded,https://prod-dcd-datasets-public-files-eu-west-1.s3.eu-west-1.amazonaws.com/70eb38bb-70ee-4256-9fa6-1758848779a1
streak virus,maize_streak_virus,streak virus743_.jpg,https://data.mendeley.com/public-files/datasets/bwh3zbpkpv/files/52e1667f-44e6-48c9-866b-5e63590da7f7/file_downloaded,https://prod-dcd-datasets-public-files-eu-west-1.s3.eu-west-1.amazonaws.com/8363d466-fc5e-4583-b8f1-6c703229a33a
streak virus,maize_streak_virus,streak virus744_.jpg,https://data.mendeley.com/public-files/datasets/bwh3zbpkpv/files/b9b2789f-6ce1-4344-bba9-955e7db8b3a0/file_downloaded,https://prod-dcd-datasets-public-files-eu-west-1.s3.eu-west-1.amazonaws.com/8a03576b-b34e-41e8-ab81-c4dbc358393a
streak virus,maize_streak_virus,streak virus745_.jpg,https://data.mendeley.com/public-files/datasets/bwh3zbpkpv/files/ed88389e-e61c-46a9-8770-1a728334808a/file_downloaded,https://prod-dcd-datasets-public-files-eu-west-1.s3.eu-west-1.amazonaws.com/96c34608-7590-45fe-b1b9-559530238048
streak virus,maize_streak_virus,streak virus746_.jpg,https://data.mendeley.com/public-files/datasets/bwh3zbpkpv/files/d32d36d9-33f7-4f0b-9434-51ad244786ac/file_downloaded,https://prod-dcd-datasets-public-files-eu-west-1.s3.eu-west-1.amazonaws.com/f20fb3ff-87a4-4996-89ff-4d110464cee1
streak virus,maize_streak_virus,streak virus747_.jpg,https://data.mendeley.com/public-files/datasets/bwh3zbpkpv/files/78884076-7885-4793-ae46-5e4d5a8845eb/file_downloaded,https://prod-dcd-datasets-public-files-eu-west-1.s3.eu-west-1.amazonaws.com/8e4f3d64-6069-47c1-9b40-6bd59501a763
streak virus,maize_streak_virus,streak virus748_.jpg,https://data.mendeley.com/public-files/datasets/bwh3zbpkpv/files/cae5655a-9f6a-4a69-b106-9acf1cb528ac/file_downloaded,https://prod-dcd-datasets-public-files-eu-west-1.s3.eu-west-1.amazonaws.com/70109e09-4464-4a89-8c1a-250482c5b5f0
streak virus,maize_streak_virus,streak virus749_.jpg,https://data.mendeley.com/public-files/datasets/bwh3zbpkpv/files/f652d7f6-a083-4c91-9ff1-2e1e6e079996/file_downloaded,https://prod-dcd-datasets-public-files-eu-west-1.s3.eu-west-1.amazonaws.com/718906a5-2b40-4ce2-bb78-0f0cacd69451
streak virus,maize_streak_virus,streak virus74_.jpg,https://data.mendeley.com/public-files/datasets/bwh3zbpkpv/files/7394b66d-b3a9-43ac-a416-9ca270a18fce/file_downloaded,https://prod-dcd-datasets-public-files-eu-west-1.s3.eu-west-1.amazonaws.com/2daa5687-a71c-405b-8957-3e99ea1981b0
streak virus,maize_streak_virus,streak virus750_.jpg,https://data.mendeley.com/public-files/datasets/bwh3zbpkpv/files/ac227c39-1c45-453e-8322-3e35cdaa59fd/file_downloaded,https://prod-dcd-datasets-public-files-eu-west-1.s3.eu-west-1.amazonaws.com/1b91b9d3-f7ec-4db5-8f53-bc05b8dfdc0e
streak virus,maize_streak_virus,streak virus751_.jpg,https://data.mendeley.com/public-files/datasets/bwh3zbpkpv/files/6fe98b33-4bbf-4fe1-99bb-ad5d21424cbc/file_downloaded,https://prod-dcd-datasets-public-files-eu-west-1.s3.eu-west-1.amazonaws.com/28d52a94-dd75-49f8-a41e-b6ddd6a01b36
streak virus,maize_streak_virus,streak virus752_.jpg,https://data.mendeley.com/public-files/datasets/bwh3zbpkpv/files/1ec7b618-4b2a-4c25-82a0-1264b9136498/file_downloaded,https://prod-dcd-datasets-public-files-eu-west-1.s3.eu-west-1.amazonaws.com/8586307c-719e-421a-8313-35cfe96aec04
streak virus,maize_streak_virus,streak virus753_.jpg,https://data.mendeley.com/public-files/datasets/bwh3zbpkpv/files/eebd1451-2190-4d7e-87bd-19b666db0ac9/file_downloaded,https://prod-dcd-datasets-public-files-eu-west-1.s3.eu-west-1.amazonaws.com/266aff81-69ff-43da-95bc-7ab7bf9272a5
streak virus,maize_streak_virus,streak virus754_.jpg,https://data.mendeley.com/public-files/datasets/bwh3zbpkpv/files/a84205ef-aa81-4d1e-b0b5-d54cce8eba33/file_downloaded,https://prod-dcd-datasets-public-files-eu-west-1.s3.eu-west-1.amazonaws.com/c413a800-e146-47c9-866d-d020f482fc26
streak virus,maize_streak_virus,streak virus755_.jpg,https://data.mendeley.com/public-files/datasets/bwh3zbpkpv/files/9d752a73-8b5b-4699-bf0c-efd4b27db106/file_downloaded,https://prod-dcd-datasets-public-files-eu-west-1.s3.eu-west-1.amazonaws.com/ae7bfbb7-6e75-4d28-9037-a3ad0653981b
streak virus,maize_streak_virus,streak virus756_.jpg,https://data.mendeley.com/public-files/datasets/bwh3zbpkpv/files/495892fa-e897-4938-b95d-3dbb7e45eb6c/file_downloaded,https://prod-dcd-datasets-public-files-eu-west-1.s3.eu-west-1.amazonaws.com/b8381b9b-f25a-44a3-8ee3-9a1369b6b075
streak virus,maize_streak_virus,streak virus757_.jpg,https://data.mendeley.com/public-files/datasets/bwh3zbpkpv/files/f736ef3d-390d-4f44-99b1-4b4f1bf907f0/file_downloaded,https://prod-dcd-datasets-public-files-eu-west-1.s3.eu-west-1.amazonaws.com/2150a194-c259-4eb9-b642-4c73bfb2edfa
streak virus,maize_streak_virus,streak virus758_.jpg,https://data.mendeley.com/public-files/datasets/bwh3zbpkpv/files/f6bf2986-7654-499a-b8b1-486910e425ec/file_downloaded,https://prod-dcd-datasets-public-files-eu-west-1.s3.eu-west-1.amazonaws.com/0142d61f-c9a9-480b-ab87-4d30d9017db2
streak virus,maize_streak_virus,streak virus759_.jpg,https://data.mendeley.com/public-files/datasets/bwh3zbpkpv/files/e5b16415-ed5b-4dd0-8c86-f84ce3c515c9/file_downloaded,https://prod-dcd-datasets-public-files-eu-west-1.s3.eu-west-1.amazonaws.com/caa717ba-b9e4-4b65-83c3-55427fe52bf7
streak virus,maize_streak_virus,streak virus75_.jpg,https://data.mendeley.com/public-files/datasets/bwh3zbpkpv/files/7cabe640-13e5-436e-8ec5-5329e94f7be6/file_downloaded,https://prod-dcd-datasets-public-files-eu-west-1.s3.eu-west-1.amazonaws.com/eb424d55-c69d-4608-aea7-62d71b05ab06
streak virus,maize_streak_virus,streak virus760_.jpg,https://data.mendeley.com/public-files/datasets/bwh3zbpkpv/files/6b4731f0-04ff-42bd-8bd7-c19d324e8765/file_downloaded,https://prod-dcd-datasets-public-files-eu-west-1.s3.eu-west-1.amazonaws.com/d6a38b24-e136-4099-9b5c-fa8807c8a0f6
streak virus,maize_streak_virus,streak virus761_.jpg,https://data.mendeley.com/public-files/datasets/bwh3zbpkpv/files/97bed4aa-70d2-424a-abe0-dec1eac43b62/file_downloaded,https://prod-dcd-datasets-public-files-eu-west-1.s3.eu-west-1.amazonaws.com/9040f67c-007c-4665-aac1-85f7b62f789b
streak virus,maize_streak_virus,streak virus762_.jpg,https://data.mendeley.com/public-files/datasets/bwh3zbpkpv/files/3e8628d1-3540-4e11-83be-b3ba74f51f69/file_downloaded,https://prod-dcd-datasets-public-files-eu-west-1.s3.eu-west-1.amazonaws.com/72f0a477-1e2f-4567-b319-d247625208d3
streak virus,maize_streak_virus,streak virus763_.jpg,https://data.mendeley.com/public-files/datasets/bwh3zbpkpv/files/d65e5a52-320d-4ab5-aeb9-fed95f723374/file_downloaded,https://prod-dcd-datasets-public-files-eu-west-1.s3.eu-west-1.amazonaws.com/a515c486-13aa-433d-8f2f-5c76026e7d24
streak virus,maize_streak_virus,streak virus764_.jpg,https://data.mendeley.com/public-files/datasets/bwh3zbpkpv/files/f2d11ae4-71e7-47c1-a7aa-dccc9bb46b52/file_downloaded,https://prod-dcd-datasets-public-files-eu-west-1.s3.eu-west-1.amazonaws.com/ec2bc561-b1ce-48c4-9fa8-2d2bb059ae49
streak virus,maize_streak_virus,streak virus765_.jpg,https://data.mendeley.com/public-files/datasets/bwh3zbpkpv/files/8e6f66bd-1266-4e8a-8a05-76537223e98e/file_downloaded,https://prod-dcd-datasets-public-files-eu-west-1.s3.eu-west-1.amazonaws.com/122a6c54-9d6f-4821-a475-7898b6503fa0
streak virus,maize_streak_virus,streak virus766_.jpg,https://data.mendeley.com/public-files/datasets/bwh3zbpkpv/files/6a4edb2d-9929-43c2-9734-45b57ab5df5c/file_downloaded,https://prod-dcd-datasets-public-files-eu-west-1.s3.eu-west-1.amazonaws.com/4861986c-0ff2-4da6-a76d-f5b4282e70d7
streak virus,maize_streak_virus,streak virus767_.jpg,https://data.mendeley.com/public-files/datasets/bwh3zbpkpv/files/f9d78dc8-80e9-4378-884a-788ba0e0f4e0/file_downloaded,https://prod-dcd-datasets-public-files-eu-west-1.s3.eu-west-1.amazonaws.com/b13067cb-4e21-412f-88fc-bf50a306faec
streak virus,maize_streak_virus,streak virus768_.jpg,https://data.mendeley.com/public-files/datasets/bwh3zbpkpv/files/caaad656-cef4-42ae-8117-51f0329e5d64/file_downloaded,https://prod-dcd-datasets-public-files-eu-west-1.s3.eu-west-1.amazonaws.com/a332d3d3-1eb3-4573-a8d6-5ceb23ca51c4
streak virus,maize_streak_virus,streak virus769_.jpg,https://data.mendeley.com/public-files/datasets/bwh3zbpkpv/files/15a3099a-ca05-44d8-974f-bccaaef0f695/file_downloaded,https://prod-dcd-datasets-public-files-eu-west-1.s3.eu-west-1.amazonaws.com/d88d4878-4740-427f-b4da-5dab32e03713
streak virus,maize_streak_virus,streak virus76_.jpg,https://data.mendeley.com/public-files/datasets/bwh3zbpkpv/files/277b97f4-c76c-48a4-a559-c8ff2c4b6471/file_downloaded,https://prod-dcd-datasets-public-files-eu-west-1.s3.eu-west-1.amazonaws.com/4e5e8a95-935b-451a-8a0c-e15def5f076d
streak virus,maize_streak_virus,streak virus770_.jpg,https://data.mendeley.com/public-files/datasets/bwh3zbpkpv/files/740848dc-2dde-43d9-871a-eefe90bb66f2/file_downloaded,https://prod-dcd-datasets-public-files-eu-west-1.s3.eu-west-1.amazonaws.com/05fae9b8-ef71-48ae-b67f-f15311dd25de
streak virus,maize_streak_virus,streak virus771_.jpg,https://data.mendeley.com/public-files/datasets/bwh3zbpkpv/files/39429cc7-e0f1-4260-8c54-c4494f4ef400/file_downloaded,https://prod-dcd-datasets-public-files-eu-west-1.s3.eu-west-1.amazonaws.com/60852a9d-372c-4587-a3b8-e950f5fd0825
streak virus,maize_streak_virus,streak virus772_.jpg,https://data.mendeley.com/public-files/datasets/bwh3zbpkpv/files/a2a6845f-0811-4736-8631-a80759c39b9d/file_downloaded,https://prod-dcd-datasets-public-files-eu-west-1.s3.eu-west-1.amazonaws.com/bfdf167d-9698-424b-9b14-8edaf5ae7234
streak virus,maize_streak_virus,streak virus773_.jpg,https://data.mendeley.com/public-files/datasets/bwh3zbpkpv/files/6038d173-83d6-40e7-bf94-0a0dd65af66c/file_downloaded,https://prod-dcd-datasets-public-files-eu-west-1.s3.eu-west-1.amazonaws.com/365fe6ee-f5e7-4b51-8119-67991a87f8ee
streak virus,maize_streak_virus,streak virus774_.jpg,https://data.mendeley.com/public-files/datasets/bwh3zbpkpv/files/36174fa6-5df8-4348-a760-7a72ed23f23b/file_downloaded,https://prod-dcd-datasets-public-files-eu-west-1.s3.eu-west-1.amazonaws.com/cf7f0098-f097-4a2c-ba97-aa60d9bcc5bf
streak virus,maize_streak_virus,streak virus775_.jpg,https://data.mendeley.com/public-files/datasets/bwh3zbpkpv/files/c9e40e41-4ef2-49fa-9fc9-471a3fd0a712/file_downloaded,https://prod-dcd-datasets-public-files-eu-west-1.s3.eu-west-1.amazonaws.com/de071b31-08a3-40eb-8d5a-9283c92438ff
streak virus,maize_streak_virus,streak virus776_.jpg,https://data.mendeley.com/public-files/datasets/bwh3zbpkpv/files/481f1518-bb2e-4562-8f05-f01a7968cad5/file_downloaded,https://prod-dcd-datasets-public-files-eu-west-1.s3.eu-west-1.amazonaws.com/c0879b68-9d20-4860-94f7-d3f73288f4d3
streak virus,maize_streak_virus,streak virus777_.jpg,https://data.mendeley.com/public-files/datasets/bwh3zbpkpv/files/f6089fbb-8593-4dff-b919-6e23bd7b0309/file_downloaded,https://prod-dcd-datasets-public-files-eu-west-1.s3.eu-west-1.amazonaws.com/c8e5d895-ac9d-4208-ae7d-281d97d8cf25
streak virus,maize_streak_virus,streak virus778_.jpg,https://data.mendeley.com/public-files/datasets/bwh3zbpkpv/files/2d503a1d-71bd-45ee-ab00-b1a971b8da20/file_downloaded,https://prod-dcd-datasets-public-files-eu-west-1.s3.eu-west-1.amazonaws.com/324d5d57-3ae7-45f5-868c-65d0829253aa
streak virus,maize_streak_virus,streak virus779_.jpg,https://data.mendeley.com/public-files/datasets/bwh3zbpkpv/files/81c50f7f-4bec-4936-b9bd-893cb3034ae4/file_downloaded,https://prod-dcd-datasets-public-files-eu-west-1.s3.eu-west-1.amazonaws.com/3510dab6-55e1-478e-9fdc-aee3395105fc
streak virus,maize_streak_virus,streak virus77_.jpg,https://data.mendeley.com/public-files/datasets/bwh3zbpkpv/files/89929048-dfc1-4bab-be7f-7feef46652ae/file_downloaded,https://prod-dcd-datasets-public-files-eu-west-1.s3.eu-west-1.amazonaws.com/751424bc-f9f4-40dd-8849-c47fe2b99a14
streak virus,maize_streak_virus,streak virus780_.jpg,https://data.mendeley.com/public-files/datasets/bwh3zbpkpv/files/7d84d955-5165-48ca-bb7a-0a1cdc2dd2d9/file_downloaded,https://prod-dcd-datasets-public-files-eu-west-1.s3.eu-west-1.amazonaws.com/fbf7b949-3ad8-462d-b9d7-3f3633ee3aeb
streak virus,maize_streak_virus,streak virus781_.jpg,https://data.mendeley.com/public-files/datasets/bwh3zbpkpv/files/225fa11d-541e-47f5-a9d0-653eab500ab6/file_downloaded,https://prod-dcd-datasets-public-files-eu-west-1.s3.eu-west-1.amazonaws.com/b89703f6-af08-4337-bf30-9dff26978e8a
streak virus,maize_streak_virus,streak virus782_.jpg,https://data.mendeley.com/public-files/datasets/bwh3zbpkpv/files/f929ca56-b505-4ae9-9a15-e6bd4fb26cf9/file_downloaded,https://prod-dcd-datasets-public-files-eu-west-1.s3.eu-west-1.amazonaws.com/0ddb6876-9019-474b-bfe3-2bb8bd81d354
streak virus,maize_streak_virus,streak virus783_.jpg,https://data.mendeley.com/public-files/datasets/bwh3zbpkpv/files/ae176f1c-1a90-4b07-9994-ea18a3a84a9d/file_downloaded,https://prod-dcd-datasets-public-files-eu-west-1.s3.eu-west-1.amazonaws.com/8577df68-5b3e-4961-af77-eb33311f11a7
streak virus,maize_streak_virus,streak virus784_.jpg,https://data.mendeley.com/public-files/datasets/bwh3zbpkpv/files/b2670250-46c1-48d6-9634-f1782a65a926/file_downloaded,https://prod-dcd-datasets-public-files-eu-west-1.s3.eu-west-1.amazonaws.com/b1dd86e9-3205-426e-b3a0-1a20341c9cfa
streak virus,maize_streak_virus,streak virus785_.jpg,https://data.mendeley.com/public-files/datasets/bwh3zbpkpv/files/94b193c9-5bfd-480b-a0e8-c54d22fa540b/file_downloaded,https://prod-dcd-datasets-public-files-eu-west-1.s3.eu-west-1.amazonaws.com/de838c08-c50c-482b-a010-fb2122166627
streak virus,maize_streak_virus,streak virus786_.jpg,https://data.mendeley.com/public-files/datasets/bwh3zbpkpv/files/76617bea-9cf7-439e-9f32-f7a93741b103/file_downloaded,https://prod-dcd-datasets-public-files-eu-west-1.s3.eu-west-1.amazonaws.com/c837f83a-c536-4c97-9c00-268514958412
streak virus,maize_streak_virus,streak virus787_.jpg,https://data.mendeley.com/public-files/datasets/bwh3zbpkpv/files/8276ff94-d074-4e13-9926-8dbc8838b2ae/file_downloaded,https://prod-dcd-datasets-public-files-eu-west-1.s3.eu-west-1.amazonaws.com/dd452f72-ede7-4bd3-bfde-61a9ac8ada7d
streak virus,maize_streak_virus,streak virus788_.jpg,https://data.mendeley.com/public-files/datasets/bwh3zbpkpv/files/5cb02487-f86b-4d07-8b21-fbe1a7824f19/file_downloaded,https://prod-dcd-datasets-public-files-eu-west-1.s3.eu-west-1.amazonaws.com/8ed0b5d7-6c8c-4910-aa22-f8576035202c
streak virus,maize_streak_virus,streak virus789_.jpg,https://data.mendeley.com/public-files/datasets/bwh3zbpkpv/files/ed6615bc-d979-4225-8be8-e0a35611b599/file_downloaded,https://prod-dcd-datasets-public-files-eu-west-1.s3.eu-west-1.amazonaws.com/32ab8ff5-36be-4945-9dea-154a832df1ae
streak virus,maize_streak_virus,streak virus78_.jpg,https://data.mendeley.com/public-files/datasets/bwh3zbpkpv/files/df16e53b-5627-4d97-893b-691dcedd11bb/file_downloaded,https://prod-dcd-datasets-public-files-eu-west-1.s3.eu-west-1.amazonaws.com/a3539d80-771c-4c01-ab2c-cdaea01765e4
streak virus,maize_streak_virus,streak virus790_.jpg,https://data.mendeley.com/public-files/datasets/bwh3zbpkpv/files/110261da-90a0-4f15-95ea-a83f1bd4b280/file_downloaded,https://prod-dcd-datasets-public-files-eu-west-1.s3.eu-west-1.amazonaws.com/fe04c2fc-38e3-409b-98c4-a0f1aa960e08
streak virus,maize_streak_virus,streak virus791_.jpg,https://data.mendeley.com/public-files/datasets/bwh3zbpkpv/files/fad0cb4b-b77e-4ac8-a7a3-ef6acd9cb82a/file_downloaded,https://prod-dcd-datasets-public-files-eu-west-1.s3.eu-west-1.amazonaws.com/6592d29d-1162-4cfc-98d7-f346c8d61c14
streak virus,maize_streak_virus,streak virus792_.jpg,https://data.mendeley.com/public-files/datasets/bwh3zbpkpv/files/35755c86-ccea-4b4a-b101-62a881e8e32b/file_downloaded,https://prod-dcd-datasets-public-files-eu-west-1.s3.eu-west-1.amazonaws.com/6f6bc9dd-8254-49fd-969c-d013bbcffc84
streak virus,maize_streak_virus,streak virus793_.jpg,https://data.mendeley.com/public-files/datasets/bwh3zbpkpv/files/fced8c34-972b-4adf-8a39-476fd97950d7/file_downloaded,https://prod-dcd-datasets-public-files-eu-west-1.s3.eu-west-1.amazonaws.com/07f6d5a9-b767-48fb-b08e-b05157e25320
streak virus,maize_streak_virus,streak virus794_.jpg,https://data.mendeley.com/public-files/datasets/bwh3zbpkpv/files/82319e6d-a00c-4e51-babd-22e2348221f2/file_downloaded,https://prod-dcd-datasets-public-files-eu-west-1.s3.eu-west-1.amazonaws.com/851ce637-2fe7-4e61-8dbc-99b90a996e59
streak virus,maize_streak_virus,streak virus795_.jpg,https://data.mendeley.com/public-files/datasets/bwh3zbpkpv/files/137a6539-784b-4e8e-b5b2-e8ec3bfedcbb/file_downloaded,https://prod-dcd-datasets-public-files-eu-west-1.s3.eu-west-1.amazonaws.com/91f68c8f-9553-4fa4-8570-398ba4777dca
streak virus,maize_streak_virus,streak virus796_.jpg,https://data.mendeley.com/public-files/datasets/bwh3zbpkpv/files/ef22d1e2-56d1-4bd8-94b5-f64e398d06f8/file_downloaded,https://prod-dcd-datasets-public-files-eu-west-1.s3.eu-west-1.amazonaws.com/000237bb-e36b-4ec0-93d4-ae147d5e5c01
streak virus,maize_streak_virus,streak virus797_.jpg,https://data.mendeley.com/public-files/datasets/bwh3zbpkpv/files/86646158-e81e-4af2-9141-2643249f44ff/file_downloaded,https://prod-dcd-datasets-public-files-eu-west-1.s3.eu-west-1.amazonaws.com/98af4c45-f3fa-49dc-89cb-0f74151ab2ab
streak virus,maize_streak_virus,streak virus798_.jpg,https://data.mendeley.com/public-files/datasets/bwh3zbpkpv/files/a198d7e6-7e4f-474c-bbf2-0b9daf74167f/file_downloaded,https://prod-dcd-datasets-public-files-eu-west-1.s3.eu-west-1.amazonaws.com/28d59644-e91f-4073-ab87-49231058907b
streak virus,maize_streak_virus,streak virus799_.jpg,https://data.mendeley.com/public-files/datasets/bwh3zbpkpv/files/a06b95ea-9568-49fe-9eb8-ba52acd097d4/file_downloaded,https://prod-dcd-datasets-public-files-eu-west-1.s3.eu-west-1.amazonaws.com/c90206d9-8b5b-45fd-8946-dabb65e97989
streak virus,maize_streak_virus,streak virus79_.jpg,https://data.mendeley.com/public-files/datasets/bwh3zbpkpv/files/4e867d28-90c6-48dd-a2e4-0d5beaa9debe/file_downloaded,https://prod-dcd-datasets-public-files-eu-west-1.s3.eu-west-1.amazonaws.com/e9e677bf-d089-442d-8d45-de3195192aff
streak virus,maize_streak_virus,streak virus7_.jpg,https://data.mendeley.com/public-files/datasets/bwh3zbpkpv/files/f3a26253-aac9-489e-b307-4cb0979ec21d/file_downloaded,https://prod-dcd-datasets-public-files-eu-west-1.s3.eu-west-1.amazonaws.com/2eef9686-a6b6-40fd-8f2e-f850010ab7e0
streak virus,maize_streak_virus,streak virus800_.jpg,https://data.mendeley.com/public-files/datasets/bwh3zbpkpv/files/cedf1944-1881-4437-b81a-51ef9f3480ea/file_downloaded,https://prod-dcd-datasets-public-files-eu-west-1.s3.eu-west-1.amazonaws.com/8a4ac4ec-188c-449f-82df-8d38a1515ccf
streak virus,maize_streak_virus,streak virus801_.jpg,https://data.mendeley.com/public-files/datasets/bwh3zbpkpv/files/963f2d8a-4658-4e51-9921-c74baa409908/file_downloaded,https://prod-dcd-datasets-public-files-eu-west-1.s3.eu-west-1.amazonaws.com/356f1148-f5b1-4307-8f1a-a93397c54218
streak virus,maize_streak_virus,streak virus802_.jpg,https://data.mendeley.com/public-files/datasets/bwh3zbpkpv/files/44cd68da-fc74-4204-8d2b-5cb5ea2b5caf/file_downloaded,https://prod-dcd-datasets-public-files-eu-west-1.s3.eu-west-1.amazonaws.com/ba422fdd-89d8-4008-bcab-ad678eeca728
streak virus,maize_streak_virus,streak virus803_.jpg,https://data.mendeley.com/public-files/datasets/bwh3zbpkpv/files/fec9556c-d8e5-4d91-9a96-ffb1e10cf274/file_downloaded,https://prod-dcd-datasets-public-files-eu-west-1.s3.eu-west-1.amazonaws.com/1d779adb-d90f-4928-9c68-ac20f522d655
streak virus,maize_streak_virus,streak virus804_.jpg,https://data.mendeley.com/public-files/datasets/bwh3zbpkpv/files/e20f2785-a343-4bf2-bb50-ea9561b0dbb5/file_downloaded,https://prod-dcd-datasets-public-files-eu-west-1.s3.eu-west-1.amazonaws.com/7cb94c5d-b2bf-4395-9726-c93fb53279e5
streak virus,maize_streak_virus,streak virus805_.jpg,https://data.mendeley.com/public-files/datasets/bwh3zbpkpv/files/8c24bb4f-02ca-4650-82e0-1b1030961690/file_downloaded,https://prod-dcd-datasets-public-files-eu-west-1.s3.eu-west-1.amazonaws.com/07d22062-f88e-4eb2-9543-9d59552dcca9
streak virus,maize_streak_virus,streak virus806_.jpg,https://data.mendeley.com/public-files/datasets/bwh3zbpkpv/files/47d7953f-a088-4c77-8144-f92ddccd10ec/file_downloaded,https://prod-dcd-datasets-public-files-eu-west-1.s3.eu-west-1.amazonaws.com/01fc2679-f69d-43ba-a7f4-b4164e2090ba
streak virus,maize_streak_virus,streak virus807_.jpg,https://data.mendeley.com/public-files/datasets/bwh3zbpkpv/files/b2283e2a-fb08-4562-ad3e-286182de0454/file_downloaded,https://prod-dcd-datasets-public-files-eu-west-1.s3.eu-west-1.amazonaws.com/a85dc3c6-3d38-4c15-acb4-95ece7842fa3
streak virus,maize_streak_virus,streak virus808_.jpg,https://data.mendeley.com/public-files/datasets/bwh3zbpkpv/files/0e35600a-d2b9-4658-9f1c-97e34891b5a8/file_downloaded,https://prod-dcd-datasets-public-files-eu-west-1.s3.eu-west-1.amazonaws.com/bc1f1f7e-4e1e-4f4e-b65e-0c37b5788875
streak virus,maize_streak_virus,streak virus809_.jpg,https://data.mendeley.com/public-files/datasets/bwh3zbpkpv/files/17a14cc5-3092-43db-9666-4528e5771eb5/file_downloaded,https://prod-dcd-datasets-public-files-eu-west-1.s3.eu-west-1.amazonaws.com/bf3936cf-3dfe-4f9a-b269-c23f19969108
streak virus,maize_streak_virus,streak virus80_.jpg,https://data.mendeley.com/public-files/datasets/bwh3zbpkpv/files/099b1a49-3a60-4414-b76e-05ae49ba9bda/file_downloaded,https://prod-dcd-datasets-public-files-eu-west-1.s3.eu-west-1.amazonaws.com/00702a13-5313-439c-ab80-8064a45aa20b
streak virus,maize_streak_virus,streak virus810_.jpg,https://data.mendeley.com/public-files/datasets/bwh3zbpkpv/files/be719fbb-c447-4523-87eb-b9897f6badbc/file_downloaded,https://prod-dcd-datasets-public-files-eu-west-1.s3.eu-west-1.amazonaws.com/0ed5fc09-7a1f-4749-8e57-29f5d348ded8
streak virus,maize_streak_virus,streak virus811_.jpg,https://data.mendeley.com/public-files/datasets/bwh3zbpkpv/files/7ca47412-9da8-4c9e-801c-8f620a4a2f0a/file_downloaded,https://prod-dcd-datasets-public-files-eu-west-1.s3.eu-west-1.amazonaws.com/a5ae3799-4e5b-4e1f-ba83-8dd752474b33
streak virus,maize_streak_virus,streak virus812_.jpg,https://data.mendeley.com/public-files/datasets/bwh3zbpkpv/files/62467f70-b883-4378-a10a-2556e8c9a664/file_downloaded,https://prod-dcd-datasets-public-files-eu-west-1.s3.eu-west-1.amazonaws.com/a96f5181-966e-4b01-b99d-c72c6321e212
streak virus,maize_streak_virus,streak virus813_.jpg,https://data.mendeley.com/public-files/datasets/bwh3zbpkpv/files/3f38254d-97ae-40c9-bd7e-0d0e087da161/file_downloaded,https://prod-dcd-datasets-public-files-eu-west-1.s3.eu-west-1.amazonaws.com/d4127861-460c-454d-83db-aca689aa8c4c
streak virus,maize_streak_virus,streak virus814_.jpg,https://data.mendeley.com/public-files/datasets/bwh3zbpkpv/files/8e45a3b6-5608-42ec-964a-10dc0e124cc9/file_downloaded,https://prod-dcd-datasets-public-files-eu-west-1.s3.eu-west-1.amazonaws.com/9f66eafe-2f20-4ddc-94d0-7517f85b4f82
streak virus,maize_streak_virus,streak virus815_.jpg,https://data.mendeley.com/public-files/datasets/bwh3zbpkpv/files/097485b2-af58-4ae7-a9c1-e56d9e3018bf/file_downloaded,https://prod-dcd-datasets-public-files-eu-west-1.s3.eu-west-1.amazonaws.com/d10c6d88-6ae9-4823-95b1-c21833c7bc3f
streak virus,maize_streak_virus,streak virus816_.jpg,https://data.mendeley.com/public-files/datasets/bwh3zbpkpv/files/97c94a21-0b5d-4a33-a681-005ba505d2fa/file_downloaded,https://prod-dcd-datasets-public-files-eu-west-1.s3.eu-west-1.amazonaws.com/00d6c35a-cb22-4714-a351-be6246132084
streak virus,maize_streak_virus,streak virus817_.jpg,https://data.mendeley.com/public-files/datasets/bwh3zbpkpv/files/ad6547bf-6aac-4772-bf9a-86239f95c044/file_downloaded,https://prod-dcd-datasets-public-files-eu-west-1.s3.eu-west-1.amazonaws.com/03ccce15-90e1-4d07-9fd7-2cfce48a6638
streak virus,maize_streak_virus,streak virus818_.jpg,https://data.mendeley.com/public-files/datasets/bwh3zbpkpv/files/5cec81f9-8476-48fd-87d5-6f5b8aae9dff/file_downloaded,https://prod-dcd-datasets-public-files-eu-west-1.s3.eu-west-1.amazonaws.com/e76175cb-4b54-4b2c-a516-6b096461c0a0
streak virus,maize_streak_virus,streak virus819_.jpg,https://data.mendeley.com/public-files/datasets/bwh3zbpkpv/files/921056b6-1c97-4ee6-baf5-a67fe28467ff/file_downloaded,https://prod-dcd-datasets-public-files-eu-west-1.s3.eu-west-1.amazonaws.com/edf5ec08-b8d8-4380-b301-937b61ce5228
streak virus,maize_streak_virus,streak virus81_.jpg,https://data.mendeley.com/public-files/datasets/bwh3zbpkpv/files/ca1f468f-0d95-4cd7-9f12-6e3e2e4984a8/file_downloaded,https://prod-dcd-datasets-public-files-eu-west-1.s3.eu-west-1.amazonaws.com/205bbdd5-73f3-41d7-b11d-1a7a6401d5ac
streak virus,maize_streak_virus,streak virus820_.jpg,https://data.mendeley.com/public-files/datasets/bwh3zbpkpv/files/686ee92b-fae3-47e3-8640-3c82fcfeb48e/file_downloaded,https://prod-dcd-datasets-public-files-eu-west-1.s3.eu-west-1.amazonaws.com/51d6d1b6-9c9a-4cca-bad6-dc980f26d9ea
streak virus,maize_streak_virus,streak virus821_.jpg,https://data.mendeley.com/public-files/datasets/bwh3zbpkpv/files/c4803134-7cda-41b6-92ff-edf050438de0/file_downloaded,https://prod-dcd-datasets-public-files-eu-west-1.s3.eu-west-1.amazonaws.com/440c6b33-0092-455b-8c05-8a60be587545
streak virus,maize_streak_virus,streak virus822_.jpg,https://data.mendeley.com/public-files/datasets/bwh3zbpkpv/files/61ec8a81-8798-45f9-8c5a-adb7c85e49b4/file_downloaded,https://prod-dcd-datasets-public-files-eu-west-1.s3.eu-west-1.amazonaws.com/47512b01-5fbb-4d08-af53-2cbb601adaea
streak virus,maize_streak_virus,streak virus823_.jpg,https://data.mendeley.com/public-files/datasets/bwh3zbpkpv/files/cedda5d9-e043-4c69-b037-1a225ea17f22/file_downloaded,https://prod-dcd-datasets-public-files-eu-west-1.s3.eu-west-1.amazonaws.com/0dd0dcc6-2696-4a97-9eff-038347a8554e
streak virus,maize_streak_virus,streak virus824_.jpg,https://data.mendeley.com/public-files/datasets/bwh3zbpkpv/files/9bf2da61-52a4-476b-8534-69f35fabb195/file_downloaded,https://prod-dcd-datasets-public-files-eu-west-1.s3.eu-west-1.amazonaws.com/3e453656-6f0a-44d5-9037-3699a208d0c3
streak virus,maize_streak_virus,streak virus825_.jpg,https://data.mendeley.com/public-files/datasets/bwh3zbpkpv/files/c427f17b-5a51-45c7-b9c5-67b1d8972b18/file_downloaded,https://prod-dcd-datasets-public-files-eu-west-1.s3.eu-west-1.amazonaws.com/1127ff0a-ff8e-46b9-8b22-e09775878792
streak virus,maize_streak_virus,streak virus826_.jpg,https://data.mendeley.com/public-files/datasets/bwh3zbpkpv/files/6a769efc-f0f3-4400-a160-2330bc0051fd/file_downloaded,https://prod-dcd-datasets-public-files-eu-west-1.s3.eu-west-1.amazonaws.com/6cf0376f-9967-4d30-b762-bb6d31908be0
streak virus,maize_streak_virus,streak virus827_.jpg,https://data.mendeley.com/public-files/datasets/bwh3zbpkpv/files/f2b94e15-0648-4e41-9f30-986ce7cb81da/file_downloaded,https://prod-dcd-datasets-public-files-eu-west-1.s3.eu-west-1.amazonaws.com/b9048af0-b2aa-469e-ae25-41e9b10ec92f
streak virus,maize_streak_virus,streak virus828_.jpg,https://data.mendeley.com/public-files/datasets/bwh3zbpkpv/files/052119b1-7e27-4ad1-b8db-03584a019f69/file_downloaded,https://prod-dcd-datasets-public-files-eu-west-1.s3.eu-west-1.amazonaws.com/965ca4f3-de0d-4065-b36a-d981eaf9aa5e
streak virus,maize_streak_virus,streak virus829_.jpg,https://data.mendeley.com/public-files/datasets/bwh3zbpkpv/files/422ca8c2-e704-4c73-9ecb-fd12e03880a7/file_downloaded,https://prod-dcd-datasets-public-files-eu-west-1.s3.eu-west-1.amazonaws.com/a060fa6b-4c8a-44a0-9413-ebfff267fbff
streak virus,maize_streak_virus,streak virus82_.jpg,https://data.mendeley.com/public-files/datasets/bwh3zbpkpv/files/bd8bb1c1-ad92-4c2c-bef3-f0857647056b/file_downloaded,https://prod-dcd-datasets-public-files-eu-west-1.s3.eu-west-1.amazonaws.com/436f6b2e-9156-44b8-8282-c603e24eb194
streak virus,maize_streak_virus,streak virus830_.jpg,https://data.mendeley.com/public-files/datasets/bwh3zbpkpv/files/04a1e2b6-ef28-45a2-a88b-f35b0dcf6c1b/file_downloaded,https://prod-dcd-datasets-public-files-eu-west-1.s3.eu-west-1.amazonaws.com/eed58504-61f4-4da6-8ffd-32f494f55b53
streak virus,maize_streak_virus,streak virus831_.jpg,https://data.mendeley.com/public-files/datasets/bwh3zbpkpv/files/df9d614f-3e2a-4ca4-99b8-9ec868759fd6/file_downloaded,https://prod-dcd-datasets-public-files-eu-west-1.s3.eu-west-1.amazonaws.com/1c08345a-92c0-42c1-8333-4126117c8797
streak virus,maize_streak_virus,streak virus832_.jpg,https://data.mendeley.com/public-files/datasets/bwh3zbpkpv/files/b6419155-ebd2-431d-880e-a15e9904f06f/file_downloaded,https://prod-dcd-datasets-public-files-eu-west-1.s3.eu-west-1.amazonaws.com/6053f9d6-35df-458e-b9c1-7a8752c3bc17
streak virus,maize_streak_virus,streak virus833_.jpg,https://data.mendeley.com/public-files/datasets/bwh3zbpkpv/files/271d0edd-5338-42c2-994d-a874e30ae566/file_downloaded,https://prod-dcd-datasets-public-files-eu-west-1.s3.eu-west-1.amazonaws.com/85815f53-2486-4658-9624-2a81207eef8d
streak virus,maize_streak_virus,streak virus834_.jpg,https://data.mendeley.com/public-files/datasets/bwh3zbpkpv/files/fd0f2601-5b37-4d4c-ac3f-be52a16bd710/file_downloaded,https://prod-dcd-datasets-public-files-eu-west-1.s3.eu-west-1.amazonaws.com/31b42aeb-3ba4-4c01-b46d-32e4dfadf0e1
streak virus,maize_streak_virus,streak virus835_.jpg,https://data.mendeley.com/public-files/datasets/bwh3zbpkpv/files/b0c9f22c-0997-44c4-ac82-439ac469aa5b/file_downloaded,https://prod-dcd-datasets-public-files-eu-west-1.s3.eu-west-1.amazonaws.com/653bb654-f230-4aae-93c4-752162f86748
streak virus,maize_streak_virus,streak virus836_.jpg,https://data.mendeley.com/public-files/datasets/bwh3zbpkpv/files/9d1728b2-2fee-4b02-88cc-9a7260b3f00a/file_downloaded,https://prod-dcd-datasets-public-files-eu-west-1.s3.eu-west-1.amazonaws.com/d0b69ba6-3444-4cd5-82a8-04788f69eb4f
streak virus,maize_streak_virus,streak virus837_.jpg,https://data.mendeley.com/public-files/datasets/bwh3zbpkpv/files/dbe051fb-7ee1-42d6-a9b3-0ddb6abbb1a1/file_downloaded,https://prod-dcd-datasets-public-files-eu-west-1.s3.eu-west-1.amazonaws.com/d9b99369-84d3-4461-a871-bd6e47cd5509
streak virus,maize_streak_virus,streak virus838_.jpg,https://data.mendeley.com/public-files/datasets/bwh3zbpkpv/files/395972e1-2181-4208-b48e-c4e7b8c10f9b/file_downloaded,https://prod-dcd-datasets-public-files-eu-west-1.s3.eu-west-1.amazonaws.com/28ebb539-5ec1-4820-ad14-4b73b4df10c8
streak virus,maize_streak_virus,streak virus839_.jpg,https://data.mendeley.com/public-files/datasets/bwh3zbpkpv/files/97a76371-d389-44b6-af8e-314e36e0f728/file_downloaded,https://prod-dcd-datasets-public-files-eu-west-1.s3.eu-west-1.amazonaws.com/4d660907-c347-4ab4-bac5-75b4d7b0a529
streak virus,maize_streak_virus,streak virus83_.jpg,https://data.mendeley.com/public-files/datasets/bwh3zbpkpv/files/1e1d0114-1315-445f-9d15-609762797fa7/file_downloaded,https://prod-dcd-datasets-public-files-eu-west-1.s3.eu-west-1.amazonaws.com/214cd6cb-6289-4a77-a3a7-0778b25999a9
streak virus,maize_streak_virus,streak virus840_.jpg,https://data.mendeley.com/public-files/datasets/bwh3zbpkpv/files/0e9b3502-579e-46d7-969b-f8c0297f67cf/file_downloaded,https://prod-dcd-datasets-public-files-eu-west-1.s3.eu-west-1.amazonaws.com/e036963e-24b1-4fea-9c3d-a3f059069656
streak virus,maize_streak_virus,streak virus841_.jpg,https://data.mendeley.com/public-files/datasets/bwh3zbpkpv/files/9bf72a9b-328b-4e84-845f-484e48d320af/file_downloaded,https://prod-dcd-datasets-public-files-eu-west-1.s3.eu-west-1.amazonaws.com/7246108e-af32-481c-9c47-47aab03ba98c
streak virus,maize_streak_virus,streak virus842_.jpg,https://data.mendeley.com/public-files/datasets/bwh3zbpkpv/files/1e2c4e71-8b72-4d3e-81c3-7277998469be/file_downloaded,https://prod-dcd-datasets-public-files-eu-west-1.s3.eu-west-1.amazonaws.com/896c8d2f-c856-4729-834b-e4d7af1d1a91
streak virus,maize_streak_virus,streak virus843_.jpg,https://data.mendeley.com/public-files/datasets/bwh3zbpkpv/files/9cd66587-a455-4069-832b-f95cb9abad14/file_downloaded,https://prod-dcd-datasets-public-files-eu-west-1.s3.eu-west-1.amazonaws.com/22063c63-22d3-4505-9282-0c725df2c863
streak virus,maize_streak_virus,streak virus844_.jpg,https://data.mendeley.com/public-files/datasets/bwh3zbpkpv/files/50e491c5-b147-4883-8e36-7164fb84ebf5/file_downloaded,https://prod-dcd-datasets-public-files-eu-west-1.s3.eu-west-1.amazonaws.com/f272fb09-0fb9-4c2a-abd0-fe9ca8e72305
streak virus,maize_streak_virus,streak virus845_.jpg,https://data.mendeley.com/public-files/datasets/bwh3zbpkpv/files/cd981fa4-f31c-4ae7-8690-d0a1f8e4fd1c/file_downloaded,https://prod-dcd-datasets-public-files-eu-west-1.s3.eu-west-1.amazonaws.com/8fae4896-5626-47fb-9d25-62297cf45721
streak virus,maize_streak_virus,streak virus846_.jpg,https://data.mendeley.com/public-files/datasets/bwh3zbpkpv/files/5b6f4e79-c48a-42dc-9cfd-42af22e94576/file_downloaded,https://prod-dcd-datasets-public-files-eu-west-1.s3.eu-west-1.amazonaws.com/19b52844-286e-4f01-8235-edbafe676205
streak virus,maize_streak_virus,streak virus847_.jpg,https://data.mendeley.com/public-files/datasets/bwh3zbpkpv/files/9cdb5c7f-598c-4939-8de7-20f38e318d0c/file_downloaded,https://prod-dcd-datasets-public-files-eu-west-1.s3.eu-west-1.amazonaws.com/f435615b-165d-45b9-aacc-b9d7fce76e3d
streak virus,maize_streak_virus,streak virus848_.jpg,https://data.mendeley.com/public-files/datasets/bwh3zbpkpv/files/790336de-2ce2-45fc-8c08-245ae904527f/file_downloaded,https://prod-dcd-datasets-public-files-eu-west-1.s3.eu-west-1.amazonaws.com/7f85a727-017a-4049-8848-d720f77648b2
streak virus,maize_streak_virus,streak virus849_.jpg,https://data.mendeley.com/public-files/datasets/bwh3zbpkpv/files/ff2947cc-25b2-45df-b63c-c4f0d5d27570/file_downloaded,https://prod-dcd-datasets-public-files-eu-west-1.s3.eu-west-1.amazonaws.com/c0e5e1c8-4106-4b1e-9222-6de76b80e5ee
streak virus,maize_streak_virus,streak virus84_.jpg,https://data.mendeley.com/public-files/datasets/bwh3zbpkpv/files/faa8ccbb-81c7-4e00-9ff5-b53169621d5e/file_downloaded,https://prod-dcd-datasets-public-files-eu-west-1.s3.eu-west-1.amazonaws.com/330b3a99-a515-4ab2-ac3f-0bf6cf2dcbc3
streak virus,maize_streak_virus,streak virus850_.jpg,https://data.mendeley.com/public-files/datasets/bwh3zbpkpv/files/c0c9388c-a89e-4e27-b690-ca9b6ff85720/file_downloaded,https://prod-dcd-datasets-public-files-eu-west-1.s3.eu-west-1.amazonaws.com/4182ff2c-1776-48e6-a725-1ba3e18efb5d
streak virus,maize_streak_virus,streak virus851_.jpg,https://data.mendeley.com/public-files/datasets/bwh3zbpkpv/files/ecd8a854-727c-455e-83f3-ab5dd1226a43/file_downloaded,https://prod-dcd-datasets-public-files-eu-west-1.s3.eu-west-1.amazonaws.com/7aca512b-a712-4426-9ca9-97b8c3328794
streak virus,maize_streak_virus,streak virus852_.jpg,https://data.mendeley.com/public-files/datasets/bwh3zbpkpv/files/a93997ff-a68d-4b2b-aad4-97a1336f939b/file_downloaded,https://prod-dcd-datasets-public-files-eu-west-1.s3.eu-west-1.amazonaws.com/311e07e2-083a-4872-a6a8-ba35f8f83348
streak virus,maize_streak_virus,streak virus853_.jpg,https://data.mendeley.com/public-files/datasets/bwh3zbpkpv/files/b5198f68-3356-4975-983a-931b13c590fc/file_downloaded,https://prod-dcd-datasets-public-files-eu-west-1.s3.eu-west-1.amazonaws.com/8aafeffe-6fe7-45d5-b4e5-dbc3ce606c1f
streak virus,maize_streak_virus,streak virus854_.jpg,https://data.mendeley.com/public-files/datasets/bwh3zbpkpv/files/96e47978-184f-460e-bd9f-929aceaa313f/file_downloaded,https://prod-dcd-datasets-public-files-eu-west-1.s3.eu-west-1.amazonaws.com/d3202b12-7189-4b65-b270-edf5f3a6eb3b
streak virus,maize_streak_virus,streak virus855_.jpg,https://data.mendeley.com/public-files/datasets/bwh3zbpkpv/files/6f3a9282-02d2-4802-bfc9-1f4b78ba9eb3/file_downloaded,https://prod-dcd-datasets-public-files-eu-west-1.s3.eu-west-1.amazonaws.com/87ca7070-cd83-41e2-80e6-4fc9ab9a096d
streak virus,maize_streak_virus,streak virus856_.jpg,https://data.mendeley.com/public-files/datasets/bwh3zbpkpv/files/f322a94e-855f-43d7-91e4-c4f2576c72a8/file_downloaded,https://prod-dcd-datasets-public-files-eu-west-1.s3.eu-west-1.amazonaws.com/3e02f94a-e0ff-4869-9c8e-42a188996b89
streak virus,maize_streak_virus,streak virus857_.jpg,https://data.mendeley.com/public-files/datasets/bwh3zbpkpv/files/48abb9d2-e892-4dfb-8cd8-2c55d3f66e0c/file_downloaded,https://prod-dcd-datasets-public-files-eu-west-1.s3.eu-west-1.amazonaws.com/c8a03bdf-48f0-4623-bf18-acbb9cd7904d
streak virus,maize_streak_virus,streak virus858_.jpg,https://data.mendeley.com/public-files/datasets/bwh3zbpkpv/files/653277bc-5a2e-44b9-973a-afcc9d16c7f8/file_downloaded,https://prod-dcd-datasets-public-files-eu-west-1.s3.eu-west-1.amazonaws.com/f57e23e8-3ac7-484c-ab85-27733e5c4c1b
streak virus,maize_streak_virus,streak virus859_.jpg,https://data.mendeley.com/public-files/datasets/bwh3zbpkpv/files/bfff40a9-86f7-4907-bc09-4821e59a441b/file_downloaded,https://prod-dcd-datasets-public-files-eu-west-1.s3.eu-west-1.amazonaws.com/82fed4d7-ca5f-417c-8679-6ecc1c07443f
streak virus,maize_streak_virus,streak virus85_.jpg,https://data.mendeley.com/public-files/datasets/bwh3zbpkpv/files/3e32ff3e-4393-4b00-b2ed-5779c5e469c6/file_downloaded,https://prod-dcd-datasets-public-files-eu-west-1.s3.eu-west-1.amazonaws.com/9d5dcc22-e20d-4983-8a98-fbfb246e7ce6
streak virus,maize_streak_virus,streak virus860_.jpg,https://data.mendeley.com/public-files/datasets/bwh3zbpkpv/files/c03770eb-e066-460a-978f-d0d1a2a47a1f/file_downloaded,https://prod-dcd-datasets-public-files-eu-west-1.s3.eu-west-1.amazonaws.com/c793f68e-5749-49eb-8812-7d0229b32115
streak virus,maize_streak_virus,streak virus861_.jpg,https://data.mendeley.com/public-files/datasets/bwh3zbpkpv/files/8a93ce45-aee0-45f7-b75e-f0a6cb30687a/file_downloaded,https://prod-dcd-datasets-public-files-eu-west-1.s3.eu-west-1.amazonaws.com/90fd0648-02e7-48f6-ac69-c161c798ae88
streak virus,maize_streak_virus,streak virus862_.jpg,https://data.mendeley.com/public-files/datasets/bwh3zbpkpv/files/2d7c7ad7-c791-4c25-ad8f-295e472edf23/file_downloaded,https://prod-dcd-datasets-public-files-eu-west-1.s3.eu-west-1.amazonaws.com/6cdfc2cf-8d99-4cad-be10-704fdee0aba0
streak virus,maize_streak_virus,streak virus863_.jpg,https://data.mendeley.com/public-files/datasets/bwh3zbpkpv/files/5313c3a4-98ab-44fd-96a6-baa07e3caaed/file_downloaded,https://prod-dcd-datasets-public-files-eu-west-1.s3.eu-west-1.amazonaws.com/ad400bb9-ad33-4654-a19b-9b35514a98e7
streak virus,maize_streak_virus,streak virus864_.jpg,https://data.mendeley.com/public-files/datasets/bwh3zbpkpv/files/93fe5c11-f732-450a-9d06-ece141ddef76/file_downloaded,https://prod-dcd-datasets-public-files-eu-west-1.s3.eu-west-1.amazonaws.com/20c7da51-de13-4994-9a0a-a12026cddb05
streak virus,maize_streak_virus,streak virus865_.jpg,https://data.mendeley.com/public-files/datasets/bwh3zbpkpv/files/079f56c1-39d6-4d67-833b-aedf0b742fe4/file_downloaded,https://prod-dcd-datasets-public-files-eu-west-1.s3.eu-west-1.amazonaws.com/e10b0767-2a3e-4757-b7c5-f78b41534819
streak virus,maize_streak_virus,streak virus866_.jpg,https://data.mendeley.com/public-files/datasets/bwh3zbpkpv/files/8cc022ed-f17a-4514-915f-66215e4af035/file_downloaded,https://prod-dcd-datasets-public-files-eu-west-1.s3.eu-west-1.amazonaws.com/c2efbeae-7895-4b78-9c02-c111d0f5e5a5
streak virus,maize_streak_virus,streak virus867_.jpg,https://data.mendeley.com/public-files/datasets/bwh3zbpkpv/files/a9cadbfd-5ab6-4b68-ae3e-23505019dd43/file_downloaded,https://prod-dcd-datasets-public-files-eu-west-1.s3.eu-west-1.amazonaws.com/8aa610ba-b7af-4653-bdca-44bceda53839
streak virus,maize_streak_virus,streak virus868_.jpg,https://data.mendeley.com/public-files/datasets/bwh3zbpkpv/files/a50d84cd-ecc4-4854-b18e-3ac90be0588c/file_downloaded,https://prod-dcd-datasets-public-files-eu-west-1.s3.eu-west-1.amazonaws.com/b9ee7a32-75cd-4bfa-a8bc-cc1a75fc34f0
streak virus,maize_streak_virus,streak virus869_.jpg,https://data.mendeley.com/public-files/datasets/bwh3zbpkpv/files/1fd337f3-6be3-4e4b-833d-2de00af0218a/file_downloaded,https://prod-dcd-datasets-public-files-eu-west-1.s3.eu-west-1.amazonaws.com/bc5d8195-e0e9-43bc-a9c4-4520a9b7bfd5
streak virus,maize_streak_virus,streak virus86_.jpg,https://data.mendeley.com/public-files/datasets/bwh3zbpkpv/files/c617cfa0-f02d-440d-98b9-ac411c5b700f/file_downloaded,https://prod-dcd-datasets-public-files-eu-west-1.s3.eu-west-1.amazonaws.com/ace42d36-25b3-4232-a266-984e27cdaa55
streak virus,maize_streak_virus,streak virus870_.jpg,https://data.mendeley.com/public-files/datasets/bwh3zbpkpv/files/b53e0b77-ed36-423b-aa73-59894659b264/file_downloaded,https://prod-dcd-datasets-public-files-eu-west-1.s3.eu-west-1.amazonaws.com/05489bd5-2daa-43c7-8be7-bfbc46caad29
streak virus,maize_streak_virus,streak virus871_.jpg,https://data.mendeley.com/public-files/datasets/bwh3zbpkpv/files/f5f19f09-df34-4393-a07d-56b466b4a77d/file_downloaded,https://prod-dcd-datasets-public-files-eu-west-1.s3.eu-west-1.amazonaws.com/30ae5fa8-5191-4674-b5c8-2fcbaee8e827
streak virus,maize_streak_virus,streak virus872_.jpg,https://data.mendeley.com/public-files/datasets/bwh3zbpkpv/files/9c974ecc-76b8-40bc-bd4e-b7e0db8c73ce/file_downloaded,https://prod-dcd-datasets-public-files-eu-west-1.s3.eu-west-1.amazonaws.com/fddb973d-80c9-4ffd-b783-5b81d36652b2
streak virus,maize_streak_virus,streak virus873_.jpg,https://data.mendeley.com/public-files/datasets/bwh3zbpkpv/files/fded6fc2-32a5-4dfe-bf85-5802fa2b61d1/file_downloaded,https://prod-dcd-datasets-public-files-eu-west-1.s3.eu-west-1.amazonaws.com/8dcefacd-9539-4df0-8bf3-34a6800de24c
streak virus,maize_streak_virus,streak virus874_.jpg,https://data.mendeley.com/public-files/datasets/bwh3zbpkpv/files/50c6c041-9e4b-403d-8304-2960334125be/file_downloaded,https://prod-dcd-datasets-public-files-eu-west-1.s3.eu-west-1.amazonaws.com/e6cab36a-f9c2-411e-8904-0dc4109e6825
streak virus,maize_streak_virus,streak virus875_.jpg,https://data.mendeley.com/public-files/datasets/bwh3zbpkpv/files/0738b61b-7267-4e14-9306-4dd51378138b/file_downloaded,https://prod-dcd-datasets-public-files-eu-west-1.s3.eu-west-1.amazonaws.com/5016b57f-3089-49d1-81cb-7d5cb11a9b39
streak virus,maize_streak_virus,streak virus876_.jpg,https://data.mendeley.com/public-files/datasets/bwh3zbpkpv/files/b197c45e-bc6f-434b-b545-9028cbddbf0c/file_downloaded,https://prod-dcd-datasets-public-files-eu-west-1.s3.eu-west-1.amazonaws.com/0dfb3076-4456-4db3-9a5c-ac11083263e8
streak virus,maize_streak_virus,streak virus877_.jpg,https://data.mendeley.com/public-files/datasets/bwh3zbpkpv/files/bc9659d8-c40c-4812-8180-db39b94380fe/file_downloaded,https://prod-dcd-datasets-public-files-eu-west-1.s3.eu-west-1.amazonaws.com/25259ec0-2a15-49d8-a993-131566a18a6b
streak virus,maize_streak_virus,streak virus878_.jpg,https://data.mendeley.com/public-files/datasets/bwh3zbpkpv/files/25af5adf-bebf-4f26-9d77-a919d2c1b624/file_downloaded,https://prod-dcd-datasets-public-files-eu-west-1.s3.eu-west-1.amazonaws.com/923a8b2d-4879-4291-ae0c-1187b9a882c1
streak virus,maize_streak_virus,streak virus879_.jpg,https://data.mendeley.com/public-files/datasets/bwh3zbpkpv/files/161f03e0-f4a5-482a-87e6-7601f263ac56/file_downloaded,https://prod-dcd-datasets-public-files-eu-west-1.s3.eu-west-1.amazonaws.com/7e1ced53-03de-4c78-9f05-fa9d20f7c450
streak virus,maize_streak_virus,streak virus87_.jpg,https://data.mendeley.com/public-files/datasets/bwh3zbpkpv/files/214ee3cb-6465-43ba-a565-5be62e314957/file_downloaded,https://prod-dcd-datasets-public-files-eu-west-1.s3.eu-west-1.amazonaws.com/70a4abb3-8b92-4090-99ca-a620eb833c71
streak virus,maize_streak_virus,streak virus880_.jpg,https://data.mendeley.com/public-files/datasets/bwh3zbpkpv/files/703ae013-7a11-4cca-92ee-a50d02368e29/file_downloaded,https://prod-dcd-datasets-public-files-eu-west-1.s3.eu-west-1.amazonaws.com/002f7728-111d-465e-8bb1-ba28c1bf31b7
streak virus,maize_streak_virus,streak virus881_.jpg,https://data.mendeley.com/public-files/datasets/bwh3zbpkpv/files/873486ca-a455-4e59-ad21-f02dcc606d78/file_downloaded,https://prod-dcd-datasets-public-files-eu-west-1.s3.eu-west-1.amazonaws.com/865cf7f7-0b74-4a3e-80e7-3616fa0715d5
streak virus,maize_streak_virus,streak virus882_.jpg,https://data.mendeley.com/public-files/datasets/bwh3zbpkpv/files/2e11e305-3a81-485a-9f39-beb910bc3677/file_downloaded,https://prod-dcd-datasets-public-files-eu-west-1.s3.eu-west-1.amazonaws.com/52bc54b9-2c8e-4fbb-bf45-c837a559695e
streak virus,maize_streak_virus,streak virus883_.jpg,https://data.mendeley.com/public-files/datasets/bwh3zbpkpv/files/2c76cd59-9799-4464-9607-11679b5b7858/file_downloaded,https://prod-dcd-datasets-public-files-eu-west-1.s3.eu-west-1.amazonaws.com/5a9af7b5-a92a-46db-aabc-288796d6f818
streak virus,maize_streak_virus,streak virus884_.jpg,https://data.mendeley.com/public-files/datasets/bwh3zbpkpv/files/bb0c4f3e-5630-468e-aff2-5dfc3d84c328/file_downloaded,https://prod-dcd-datasets-public-files-eu-west-1.s3.eu-west-1.amazonaws.com/fab43ba1-66c4-4ec1-a318-10f3df34f80c
streak virus,maize_streak_virus,streak virus885_.jpg,https://data.mendeley.com/public-files/datasets/bwh3zbpkpv/files/69516be8-ddf2-48ab-880c-7c4ee686d429/file_downloaded,https://prod-dcd-datasets-public-files-eu-west-1.s3.eu-west-1.amazonaws.com/16511ef1-f440-44c1-8aaf-0178aefb29cc
streak virus,maize_streak_virus,streak virus886_.jpg,https://data.mendeley.com/public-files/datasets/bwh3zbpkpv/files/08dda331-3653-4880-815b-1a3b64c23d5e/file_downloaded,https://prod-dcd-datasets-public-files-eu-west-1.s3.eu-west-1.amazonaws.com/6e981a87-e2a6-481a-aa16-0ab79178231c
streak virus,maize_streak_virus,streak virus887_.jpg,https://data.mendeley.com/public-files/datasets/bwh3zbpkpv/files/bb10f93d-ce30-41e4-ab7b-70e28df35a4c/file_downloaded,https://prod-dcd-datasets-public-files-eu-west-1.s3.eu-west-1.amazonaws.com/441f04c4-138a-46ad-a9e6-14d9a1f50815
streak virus,maize_streak_virus,streak virus888_.jpg,https://data.mendeley.com/public-files/datasets/bwh3zbpkpv/files/62e1bb07-7437-498f-8790-bdbbf82b4ebf/file_downloaded,https://prod-dcd-datasets-public-files-eu-west-1.s3.eu-west-1.amazonaws.com/827e58fd-1c9b-4027-b47e-361d766b97be
streak virus,maize_streak_virus,streak virus889_.jpg,https://data.mendeley.com/public-files/datasets/bwh3zbpkpv/files/9277ca02-63f7-4f10-9f4b-ccdf56a79f2d/file_downloaded,https://prod-dcd-datasets-public-files-eu-west-1.s3.eu-west-1.amazonaws.com/81bd5f46-7d68-4378-992c-0218cbcbd7c6
streak virus,maize_streak_virus,streak virus88_.jpg,https://data.mendeley.com/public-files/datasets/bwh3zbpkpv/files/0fb123db-b9a5-469d-a8da-47338b450bb9/file_downloaded,https://prod-dcd-datasets-public-files-eu-west-1.s3.eu-west-1.amazonaws.com/024dc444-8943-4501-ab9d-cdecc328acb9
streak virus,maize_streak_virus,streak virus890_.jpg,https://data.mendeley.com/public-files/datasets/bwh3zbpkpv/files/7e8111de-98a3-48e5-9589-f1c51dcd7b0a/file_downloaded,https://prod-dcd-datasets-public-files-eu-west-1.s3.eu-west-1.amazonaws.com/35874389-e184-4344-ba61-7a8ced7ea36f
streak virus,maize_streak_virus,streak virus891_.jpg,https://data.mendeley.com/public-files/datasets/bwh3zbpkpv/files/bc6ea027-e0c6-4f05-a961-161a00128397/file_downloaded,https://prod-dcd-datasets-public-files-eu-west-1.s3.eu-west-1.amazonaws.com/b4fa38f3-4605-4f99-b3cc-94eb6947ac77
streak virus,maize_streak_virus,streak virus892_.jpg,https://data.mendeley.com/public-files/datasets/bwh3zbpkpv/files/412acd1f-3a04-4ad4-9a70-4eca0f6aaa67/file_downloaded,https://prod-dcd-datasets-public-files-eu-west-1.s3.eu-west-1.amazonaws.com/b00cc8ad-09be-4560-82dd-ae916073450f
streak virus,maize_streak_virus,streak virus893_.jpg,https://data.mendeley.com/public-files/datasets/bwh3zbpkpv/files/d13aee9b-253e-4159-835f-c780ff72a44d/file_downloaded,https://prod-dcd-datasets-public-files-eu-west-1.s3.eu-west-1.amazonaws.com/adade886-4795-4198-ac82-ccdbf133af4d
streak virus,maize_streak_virus,streak virus894_.jpg,https://data.mendeley.com/public-files/datasets/bwh3zbpkpv/files/90c9b433-1286-4735-bd65-28f5dd640e11/file_downloaded,https://prod-dcd-datasets-public-files-eu-west-1.s3.eu-west-1.amazonaws.com/58cb523f-7922-4f36-a798-ff917dac32dd
streak virus,maize_streak_virus,streak virus895_.jpg,https://data.mendeley.com/public-files/datasets/bwh3zbpkpv/files/33057edc-6b57-4e7c-ad26-20c7df7663d5/file_downloaded,https://prod-dcd-datasets-public-files-eu-west-1.s3.eu-west-1.amazonaws.com/66ac3c37-55b1-419a-80c5-518a82fcba75
streak virus,maize_streak_virus,streak virus896_.jpg,https://data.mendeley.com/public-files/datasets/bwh3zbpkpv/files/edf6b319-9ed5-43df-a652-f7e92661f5c8/file_downloaded,https://prod-dcd-datasets-public-files-eu-west-1.s3.eu-west-1.amazonaws.com/665065e6-f9b5-4910-9405-9d0cb25e0865
streak virus,maize_streak_virus,streak virus897_.jpg,https://data.mendeley.com/public-files/datasets/bwh3zbpkpv/files/905b2741-18ad-4630-8be4-7db0d23528da/file_downloaded,https://prod-dcd-datasets-public-files-eu-west-1.s3.eu-west-1.amazonaws.com/3b6c7791-ca53-485f-b1bd-f56d2eaf4c49
streak virus,maize_streak_virus,streak virus898_.jpg,https://data.mendeley.com/public-files/datasets/bwh3zbpkpv/files/78cc60dc-8bbb-4a12-8e6c-e909dc5596e2/file_downloaded,https://prod-dcd-datasets-public-files-eu-west-1.s3.eu-west-1.amazonaws.com/bd059acb-276d-4c23-8d2d-5c059df7377f
streak virus,maize_streak_virus,streak virus899_.jpg,https://data.mendeley.com/public-files/datasets/bwh3zbpkpv/files/c286efa3-519a-4d65-bd4d-45bbb0c356cb/file_downloaded,https://prod-dcd-datasets-public-files-eu-west-1.s3.eu-west-1.amazonaws.com/c0c72b7a-accc-4fc1-9a77-ab679a571ce4
streak virus,maize_streak_virus,streak virus89_.jpg,https://data.mendeley.com/public-files/datasets/bwh3zbpkpv/files/1fac12b8-2083-455a-af3c-d9727fe4e357/file_downloaded,https://prod-dcd-datasets-public-files-eu-west-1.s3.eu-west-1.amazonaws.com/9dbbfd0e-0a69-40f8-9746-7c9864494679
streak virus,maize_streak_virus,streak virus8_.jpg,https://data.mendeley.com/public-files/datasets/bwh3zbpkpv/files/98da5dcd-8e2e-42c9-a5c4-0a6599b086ae/file_downloaded,https://prod-dcd-datasets-public-files-eu-west-1.s3.eu-west-1.amazonaws.com/6273a6e1-6dc5-4e40-ae14-5cdc13c1760e
streak virus,maize_streak_virus,streak virus900_.jpg,https://data.mendeley.com/public-files/datasets/bwh3zbpkpv/files/c33875cf-9b82-4d13-8da6-71ae47ac8f6e/file_downloaded,https://prod-dcd-datasets-public-files-eu-west-1.s3.eu-west-1.amazonaws.com/9896b5de-bcee-47c0-9fb8-b897f57b1370
streak virus,maize_streak_virus,streak virus901_.jpg,https://data.mendeley.com/public-files/datasets/bwh3zbpkpv/files/e53ca4ab-1bca-42c8-a59b-fd23d9d4f2cc/file_downloaded,https://prod-dcd-datasets-public-files-eu-west-1.s3.eu-west-1.amazonaws.com/9e1bc119-26a1-4668-82e3-ec58b121df76
streak virus,maize_streak_virus,streak virus902_.jpg,https://data.mendeley.com/public-files/datasets/bwh3zbpkpv/files/ef780179-7158-4871-ac53-cbe1c3e27818/file_downloaded,https://prod-dcd-datasets-public-files-eu-west-1.s3.eu-west-1.amazonaws.com/18e3ce15-678d-45f6-a72a-20e7543cbd9d
streak virus,maize_streak_virus,streak virus903_.jpg,https://data.mendeley.com/public-files/datasets/bwh3zbpkpv/files/271f4393-3972-4e2b-9512-37eb41132c28/file_downloaded,https://prod-dcd-datasets-public-files-eu-west-1.s3.eu-west-1.amazonaws.com/03e27e96-b5f8-46bd-a9e0-1fc854caead4
streak virus,maize_streak_virus,streak virus904_.jpg,https://data.mendeley.com/public-files/datasets/bwh3zbpkpv/files/10ddb7f2-8718-43d0-a50c-cf0497ed2047/file_downloaded,https://prod-dcd-datasets-public-files-eu-west-1.s3.eu-west-1.amazonaws.com/119ede9a-ee69-4f6d-8d16-4c32a87f6dd0
streak virus,maize_streak_virus,streak virus905_.jpg,https://data.mendeley.com/public-files/datasets/bwh3zbpkpv/files/7efdd8cb-ec64-4863-a610-5aa249e192e4/file_downloaded,https://prod-dcd-datasets-public-files-eu-west-1.s3.eu-west-1.amazonaws.com/68c4e9e7-e6e5-4abb-abef-82a13f2ce8ca
streak virus,maize_streak_virus,streak virus906_.jpg,https://data.mendeley.com/public-files/datasets/bwh3zbpkpv/files/c0215597-2f89-47f3-9be6-af995c820c05/file_downloaded,https://prod-dcd-datasets-public-files-eu-west-1.s3.eu-west-1.amazonaws.com/ba31fae3-a5bc-44b9-b3ab-b05c9e3d1f8e
streak virus,maize_streak_virus,streak virus907_.jpg,https://data.mendeley.com/public-files/datasets/bwh3zbpkpv/files/cbc158d2-3817-4981-a3e6-492a288daf21/file_downloaded,https://prod-dcd-datasets-public-files-eu-west-1.s3.eu-west-1.amazonaws.com/d7a63f71-654c-49d3-8722-6bb5767739c9
streak virus,maize_streak_virus,streak virus908_.jpg,https://data.mendeley.com/public-files/datasets/bwh3zbpkpv/files/571a2595-d5a2-4030-887f-1f33070afa94/file_downloaded,https://prod-dcd-datasets-public-files-eu-west-1.s3.eu-west-1.amazonaws.com/8fef9971-dc53-4915-a403-5ff55b9f0be2
streak virus,maize_streak_virus,streak virus909_.jpg,https://data.mendeley.com/public-files/datasets/bwh3zbpkpv/files/b5799e4e-d0ca-4fd8-931a-331ccaa974f7/file_downloaded,https://prod-dcd-datasets-public-files-eu-west-1.s3.eu-west-1.amazonaws.com/8fe37ce1-9672-4675-913b-f036d6ea90f7
streak virus,maize_streak_virus,streak virus90_.jpg,https://data.mendeley.com/public-files/datasets/bwh3zbpkpv/files/23b3dbb8-f67f-46b0-961a-84b9965d7dde/file_downloaded,https://prod-dcd-datasets-public-files-eu-west-1.s3.eu-west-1.amazonaws.com/899e33fd-ccbe-485c-a50b-2ebdeb6d5012
streak virus,maize_streak_virus,streak virus910_.jpg,https://data.mendeley.com/public-files/datasets/bwh3zbpkpv/files/b85f5e5a-d0c1-4317-a74c-5c906e454fb0/file_downloaded,https://prod-dcd-datasets-public-files-eu-west-1.s3.eu-west-1.amazonaws.com/dc122ceb-f637-4989-8662-8d2fef60e5e3
streak virus,maize_streak_virus,streak virus911_.jpg,https://data.mendeley.com/public-files/datasets/bwh3zbpkpv/files/4b6d095f-a735-4437-95ca-1116b86fdfb9/file_downloaded,https://prod-dcd-datasets-public-files-eu-west-1.s3.eu-west-1.amazonaws.com/2f4860e1-16c7-4219-9457-aebd43860023
streak virus,maize_streak_virus,streak virus912_.jpg,https://data.mendeley.com/public-files/datasets/bwh3zbpkpv/files/d4e79139-2081-496d-9275-c86b685aa80c/file_downloaded,https://prod-dcd-datasets-public-files-eu-west-1.s3.eu-west-1.amazonaws.com/0b3e2d42-8582-4419-99bf-a08b88909e5d
streak virus,maize_streak_virus,streak virus913_.jpg,https://data.mendeley.com/public-files/datasets/bwh3zbpkpv/files/2fd7136f-26a2-46a6-ba96-f9c431ac3aca/file_downloaded,https://prod-dcd-datasets-public-files-eu-west-1.s3.eu-west-1.amazonaws.com/e65a279e-327f-44ce-a4d8-79dc4ffbba45
streak virus,maize_streak_virus,streak virus914_.jpg,https://data.mendeley.com/public-files/datasets/bwh3zbpkpv/files/540d9ab2-02dd-4073-b19e-6b41bef9adde/file_downloaded,https://prod-dcd-datasets-public-files-eu-west-1.s3.eu-west-1.amazonaws.com/c3445a01-ad11-46ad-9115-7ef0d0581896
streak virus,maize_streak_virus,streak virus915_.jpg,https://data.mendeley.com/public-files/datasets/bwh3zbpkpv/files/e4c3b185-888a-4fcb-9335-fcb37d681069/file_downloaded,https://prod-dcd-datasets-public-files-eu-west-1.s3.eu-west-1.amazonaws.com/70946985-4b2c-4d5e-b9cf-d46c39a286ae
streak virus,maize_streak_virus,streak virus916_.jpg,https://data.mendeley.com/public-files/datasets/bwh3zbpkpv/files/31f865ba-658f-480b-9bcf-c118c0a8b623/file_downloaded,https://prod-dcd-datasets-public-files-eu-west-1.s3.eu-west-1.amazonaws.com/fc128a5c-5a46-44b5-b408-7a72bd655a6c
streak virus,maize_streak_virus,streak virus917_.jpg,https://data.mendeley.com/public-files/datasets/bwh3zbpkpv/files/23d07434-3991-4953-9370-c653f100abaa/file_downloaded,https://prod-dcd-datasets-public-files-eu-west-1.s3.eu-west-1.amazonaws.com/92b7a325-27ee-43cb-976c-5809b2a0f494
streak virus,maize_streak_virus,streak virus918_.jpg,https://data.mendeley.com/public-files/datasets/bwh3zbpkpv/files/de7f95e9-8dba-42f2-b354-9b8476b033d3/file_downloaded,https://prod-dcd-datasets-public-files-eu-west-1.s3.eu-west-1.amazonaws.com/a65ab366-d0d6-4d0f-a0f0-1e8ec6dbdc43
streak virus,maize_streak_virus,streak virus919_.jpg,https://data.mendeley.com/public-files/datasets/bwh3zbpkpv/files/1129e0fe-dd27-442a-93a7-cd6245cc5b9f/file_downloaded,https://prod-dcd-datasets-public-files-eu-west-1.s3.eu-west-1.amazonaws.com/8cc1d917-e8e4-468e-84cd-ff81c203ac1e
streak virus,maize_streak_virus,streak virus91_.jpg,https://data.mendeley.com/public-files/datasets/bwh3zbpkpv/files/8449c0b4-c799-414b-8f59-232159a75ccb/file_downloaded,https://prod-dcd-datasets-public-files-eu-west-1.s3.eu-west-1.amazonaws.com/814a59a2-10d2-4a79-9a15-6b3d5b0c29f5
streak virus,maize_streak_virus,streak virus920_.jpg,https://data.mendeley.com/public-files/datasets/bwh3zbpkpv/files/d16d83d3-b3dc-479e-bfa8-bbf8104f92b7/file_downloaded,https://prod-dcd-datasets-public-files-eu-west-1.s3.eu-west-1.amazonaws.com/3e462c32-1053-48ff-8d7d-535483c1cfeb
streak virus,maize_streak_virus,streak virus921_.jpg,https://data.mendeley.com/public-files/datasets/bwh3zbpkpv/files/eab6e626-4cd2-459c-b995-bda453949936/file_downloaded,https://prod-dcd-datasets-public-files-eu-west-1.s3.eu-west-1.amazonaws.com/20cba8d0-3a05-409b-a8be-c48beb12510d
streak virus,maize_streak_virus,streak virus922_.jpg,https://data.mendeley.com/public-files/datasets/bwh3zbpkpv/files/4ba6a22e-aedb-47a0-8840-23306c009486/file_downloaded,https://prod-dcd-datasets-public-files-eu-west-1.s3.eu-west-1.amazonaws.com/10ffae48-5ff5-4d91-a14d-5956eb248ce7
streak virus,maize_streak_virus,streak virus923_.jpg,https://data.mendeley.com/public-files/datasets/bwh3zbpkpv/files/5a195151-18d7-47a3-9fe0-93da64bbf5ed/file_downloaded,https://prod-dcd-datasets-public-files-eu-west-1.s3.eu-west-1.amazonaws.com/514b8887-6a67-4c9f-96be-760367d14aa6
streak virus,maize_streak_virus,streak virus924_.jpg,https://data.mendeley.com/public-files/datasets/bwh3zbpkpv/files/66196f4d-83eb-479f-8e10-3e0c5b19a319/file_downloaded,https://prod-dcd-datasets-public-files-eu-west-1.s3.eu-west-1.amazonaws.com/c9f7ebe0-b201-4480-a680-0351af57fbac
streak virus,maize_streak_virus,streak virus925_.jpg,https://data.mendeley.com/public-files/datasets/bwh3zbpkpv/files/e16b1dbd-8ef1-41d0-a7a4-0d1368a337cb/file_downloaded,https://prod-dcd-datasets-public-files-eu-west-1.s3.eu-west-1.amazonaws.com/602d6349-689e-4b0d-ab53-92d5209dc0b2
streak virus,maize_streak_virus,streak virus926_.jpg,https://data.mendeley.com/public-files/datasets/bwh3zbpkpv/files/c66262a7-eb6b-4aec-95f3-853c555a6dca/file_downloaded,https://prod-dcd-datasets-public-files-eu-west-1.s3.eu-west-1.amazonaws.com/f1783d57-e3aa-4e2f-a839-2a1a2c078163
streak virus,maize_streak_virus,streak virus927_.jpg,https://data.mendeley.com/public-files/datasets/bwh3zbpkpv/files/c2aba858-fae7-46e2-af27-621534ce9715/file_downloaded,https://prod-dcd-datasets-public-files-eu-west-1.s3.eu-west-1.amazonaws.com/03965d56-e0c0-40b4-a47e-068c7a280854
streak virus,maize_streak_virus,streak virus928_.jpg,https://data.mendeley.com/public-files/datasets/bwh3zbpkpv/files/b045858d-8925-45ea-a268-b9280012afc0/file_downloaded,https://prod-dcd-datasets-public-files-eu-west-1.s3.eu-west-1.amazonaws.com/6feafcc5-26dd-45aa-99f1-1f523fa12ca2
streak virus,maize_streak_virus,streak virus929_.jpg,https://data.mendeley.com/public-files/datasets/bwh3zbpkpv/files/bfd0b409-8eff-435e-b68e-d4a6bdcfa4d0/file_downloaded,https://prod-dcd-datasets-public-files-eu-west-1.s3.eu-west-1.amazonaws.com/6b6a7b2c-c2c2-446b-90c0-ef3daa5d89eb
streak virus,maize_streak_virus,streak virus92_.jpg,https://data.mendeley.com/public-files/datasets/bwh3zbpkpv/files/90bcd44f-e6f2-4301-b340-64126bf94ea1/file_downloaded,https://prod-dcd-datasets-public-files-eu-west-1.s3.eu-west-1.amazonaws.com/02dc0594-ad14-4b11-b3e8-fafabd072b88
streak virus,maize_streak_virus,streak virus930_.jpg,https://data.mendeley.com/public-files/datasets/bwh3zbpkpv/files/1f46444e-f95d-4cb4-be50-a1b88aa3282d/file_downloaded,https://prod-dcd-datasets-public-files-eu-west-1.s3.eu-west-1.amazonaws.com/0a730432-6a61-4ee1-88c4-6fa82a412247
streak virus,maize_streak_virus,streak virus931_.jpg,https://data.mendeley.com/public-files/datasets/bwh3zbpkpv/files/4d950a65-20c8-42ea-b5c7-83effa68dc74/file_downloaded,https://prod-dcd-datasets-public-files-eu-west-1.s3.eu-west-1.amazonaws.com/a8b33762-efad-42f4-903f-79751e6cd5d6
streak virus,maize_streak_virus,streak virus932_.jpg,https://data.mendeley.com/public-files/datasets/bwh3zbpkpv/files/53a9043f-962b-4c13-a5c9-d45e8fe103b7/file_downloaded,https://prod-dcd-datasets-public-files-eu-west-1.s3.eu-west-1.amazonaws.com/8efd9daa-c632-483e-ab72-edff3eae0dfc
streak virus,maize_streak_virus,streak virus933_.jpg,https://data.mendeley.com/public-files/datasets/bwh3zbpkpv/files/0cc1a052-59f2-49c5-8d79-f2c7d929b09b/file_downloaded,https://prod-dcd-datasets-public-files-eu-west-1.s3.eu-west-1.amazonaws.com/2a46d226-5d9f-4a11-94aa-6428974e20f8
streak virus,maize_streak_virus,streak virus934_.jpg,https://data.mendeley.com/public-files/datasets/bwh3zbpkpv/files/141d9241-ff12-4adc-81c5-5c836c2b38ce/file_downloaded,https://prod-dcd-datasets-public-files-eu-west-1.s3.eu-west-1.amazonaws.com/90827fe7-4dca-40cb-8dad-e27159309047
streak virus,maize_streak_virus,streak virus935_.jpg,https://data.mendeley.com/public-files/datasets/bwh3zbpkpv/files/9931d9b4-5231-42fd-8351-88999451a11e/file_downloaded,https://prod-dcd-datasets-public-files-eu-west-1.s3.eu-west-1.amazonaws.com/4c18461a-d0db-4c99-bc16-6713562ca974
streak virus,maize_streak_virus,streak virus936_.jpg,https://data.mendeley.com/public-files/datasets/bwh3zbpkpv/files/3d2a39c6-1fda-4bd4-b7cc-f606ff5a8c85/file_downloaded,https://prod-dcd-datasets-public-files-eu-west-1.s3.eu-west-1.amazonaws.com/a05cc22a-442e-40b2-b8ba-43a080d83f97
streak virus,maize_streak_virus,streak virus937_.jpg,https://data.mendeley.com/public-files/datasets/bwh3zbpkpv/files/7a7bfc1e-6a05-4a9f-8b25-78ecda1aac88/file_downloaded,https://prod-dcd-datasets-public-files-eu-west-1.s3.eu-west-1.amazonaws.com/9b6536ea-eeee-43ce-8b07-6f9e3d880516
streak virus,maize_streak_virus,streak virus938_.jpg,https://data.mendeley.com/public-files/datasets/bwh3zbpkpv/files/358ef633-b58e-4295-aa22-5a735c0b1df0/file_downloaded,https://prod-dcd-datasets-public-files-eu-west-1.s3.eu-west-1.amazonaws.com/991b0c47-d55b-41ca-9a32-e16af186c431
streak virus,maize_streak_virus,streak virus939_.jpg,https://data.mendeley.com/public-files/datasets/bwh3zbpkpv/files/7e160e61-5063-4151-a69e-952f1bbacaf7/file_downloaded,https://prod-dcd-datasets-public-files-eu-west-1.s3.eu-west-1.amazonaws.com/d8f8f58d-4f9e-48e6-8d62-f1743316d4d9
streak virus,maize_streak_virus,streak virus93_.jpg,https://data.mendeley.com/public-files/datasets/bwh3zbpkpv/files/0984bb93-0b0b-4979-a10d-653adf8b2094/file_downloaded,https://prod-dcd-datasets-public-files-eu-west-1.s3.eu-west-1.amazonaws.com/6bea3b45-394e-44aa-a5e7-5a90ad7d1e8d
streak virus,maize_streak_virus,streak virus940_.jpg,https://data.mendeley.com/public-files/datasets/bwh3zbpkpv/files/ec1495f3-e99a-4225-b3e3-d5ca7ba33f91/file_downloaded,https://prod-dcd-datasets-public-files-eu-west-1.s3.eu-west-1.amazonaws.com/053f9e1f-8279-4637-87f2-bf1ee65cfb2a
streak virus,maize_streak_virus,streak virus941_.jpg,https://data.mendeley.com/public-files/datasets/bwh3zbpkpv/files/dd2f7f5c-c16f-4cdc-bda2-b01e97446d5b/file_downloaded,https://prod-dcd-datasets-public-files-eu-west-1.s3.eu-west-1.amazonaws.com/d9a1d196-40a0-494d-9f7c-bcb1ab7d4daa
streak virus,maize_streak_virus,streak virus942_.jpg,https://data.mendeley.com/public-files/datasets/bwh3zbpkpv/files/455a7742-4bba-43b5-a57e-41ff4989cb40/file_downloaded,https://prod-dcd-datasets-public-files-eu-west-1.s3.eu-west-1.amazonaws.com/587521a7-c91c-4586-a812-8e9c3bbc23b2
streak virus,maize_streak_virus,streak virus943_.jpg,https://data.mendeley.com/public-files/datasets/bwh3zbpkpv/files/8010c70d-88c1-45e8-833d-b00af6e713ee/file_downloaded,https://prod-dcd-datasets-public-files-eu-west-1.s3.eu-west-1.amazonaws.com/02070574-e8ab-46e6-acda-5e658f36e734
streak virus,maize_streak_virus,streak virus944_.jpg,https://data.mendeley.com/public-files/datasets/bwh3zbpkpv/files/d4501b63-9e47-4e9c-a765-422ccb1b490d/file_downloaded,https://prod-dcd-datasets-public-files-eu-west-1.s3.eu-west-1.amazonaws.com/96af16dc-ba91-41d2-89e1-4d6cbdba9091
streak virus,maize_streak_virus,streak virus945_.jpg,https://data.mendeley.com/public-files/datasets/bwh3zbpkpv/files/ff8364a0-af69-4930-b585-117df1188dff/file_downloaded,https://prod-dcd-datasets-public-files-eu-west-1.s3.eu-west-1.amazonaws.com/488197a4-938f-4660-8625-64b7b80fc252
streak virus,maize_streak_virus,streak virus946_.jpg,https://data.mendeley.com/public-files/datasets/bwh3zbpkpv/files/ad4e5810-fd7c-4a15-a206-82d7aeb7ae5a/file_downloaded,https://prod-dcd-datasets-public-files-eu-west-1.s3.eu-west-1.amazonaws.com/e2819943-087f-4eb2-90ff-1f40b11aea1b
streak virus,maize_streak_virus,streak virus947_.jpg,https://data.mendeley.com/public-files/datasets/bwh3zbpkpv/files/02a6a331-8184-4862-9bc2-8fec61324fbd/file_downloaded,https://prod-dcd-datasets-public-files-eu-west-1.s3.eu-west-1.amazonaws.com/a468c110-bf4f-408e-a801-58b12e20f73c
streak virus,maize_streak_virus,streak virus948_.jpg,https://data.mendeley.com/public-files/datasets/bwh3zbpkpv/files/cd9e1adf-0527-4557-a874-f091a83859dd/file_downloaded,https://prod-dcd-datasets-public-files-eu-west-1.s3.eu-west-1.amazonaws.com/f05a07ac-8817-4ffe-885f-b22018d10029
streak virus,maize_streak_virus,streak virus949_.jpg,https://data.mendeley.com/public-files/datasets/bwh3zbpkpv/files/dfdeed19-ec32-4f9e-b778-892214edf901/file_downloaded,https://prod-dcd-datasets-public-files-eu-west-1.s3.eu-west-1.amazonaws.com/ecce669b-3e57-41dc-b677-fb26f1e4d6ee
streak virus,maize_streak_virus,streak virus94_.jpg,https://data.mendeley.com/public-files/datasets/bwh3zbpkpv/files/f0a3b799-2e2b-4090-ae76-7ebbbe9f01ac/file_downloaded,https://prod-dcd-datasets-public-files-eu-west-1.s3.eu-west-1.amazonaws.com/c3a8bb90-429f-4380-9e0a-547a416460b0
streak virus,maize_streak_virus,streak virus950_.jpg,https://data.mendeley.com/public-files/datasets/bwh3zbpkpv/files/81eaaeba-d15e-4308-9bde-3a5b9079d507/file_downloaded,https://prod-dcd-datasets-public-files-eu-west-1.s3.eu-west-1.amazonaws.com/5769c2f5-4e33-4cd1-981a-5f99a89f9775
streak virus,maize_streak_virus,streak virus951_.jpg,https://data.mendeley.com/public-files/datasets/bwh3zbpkpv/files/dd60e049-00c3-4d36-aade-740400c50c19/file_downloaded,https://prod-dcd-datasets-public-files-eu-west-1.s3.eu-west-1.amazonaws.com/cc30b835-8d33-44e4-aab2-1b6f8cff0b61
streak virus,maize_streak_virus,streak virus952_.jpg,https://data.mendeley.com/public-files/datasets/bwh3zbpkpv/files/72c88bdf-a3df-4481-a9b8-724e22a71429/file_downloaded,https://prod-dcd-datasets-public-files-eu-west-1.s3.eu-west-1.amazonaws.com/5f30f87f-ae5d-4313-a608-1c150ff54da9
streak virus,maize_streak_virus,streak virus953_.jpg,https://data.mendeley.com/public-files/datasets/bwh3zbpkpv/files/9125cec7-b3e2-44b1-b8a9-ce98eb31ecb5/file_downloaded,https://prod-dcd-datasets-public-files-eu-west-1.s3.eu-west-1.amazonaws.com/2fff2bce-9d4f-42c9-bec2-ceacedd8e39d
streak virus,maize_streak_virus,streak virus954_.jpg,https://data.mendeley.com/public-files/datasets/bwh3zbpkpv/files/37253e04-717c-40c3-aa5e-3fc10e5f867a/file_downloaded,https://prod-dcd-datasets-public-files-eu-west-1.s3.eu-west-1.amazonaws.com/db105063-231a-452d-9eb5-be39057f0827
streak virus,maize_streak_virus,streak virus955_.jpg,https://data.mendeley.com/public-files/datasets/bwh3zbpkpv/files/c37cde28-6740-40f4-b9c5-6371325fbf87/file_downloaded,https://prod-dcd-datasets-public-files-eu-west-1.s3.eu-west-1.amazonaws.com/c1579bae-58d9-4b9b-818a-f73a3d0da619
streak virus,maize_streak_virus,streak virus956_.jpg,https://data.mendeley.com/public-files/datasets/bwh3zbpkpv/files/4d7bc7af-c789-4c3c-a67f-840bb150dd50/file_downloaded,https://prod-dcd-datasets-public-files-eu-west-1.s3.eu-west-1.amazonaws.com/1a086bb0-7174-43f4-a994-a6cca8c14bd0
streak virus,maize_streak_virus,streak virus957_.jpg,https://data.mendeley.com/public-files/datasets/bwh3zbpkpv/files/6e4a732a-4ba9-4a7c-815c-9ad101f60a60/file_downloaded,https://prod-dcd-datasets-public-files-eu-west-1.s3.eu-west-1.amazonaws.com/ff9924bb-3a92-4e24-b2e7-d836a0b38ff5
streak virus,maize_streak_virus,streak virus958_.jpg,https://data.mendeley.com/public-files/datasets/bwh3zbpkpv/files/aff4850b-c015-4a49-acfc-7f8d90f02377/file_downloaded,https://prod-dcd-datasets-public-files-eu-west-1.s3.eu-west-1.amazonaws.com/669c02d0-cc64-4766-b2d6-8378c5d845d2
streak virus,maize_streak_virus,streak virus959_.jpg,https://data.mendeley.com/public-files/datasets/bwh3zbpkpv/files/ea6c53f5-246a-4e34-b87f-61bc81c02bab/file_downloaded,https://prod-dcd-datasets-public-files-eu-west-1.s3.eu-west-1.amazonaws.com/02d89175-03a3-4bcf-9ddb-9831d0abb57a
streak virus,maize_streak_virus,streak virus95_.jpg,https://data.mendeley.com/public-files/datasets/bwh3zbpkpv/files/1d4f6291-8444-4868-babf-9e9b14a2d810/file_downloaded,https://prod-dcd-datasets-public-files-eu-west-1.s3.eu-west-1.amazonaws.com/68fd2bdb-5cde-4ce8-a671-26f56fa3ee52
streak virus,maize_streak_virus,streak virus960_.jpg,https://data.mendeley.com/public-files/datasets/bwh3zbpkpv/files/4cdcca70-9a80-4bed-be3a-560e5893a3be/file_downloaded,https://prod-dcd-datasets-public-files-eu-west-1.s3.eu-west-1.amazonaws.com/c5a21d73-e70d-4321-8c2a-51028e9dfccf
streak virus,maize_streak_virus,streak virus961_.jpg,https://data.mendeley.com/public-files/datasets/bwh3zbpkpv/files/171bc00c-f1cb-459f-ae09-21f4e360e389/file_downloaded,https://prod-dcd-datasets-public-files-eu-west-1.s3.eu-west-1.amazonaws.com/de7a5e33-15e2-4d50-8cc9-f56734c3fa2a
streak virus,maize_streak_virus,streak virus962_.jpg,https://data.mendeley.com/public-files/datasets/bwh3zbpkpv/files/6ba25d0d-6077-4fc9-8c53-c35c294c67d4/file_downloaded,https://prod-dcd-datasets-public-files-eu-west-1.s3.eu-west-1.amazonaws.com/69a3232a-5daf-451f-bf53-6600c75d6d43
streak virus,maize_streak_virus,streak virus963_.jpg,https://data.mendeley.com/public-files/datasets/bwh3zbpkpv/files/e9df8df7-6d1d-4016-8531-5c45667e92fa/file_downloaded,https://prod-dcd-datasets-public-files-eu-west-1.s3.eu-west-1.amazonaws.com/41456695-cc56-4106-a803-0fa10640f421
streak virus,maize_streak_virus,streak virus964_.jpg,https://data.mendeley.com/public-files/datasets/bwh3zbpkpv/files/c8561ed2-5cc0-4f58-9641-e319cf208e74/file_downloaded,https://prod-dcd-datasets-public-files-eu-west-1.s3.eu-west-1.amazonaws.com/df3c93e2-ae2a-4bff-8f0e-ebee3fab5fbd
streak virus,maize_streak_virus,streak virus965_.jpg,https://data.mendeley.com/public-files/datasets/bwh3zbpkpv/files/dc53e9ca-f5f9-4fb5-bb7b-4bdeb2446002/file_downloaded,https://prod-dcd-datasets-public-files-eu-west-1.s3.eu-west-1.amazonaws.com/db7c43f2-5d6e-4a86-bf91-44df9f3496a4
streak virus,maize_streak_virus,streak virus966_.jpg,https://data.mendeley.com/public-files/datasets/bwh3zbpkpv/files/9d17e77a-cd71-47c9-a12c-d64a7feb71ee/file_downloaded,https://prod-dcd-datasets-public-files-eu-west-1.s3.eu-west-1.amazonaws.com/daa28129-5aca-4114-b867-5fdbf61b2bc8
streak virus,maize_streak_virus,streak virus967_.jpg,https://data.mendeley.com/public-files/datasets/bwh3zbpkpv/files/5758b831-63d1-4a72-b955-4a64dc11556f/file_downloaded,https://prod-dcd-datasets-public-files-eu-west-1.s3.eu-west-1.amazonaws.com/b6d16a2b-0c31-4da6-8665-4a32c7fa9619
streak virus,maize_streak_virus,streak virus968_.jpg,https://data.mendeley.com/public-files/datasets/bwh3zbpkpv/files/dfa88145-6761-474b-a0d9-d6003b6286af/file_downloaded,https://prod-dcd-datasets-public-files-eu-west-1.s3.eu-west-1.amazonaws.com/23a4e731-320e-45ed-a178-ff5e9095caa4
streak virus,maize_streak_virus,streak virus969_.jpg,https://data.mendeley.com/public-files/datasets/bwh3zbpkpv/files/b68d8cfc-98bc-4f51-87dc-f3a7a61b548d/file_downloaded,https://prod-dcd-datasets-public-files-eu-west-1.s3.eu-west-1.amazonaws.com/1493beb3-905e-4d76-90a1-b272fdadcf61
streak virus,maize_streak_virus,streak virus96_.jpg,https://data.mendeley.com/public-files/datasets/bwh3zbpkpv/files/9ae93a9a-4b63-4e4b-95bf-c63c796e279e/file_downloaded,https://prod-dcd-datasets-public-files-eu-west-1.s3.eu-west-1.amazonaws.com/3041e4c8-8328-458f-b6b0-82ae5dd38236
streak virus,maize_streak_virus,streak virus970_.jpg,https://data.mendeley.com/public-files/datasets/bwh3zbpkpv/files/2e7f048c-0a0f-4128-b5a8-f1331b6949fc/file_downloaded,https://prod-dcd-datasets-public-files-eu-west-1.s3.eu-west-1.amazonaws.com/6741e485-8b9e-4f47-82f0-7796a1baacac
streak virus,maize_streak_virus,streak virus971_.jpg,https://data.mendeley.com/public-files/datasets/bwh3zbpkpv/files/ad0e94e0-6723-4566-ae52-2e1ebe616c07/file_downloaded,https://prod-dcd-datasets-public-files-eu-west-1.s3.eu-west-1.amazonaws.com/8cce521d-97a1-4471-957a-099103810ff0
streak virus,maize_streak_virus,streak virus972_.jpg,https://data.mendeley.com/public-files/datasets/bwh3zbpkpv/files/3c0dc139-b31b-4903-a10d-2f14c089eac7/file_downloaded,https://prod-dcd-datasets-public-files-eu-west-1.s3.eu-west-1.amazonaws.com/15e09c39-6df8-4576-853f-4b8be8192172
streak virus,maize_streak_virus,streak virus973_.jpg,https://data.mendeley.com/public-files/datasets/bwh3zbpkpv/files/239cfb76-60d3-43b9-a8c0-eb3eb45436e6/file_downloaded,https://prod-dcd-datasets-public-files-eu-west-1.s3.eu-west-1.amazonaws.com/4dd6c617-cc9f-4c28-bb2e-0f187c4d1fc1
streak virus,maize_streak_virus,streak virus974_.jpg,https://data.mendeley.com/public-files/datasets/bwh3zbpkpv/files/3e639fe5-3a32-484c-b850-37de93c04e23/file_downloaded,https://prod-dcd-datasets-public-files-eu-west-1.s3.eu-west-1.amazonaws.com/d414ea70-b92a-411a-8c11-e0fa86960ffa
streak virus,maize_streak_virus,streak virus975_.jpg,https://data.mendeley.com/public-files/datasets/bwh3zbpkpv/files/89a33e98-fbe5-4f32-804c-84a5fb8dd6d4/file_downloaded,https://prod-dcd-datasets-public-files-eu-west-1.s3.eu-west-1.amazonaws.com/2cd2d02f-24f8-4402-8286-a3e7cd7d1147
streak virus,maize_streak_virus,streak virus976_.jpg,https://data.mendeley.com/public-files/datasets/bwh3zbpkpv/files/37cdd469-5f1e-4859-81d2-7fc271d505cc/file_downloaded,https://prod-dcd-datasets-public-files-eu-west-1.s3.eu-west-1.amazonaws.com/f6062411-8d26-4553-ba07-7408a783bf2e
streak virus,maize_streak_virus,streak virus977_.jpg,https://data.mendeley.com/public-files/datasets/bwh3zbpkpv/files/af463797-34f1-4b39-b017-a45d5278a771/file_downloaded,https://prod-dcd-datasets-public-files-eu-west-1.s3.eu-west-1.amazonaws.com/60e489d5-7dcc-4632-8159-c5155a339c17
streak virus,maize_streak_virus,streak virus978_.jpg,https://data.mendeley.com/public-files/datasets/bwh3zbpkpv/files/cfe9f598-59f1-4aeb-939e-beeb6177050b/file_downloaded,https://prod-dcd-datasets-public-files-eu-west-1.s3.eu-west-1.amazonaws.com/94867268-232a-42e1-94b1-75fedbb43d93
streak virus,maize_streak_virus,streak virus979_.jpg,https://data.mendeley.com/public-files/datasets/bwh3zbpkpv/files/20922321-9555-4b27-9ebd-78ab29054c12/file_downloaded,https://prod-dcd-datasets-public-files-eu-west-1.s3.eu-west-1.amazonaws.com/aee4cf54-2149-4e71-8e30-f4fe2ee76884
streak virus,maize_streak_virus,streak virus97_.jpg,https://data.mendeley.com/public-files/datasets/bwh3zbpkpv/files/895482ff-63f7-45cf-8668-b0e620bebb11/file_downloaded,https://prod-dcd-datasets-public-files-eu-west-1.s3.eu-west-1.amazonaws.com/b6ebe263-3bc8-43c7-9dc8-5d2a57713ef5
streak virus,maize_streak_virus,streak virus980_.jpg,https://data.mendeley.com/public-files/datasets/bwh3zbpkpv/files/5d35343e-60f9-40b3-8c56-e33b780017dd/file_downloaded,https://prod-dcd-datasets-public-files-eu-west-1.s3.eu-west-1.amazonaws.com/415a514c-bc6b-4d62-874c-e4de6182d0ed
streak virus,maize_streak_virus,streak virus981_.jpg,https://data.mendeley.com/public-files/datasets/bwh3zbpkpv/files/a92bd888-d804-4474-8dd2-e5fce9aa88ef/file_downloaded,https://prod-dcd-datasets-public-files-eu-west-1.s3.eu-west-1.amazonaws.com/d087408d-b025-419f-b0d1-6b3c012a85ad
streak virus,maize_streak_virus,streak virus982_.jpg,https://data.mendeley.com/public-files/datasets/bwh3zbpkpv/files/f187ef73-5d80-4baa-97f2-334048ec39f1/file_downloaded,https://prod-dcd-datasets-public-files-eu-west-1.s3.eu-west-1.amazonaws.com/cadc568a-93db-4656-914a-5abe9f91a6c4
streak virus,maize_streak_virus,streak virus983_.jpg,https://data.mendeley.com/public-files/datasets/bwh3zbpkpv/files/d84cd33b-2561-4410-9a4e-b6d736dd35f9/file_downloaded,https://prod-dcd-datasets-public-files-eu-west-1.s3.eu-west-1.amazonaws.com/3ce95c61-8d8f-466d-b091-cfc1a1eb2832
streak virus,maize_streak_virus,streak virus984_.jpg,https://data.mendeley.com/public-files/datasets/bwh3zbpkpv/files/70e3d414-a2d5-48bf-82d4-bb43e585507d/file_downloaded,https://prod-dcd-datasets-public-files-eu-west-1.s3.eu-west-1.amazonaws.com/9fee25b4-239d-40a0-9ec0-da5929797fce
streak virus,maize_streak_virus,streak virus985_.jpg,https://data.mendeley.com/public-files/datasets/bwh3zbpkpv/files/6c8f80e7-c292-440e-a7da-a443c13a537f/file_downloaded,https://prod-dcd-datasets-public-files-eu-west-1.s3.eu-west-1.amazonaws.com/d9bbe235-e930-4cda-902e-0c5760f937d4
streak virus,maize_streak_virus,streak virus986_.jpg,https://data.mendeley.com/public-files/datasets/bwh3zbpkpv/files/645e3b50-dbbf-4c70-bc9e-22e95310fd99/file_downloaded,https://prod-dcd-datasets-public-files-eu-west-1.s3.eu-west-1.amazonaws.com/238386c4-54ec-4062-b7d3-8fd4a2a6eae9
streak virus,maize_streak_virus,streak virus987_.jpg,https://data.mendeley.com/public-files/datasets/bwh3zbpkpv/files/79084eff-9c4f-431e-8c17-0f35d0dc0c96/file_downloaded,https://prod-dcd-datasets-public-files-eu-west-1.s3.eu-west-1.amazonaws.com/8ea4c414-2541-473e-8480-3677314df9da
streak virus,maize_streak_virus,streak virus988_.jpg,https://data.mendeley.com/public-files/datasets/bwh3zbpkpv/files/dfab7af5-a7de-4153-9b5a-caedb45ab772/file_downloaded,https://prod-dcd-datasets-public-files-eu-west-1.s3.eu-west-1.amazonaws.com/748d5287-fdf5-4cc0-a462-6a80a30ee440
streak virus,maize_streak_virus,streak virus989_.jpg,https://data.mendeley.com/public-files/datasets/bwh3zbpkpv/files/14f03095-ec8c-4378-9cef-724fd543ce43/file_downloaded,https://prod-dcd-datasets-public-files-eu-west-1.s3.eu-west-1.amazonaws.com/dbe747d8-5eaa-4611-b865-dd1aa8956da4
streak virus,maize_streak_virus,streak virus98_.jpg,https://data.mendeley.com/public-files/datasets/bwh3zbpkpv/files/e9022784-f405-4e8f-84e5-6f61d0566400/file_downloaded,https://prod-dcd-datasets-public-files-eu-west-1.s3.eu-west-1.amazonaws.com/1b61a973-39d1-44ae-a38d-2ae4cf2da7e0
streak virus,maize_streak_virus,streak virus990_.jpg,https://data.mendeley.com/public-files/datasets/bwh3zbpkpv/files/fa5f7b70-7004-42fc-98bc-e8c7703c865b/file_downloaded,https://prod-dcd-datasets-public-files-eu-west-1.s3.eu-west-1.amazonaws.com/1dc92191-a276-4fd6-a733-3cc18b7d4b64
streak virus,maize_streak_virus,streak virus991_.jpg,https://data.mendeley.com/public-files/datasets/bwh3zbpkpv/files/6cde70e1-3dda-4dbc-b3a9-00aaa09b2647/file_downloaded,https://prod-dcd-datasets-public-files-eu-west-1.s3.eu-west-1.amazonaws.com/07ecd0b0-d47d-457b-860b-e131f3c14e53
streak virus,maize_streak_virus,streak virus992_.jpg,https://data.mendeley.com/public-files/datasets/bwh3zbpkpv/files/0f7b538f-d967-4764-a959-df872dc6877b/file_downloaded,https://prod-dcd-datasets-public-files-eu-west-1.s3.eu-west-1.amazonaws.com/f68d1749-c5f0-450d-a224-68c6846177c2
streak virus,maize_streak_virus,streak virus993_.jpg,https://data.mendeley.com/public-files/datasets/bwh3zbpkpv/files/ad668a7d-19f9-4b3f-85cf-d314765f3186/file_downloaded,https://prod-dcd-datasets-public-files-eu-west-1.s3.eu-west-1.amazonaws.com/d2fe4e0a-18a0-4718-ab7c-180020b9f71c
streak virus,maize_streak_virus,streak virus994_.jpg,https://data.mendeley.com/public-files/datasets/bwh3zbpkpv/files/f2bcf9a0-1c7e-4e52-a88a-4a04b18cffa7/file_downloaded,https://prod-dcd-datasets-public-files-eu-west-1.s3.eu-west-1.amazonaws.com/00fe6162-3c36-490d-9dd9-6ef960df9bad
streak virus,maize_streak_virus,streak virus995_.jpg,https://data.mendeley.com/public-files/datasets/bwh3zbpkpv/files/e652309f-6626-4a28-adb7-80f56b5763f5/file_downloaded,https://prod-dcd-datasets-public-files-eu-west-1.s3.eu-west-1.amazonaws.com/cd75a653-00f5-45b9-b5d3-f4e8437b4aa3
streak virus,maize_streak_virus,streak virus996_.jpg,https://data.mendeley.com/public-files/datasets/bwh3zbpkpv/files/68b8853a-d529-400c-b9c3-b202f4fb0f83/file_downloaded,https://prod-dcd-datasets-public-files-eu-west-1.s3.eu-west-1.amazonaws.com/119576c9-e14a-443c-9226-d60500a8c2ba
streak virus,maize_streak_virus,streak virus997_.jpg,https://data.mendeley.com/public-files/datasets/bwh3zbpkpv/files/8ecb1c2d-31a9-4540-85fd-a0a410396820/file_downloaded,https://prod-dcd-datasets-public-files-eu-west-1.s3.eu-west-1.amazonaws.com/53d62e24-a640-4c36-a811-4b0972932fc7
streak virus,maize_streak_virus,streak virus998_.jpg,https://data.mendeley.com/public-files/datasets/bwh3zbpkpv/files/122db336-cba4-4427-8cbe-8dee81f5a6e5/file_downloaded,https://prod-dcd-datasets-public-files-eu-west-1.s3.eu-west-1.amazonaws.com/03445b54-99f4-4a1d-be49-5caed62adc2d
streak virus,maize_streak_virus,streak virus999_.jpg,https://data.mendeley.com/public-files/datasets/bwh3zbpkpv/files/f4862e96-7ffe-4ff5-8381-17a204520c6c/file_downloaded,https://prod-dcd-datasets-public-files-eu-west-1.s3.eu-west-1.amazonaws.com/e4b47981-21ef-4e3a-bc68-a972b45de367
streak virus,maize_streak_virus,streak virus99_.jpg,https://data.mendeley.com/public-files/datasets/bwh3zbpkpv/files/0180c8d7-3c99-4a73-8b16-3d408f9be327/file_downloaded,https://prod-dcd-datasets-public-files-eu-west-1.s3.eu-west-1.amazonaws.com/8d2efc78-8ea2-457f-8dac-14269e10cac8
streak virus,maize_streak_virus,streak virus9_.jpg,https://data.mendeley.com/public-files/datasets/bwh3zbpkpv/files/4cf7c1e2-c243-4491-81de-2ae503b50aed/file_downloaded,https://prod-dcd-datasets-public-files-eu-west-1.s3.eu-west-1.amazonaws.com/3c2d2665-6e9a-48e4-8833-c08435aa4b43
