folder,label,filename,group,mendeley_url,s3_url
coffee_healthy,coffee_healthy,C10P10E1.jpg,rocole:C10P10,https://data.mendeley.com/public-files/datasets/c5yvn32dzg/files/63d64b82-9002-41fe-bc61-bdcf1c679252/file_downloaded,https://prod-dcd-datasets-public-files-eu-west-1.s3.eu-west-1.amazonaws.com/3a679f07-d8b3-4da9-823b-0425f3894810
coffee_healthy,coffee_healthy,C10P10H1.jpg,rocole:C10P10,https://data.mendeley.com/public-files/datasets/c5yvn32dzg/files/67a25214-f8a7-4219-bdf3-47cee95fd534/file_downloaded,https://prod-dcd-datasets-public-files-eu-west-1.s3.eu-west-1.amazonaws.com/a6dd75b0-811f-46df-90c7-0f65b35a7e72
coffee_healthy,coffee_healthy,C10P11E1.jpg,rocole:C10P11,https://data.mendeley.com/public-files/datasets/c5yvn32dzg/files/3fd337e6-3fd1-4c54-88d5-47d4d79ec4a3/file_downloaded,https://prod-dcd-datasets-public-files-eu-west-1.s3.eu-west-1.amazonaws.com/83520785-ade5-4645-af68-6344cb08b65d
coffee_healthy,coffee_healthy,C10P11H1.jpg,rocole:C10P11,https://data.mendeley.com/public-files/datasets/c5yvn32dzg/files/59359ad4-872d-40b2-af2b-c845a03c930c/file_downloaded,https://prod-dcd-datasets-public-files-eu-west-1.s3.eu-west-1.amazonaws.com/cb5d6c57-5726-4515-b88d-28ab707f2483
coffee_healthy,coffee_healthy,C10P12E1.jpg,rocole:C10P12,https://data.mendeley.com/public-files/datasets/c5yvn32dzg/files/1bdd99a3-4dc6-4d9e-a065-b986eec8dfe8/file_downloaded,https://prod-dcd-datasets-public-files-eu-west-1.s3.eu-west-1.amazonaws.com/9472b371-f598-445c-90a4-e4f069a2f265
coffee_healthy,coffee_healthy,C10P12H1.jpg,rocole:C10P12,https://data.mendeley.com/public-files/datasets/c5yvn32dzg/files/c84593c7-2ce5-431d-9c4c-89bb5ea543bf/file_downloaded,https://prod-dcd-datasets-public-files-eu-west-1.s3.eu-west-1.amazonaws.com/437678f5-a05a-48e8-84d6-1e843abff092
coffee_healthy,coffee_healthy,C10P13E1.jpg,rocole:C10P13,https://data.mendeley.com/public-files/datasets/c5yvn32dzg/files/da9cf534-2404-4756-93a4-6dc486994978/file_downloaded,https://prod-dcd-datasets-public-files-eu-west-1.s3.eu-west-1.amazonaws.com/ca5777cf-5c9b-4611-bf5b-1d53cd5a241b
coffee_healthy,coffee_healthy,C10P13H1.jpg,rocole:C10P13,https://data.mendeley.com/public-files/datasets/c5yvn32dzg/files/fff2015f-c7ed-4512-9308-e481aa19493c/file_downloaded,https://prod-dcd-datasets-public-files-eu-west-1.s3.eu-west-1.amazonaws.com/4604078e-33df-44f5-89e1-279820c8338f
coffee_healthy,coffee_healthy,C10P14E1.jpg,rocole:C10P14,https://data.mendeley.com/public-files/datasets/c5yvn32dzg/files/cffb66fa-e6aa-44c9-9df0-689bedebf79b/file_downloaded,https://prod-dcd-datasets-public-files-eu-west-1.s3.eu-west-1.amazonaws.com/03c5426e-8b7c-419d-a606-905a188d3713
coffee_healthy,coffee_healthy,C10P14H1.jpg,rocole:C10P14,https://data.mendeley.com/public-files/datasets/c5yvn32dzg/files/4ec2a78f-6b18-4f91-b8d8-2f00957f2563/file_downloaded,https://prod-dcd-datasets-public-files-eu-west-1.s3.eu-west-1.amazonaws.com/7b2e5d12-8fbc-4799-88f4-e5d70d235f70
coffee_healthy,coffee_healthy,C10P15E1.jpg,rocole:C10P15,https://data.mendeley.com/public-files/datasets/c5yvn32dzg/files/4fa1baac-46e9-47dc-a33e-95a09083b98c/file_downloaded,https://prod-dcd-datasets-public-files-eu-west-1.s3.eu-west-1.amazonaws.com/2de75334-e542-4ef8-9363-06ed52d77dc8
coffee_healthy,coffee_healthy,C10P15H1.jpg,rocole:C10P15,https://data.mendeley.com/public-files/datasets/c5yvn32dzg/files/9f503002-d966-4d5e-95cc-a9ada0afec9d/file_downloaded,https://prod-dcd-datasets-public-files-eu-west-1.s3.eu-west-1.amazonaws.com/9dcfdc80-00f8-4f63-b988-5f23d542cb14
coffee_healthy,coffee_healthy,C10P17E1.jpg,rocole:C10P17,https://data.mendeley.com/public-files/datasets/c5yvn32dzg/files/ae1b0473-06a6-4dc5-a478-33436ddb901b/file_downloaded,https://prod-dcd-datasets-public-files-eu-west-1.s3.eu-west-1.amazonaws.com/affd97e0-fbef-4890-a01f-d1c3129a85fd
coffee_healthy,coffee_healthy,C10P17H1.jpg,rocole:C10P17,https://data.mendeley.com/public-files/datasets/c5yvn32dzg/files/e7063a88-393f-4746-ad26-017179a01933/file_downloaded,https://prod-dcd-datasets-public-files-eu-west-1.s3.eu-west-1.amazonaws.com/8f017221-7a52-4eb7-bbf1-647e4e0e1cce
coffee_healthy,coffee_healthy,C10P18E1.jpg,rocole:C10P18,https://data.mendeley.com/public-files/datasets/c5yvn32dzg/files/6c94465f-3c2c-495d-bcd4-755262609225/file_downloaded,https://prod-dcd-datasets-public-files-eu-west-1.s3.eu-west-1.amazonaws.com/3d341fbe-76e6-4dde-9d4d-c41212dee8a1
coffee_healthy,coffee_healthy,C10P18H1.jpg,rocole:C10P18,https://data.mendeley.com/public-files/datasets/c5yvn32dzg/files/5a872a11-6dcd-4f68-b983-09d6821ed84f/file_downloaded,https://prod-dcd-datasets-public-files-eu-west-1.s3.eu-west-1.amazonaws.com/29afb70b-3748-4139-a518-d0ae8c29b25d
coffee_healthy,coffee_healthy,C10P19E1.jpg,rocole:C10P19,https://data.mendeley.com/public-files/datasets/c5yvn32dzg/files/86912264-70d9-4ef0-bb86-c9c5e30df79f/file_downloaded,https://prod-dcd-datasets-public-files-eu-west-1.s3.eu-west-1.amazonaws.com/65906e5d-c3a4-4045-a535-535869f9b4a8
coffee_healthy,coffee_healthy,C10P19H1.jpg,rocole:C10P19,https://data.mendeley.com/public-files/datasets/c5yvn32dzg/files/782e03fd-a385-47d1-86ab-fdbc9dd3e477/file_downloaded,https://prod-dcd-datasets-public-files-eu-west-1.s3.eu-west-1.amazonaws.com/610ce4a2-e344-4e8a-a745-45ec59bd0a05
coffee_healthy,coffee_healthy,C10P1E2.jpg,rocole:C10P1,https://data.mendeley.com/public-files/datasets/c5yvn32dzg/files/797928b1-d6b9-4dcb-b2d6-7c8d0be07d4f/file_downloaded,https://prod-dcd-datasets-public-files-eu-west-1.s3.eu-west-1.amazonaws.com/fbeb3dfa-9c61-4f6b-abe2-a7a3b6101cbf
coffee_healthy,coffee_healthy,C10P1H2.jpg,rocole:C10P1,https://data.mendeley.com/public-files/datasets/c5yvn32dzg/files/7f3daf07-2684-419e-a941-466714501fa4/file_downloaded,https://prod-dcd-datasets-public-files-eu-west-1.s3.eu-west-1.amazonaws.com/bb48ac77-55fa-4fb5-955c-34d69d28dc7d
coffee_healthy,coffee_healthy,C10P20E1.jpg,rocole:C10P20,https://data.mendeley.com/public-files/datasets/c5yvn32dzg/files/e51f26f9-d3d4-4921-8189-01235e4a3779/file_downloaded,https://prod-dcd-datasets-public-files-eu-west-1.s3.eu-west-1.amazonaws.com/17760a8e-1d3e-49d2-8237-5f27873d7137
coffee_healthy,coffee_healthy,C10P21E1.jpg,rocole:C10P21,https://data.mendeley.com/public-files/datasets/c5yvn32dzg/files/98ee7907-9216-4597-a58d-e685fe5fb216/file_downloaded,https://prod-dcd-datasets-public-files-eu-west-1.s3.eu-west-1.amazonaws.com/a9362482-e523-477d-b535-861bfd47f65b
coffee_healthy,coffee_healthy,C10P21H1.jpg,rocole:C10P21,https://data.mendeley.com/public-files/datasets/c5yvn32dzg/files/654e7dac-1805-44c2-ab2a-1c16b5f1afc4/file_downloaded,https://prod-dcd-datasets-public-files-eu-west-1.s3.eu-west-1.amazonaws.com/d772f56f-1075-46c8-8d15-80c5b557b47c
coffee_healthy,coffee_healthy,C10P22E1.jpg,rocole:C10P22,https://data.mendeley.com/public-files/datasets/c5yvn32dzg/files/c2bb0e72-1580-4fcb-9e36-b7433ab32533/file_downloaded,https://prod-dcd-datasets-public-files-eu-west-1.s3.eu-west-1.amazonaws.com/95ecdd90-c760-44ae-b95c-dadca305fbb0
coffee_healthy,coffee_healthy,C10P22H1.jpg,rocole:C10P22,https://data.mendeley.com/public-files/datasets/c5yvn32dzg/files/fff34ae1-9f02-4272-a34a-bf128192ba0b/file_downloaded,https://prod-dcd-datasets-public-files-eu-west-1.s3.eu-west-1.amazonaws.com/9fdef6f8-97a2-401f-b6f8-e7f2f5a85c33
coffee_healthy,coffee_healthy,C10P23E1.jpg,rocole:C10P23,https://data.mendeley.com/public-files/datasets/c5yvn32dzg/files/5e553151-1a4d-4f22-af48-b5f8a5b1321e/file_downloaded,https://prod-dcd-datasets-public-files-eu-west-1.s3.eu-west-1.amazonaws.com/6393a845-0b93-4e09-8349-5d7dea1ee6a5
coffee_healthy,coffee_healthy,C10P23H1.jpg,rocole:C10P23,https://data.mendeley.com/public-files/datasets/c5yvn32dzg/files/c1ec4e84-0f70-41c7-a555-054755910e17/file_downloaded,https://prod-dcd-datasets-public-files-eu-west-1.s3.eu-west-1.amazonaws.com/930af6e4-36da-445d-b121-1298b6ad7171
coffee_healthy,coffee_healthy,C10P24E1.jpg,rocole:C10P24,https://data.mendeley.com/public-files/datasets/c5yvn32dzg/files/39e633eb-e0b0-416f-bff3-14c515cdbe82/file_downloaded,https://prod-dcd-datasets-public-files-eu-west-1.s3.eu-west-1.amazonaws.com/257d5ef2-66e9-422b-9c7d-0d6c751571c4
coffee_healthy,coffee_healthy,C10P24H1.jpg,rocole:C10P24,https://data.mendeley.com/public-files/datasets/c5yvn32dzg/files/4398a510-0fd0-4ab7-b9a5-d77f5ffce2b6/file_downloaded,https://prod-dcd-datasets-public-files-eu-west-1.s3.eu-west-1.amazonaws.com/607dfd48-1ca5-4f13-a795-ce3f18da330b
coffee_healthy,coffee_healthy,C10P25E1.jpg,rocole:C10P25,https://data.mendeley.com/public-files/datasets/c5yvn32dzg/files/c6426e6a-7247-450e-922b-3b438168f84b/file_downloaded,https://prod-dcd-datasets-public-files-eu-west-1.s3.eu-west-1.amazonaws.com/0d691a04-1283-4280-894b-7ca8b889b03d
coffee_healthy,coffee_healthy,C10P25H1.jpg,rocole:C10P25,https://data.mendeley.com/public-files/datasets/c5yvn32dzg/files/f7ca6301-0c67-4ba1-b8ca-db1567febbb2/file_downloaded,https://prod-dcd-datasets-public-files-eu-west-1.s3.eu-west-1.amazonaws.com/0ad69807-1d37-4be4-b73e-8b7ce2371cc9
coffee_healthy,coffee_healthy,C10P26E1.jpg,rocole:C10P26,https://data.mendeley.com/public-files/datasets/c5yvn32dzg/files/78e3c71c-b8ec-4fbc-90ca-3b82225e8e37/file_downloaded,https://prod-dcd-datasets-public-files-eu-west-1.s3.eu-west-1.amazonaws.com/6ba8c0c8-dbda-44a1-88ad-1a22703566b6
coffee_healthy,coffee_healthy,C10P26H1.jpg,rocole:C10P26,https://data.mendeley.com/public-files/datasets/c5yvn32dzg/files/5f851d7c-0c2f-458d-9e7f-6fb1e96f6491/file_downloaded,https://prod-dcd-datasets-public-files-eu-west-1.s3.eu-west-1.amazonaws.com/05c2587d-b656-4dc6-8b30-a76c58dc1932
coffee_healthy,coffee_healthy,C10P27E1.jpg,rocole:C10P27,https://data.mendeley.com/public-files/datasets/c5yvn32dzg/files/a2ac30b3-35ed-4313-bed4-cf82df931063/file_downloaded,https://prod-dcd-datasets-public-files-eu-west-1.s3.eu-west-1.amazonaws.com/2082ed3b-8493-45bf-8673-067b4393e3c4
coffee_healthy,coffee_healthy,C10P27H1.jpg,rocole:C10P27,https://data.mendeley.com/public-files/datasets/c5yvn32dzg/files/59baef96-07c2-452b-a1de-3b32f78ea9b8/file_downloaded,https://prod-dcd-datasets-public-files-eu-west-1.s3.eu-west-1.amazonaws.com/82a0e874-a3ae-4abd-b26c-ef516ede23b9
coffee_healthy,coffee_healthy,C10P28E1.jpg,rocole:C10P28,https://data.mendeley.com/public-files/datasets/c5yvn32dzg/files/21084b57-3af9-4226-a9f9-d50d46c91a2a/file_downloaded,https://prod-dcd-datasets-public-files-eu-west-1.s3.eu-west-1.amazonaws.com/ddbd0db0-7c18-44dc-95a9-9577c421b39e
coffee_healthy,coffee_healthy,C10P28H1.jpg,rocole:C10P28,https://data.mendeley.com/public-files/datasets/c5yvn32dzg/files/6680b9f1-8202-4d31-ac11-221d3ce27eb0/file_downloaded,https://prod-dcd-datasets-public-files-eu-west-1.s3.eu-west-1.amazonaws.com/77b35320-2191-4161-bdd6-5ae9d3b43f26
coffee_healthy,coffee_healthy,C10P29E1.jpg,rocole:C10P29,https://data.mendeley.com/public-files/datasets/c5yvn32dzg/files/cfb4431b-39a8-4c21-b712-19d5727f24b8/file_downloaded,https://prod-dcd-datasets-public-files-eu-west-1.s3.eu-west-1.amazonaws.com/3bab69f5-2a87-4e8d-9a44-e761fadd8445
coffee_healthy,coffee_healthy,C10P29H1.jpg,rocole:C10P29,https://data.mendeley.com/public-files/datasets/c5yvn32dzg/files/6ea46d55-836d-48f4-9c66-33c1d5c99010/file_downloaded,https://prod-dcd-datasets-public-files-eu-west-1.s3.eu-west-1.amazonaws.com/15d9c469-dae1-44ff-b3fd-6cb5c82a2f2d
coffee_healthy,coffee_healthy,C10P2E2.jpg,rocole:C10P2,https://data.mendeley.com/public-files/datasets/c5yvn32dzg/files/8c7967de-47a6-4066-953c-c7f6ad9e435c/file_downloaded,https://prod-dcd-datasets-public-files-eu-west-1.s3.eu-west-1.amazonaws.com/a2740de1-eb76-4972-babe-09a95dbac0a9
coffee_healthy,coffee_healthy,C10P2H2.jpg,rocole:C10P2,https://data.mendeley.com/public-files/datasets/c5yvn32dzg/files/babe8b73-2da5-4653-aa6f-697a42101d22/file_downloaded,https://prod-dcd-datasets-public-files-eu-west-1.s3.eu-west-1.amazonaws.com/a106885e-cb37-463d-b299-f1a4a85b3d85
coffee_healthy,coffee_healthy,C10P30E1.jpg,rocole:C10P30,https://data.mendeley.com/public-files/datasets/c5yvn32dzg/files/5d12939d-786e-42bc-9507-2e743b9662ae/file_downloaded,https://prod-dcd-datasets-public-files-eu-west-1.s3.eu-west-1.amazonaws.com/aee952f7-8c0f-415b-85d1-7e9bea1deb55
coffee_healthy,coffee_healthy,C10P30H1.jpg,rocole:C10P30,https://data.mendeley.com/public-files/datasets/c5yvn32dzg/files/7f9ed06b-9626-4714-9e7a-9f08c3045fd0/file_downloaded,https://prod-dcd-datasets-public-files-eu-west-1.s3.eu-west-1.amazonaws.com/76658300-29fe-43a5-a00d-e8b1a8687234
coffee_healthy,coffee_healthy,C10P33E1.jpg,rocole:C10P33,https://data.mendeley.com/public-files/datasets/c5yvn32dzg/files/127f8505-de74-4c38-8e1f-8080c50c3432/file_downloaded,https://prod-dcd-datasets-public-files-eu-west-1.s3.eu-west-1.amazonaws.com/aaead213-046e-48ae-9908-f455d13418b3
coffee_healthy,coffee_healthy,C10P33E2.jpg,rocole:C10P33,https://data.mendeley.com/public-files/datasets/c5yvn32dzg/files/174bd50a-aec7-4f1e-a8e4-e5c2b4cd97a0/file_downloaded,https://prod-dcd-datasets-public-files-eu-west-1.s3.eu-west-1.amazonaws.com/5f008851-2e71-444a-9189-044834c09b9e
coffee_healthy,coffee_healthy,C10P33H1.jpg,rocole:C10P33,https://data.mendeley.com/public-files/datasets/c5yvn32dzg/files/941bf1a6-e810-4b2c-93aa-be33b277e939/file_downloaded,https://prod-dcd-datasets-public-files-eu-west-1.s3.eu-west-1.amazonaws.com/0b9c08f8-1b68-4ad4-89e3-4843285d64cd
coffee_healthy,coffee_healthy,C10P33H2.jpg,rocole:C10P33,https://data.mendeley.com/public-files/datasets/c5yvn32dzg/files/c02e88b1-897a-4e05-922e-69d14166a07f/file_downloaded,https://prod-dcd-datasets-public-files-eu-west-1.s3.eu-west-1.amazonaws.com/258794f9-76a0-45bd-99bf-46fa9758c99d
coffee_healthy,coffee_healthy,C10P34E1.jpg,rocole:C10P34,https://data.mendeley.com/public-files/datasets/c5yvn32dzg/files/8ad6c2a1-db3a-4e41-bfc8-df9167b54679/file_downloaded,https://prod-dcd-datasets-public-files-eu-west-1.s3.eu-west-1.amazonaws.com/62ab9c3e-3db5-4a84-82fd-161d0131f146
coffee_healthy,coffee_healthy,C10P34H1.jpg,rocole:C10P34,https://data.mendeley.com/public-files/datasets/c5yvn32dzg/files/cc80711c-81f0-4827-a935-afbd6fdf8d06/file_downloaded,https://prod-dcd-datasets-public-files-eu-west-1.s3.eu-west-1.amazonaws.com/5d868f29-1f01-4790-a750-c5eaa43dde10
coffee_healthy,coffee_healthy,C10P35E1.jpg,rocole:C10P35,https://data.mendeley.com/public-files/datasets/c5yvn32dzg/files/f2ce8246-8fa9-4e8e-b012-0c7a3df78623/file_downloaded,https://prod-dcd-datasets-public-files-eu-west-1.s3.eu-west-1.amazonaws.com/d6180c85-7b6b-42b4-bc20-c2721fae526e
coffee_healthy,coffee_healthy,C10P35H1.jpg,rocole:C10P35,https://data.mendeley.com/public-files/datasets/c5yvn32dzg/files/cd019bf3-20a0-4e8c-b9fe-5c8f1196428b/file_downloaded,https://prod-dcd-datasets-public-files-eu-west-1.s3.eu-west-1.amazonaws.com/13f2e7b6-e809-4035-aa71-13943df6e618
coffee_healthy,coffee_healthy,C10P36E1.jpg,rocole:C10P36,https://data.mendeley.com/public-files/datasets/c5yvn32dzg/files/e7a16330-9fb6-423d-8a23-cc3a750b496f/file_downloaded,https://prod-dcd-datasets-public-files-eu-west-1.s3.eu-west-1.amazonaws.com/883576af-3a7b-4c6b-ac89-d0d2b4c5a609
coffee_healthy,coffee_healthy,C10P36H1.jpg,rocole:C10P36,https://data.mendeley.com/public-files/datasets/c5yvn32dzg/files/e814af10-2d78-44df-9b2f-f624a45b3f29/file_downloaded,https://prod-dcd-datasets-public-files-eu-west-1.s3.eu-west-1.amazonaws.com/77385315-0bc9-4643-a871-d2421c127790
coffee_healthy,coffee_healthy,C10P37E1.jpg,rocole:C10P37,https://data.mendeley.com/public-files/datasets/c5yvn32dzg/files/b2ef50ec-02e2-4676-9581-35faf01dfd39/file_downloaded,https://prod-dcd-datasets-public-files-eu-west-1.s3.eu-west-1.amazonaws.com/d6f34e34-9c71-4e4a-aa2c-3c5a01749820
coffee_healthy,coffee_healthy,C10P37H1.jpg,rocole:C10P37,https://data.mendeley.com/public-files/datasets/c5yvn32dzg/files/27d12d78-b836-4501-a025-3daf5616a395/file_downloaded,https://prod-dcd-datasets-public-files-eu-west-1.s3.eu-west-1.amazonaws.com/79a8bbbf-8a4d-4311-99b9-ce9fc27f5543
coffee_healthy,coffee_healthy,C10P38E1.jpg,rocole:C10P38,https://data.mendeley.com/public-files/datasets/c5yvn32dzg/files/cd1302ae-e443-4ef7-bf58-747747a17552/file_downloaded,https://prod-dcd-datasets-public-files-eu-west-1.s3.eu-west-1.amazonaws.com/741a47b8-8cd3-4075-8044-f1639585d8f1
coffee_healthy,coffee_healthy,C10P38H1.jpg,rocole:C10P38,https://data.mendeley.com/public-files/datasets/c5yvn32dzg/files/d17dbbaf-e92e-4f2a-bf72-d02505454c77/file_downloaded,https://prod-dcd-datasets-public-files-eu-west-1.s3.eu-west-1.amazonaws.com/00944c56-17f0-4c88-8098-1e1ff8f737dd
coffee_healthy,coffee_healthy,C10P39E1.jpg,rocole:C10P39,https://data.mendeley.com/public-files/datasets/c5yvn32dzg/files/cd93c892-8567-4a23-81f8-176cf71d45d9/file_downloaded,https://prod-dcd-datasets-public-files-eu-west-1.s3.eu-west-1.amazonaws.com/86e74023-cda8-4dde-97d0-10bf6ab9eca7
coffee_healthy,coffee_healthy,C10P39H1.jpg,rocole:C10P39,https://data.mendeley.com/public-files/datasets/c5yvn32dzg/files/6d46b328-99ce-41ce-b5ee-fc73f42ed64c/file_downloaded,https://prod-dcd-datasets-public-files-eu-west-1.s3.eu-west-1.amazonaws.com/37de6ec8-2249-498d-8e38-178d3b884dbe
coffee_healthy,coffee_healthy,C10P3E1.jpg,rocole:C10P3,https://data.mendeley.com/public-files/datasets/c5yvn32dzg/files/75f522c8-e73d-4cd5-b5d5-52a43b567089/file_downloaded,https://prod-dcd-datasets-public-files-eu-west-1.s3.eu-west-1.amazonaws.com/4c40b4c6-a8fe-4d3b-8a00-b47971cf6b9f
coffee_healthy,coffee_healthy,C10P3E2.jpg,rocole:C10P3,https://data.mendeley.com/public-files/datasets/c5yvn32dzg/files/3ee86477-07d3-49f6-83cd-3dd9809db58d/file_downloaded,https://prod-dcd-datasets-public-files-eu-west-1.s3.eu-west-1.amazonaws.com/74a9b638-4750-4e64-808c-b2086200c905
coffee_healthy,coffee_healthy,C10P3H2.jpg,rocole:C10P3,https://data.mendeley.com/public-files/datasets/c5yvn32dzg/files/bb30f2fc-346e-49cf-a297-860ae8e0f80b/file_downloaded,https://prod-dcd-datasets-public-files-eu-west-1.s3.eu-west-1.amazonaws.com/d44235a8-b05a-48f2-a228-f035a30dfa6b
coffee_healthy,coffee_healthy,C10P40E1.jpg,rocole:C10P40,https://data.mendeley.com/public-files/datasets/c5yvn32dzg/files/16982caf-5355-4c3f-a108-17b5b6c85447/file_downloaded,https://prod-dcd-datasets-public-files-eu-west-1.s3.eu-west-1.amazonaws.com/16d37c7c-2710-48b0-bdd5-6d59d9980dfb
coffee_healthy,coffee_healthy,C10P40H1.jpg,rocole:C10P40,https://data.mendeley.com/public-files/datasets/c5yvn32dzg/files/11ea184c-08c5-4a3f-83bb-d392565c30c5/file_downloaded,https://prod-dcd-datasets-public-files-eu-west-1.s3.eu-west-1.amazonaws.com/b8148b5b-6ae1-4404-9429-dc0f6b90a783
coffee_healthy,coffee_healthy,C10P4E2.jpg,rocole:C10P4,https://data.mendeley.com/public-files/datasets/c5yvn32dzg/files/7af80b08-4b81-4327-ad2e-e92a84e70e8c/file_downloaded,https://prod-dcd-datasets-public-files-eu-west-1.s3.eu-west-1.amazonaws.com/2f720ace-c437-4ae9-9e6c-3a352e13fcef
coffee_healthy,coffee_healthy,C10P4H2.jpg,rocole:C10P4,https://data.mendeley.com/public-files/datasets/c5yvn32dzg/files/7e1902db-a3da-47df-a20b-fa19e0f7c9b9/file_downloaded,https://prod-dcd-datasets-public-files-eu-west-1.s3.eu-west-1.amazonaws.com/7ae6f13b-b13f-4df5-9b52-23958b0c7936
coffee_healthy,coffee_healthy,C10P5E2.jpg,rocole:C10P5,https://data.mendeley.com/public-files/datasets/c5yvn32dzg/files/3e27b740-0fc5-4c8b-bba3-fe4325b8a10a/file_downloaded,https://prod-dcd-datasets-public-files-eu-west-1.s3.eu-west-1.amazonaws.com/1b818284-abc0-4786-8f35-631b51be70dc
coffee_healthy,coffee_healthy,C10P5H2.jpg,rocole:C10P5,https://data.mendeley.com/public-files/datasets/c5yvn32dzg/files/94d27123-45e1-425a-9172-2d8b79bf228f/file_downloaded,https://prod-dcd-datasets-public-files-eu-west-1.s3.eu-west-1.amazonaws.com/5919e079-ad3f-4fe5-ba04-00d2de6212cd
coffee_healthy,coffee_healthy,C10P7E1.jpg,rocole:C10P7,https://data.mendeley.com/public-files/datasets/c5yvn32dzg/files/6ffaada0-3836-410c-bace-d78bffd8af34/file_downloaded,https://prod-dcd-datasets-public-files-eu-west-1.s3.eu-west-1.amazonaws.com/36f7f3c1-c8c8-419e-a38a-178b37b5995d
coffee_healthy,coffee_healthy,C10P7H1.jpg,rocole:C10P7,https://data.mendeley.com/public-files/datasets/c5yvn32dzg/files/9098a169-8bc8-4d0d-9f50-c44dabfad268/file_downloaded,https://prod-dcd-datasets-public-files-eu-west-1.s3.eu-west-1.amazonaws.com/1c8c48a8-cb3f-4108-bdf8-f640992e9538
coffee_healthy,coffee_healthy,C10P8E1.jpg,rocole:C10P8,https://data.mendeley.com/public-files/datasets/c5yvn32dzg/files/d367b1a9-6940-47ba-bbd7-c072bb7c2d5c/file_downloaded,https://prod-dcd-datasets-public-files-eu-west-1.s3.eu-west-1.amazonaws.com/bcf2321d-6d3d-423a-a7e1-6dfc03902bb3
coffee_healthy,coffee_healthy,C10P8H1.jpg,rocole:C10P8,https://data.mendeley.com/public-files/datasets/c5yvn32dzg/files/c70176b3-514c-4662-8ca8-693b7cf72409/file_downloaded,https://prod-dcd-datasets-public-files-eu-west-1.s3.eu-west-1.amazonaws.com/5ed9b502-5a7a-42cb-8f4b-33dedab8121a
coffee_healthy,coffee_healthy,C10P9E1.jpg,rocole:C10P9,https://data.mendeley.com/public-files/datasets/c5yvn32dzg/files/e1316ee5-540f-40ee-88c5-6e39e06340b7/file_downloaded,https://prod-dcd-datasets-public-files-eu-west-1.s3.eu-west-1.amazonaws.com/bdfe9736-53f1-41ba-a3b9-517c3b0d1477
coffee_healthy,coffee_healthy,C10P9H1.jpg,rocole:C10P9,https://data.mendeley.com/public-files/datasets/c5yvn32dzg/files/46a7fb4c-0aa6-4777-a0b9-ff5078ea3e70/file_downloaded,https://prod-dcd-datasets-public-files-eu-west-1.s3.eu-west-1.amazonaws.com/137b25f8-12f0-4b73-91da-60f4231e8292
coffee_healthy,coffee_healthy,C11P10E1.jpg,rocole:C11P10,https://data.mendeley.com/public-files/datasets/c5yvn32dzg/files/f6db5b82-c66d-4abd-ad71-51374959b5d3/file_downloaded,https://prod-dcd-datasets-public-files-eu-west-1.s3.eu-west-1.amazonaws.com/5646dc5b-902a-431b-abe4-a4fbf4d9540b
coffee_healthy,coffee_healthy,C11P10H1.jpg,rocole:C11P10,https://data.mendeley.com/public-files/datasets/c5yvn32dzg/files/d90e0ead-baa1-4ed6-8c56-f3325a2417a2/file_downloaded,https://prod-dcd-datasets-public-files-eu-west-1.s3.eu-west-1.amazonaws.com/81a5c348-b9e5-4757-a771-22e23ea99d5e
coffee_healthy,coffee_healthy,C11P11E1.jpg,rocole:C11P11,https://data.mendeley.com/public-files/datasets/c5yvn32dzg/files/5a41325c-beb6-4492-b081-0ab4b8284ee3/file_downloaded,https://prod-dcd-datasets-public-files-eu-west-1.s3.eu-west-1.amazonaws.com/9583b184-22cf-4d62-aa46-9b0bdd940123
coffee_healthy,coffee_healthy,C11P11H1.jpg,rocole:C11P11,https://data.mendeley.com/public-files/datasets/c5yvn32dzg/files/7e1010dd-7828-4242-9313-672a5a04709a/file_downloaded,https://prod-dcd-datasets-public-files-eu-west-1.s3.eu-west-1.amazonaws.com/b33c59d6-e60d-42ac-ae12-46436e3a4790
coffee_healthy,coffee_healthy,C11P12E1.jpg,rocole:C11P12,https://data.mendeley.com/public-files/datasets/c5yvn32dzg/files/3b77397c-e585-400d-9e3b-8f4c0d0e54dd/file_downloaded,https://prod-dcd-datasets-public-files-eu-west-1.s3.eu-west-1.amazonaws.com/67bd640e-cbc8-4816-a5df-318a1c315bea
coffee_healthy,coffee_healthy,C11P12H1.jpg,rocole:C11P12,https://data.mendeley.com/public-files/datasets/c5yvn32dzg/files/24067047-809b-4a9a-95aa-bb04e33fc073/file_downloaded,https://prod-dcd-datasets-public-files-eu-west-1.s3.eu-west-1.amazonaws.com/b281688a-6f62-4a7a-b5df-acae9378fdaf
coffee_healthy,coffee_healthy,C11P13E1.jpg,rocole:C11P13,https://data.mendeley.com/public-files/datasets/c5yvn32dzg/files/89313a02-1650-4475-ad55-73f9c322581f/file_downloaded,https://prod-dcd-datasets-public-files-eu-west-1.s3.eu-west-1.amazonaws.com/294cddb6-4343-4562-9769-654a777390e4
coffee_healthy,coffee_healthy,C11P13H1.jpg,rocole:C11P13,https://data.mendeley.com/public-files/datasets/c5yvn32dzg/files/92edd99e-8cea-44b5-956a-4dae094abb70/file_downloaded,https://prod-dcd-datasets-public-files-eu-west-1.s3.eu-west-1.amazonaws.com/2adf6dd6-5222-4920-b87b-dca7feb9f000
coffee_healthy,coffee_healthy,C11P14E1.jpg,rocole:C11P14,https://data.mendeley.com/public-files/datasets/c5yvn32dzg/files/421dbea4-1251-4836-867f-125b2e5f289d/file_downloaded,https://prod-dcd-datasets-public-files-eu-west-1.s3.eu-west-1.amazonaws.com/e25054f1-72af-4b0c-88c4-646387ea2efe
coffee_healthy,coffee_healthy,C11P14H1.jpg,rocole:C11P14,https://data.mendeley.com/public-files/datasets/c5yvn32dzg/files/d6e40b44-c1b3-46de-8fee-bd45c6422040/file_downloaded,https://prod-dcd-datasets-public-files-eu-west-1.s3.eu-west-1.amazonaws.com/adcf93a4-6491-4597-befc-cc9a4a07cda5
coffee_healthy,coffee_healthy,C11P15E1.jpg,rocole:C11P15,https://data.mendeley.com/public-files/datasets/c5yvn32dzg/files/0613045b-746a-46d9-8aa5-4417a0fd9f1f/file_downloaded,https://prod-dcd-datasets-public-files-eu-west-1.s3.eu-west-1.amazonaws.com/a2df3525-d4ba-445d-8e2e-17017c5d9802
coffee_healthy,coffee_healthy,C11P15H1.jpg,rocole:C11P15,https://data.mendeley.com/public-files/datasets/c5yvn32dzg/files/7d280a60-a0c5-49ed-b1fb-4e5189f43abc/file_downloaded,https://prod-dcd-datasets-public-files-eu-west-1.s3.eu-west-1.amazonaws.com/8feacbd9-65bd-405a-8039-0461a115d7f3
coffee_healthy,coffee_healthy,C11P18E1.jpg,rocole:C11P18,https://data.mendeley.com/public-files/datasets/c5yvn32dzg/files/41a47ad1-4053-4155-9c11-843357886f3d/file_downloaded,https://prod-dcd-datasets-public-files-eu-west-1.s3.eu-west-1.amazonaws.com/8f6b8b71-b4f6-42c1-b66b-d23a8f3fb3bf
coffee_healthy,coffee_healthy,C11P18H1.jpg,rocole:C11P18,https://data.mendeley.com/public-files/datasets/c5yvn32dzg/files/49aafa6f-9b5d-42c0-8265-392d58e5db45/file_downloaded,https://prod-dcd-datasets-public-files-eu-west-1.s3.eu-west-1.amazonaws.com/9b5b717b-ae72-485b-b152-2bb97091e1c2
coffee_healthy,coffee_healthy,C11P19E1.jpg,rocole:C11P19,https://data.mendeley.com/public-files/datasets/c5yvn32dzg/files/69e12947-4b0b-4fcc-b657-b8c59e768717/file_downloaded,https://prod-dcd-datasets-public-files-eu-west-1.s3.eu-west-1.amazonaws.com/4935b441-f42f-4950-9e5c-d76f241ce0f9
coffee_healthy,coffee_healthy,C11P19H1.jpg,rocole:C11P19,https://data.mendeley.com/public-files/datasets/c5yvn32dzg/files/b7e6eb04-be42-48b0-b243-17ad17d7b0d5/file_downloaded,https://prod-dcd-datasets-public-files-eu-west-1.s3.eu-west-1.amazonaws.com/1de6dcae-9503-4042-8016-84efdcbc9484
coffee_healthy,coffee_healthy,C11P20E1.jpg,rocole:C11P20,https://data.mendeley.com/public-files/datasets/c5yvn32dzg/files/fa7f9e51-ae43-4545-a0fa-97a10ef8ed0f/file_downloaded,https://prod-dcd-datasets-public-files-eu-west-1.s3.eu-west-1.amazonaws.com/13a3abc4-0113-4d93-af16-164d8fd87748
coffee_healthy,coffee_healthy,C11P20H1.jpg,rocole:C11P20,https://data.mendeley.com/public-files/datasets/c5yvn32dzg/files/3a34ca6f-a282-4916-b991-4ccc6b638109/file_downloaded,https://prod-dcd-datasets-public-files-eu-west-1.s3.eu-west-1.amazonaws.com/2c58d754-a97c-4d10-a546-3502cab71527
coffee_healthy,coffee_healthy,C11P21E1.jpg,rocole:C11P21,https://data.mendeley.com/public-files/datasets/c5yvn32dzg/files/d4e9f0ef-24f9-482e-b1f2-f7ace6c651ae/file_downloaded,https://prod-dcd-datasets-public-files-eu-west-1.s3.eu-west-1.amazonaws.com/b8c426d9-7eac-40ae-bbb5-5ea9e1ff4802
coffee_healthy,coffee_healthy,C11P21H1.jpg,rocole:C11P21,https://data.mendeley.com/public-files/datasets/c5yvn32dzg/files/deb8205a-0e43-4be3-a4a8-4304cc141c84/file_downloaded,https://prod-dcd-datasets-public-files-eu-west-1.s3.eu-west-1.amazonaws.com/d40c251f-b0a0-4c61-807d-5e59e93423ed
coffee_healthy,coffee_healthy,C11P23H1.jpg,rocole:C11P23,https://data.mendeley.com/public-files/datasets/c5yvn32dzg/files/cde444cd-3d64-46a6-be10-9be8d040efce/file_downloaded,https://prod-dcd-datasets-public-files-eu-west-1.s3.eu-west-1.amazonaws.com/1ca527be-9509-45af-aea2-b31b7fc7a7a0
coffee_healthy,coffee_healthy,C11P24E1.jpg,rocole:C11P24,https://data.mendeley.com/public-files/datasets/c5yvn32dzg/files/f91f6d60-d695-466e-bf4b-4e961364beac/file_downloaded,https://prod-dcd-datasets-public-files-eu-west-1.s3.eu-west-1.amazonaws.com/6e9dfb36-4a11-43af-b1d8-e9b676685613
coffee_healthy,coffee_healthy,C11P24H1.jpg,rocole:C11P24,https://data.mendeley.com/public-files/datasets/c5yvn32dzg/files/276d009f-0e01-4b3c-b431-2fa7ee6bcb38/file_downloaded,https://prod-dcd-datasets-public-files-eu-west-1.s3.eu-west-1.amazonaws.com/ef61bc4b-a282-4beb-b5fe-d717a55f0366
coffee_healthy,coffee_healthy,C11P25E1.jpg,rocole:C11P25,https://data.mendeley.com/public-files/datasets/c5yvn32dzg/files/60bb94d7-cd6c-4ab5-a18b-59e852fe21fc/file_downloaded,https://prod-dcd-datasets-public-files-eu-west-1.s3.eu-west-1.amazonaws.com/20ba1aa4-27e9-4b67-9d23-046099df6586
coffee_healthy,coffee_healthy,C11P25H1.jpg,rocole:C11P25,https://data.mendeley.com/public-files/datasets/c5yvn32dzg/files/01da8b8e-3d00-45f1-a3a0-49708ae7bc07/file_downloaded,https://prod-dcd-datasets-public-files-eu-west-1.s3.eu-west-1.amazonaws.com/13946b62-84b0-4754-ac5e-67dc2ba9b610
coffee_healthy,coffee_healthy,C11P26E1.jpg,rocole:C11P26,https://data.mendeley.com/public-files/datasets/c5yvn32dzg/files/0c2859a9-7b8e-43a0-84ea-f04f7264ca4c/file_downloaded,https://prod-dcd-datasets-public-files-eu-west-1.s3.eu-west-1.amazonaws.com/7f4ed847-a8f6-4565-9c02-76cb5699823d
coffee_healthy,coffee_healthy,C11P26H1.jpg,rocole:C11P26,https://data.mendeley.com/public-files/datasets/c5yvn32dzg/files/c24a5759-1bdd-455d-8222-dc482f8ea958/file_downloaded,https://prod-dcd-datasets-public-files-eu-west-1.s3.eu-west-1.amazonaws.com/fcf940c4-13ef-467e-adcb-35bdc923a5e7
coffee_healthy,coffee_healthy,C11P27E2.jpg,rocole:C11P27,https://data.mendeley.com/public-files/datasets/c5yvn32dzg/files/00830f24-1bdd-4754-bb75-13a0fbb7fbb9/file_downloaded,https://prod-dcd-datasets-public-files-eu-west-1.s3.eu-west-1.amazonaws.com/98e55d86-ac45-4ec5-b726-648e464579a2
coffee_healthy,coffee_healthy,C11P27H2.jpg,rocole:C11P27,https://data.mendeley.com/public-files/datasets/c5yvn32dzg/files/2b9ed7d7-6900-40ee-a2c5-0dca11d06586/file_downloaded,https://prod-dcd-datasets-public-files-eu-west-1.s3.eu-west-1.amazonaws.com/29942450-9ff7-4c07-8d26-6d3d506a6c1d
coffee_healthy,coffee_healthy,C11P28E1.jpg,rocole:C11P28,https://data.mendeley.com/public-files/datasets/c5yvn32dzg/files/26aa241c-d487-4558-870f-692e5b0fdfbc/file_downloaded,https://prod-dcd-datasets-public-files-eu-west-1.s3.eu-west-1.amazonaws.com/4987e173-7ed2-4632-98fb-49c7cbeff614
coffee_healthy,coffee_healthy,C11P28H1.jpg,rocole:C11P28,https://data.mendeley.com/public-files/datasets/c5yvn32dzg/files/2a465636-2748-4ceb-b873-821d5d4c55f2/file_downloaded,https://prod-dcd-datasets-public-files-eu-west-1.s3.eu-west-1.amazonaws.com/07af7d3a-ab0b-4d8d-8d7e-d2cbce45f7ac
coffee_healthy,coffee_healthy,C11P2E1.jpg,rocole:C11P2,https://data.mendeley.com/public-files/datasets/c5yvn32dzg/files/441f6acb-11dd-4c27-a593-0cc0e35c6896/file_downloaded,https://prod-dcd-datasets-public-files-eu-west-1.s3.eu-west-1.amazonaws.com/fb65da1b-bc9b-4b5c-917e-ae01d9f958e5
coffee_healthy,coffee_healthy,C11P2H1.jpg,rocole:C11P2,https://data.mendeley.com/public-files/datasets/c5yvn32dzg/files/46874a16-a211-4576-a6c6-577ef95b9f0b/file_downloaded,https://prod-dcd-datasets-public-files-eu-west-1.s3.eu-west-1.amazonaws.com/5a2fccc7-ea90-4ee8-9c82-5ddf1c20a8de
coffee_healthy,coffee_healthy,C11P30E1.jpg,rocole:C11P30,https://data.mendeley.com/public-files/datasets/c5yvn32dzg/files/6c4b568d-df03-40be-9650-dda31aa8dce4/file_downloaded,https://prod-dcd-datasets-public-files-eu-west-1.s3.eu-west-1.amazonaws.com/4bb5f3e0-9da8-4271-a67f-384a6b5a8170
coffee_healthy,coffee_healthy,C11P30H1.jpg,rocole:C11P30,https://data.mendeley.com/public-files/datasets/c5yvn32dzg/files/84fd8100-bedd-4e9b-96cb-4fa70dcbc37d/file_downloaded,https://prod-dcd-datasets-public-files-eu-west-1.s3.eu-west-1.amazonaws.com/2b9174f9-627a-433b-8ae4-b8dc031966d2
coffee_healthy,coffee_healthy,C11P31E1.jpg,rocole:C11P31,https://data.mendeley.com/public-files/datasets/c5yvn32dzg/files/61c185f0-70ba-4b3e-a9d0-9a693f7a9ccf/file_downloaded,https://prod-dcd-datasets-public-files-eu-west-1.s3.eu-west-1.amazonaws.com/a39fad4e-d0d0-4b41-baee-ae0172b8df4c
coffee_healthy,coffee_healthy,C11P31H1.jpg,rocole:C11P31,https://data.mendeley.com/public-files/datasets/c5yvn32dzg/files/a05e2ddf-2165-426a-a5c8-3c98c1a78e42/file_downloaded,https://prod-dcd-datasets-public-files-eu-west-1.s3.eu-west-1.amazonaws.com/13a5ec3d-3f22-4b92-abec-347283ac6aff
coffee_healthy,coffee_healthy,C11P32E1.jpg,rocole:C11P32,https://data.mendeley.com/public-files/datasets/c5yvn32dzg/files/76960f2d-efbc-4765-b506-2eda073afb4e/file_downloaded,https://prod-dcd-datasets-public-files-eu-west-1.s3.eu-west-1.amazonaws.com/f6d378aa-c75e-4f3c-8042-94ed20f94d59
coffee_healthy,coffee_healthy,C11P32H1.jpg,rocole:C11P32,https://data.mendeley.com/public-files/datasets/c5yvn32dzg/files/c6ca2303-74a0-43c4-80bb-de97cbaf6964/file_downloaded,https://prod-dcd-datasets-public-files-eu-west-1.s3.eu-west-1.amazonaws.com/b051d689-fa46-4624-bb6a-174e0a359f1c
coffee_healthy,coffee_healthy,C11P34E1.jpg,rocole:C11P34,https://data.mendeley.com/public-files/datasets/c5yvn32dzg/files/13f21d30-864d-4e2c-9d26-077d3e8ede39/file_downloaded,https://prod-dcd-datasets-public-files-eu-west-1.s3.eu-west-1.amazonaws.com/34d91596-a86d-409c-b8b6-5a278c663648
coffee_healthy,coffee_healthy,C11P34H1.jpg,rocole:C11P34,https://data.mendeley.com/public-files/datasets/c5yvn32dzg/files/dd4193df-490e-47b2-816c-db4c9652c351/file_downloaded,https://prod-dcd-datasets-public-files-eu-west-1.s3.eu-west-1.amazonaws.com/c51da55d-4e15-48a2-8bd1-e89c9d7f60e4
coffee_healthy,coffee_healthy,C11P35E1.jpg,rocole:C11P35,https://data.mendeley.com/public-files/datasets/c5yvn32dzg/files/0b2ee03d-2744-4fc9-910b-150d5dd51e0c/file_downloaded,https://prod-dcd-datasets-public-files-eu-west-1.s3.eu-west-1.amazonaws.com/e466980d-3cf6-48d4-9d74-01f025a0760b
coffee_healthy,coffee_healthy,C11P35E2.jpg,rocole:C11P35,https://data.mendeley.com/public-files/datasets/c5yvn32dzg/files/27870c2b-026c-4ca8-b7c8-010ffecd83fb/file_downloaded,https://prod-dcd-datasets-public-files-eu-west-1.s3.eu-west-1.amazonaws.com/60d18169-39e6-4d47-b82b-d9a102f01efd
coffee_healthy,coffee_healthy,C11P35H1.jpg,rocole:C11P35,https://data.mendeley.com/public-files/datasets/c5yvn32dzg/files/ebc10c75-075e-4b0e-a5f6-d700690b35c8/file_downloaded,https://prod-dcd-datasets-public-files-eu-west-1.s3.eu-west-1.amazonaws.com/d02976c4-45bc-4b15-9f3b-bec35bbebfa5
coffee_healthy,coffee_healthy,C11P35H2.jpg,rocole:C11P35,https://data.mendeley.com/public-files/datasets/c5yvn32dzg/files/43056b30-2878-4f46-b306-a4fd8df8d9fd/file_downloaded,https://prod-dcd-datasets-public-files-eu-west-1.s3.eu-west-1.amazonaws.com/71633d17-683f-47dd-a898-6351e1d82903
coffee_healthy,coffee_healthy,C11P36E1.jpg,rocole:C11P36,https://data.mendeley.com/public-files/datasets/c5yvn32dzg/files/9b7fc8b9-ac12-4592-b779-a6594b61429e/file_downloaded,https://prod-dcd-datasets-public-files-eu-west-1.s3.eu-west-1.amazonaws.com/0358e22d-a75d-4712-94ad-b6ac9daa0e72
coffee_healthy,coffee_healthy,C11P36H1.jpg,rocole:C11P36,https://data.mendeley.com/public-files/datasets/c5yvn32dzg/files/efc67c3b-5ed4-4f19-a903-33ec19ed5c94/file_downloaded,https://prod-dcd-datasets-public-files-eu-west-1.s3.eu-west-1.amazonaws.com/e8df62c1-4147-427c-bcf1-ce516c6b5ed9
coffee_healthy,coffee_healthy,C11P37E1.jpg,rocole:C11P37,https://data.mendeley.com/public-files/datasets/c5yvn32dzg/files/74730483-6168-403f-b612-f53b5d39e092/file_downloaded,https://prod-dcd-datasets-public-files-eu-west-1.s3.eu-west-1.amazonaws.com/ea7f6c81-df24-4c31-82bf-69c6245477d4
coffee_healthy,coffee_healthy,C11P37H1.jpg,rocole:C11P37,https://data.mendeley.com/public-files/datasets/c5yvn32dzg/files/26a110af-34b3-4571-ab52-0860edddd206/file_downloaded,https://prod-dcd-datasets-public-files-eu-west-1.s3.eu-west-1.amazonaws.com/2659c7ab-78e3-4ff7-9731-1c84b4c2b8f6
coffee_healthy,coffee_healthy,C11P38E1.jpg,rocole:C11P38,https://data.mendeley.com/public-files/datasets/c5yvn32dzg/files/1a4a19e7-b5ca-475b-95aa-e313d91e77a5/file_downloaded,https://prod-dcd-datasets-public-files-eu-west-1.s3.eu-west-1.amazonaws.com/241982b0-c412-42b5-8cae-72c50f8f2b20
coffee_healthy,coffee_healthy,C11P38H1.jpg,rocole:C11P38,https://data.mendeley.com/public-files/datasets/c5yvn32dzg/files/31620bf3-9997-448e-a3ae-de8068dbf277/file_downloaded,https://prod-dcd-datasets-public-files-eu-west-1.s3.eu-west-1.amazonaws.com/fbfa62c6-31fb-4cfc-a42e-94b423d8bc2e
coffee_healthy,coffee_healthy,C11P39E1.jpg,rocole:C11P39,https://data.mendeley.com/public-files/datasets/c5yvn32dzg/files/2f7a295f-2b2c-410a-bdf4-fad06ab90587/file_downloaded,https://prod-dcd-datasets-public-files-eu-west-1.s3.eu-west-1.amazonaws.com/68846f2f-6979-4275-80c9-d2830ca27b9c
coffee_healthy,coffee_healthy,C11P39H1.jpg,rocole:C11P39,https://data.mendeley.com/public-files/datasets/c5yvn32dzg/files/96ccd08f-7db5-4cc0-89ff-47d19e47fe48/file_downloaded,https://prod-dcd-datasets-public-files-eu-west-1.s3.eu-west-1.amazonaws.com/06076ec2-31de-468b-92d6-2b4519699ad7
coffee_healthy,coffee_healthy,C11P5E1.jpg,rocole:C11P5,https://data.mendeley.com/public-files/datasets/c5yvn32dzg/files/bc8a8278-eee2-484a-ba6a-358255bdc3de/file_downloaded,https://prod-dcd-datasets-public-files-eu-west-1.s3.eu-west-1.amazonaws.com/009bb3f1-5467-40fe-b833-e6cbf9196ea0
coffee_healthy,coffee_healthy,C11P5H1.jpg,rocole:C11P5,https://data.mendeley.com/public-files/datasets/c5yvn32dzg/files/d438ac7d-ab48-4cfc-9b59-3e1c185a7ba8/file_downloaded,https://prod-dcd-datasets-public-files-eu-west-1.s3.eu-west-1.amazonaws.com/465da739-f13e-4777-ba31-13ed286f7597
coffee_healthy,coffee_healthy,C11P6E1.jpg,rocole:C11P6,https://data.mendeley.com/public-files/datasets/c5yvn32dzg/files/306ffb1f-0281-4b76-98ee-0c85e068a2d2/file_downloaded,https://prod-dcd-datasets-public-files-eu-west-1.s3.eu-west-1.amazonaws.com/b1b54f8a-f06c-418d-8688-1b25a956a0f2
coffee_healthy,coffee_healthy,C11P6H1.jpg,rocole:C11P6,https://data.mendeley.com/public-files/datasets/c5yvn32dzg/files/1fe07555-9372-4b12-8e83-02b7f9310391/file_downloaded,https://prod-dcd-datasets-public-files-eu-west-1.s3.eu-west-1.amazonaws.com/c9c6abf3-7f3f-4604-b4e7-a424dc6296fe
coffee_healthy,coffee_healthy,C11P7E1.jpg,rocole:C11P7,https://data.mendeley.com/public-files/datasets/c5yvn32dzg/files/d8813f4a-9b58-4e4b-b899-17097e1df41a/file_downloaded,https://prod-dcd-datasets-public-files-eu-west-1.s3.eu-west-1.amazonaws.com/64158226-14ce-4cce-a0db-993c9d9bb159
coffee_healthy,coffee_healthy,C11P7H1.jpg,rocole:C11P7,https://data.mendeley.com/public-files/datasets/c5yvn32dzg/files/c16d8fb8-891d-4667-991d-19fb60392c40/file_downloaded,https://prod-dcd-datasets-public-files-eu-west-1.s3.eu-west-1.amazonaws.com/95b3987c-6066-4317-be6a-5cd8ce9a6887
coffee_healthy,coffee_healthy,C11P8E1.jpg,rocole:C11P8,https://data.mendeley.com/public-files/datasets/c5yvn32dzg/files/2c6865fe-50ea-4328-beae-42890dffa0ee/file_downloaded,https://prod-dcd-datasets-public-files-eu-west-1.s3.eu-west-1.amazonaws.com/3effdff0-d468-496d-873a-8823f1a351b2
coffee_healthy,coffee_healthy,C11P8H1.jpg,rocole:C11P8,https://data.mendeley.com/public-files/datasets/c5yvn32dzg/files/b1c1c2cf-6705-4aec-ac05-971fa2fde27e/file_downloaded,https://prod-dcd-datasets-public-files-eu-west-1.s3.eu-west-1.amazonaws.com/3906f880-2571-4e73-a795-533a639ff2c3
coffee_healthy,coffee_healthy,C11P9E1.jpg,rocole:C11P9,https://data.mendeley.com/public-files/datasets/c5yvn32dzg/files/b35589a1-40cc-45f5-82be-ecc19f4f02aa/file_downloaded,https://prod-dcd-datasets-public-files-eu-west-1.s3.eu-west-1.amazonaws.com/2ebd1d63-1c4d-4719-81ac-7ee60c80cffb
coffee_healthy,coffee_healthy,C11P9H1.jpg,rocole:C11P9,https://data.mendeley.com/public-files/datasets/c5yvn32dzg/files/be5453f6-fee5-4a5b-adba-d06802e4ca97/file_downloaded,https://prod-dcd-datasets-public-files-eu-west-1.s3.eu-west-1.amazonaws.com/6ba0410c-93e4-4f79-a55b-ac31af461288
coffee_healthy,coffee_healthy,C12P11E1.jpg,rocole:C12P11,https://data.mendeley.com/public-files/datasets/c5yvn32dzg/files/f30ee1f2-0c88-4e1e-aa15-d1348f19b7ae/file_downloaded,https://prod-dcd-datasets-public-files-eu-west-1.s3.eu-west-1.amazonaws.com/0f5aaa04-49ea-4264-b3b9-061b7e5a8288
coffee_healthy,coffee_healthy,C12P11H1.jpg,rocole:C12P11,https://data.mendeley.com/public-files/datasets/c5yvn32dzg/files/4a88102b-b6ef-4e39-98da-d4dc0a9eab08/file_downloaded,https://prod-dcd-datasets-public-files-eu-west-1.s3.eu-west-1.amazonaws.com/a69aa2a0-ac52-4947-8339-35739c6c970f
coffee_healthy,coffee_healthy,C12P12E1.jpg,rocole:C12P12,https://data.mendeley.com/public-files/datasets/c5yvn32dzg/files/99e068cc-ff87-433f-8a41-0f5a90ab5952/file_downloaded,https://prod-dcd-datasets-public-files-eu-west-1.s3.eu-west-1.amazonaws.com/0de15e6a-c79e-4d0e-a2a3-ad076037204f
coffee_healthy,coffee_healthy,C12P12H1.jpg,rocole:C12P12,https://data.mendeley.com/public-files/datasets/c5yvn32dzg/files/edd3f122-e4ab-45b2-80da-47479c5dfb96/file_downloaded,https://prod-dcd-datasets-public-files-eu-west-1.s3.eu-west-1.amazonaws.com/4add4cd5-134a-493c-86bc-65bee52da2df
coffee_healthy,coffee_healthy,C12P13E1.jpg,rocole:C12P13,https://data.mendeley.com/public-files/datasets/c5yvn32dzg/files/436e53e3-ccf4-4b8c-9381-4a3b1ddfba86/file_downloaded,https://prod-dcd-datasets-public-files-eu-west-1.s3.eu-west-1.amazonaws.com/867d41d9-9e8e-4ac3-b3b0-b981e8e4f055
coffee_healthy,coffee_healthy,C12P13H1.jpg,rocole:C12P13,https://data.mendeley.com/public-files/datasets/c5yvn32dzg/files/3cdba512-c1ba-4e04-9759-d386ce0ede15/file_downloaded,https://prod-dcd-datasets-public-files-eu-west-1.s3.eu-west-1.amazonaws.com/0358f78b-e7c0-421a-ab3a-ff5b24119f4e
coffee_healthy,coffee_healthy,C12P14E1.jpg,rocole:C12P14,https://data.mendeley.com/public-files/datasets/c5yvn32dzg/files/30e26096-4267-4d04-8594-28e70d73dd67/file_downloaded,https://prod-dcd-datasets-public-files-eu-west-1.s3.eu-west-1.amazonaws.com/4eb1bd18-5462-45aa-9f47-c82753b4ec34
coffee_healthy,coffee_healthy,C12P14H1.jpg,rocole:C12P14,https://data.mendeley.com/public-files/datasets/c5yvn32dzg/files/8f6572c0-fd57-45a4-a749-2a65eb65b4cf/file_downloaded,https://prod-dcd-datasets-public-files-eu-west-1.s3.eu-west-1.amazonaws.com/ef7e4e1e-daf8-45b0-80f6-4f3f6ecddc60
coffee_healthy,coffee_healthy,C12P15E1.jpg,rocole:C12P15,https://data.mendeley.com/public-files/datasets/c5yvn32dzg/files/45524f69-73e5-4cec-948e-7bafa8724e0f/file_downloaded,https://prod-dcd-datasets-public-files-eu-west-1.s3.eu-west-1.amazonaws.com/46dc88e7-1960-4581-8ca4-5ec77491082d
coffee_healthy,coffee_healthy,C12P15H1.jpg,rocole:C12P15,https://data.mendeley.com/public-files/datasets/c5yvn32dzg/files/b776ec13-b8b0-4dc5-a31c-4895f196450d/file_downloaded,https://prod-dcd-datasets-public-files-eu-west-1.s3.eu-west-1.amazonaws.com/7ffaa2e9-5170-4030-82ff-c22bb9b5b72b
coffee_healthy,coffee_healthy,C12P16E1.jpg,rocole:C12P16,https://data.mendeley.com/public-files/datasets/c5yvn32dzg/files/34834621-b7aa-4895-afb7-e2561dd1c690/file_downloaded,https://prod-dcd-datasets-public-files-eu-west-1.s3.eu-west-1.amazonaws.com/e4530b09-72c8-4e22-825a-cf14d9d73c4e
coffee_healthy,coffee_healthy,C12P16H1.jpg,rocole:C12P16,https://data.mendeley.com/public-files/datasets/c5yvn32dzg/files/ecb4c112-1674-455d-a862-879466912de7/file_downloaded,https://prod-dcd-datasets-public-files-eu-west-1.s3.eu-west-1.amazonaws.com/770cdb8b-6d7b-4fc0-aa5a-a126e83a4164
coffee_healthy,coffee_healthy,C12P17E1.jpg,rocole:C12P17,https://data.mendeley.com/public-files/datasets/c5yvn32dzg/files/bfaef20c-3026-4137-9730-553404361431/file_downloaded,https://prod-dcd-datasets-public-files-eu-west-1.s3.eu-west-1.amazonaws.com/30fb350a-fc6a-4445-84aa-8396724bf563
coffee_healthy,coffee_healthy,C12P17H1.jpg,rocole:C12P17,https://data.mendeley.com/public-files/datasets/c5yvn32dzg/files/29ba93c2-bb86-46cc-858a-bf525d38fc95/file_downloaded,https://prod-dcd-datasets-public-files-eu-west-1.s3.eu-west-1.amazonaws.com/d0cf471d-1adf-4512-8181-899b7d76b160
coffee_healthy,coffee_healthy,C12P18E1.jpg,rocole:C12P18,https://data.mendeley.com/public-files/datasets/c5yvn32dzg/files/ae819bc0-a672-48c3-8932-b36b77032323/file_downloaded,https://prod-dcd-datasets-public-files-eu-west-1.s3.eu-west-1.amazonaws.com/b0e816c5-fa49-41ef-bcf6-22aba538e1f4
coffee_healthy,coffee_healthy,C12P18H1.jpg,rocole:C12P18,https://data.mendeley.com/public-files/datasets/c5yvn32dzg/files/a229b3ea-3eb0-4d5a-b0d3-10022aa74de6/file_downloaded,https://prod-dcd-datasets-public-files-eu-west-1.s3.eu-west-1.amazonaws.com/5dbcceba-bf7a-489c-b848-505774e791f8
coffee_healthy,coffee_healthy,C12P19E2.jpg,rocole:C12P19,https://data.mendeley.com/public-files/datasets/c5yvn32dzg/files/18a71ebf-72fb-4343-83ec-a778a701bc1c/file_downloaded,https://prod-dcd-datasets-public-files-eu-west-1.s3.eu-west-1.amazonaws.com/c5cb094b-af14-477b-91ab-9503842c71cb
coffee_healthy,coffee_healthy,C12P19H2.jpg,rocole:C12P19,https://data.mendeley.com/public-files/datasets/c5yvn32dzg/files/fedf5a89-fa5e-4d63-83bd-af7ffc7dbb1a/file_downloaded,https://prod-dcd-datasets-public-files-eu-west-1.s3.eu-west-1.amazonaws.com/23c40cad-7e69-40b9-a175-808c9920a39d
coffee_healthy,coffee_healthy,C12P1E1.jpg,rocole:C12P1,https://data.mendeley.com/public-files/datasets/c5yvn32dzg/files/16ad677a-6899-4415-9c85-68542a2074d1/file_downloaded,https://prod-dcd-datasets-public-files-eu-west-1.s3.eu-west-1.amazonaws.com/0a165610-1cc0-4479-8c67-d9934bb60903
coffee_healthy,coffee_healthy,C12P1H1.jpg,rocole:C12P1,https://data.mendeley.com/public-files/datasets/c5yvn32dzg/files/c4d41c07-5e9a-47ba-9f9c-1f9dc6b4968b/file_downloaded,https://prod-dcd-datasets-public-files-eu-west-1.s3.eu-west-1.amazonaws.com/da5ab314-f148-44e3-ac60-e7bfed5a9c8b
coffee_healthy,coffee_healthy,C12P20E1.jpg,rocole:C12P20,https://data.mendeley.com/public-files/datasets/c5yvn32dzg/files/642ab90c-2a66-4854-a20f-25b56b346d8d/file_downloaded,https://prod-dcd-datasets-public-files-eu-west-1.s3.eu-west-1.amazonaws.com/c2aa0978-28dd-4f52-b197-5228f09306cd
coffee_healthy,coffee_healthy,C12P20H1.jpg,rocole:C12P20,https://data.mendeley.com/public-files/datasets/c5yvn32dzg/files/cdd10593-f5ba-4103-857e-1d4d4e7d5ce1/file_downloaded,https://prod-dcd-datasets-public-files-eu-west-1.s3.eu-west-1.amazonaws.com/6ef4d2a0-aea6-40f7-b9c8-3fbf07fc1c89
coffee_healthy,coffee_healthy,C12P21E1.jpg,rocole:C12P21,https://data.mendeley.com/public-files/datasets/c5yvn32dzg/files/cb157e89-ff27-4f5b-ad13-cffb3d044a95/file_downloaded,https://prod-dcd-datasets-public-files-eu-west-1.s3.eu-west-1.amazonaws.com/0f2347a9-37fb-47c0-9aa5-ba9db77bae95
coffee_healthy,coffee_healthy,C12P21H1.jpg,rocole:C12P21,https://data.mendeley.com/public-files/datasets/c5yvn32dzg/files/178670e4-564c-4233-81d8-230e22afdbee/file_downloaded,https://prod-dcd-datasets-public-files-eu-west-1.s3.eu-west-1.amazonaws.com/30becc0d-2342-4094-b804-424aff223dc3
coffee_healthy,coffee_healthy,C12P22E1.jpg,rocole:C12P22,https://data.mendeley.com/public-files/datasets/c5yvn32dzg/files/8a60ddb8-ff85-4219-878f-cd51e71702bf/file_downloaded,https://prod-dcd-datasets-public-files-eu-west-1.s3.eu-west-1.amazonaws.com/b42ca063-b99c-49a3-a168-de16c4eebb56
coffee_healthy,coffee_healthy,C12P22H1.jpg,rocole:C12P22,https://data.mendeley.com/public-files/datasets/c5yvn32dzg/files/3f64514d-7e7e-499f-87ca-3619400401f1/file_downloaded,https://prod-dcd-datasets-public-files-eu-west-1.s3.eu-west-1.amazonaws.com/0ae5a9d7-bdb7-4098-bbff-26c8b6452c92
coffee_healthy,coffee_healthy,C12P23E1.jpg,rocole:C12P23,https://data.mendeley.com/public-files/datasets/c5yvn32dzg/files/87b54299-9bdb-43e3-b4cc-c3f251631275/file_downloaded,https://prod-dcd-datasets-public-files-eu-west-1.s3.eu-west-1.amazonaws.com/323717d2-d7fa-4023-b188-64e221636e2a
coffee_healthy,coffee_healthy,C12P23H1.jpg,rocole:C12P23,https://data.mendeley.com/public-files/datasets/c5yvn32dzg/files/06037b35-c7cd-4a37-a9c2-a51a26e2403f/file_downloaded,https://prod-dcd-datasets-public-files-eu-west-1.s3.eu-west-1.amazonaws.com/855815a3-ee53-422e-910f-3b4d5040b6d4
coffee_healthy,coffee_healthy,C12P25E1.jpg,rocole:C12P25,https://data.mendeley.com/public-files/datasets/c5yvn32dzg/files/c99ea29d-b70c-4048-998c-9dccc336d833/file_downloaded,https://prod-dcd-datasets-public-files-eu-west-1.s3.eu-west-1.amazonaws.com/370fb538-1c18-44c3-811f-704be5b1dd32
coffee_healthy,coffee_healthy,C12P25H1.jpg,rocole:C12P25,https://data.mendeley.com/public-files/datasets/c5yvn32dzg/files/0310e9c8-0505-425c-8963-b46f3d2a14d8/file_downloaded,https://prod-dcd-datasets-public-files-eu-west-1.s3.eu-west-1.amazonaws.com/3d1befd2-caf8-4b8c-8f5b-fc9cc2fd03e6
coffee_healthy,coffee_healthy,C12P28E1.jpg,rocole:C12P28,https://data.mendeley.com/public-files/datasets/c5yvn32dzg/files/71ff461b-1c81-4b84-a1c5-2ac050742238/file_downloaded,https://prod-dcd-datasets-public-files-eu-west-1.s3.eu-west-1.amazonaws.com/32a85151-8e60-49f5-bf01-40abb0c5f501
coffee_healthy,coffee_healthy,C12P28H1.jpg,rocole:C12P28,https://data.mendeley.com/public-files/datasets/c5yvn32dzg/files/8f21f528-9702-4fc6-8ff3-491409e6b723/file_downloaded,https://prod-dcd-datasets-public-files-eu-west-1.s3.eu-west-1.amazonaws.com/ef26e200-6af1-4234-b214-2ef8d793eeb2
coffee_healthy,coffee_healthy,C12P29E1.jpg,rocole:C12P29,https://data.mendeley.com/public-files/datasets/c5yvn32dzg/files/5c13c63a-8175-40e4-a62d-21e4231d1e47/file_downloaded,https://prod-dcd-datasets-public-files-eu-west-1.s3.eu-west-1.amazonaws.com/f7d8cf80-07dc-44a6-97f4-5d3a29f3dac9
coffee_healthy,coffee_healthy,C12P29H1.jpg,rocole:C12P29,https://data.mendeley.com/public-files/datasets/c5yvn32dzg/files/097329ef-47ee-41d5-900a-58cc9b1ef92a/file_downloaded,https://prod-dcd-datasets-public-files-eu-west-1.s3.eu-west-1.amazonaws.com/04350f4e-4637-48cb-91f8-9ef7f4fb607b
coffee_healthy,coffee_healthy,C12P2E1.jpg,rocole:C12P2,https://data.mendeley.com/public-files/datasets/c5yvn32dzg/files/37f0d068-c26e-470b-864b-3c9691d944a4/file_downloaded,https://prod-dcd-datasets-public-files-eu-west-1.s3.eu-west-1.amazonaws.com/7a20dc63-e4c2-4fd4-ae37-63976d8e9b94
coffee_healthy,coffee_healthy,C12P2H1.jpg,rocole:C12P2,https://data.mendeley.com/public-files/datasets/c5yvn32dzg/files/6318f953-d9a8-4ad8-a523-37f6d953bcf1/file_downloaded,https://prod-dcd-datasets-public-files-eu-west-1.s3.eu-west-1.amazonaws.com/cec14a08-fef4-456c-a79f-805f08abe153
coffee_healthy,coffee_healthy,C12P30E1.jpg,rocole:C12P30,https://data.mendeley.com/public-files/datasets/c5yvn32dzg/files/907ff013-311c-432c-a79a-4246e4bf8b89/file_downloaded,https://prod-dcd-datasets-public-files-eu-west-1.s3.eu-west-1.amazonaws.com/ac8b0e71-27c9-42f7-986b-be5ab7ff89e3
coffee_healthy,coffee_healthy,C12P30H1.jpg,rocole:C12P30,https://data.mendeley.com/public-files/datasets/c5yvn32dzg/files/d940863c-232c-4825-8418-ddec46428d74/file_downloaded,https://prod-dcd-datasets-public-files-eu-west-1.s3.eu-west-1.amazonaws.com/c7b74eaa-bef3-49ce-a47f-a9d6fb551432
coffee_healthy,coffee_healthy,C12P31E1.jpg,rocole:C12P31,https://data.mendeley.com/public-files/datasets/c5yvn32dzg/files/274e2788-29ee-498e-8288-4c4bd7ebc31e/file_downloaded,https://prod-dcd-datasets-public-files-eu-west-1.s3.eu-west-1.amazonaws.com/026dacd6-b883-42cc-b2aa-9ac9966bbd83
coffee_healthy,coffee_healthy,C12P31H1.jpg,rocole:C12P31,https://data.mendeley.com/public-files/datasets/c5yvn32dzg/files/38c11e92-4e42-43b5-8850-f21ab358ae77/file_downloaded,https://prod-dcd-datasets-public-files-eu-west-1.s3.eu-west-1.amazonaws.com/c77d7383-d9d1-4544-9584-31cdfa981004
coffee_healthy,coffee_healthy,C12P32E1.jpg,rocole:C12P32,https://data.mendeley.com/public-files/datasets/c5yvn32dzg/files/9ea4912a-8196-4f4e-b00e-a5987aebdfed/file_downloaded,https://prod-dcd-datasets-public-files-eu-west-1.s3.eu-west-1.amazonaws.com/2a851986-63b5-4176-a692-71b24690c9fc
coffee_healthy,coffee_healthy,C12P32H1.jpg,rocole:C12P32,https://data.mendeley.com/public-files/datasets/c5yvn32dzg/files/6d5d3efa-9c5a-4755-a82a-f910613360aa/file_downloaded,https://prod-dcd-datasets-public-files-eu-west-1.s3.eu-west-1.amazonaws.com/191660e7-3653-4f47-9703-f7b451bdaf58
coffee_healthy,coffee_healthy,C12P34E1.jpg,rocole:C12P34,https://data.mendeley.com/public-files/datasets/c5yvn32dzg/files/697c6588-a8a2-4d67-994a-6f6b38f1d532/file_downloaded,https://prod-dcd-datasets-public-files-eu-west-1.s3.eu-west-1.amazonaws.com/65cb890f-957b-475b-9eac-c933cb643cd0
coffee_healthy,coffee_healthy,C12P34H1.jpg,rocole:C12P34,https://data.mendeley.com/public-files/datasets/c5yvn32dzg/files/f522a441-c882-43f5-a1c6-b3c21f6164dc/file_downloaded,https://prod-dcd-datasets-public-files-eu-west-1.s3.eu-west-1.amazonaws.com/dceafc29-38db-43ee-836f-63453038a3e2
coffee_healthy,coffee_healthy,C12P36E1.jpg,rocole:C12P36,https://data.mendeley.com/public-files/datasets/c5yvn32dzg/files/75cbcc17-dc3c-4edc-97c9-abff151f0a7f/file_downloaded,https://prod-dcd-datasets-public-files-eu-west-1.s3.eu-west-1.amazonaws.com/2ee4ae8b-8d6d-4b0a-a427-a7fbe9edf29d
coffee_healthy,coffee_healthy,C12P36H1.jpg,rocole:C12P36,https://data.mendeley.com/public-files/datasets/c5yvn32dzg/files/b9a0933b-75e6-4685-8321-a7b8acc8c497/file_downloaded,https://prod-dcd-datasets-public-files-eu-west-1.s3.eu-west-1.amazonaws.com/48330a86-fb27-4235-aaa6-ed0ed1e2987a
coffee_healthy,coffee_healthy,C12P38E1.jpg,rocole:C12P38,https://data.mendeley.com/public-files/datasets/c5yvn32dzg/files/24253a5d-1377-454a-be6d-3e67d12e7308/file_downloaded,https://prod-dcd-datasets-public-files-eu-west-1.s3.eu-west-1.amazonaws.com/4df732a4-425a-4e0b-bf04-361e7b809196
coffee_healthy,coffee_healthy,C12P38H1.jpg,rocole:C12P38,https://data.mendeley.com/public-files/datasets/c5yvn32dzg/files/e919a3f0-68b2-451d-a948-370aa3e84e2c/file_downloaded,https://prod-dcd-datasets-public-files-eu-west-1.s3.eu-west-1.amazonaws.com/6fb4009b-3993-4e3f-a086-830b25644c9d
coffee_healthy,coffee_healthy,C12P3E1.jpg,rocole:C12P3,https://data.mendeley.com/public-files/datasets/c5yvn32dzg/files/91764aa0-90ac-47f9-af57-ae6ec8f95b0e/file_downloaded,https://prod-dcd-datasets-public-files-eu-west-1.s3.eu-west-1.amazonaws.com/a91b9285-2a3e-404e-b046-31d8a7a2a956
coffee_healthy,coffee_healthy,C12P3H1.jpg,rocole:C12P3,https://data.mendeley.com/public-files/datasets/c5yvn32dzg/files/c865da48-3fb0-48fc-9535-03b203cce9d9/file_downloaded,https://prod-dcd-datasets-public-files-eu-west-1.s3.eu-west-1.amazonaws.com/1f2e463c-8590-46e9-9741-3c5b43283c5f
coffee_healthy,coffee_healthy,C12P40E1.jpg,rocole:C12P40,https://data.mendeley.com/public-files/datasets/c5yvn32dzg/files/50b0f77b-0d21-4e13-aa0a-f1bbab1fc779/file_downloaded,https://prod-dcd-datasets-public-files-eu-west-1.s3.eu-west-1.amazonaws.com/36f9174b-9c84-48e4-ae7d-9de689433174
coffee_healthy,coffee_healthy,C12P40H1.jpg,rocole:C12P40,https://data.mendeley.com/public-files/datasets/c5yvn32dzg/files/4afc7c13-51a8-439f-9a05-3104054ac776/file_downloaded,https://prod-dcd-datasets-public-files-eu-west-1.s3.eu-west-1.amazonaws.com/f8c7ce65-d7f1-4dc9-9252-401250482b4d
coffee_healthy,coffee_healthy,C12P4E1.jpg,rocole:C12P4,https://data.mendeley.com/public-files/datasets/c5yvn32dzg/files/9cf43a4a-f892-4163-bdfb-79456759cbb1/file_downloaded,https://prod-dcd-datasets-public-files-eu-west-1.s3.eu-west-1.amazonaws.com/7660852c-8058-4ca6-99de-c6acf530dae4
coffee_healthy,coffee_healthy,C12P4H1.jpg,rocole:C12P4,https://data.mendeley.com/public-files/datasets/c5yvn32dzg/files/710814b7-5f74-4199-8e6e-90fe15ea0819/file_downloaded,https://prod-dcd-datasets-public-files-eu-west-1.s3.eu-west-1.amazonaws.com/b7fd5c25-0034-4000-b4da-46103e604dcb
coffee_healthy,coffee_healthy,C12P6E1.jpg,rocole:C12P6,https://data.mendeley.com/public-files/datasets/c5yvn32dzg/files/5a3c6967-45ad-4f4a-baf8-ecc7652e97bb/file_downloaded,https://prod-dcd-datasets-public-files-eu-west-1.s3.eu-west-1.amazonaws.com/177731a7-6710-41a1-b19e-21612d8fe485
coffee_healthy,coffee_healthy,C12P6H1.jpg,rocole:C12P6,https://data.mendeley.com/public-files/datasets/c5yvn32dzg/files/6d808547-7d8a-432c-99b0-e0f9f070ab4e/file_downloaded,https://prod-dcd-datasets-public-files-eu-west-1.s3.eu-west-1.amazonaws.com/72500798-5de5-43b8-ba3d-d2dca7da1ca6
coffee_healthy,coffee_healthy,C12P8E1.jpg,rocole:C12P8,https://data.mendeley.com/public-files/datasets/c5yvn32dzg/files/f85be1d3-ee31-4465-997a-88e8b46d0e6b/file_downloaded,https://prod-dcd-datasets-public-files-eu-west-1.s3.eu-west-1.amazonaws.com/90acc9c6-8d67-444d-a568-cbd0a6e54ba2
coffee_healthy,coffee_healthy,C12P8H1.jpg,rocole:C12P8,https://data.mendeley.com/public-files/datasets/c5yvn32dzg/files/23067fb6-168e-4726-a29f-53ba91087186/file_downloaded,https://prod-dcd-datasets-public-files-eu-west-1.s3.eu-west-1.amazonaws.com/f1352671-e796-4609-8562-2a08ffbdbdea
coffee_healthy,coffee_healthy,C12P9E1.jpg,rocole:C12P9,https://data.mendeley.com/public-files/datasets/c5yvn32dzg/files/948f99aa-cce8-4343-a2ea-962e70fa7bb7/file_downloaded,https://prod-dcd-datasets-public-files-eu-west-1.s3.eu-west-1.amazonaws.com/fc361fef-c444-439a-908b-78593b9570e5
coffee_healthy,coffee_healthy,C12P9H1.jpg,rocole:C12P9,https://data.mendeley.com/public-files/datasets/c5yvn32dzg/files/82d59ee8-851e-4772-bf50-3bf33f85bf96/file_downloaded,https://prod-dcd-datasets-public-files-eu-west-1.s3.eu-west-1.amazonaws.com/3f8b53f6-5e68-4d12-8c79-4a26402af20f
coffee_healthy,coffee_healthy,C1P10E1.jpg,rocole:C1P10,https://data.mendeley.com/public-files/datasets/c5yvn32dzg/files/be64fe44-dd07-4ec9-984e-f8ebfbbc388f/file_downloaded,https://prod-dcd-datasets-public-files-eu-west-1.s3.eu-west-1.amazonaws.com/4b813845-9a74-4776-85d1-cd3740be5229
coffee_healthy,coffee_healthy,C1P10H1.jpg,rocole:C1P10,https://data.mendeley.com/public-files/datasets/c5yvn32dzg/files/389fc413-fa72-499e-add6-745de9467299/file_downloaded,https://prod-dcd-datasets-public-files-eu-west-1.s3.eu-west-1.amazonaws.com/72e37972-72ee-4c52-a99b-fc7a9c59af6b
coffee_healthy,coffee_healthy,C1P11E1.jpg,rocole:C1P11,https://data.mendeley.com/public-files/datasets/c5yvn32dzg/files/27dec53b-b77f-4da8-b815-840d2bc4038a/file_downloaded,https://prod-dcd-datasets-public-files-eu-west-1.s3.eu-west-1.amazonaws.com/81ce2b0a-2dcf-4adb-acf0-9c40d3e9a103
coffee_healthy,coffee_healthy,C1P11H1.jpg,rocole:C1P11,https://data.mendeley.com/public-files/datasets/c5yvn32dzg/files/4e288407-3b81-455f-9672-cdefc78e0d30/file_downloaded,https://prod-dcd-datasets-public-files-eu-west-1.s3.eu-west-1.amazonaws.com/6b2e283f-8975-4194-9dfc-0b2a81fe2533
coffee_healthy,coffee_healthy,C1P12E1.jpg,rocole:C1P12,https://data.mendeley.com/public-files/datasets/c5yvn32dzg/files/c45839ae-d711-46fc-823b-bf2bfb5d360d/file_downloaded,https://prod-dcd-datasets-public-files-eu-west-1.s3.eu-west-1.amazonaws.com/8a74c3cf-26dd-4bde-8a0f-b7e4cc82da40
coffee_healthy,coffee_healthy,C1P12H1.jpg,rocole:C1P12,https://data.mendeley.com/public-files/datasets/c5yvn32dzg/files/242ad518-d581-4abc-9306-230d20ba0a1e/file_downloaded,https://prod-dcd-datasets-public-files-eu-west-1.s3.eu-west-1.amazonaws.com/63cd24fc-0528-495e-bbd8-88416b8ae9ca
coffee_healthy,coffee_healthy,C1P13E1.jpg,rocole:C1P13,https://data.mendeley.com/public-files/datasets/c5yvn32dzg/files/ce474189-5109-407d-a827-50416cce1c64/file_downloaded,https://prod-dcd-datasets-public-files-eu-west-1.s3.eu-west-1.amazonaws.com/493749a1-96ef-4f16-a9a2-d7011b6e4a04
coffee_healthy,coffee_healthy,C1P13H1.jpg,rocole:C1P13,https://data.mendeley.com/public-files/datasets/c5yvn32dzg/files/a0285183-0203-4c23-89f7-3f4bd828a388/file_downloaded,https://prod-dcd-datasets-public-files-eu-west-1.s3.eu-west-1.amazonaws.com/1d7e930c-eaad-4d9b-84ab-51a68a1bdc1a
coffee_healthy,coffee_healthy,C1P14E1.jpg,rocole:C1P14,https://data.mendeley.com/public-files/datasets/c5yvn32dzg/files/0f9a76fa-ad2b-4c28-8e92-f678d3f5bf4e/file_downloaded,https://prod-dcd-datasets-public-files-eu-west-1.s3.eu-west-1.amazonaws.com/0559e405-c9c0-4d3f-98c3-c2e80f42a089
coffee_healthy,coffee_healthy,C1P14H1.jpg,rocole:C1P14,https://data.mendeley.com/public-files/datasets/c5yvn32dzg/files/2f7bf470-6637-454d-8cec-0359322f1b9a/file_downloaded,https://prod-dcd-datasets-public-files-eu-west-1.s3.eu-west-1.amazonaws.com/a5152d5d-7360-4f91-85d4-2835d1088f58
coffee_healthy,coffee_healthy,C1P15H1.jpg,rocole:C1P15,https://data.mendeley.com/public-files/datasets/c5yvn32dzg/files/04d773f7-b6ef-43d7-a763-6edf32dc886e/file_downloaded,https://prod-dcd-datasets-public-files-eu-west-1.s3.eu-west-1.amazonaws.com/03b10a78-5d93-4ed8-afee-d41634c877ba
coffee_healthy,coffee_healthy,C1P17E1.jpg,rocole:C1P17,https://data.mendeley.com/public-files/datasets/c5yvn32dzg/files/3f383b98-5e9d-4bc9-b659-bba4f7c82b5c/file_downloaded,https://prod-dcd-datasets-public-files-eu-west-1.s3.eu-west-1.amazonaws.com/7fe867f6-9558-44f1-b680-5d1900f13dff
coffee_healthy,coffee_healthy,C1P17H1.jpg,rocole:C1P17,https://data.mendeley.com/public-files/datasets/c5yvn32dzg/files/347cb89d-ce4f-4dc7-8949-ff340c80b62b/file_downloaded,https://prod-dcd-datasets-public-files-eu-west-1.s3.eu-west-1.amazonaws.com/d1bbb47b-b68e-4e74-921f-b7f103f51d59
coffee_healthy,coffee_healthy,C1P18E1.jpg,rocole:C1P18,https://data.mendeley.com/public-files/datasets/c5yvn32dzg/files/038a8ce9-7433-4158-ba7b-f214a79e198e/file_downloaded,https://prod-dcd-datasets-public-files-eu-west-1.s3.eu-west-1.amazonaws.com/78df82d8-891e-4e13-88ff-542652aaf9cd
coffee_healthy,coffee_healthy,C1P18H1.jpg,rocole:C1P18,https://data.mendeley.com/public-files/datasets/c5yvn32dzg/files/357d23c3-aa16-4805-80f7-9a416a8f7961/file_downloaded,https://prod-dcd-datasets-public-files-eu-west-1.s3.eu-west-1.amazonaws.com/71abb32c-949b-44aa-83a2-5a9734f4391d
coffee_healthy,coffee_healthy,C1P19E1.jpg,rocole:C1P19,https://data.mendeley.com/public-files/datasets/c5yvn32dzg/files/65f2ef9c-3900-4e2b-a0c1-9aeaf824163f/file_downloaded,https://prod-dcd-datasets-public-files-eu-west-1.s3.eu-west-1.amazonaws.com/5cf7e170-183e-4f7b-a56c-16ab5b264017
coffee_healthy,coffee_healthy,C1P19H1.jpg,rocole:C1P19,https://data.mendeley.com/public-files/datasets/c5yvn32dzg/files/a5f1b3ac-10fd-471f-9587-cd4682ed37d1/file_downloaded,https://prod-dcd-datasets-public-files-eu-west-1.s3.eu-west-1.amazonaws.com/f7cb6096-e45a-4c4d-aa6e-e00802c5cc5d
coffee_healthy,coffee_healthy,C1P1E1.jpg,rocole:C1P1,https://data.mendeley.com/public-files/datasets/c5yvn32dzg/files/41bbcedc-be20-4954-84b2-4cda9fd7a75a/file_downloaded,https://prod-dcd-datasets-public-files-eu-west-1.s3.eu-west-1.amazonaws.com/5b57cab5-1c07-4674-9052-52f1de94d8f9
coffee_healthy,coffee_healthy,C1P1H1.jpg,rocole:C1P1,https://data.mendeley.com/public-files/datasets/c5yvn32dzg/files/ced4f393-4d93-49fb-9faf-52fed53aa7e3/file_downloaded,https://prod-dcd-datasets-public-files-eu-west-1.s3.eu-west-1.amazonaws.com/bdaeee00-e61d-4b06-a0d7-b4809a8d8c46
coffee_healthy,coffee_healthy,C1P20E1.jpg,rocole:C1P20,https://data.mendeley.com/public-files/datasets/c5yvn32dzg/files/fb98a46d-4b7e-433e-b186-6a4bfa7fe608/file_downloaded,https://prod-dcd-datasets-public-files-eu-west-1.s3.eu-west-1.amazonaws.com/c779b46e-de6d-49f7-b499-f347eb042cdb
coffee_healthy,coffee_healthy,C1P20H1.jpg,rocole:C1P20,https://data.mendeley.com/public-files/datasets/c5yvn32dzg/files/a6be40b9-8f67-4e55-9b5a-ddcba2b09afa/file_downloaded,https://prod-dcd-datasets-public-files-eu-west-1.s3.eu-west-1.amazonaws.com/d19281a0-4080-43e8-89de-d35dd1af8ce7
coffee_healthy,coffee_healthy,C1P21E1.jpg,rocole:C1P21,https://data.mendeley.com/public-files/datasets/c5yvn32dzg/files/59f3e059-4b7d-4a30-87c6-a4105dc53444/file_downloaded,https://prod-dcd-datasets-public-files-eu-west-1.s3.eu-west-1.amazonaws.com/7feddb06-2d9d-478d-b50a-d208b16d1566
coffee_healthy,coffee_healthy,C1P21H1.jpg,rocole:C1P21,https://data.mendeley.com/public-files/datasets/c5yvn32dzg/files/e2e37d37-2732-43ff-a7b5-34e314827e6a/file_downloaded,https://prod-dcd-datasets-public-files-eu-west-1.s3.eu-west-1.amazonaws.com/16eda7a6-2904-4446-90a3-454b71383fdd
coffee_healthy,coffee_healthy,C1P22E1.jpg,rocole:C1P22,https://data.mendeley.com/public-files/datasets/c5yvn32dzg/files/87f48697-7613-4b2a-af8f-f5f1cee9c1a1/file_downloaded,https://prod-dcd-datasets-public-files-eu-west-1.s3.eu-west-1.amazonaws.com/8a05c0a4-f4b6-4a82-ba99-3aafebab8964
coffee_healthy,coffee_healthy,C1P22H1.jpg,rocole:C1P22,https://data.mendeley.com/public-files/datasets/c5yvn32dzg/files/719e97a6-1ffe-4e38-b3f0-800998ffb9ac/file_downloaded,https://prod-dcd-datasets-public-files-eu-west-1.s3.eu-west-1.amazonaws.com/351215be-c444-430f-ae43-10abb5802ddc
coffee_healthy,coffee_healthy,C1P23E1.jpg,rocole:C1P23,https://data.mendeley.com/public-files/datasets/c5yvn32dzg/files/55a0c57b-c2f7-40d7-b9df-86334ea53571/file_downloaded,https://prod-dcd-datasets-public-files-eu-west-1.s3.eu-west-1.amazonaws.com/1a13f1cb-8640-48bf-b30e-2831c6f6f233
coffee_healthy,coffee_healthy,C1P23H1.jpg,rocole:C1P23,https://data.mendeley.com/public-files/datasets/c5yvn32dzg/files/3b46f359-6ce4-4524-8f1e-99d74a14e978/file_downloaded,https://prod-dcd-datasets-public-files-eu-west-1.s3.eu-west-1.amazonaws.com/656fd6e8-ab2a-4936-bd87-e3ad80e44d62
coffee_healthy,coffee_healthy,C1P24E1.jpg,rocole:C1P24,https://data.mendeley.com/public-files/datasets/c5yvn32dzg/files/a8ddbfdd-6420-4ae5-8304-e54942daaaa0/file_downloaded,https://prod-dcd-datasets-public-files-eu-west-1.s3.eu-west-1.amazonaws.com/f638a2ec-1053-4562-9519-6db92be9508c
coffee_healthy,coffee_healthy,C1P24H1.jpg,rocole:C1P24,https://data.mendeley.com/public-files/datasets/c5yvn32dzg/files/731e29bc-8d42-4515-816a-21a6890b0706/file_downloaded,https://prod-dcd-datasets-public-files-eu-west-1.s3.eu-west-1.amazonaws.com/b3db3ddc-5436-4bd1-a6cf-4b3bc5452635
coffee_healthy,coffee_healthy,C1P25E1.jpg,rocole:C1P25,https://data.mendeley.com/public-files/datasets/c5yvn32dzg/files/06873f9a-fea6-47b4-9630-9d76f5c40b92/file_downloaded,https://prod-dcd-datasets-public-files-eu-west-1.s3.eu-west-1.amazonaws.com/5cc09a61-1476-4cb3-b63a-636593fa4f60
coffee_healthy,coffee_healthy,C1P25H1.jpg,rocole:C1P25,https://data.mendeley.com/public-files/datasets/c5yvn32dzg/files/b80011c4-4e2e-47a3-a729-c5c8307b491e/file_downloaded,https://prod-dcd-datasets-public-files-eu-west-1.s3.eu-west-1.amazonaws.com/983bef0e-db00-4d82-a6f5-88e78e7ad9c9
coffee_healthy,coffee_healthy,C1P26E1.jpg,rocole:C1P26,https://data.mendeley.com/public-files/datasets/c5yvn32dzg/files/5db4094c-fe9b-4a43-ad44-de9b16d2e5f7/file_downloaded,https://prod-dcd-datasets-public-files-eu-west-1.s3.eu-west-1.amazonaws.com/9015d738-188e-4b54-85aa-3074298d7278
coffee_healthy,coffee_healthy,C1P26H1.jpg,rocole:C1P26,https://data.mendeley.com/public-files/datasets/c5yvn32dzg/files/2c507be7-c9e7-4973-af97-386c25422c2c/file_downloaded,https://prod-dcd-datasets-public-files-eu-west-1.s3.eu-west-1.amazonaws.com/e7779a3b-c3c9-49ef-a594-b73f8cdbdf22
coffee_healthy,coffee_healthy,C1P27E1.jpg,rocole:C1P27,https://data.mendeley.com/public-files/datasets/c5yvn32dzg/files/07e39bb6-d892-4ceb-ba33-8b317e0d0995/file_downloaded,https://prod-dcd-datasets-public-files-eu-west-1.s3.eu-west-1.amazonaws.com/af4060b1-045c-46f1-ad74-d1b4a29dfe00
coffee_healthy,coffee_healthy,C1P27H1.jpg,rocole:C1P27,https://data.mendeley.com/public-files/datasets/c5yvn32dzg/files/9229049b-3525-4cd0-9ac3-56150100d725/file_downloaded,https://prod-dcd-datasets-public-files-eu-west-1.s3.eu-west-1.amazonaws.com/cdf6f132-5873-4b9d-bdae-21f825257cc9
coffee_healthy,coffee_healthy,C1P28E1.jpg,rocole:C1P28,https://data.mendeley.com/public-files/datasets/c5yvn32dzg/files/ff983744-a778-47fd-a1b5-74e71a8cdffa/file_downloaded,https://prod-dcd-datasets-public-files-eu-west-1.s3.eu-west-1.amazonaws.com/578bd13b-270e-4013-99ad-07457b8ace3a
coffee_healthy,coffee_healthy,C1P28H1.jpg,rocole:C1P28,https://data.mendeley.com/public-files/datasets/c5yvn32dzg/files/b55ba20b-39bf-4ffc-818d-331d77dd0a9d/file_downloaded,https://prod-dcd-datasets-public-files-eu-west-1.s3.eu-west-1.amazonaws.com/ac3dc7c4-27d7-4885-8a5f-3442e8d7d7d4
coffee_healthy,coffee_healthy,C1P29E1.jpg,rocole:C1P29,https://data.mendeley.com/public-files/datasets/c5yvn32dzg/files/029f4041-e986-4be2-95c7-9037b941c66a/file_downloaded,https://prod-dcd-datasets-public-files-eu-west-1.s3.eu-west-1.amazonaws.com/0ec0ba09-2c09-4946-89a5-ec1441312a23
coffee_healthy,coffee_healthy,C1P29H1.jpg,rocole:C1P29,https://data.mendeley.com/public-files/datasets/c5yvn32dzg/files/a9c56bb8-b2f0-406f-bca7-2ede634376c2/file_downloaded,https://prod-dcd-datasets-public-files-eu-west-1.s3.eu-west-1.amazonaws.com/09db4292-ae7b-4c79-bdce-58643e9060c1
coffee_healthy,coffee_healthy,C1P2E1.jpg,rocole:C1P2,https://data.mendeley.com/public-files/datasets/c5yvn32dzg/files/69c3d8a1-c999-41cc-8ce2-0a7d08c32635/file_downloaded,https://prod-dcd-datasets-public-files-eu-west-1.s3.eu-west-1.amazonaws.com/25b3abce-5934-459a-8051-5906c8c5141c
coffee_healthy,coffee_healthy,C1P2H1.jpg,rocole:C1P2,https://data.mendeley.com/public-files/datasets/c5yvn32dzg/files/b569da9b-5018-4b2b-95f0-985d2356847b/file_downloaded,https://prod-dcd-datasets-public-files-eu-west-1.s3.eu-west-1.amazonaws.com/a75af9b1-52ae-451f-950e-8651bbef2604
coffee_healthy,coffee_healthy,C1P30H1.jpg,rocole:C1P30,https://data.mendeley.com/public-files/datasets/c5yvn32dzg/files/fe03f29d-adcf-462a-a2fc-4eaf7a9e5998/file_downloaded,https://prod-dcd-datasets-public-files-eu-west-1.s3.eu-west-1.amazonaws.com/ce2ddaed-ca7b-4ceb-9c34-182dd53e4a73
coffee_healthy,coffee_healthy,C1P31E1.jpg,rocole:C1P31,https://data.mendeley.com/public-files/datasets/c5yvn32dzg/files/af6479b7-f07c-496f-aa3d-1797bc9e4956/file_downloaded,https://prod-dcd-datasets-public-files-eu-west-1.s3.eu-west-1.amazonaws.com/a7d95940-d9e3-4308-ba63-8b1e3ee70adc
coffee_healthy,coffee_healthy,C1P31H1.jpg,rocole:C1P31,https://data.mendeley.com/public-files/datasets/c5yvn32dzg/files/c5a6b5e1-330b-4a0e-82af-f75fb487020e/file_downloaded,https://prod-dcd-datasets-public-files-eu-west-1.s3.eu-west-1.amazonaws.com/ccfe562a-ebb3-4fbc-ae82-41962bc0e866
coffee_healthy,coffee_healthy,C1P32E1.jpg,rocole:C1P32,https://data.mendeley.com/public-files/datasets/c5yvn32dzg/files/5e236582-a0cd-43f6-b384-9777cfb542da/file_downloaded,https://prod-dcd-datasets-public-files-eu-west-1.s3.eu-west-1.amazonaws.com/faccf69f-0f37-4c47-987e-4747445d6106
coffee_healthy,coffee_healthy,C1P32H1.jpg,rocole:C1P32,https://data.mendeley.com/public-files/datasets/c5yvn32dzg/files/da9f143d-a498-4d14-8713-ed82165b7b2e/file_downloaded,https://prod-dcd-datasets-public-files-eu-west-1.s3.eu-west-1.amazonaws.com/f91c058f-0098-478f-841b-f7be72592cef
coffee_healthy,coffee_healthy,C1P33H1.jpg,rocole:C1P33,https://data.mendeley.com/public-files/datasets/c5yvn32dzg/files/dcc3dfcb-98cf-4b63-8611-0de3ad4dfb3c/file_downloaded,https://prod-dcd-datasets-public-files-eu-west-1.s3.eu-west-1.amazonaws.com/6cd36f53-ca0f-4b39-81b9-b9567e976f2a
coffee_healthy,coffee_healthy,C1P34E1.jpg,rocole:C1P34,https://data.mendeley.com/public-files/datasets/c5yvn32dzg/files/a8829ea7-3c19-43d9-8538-1b3e1f06ad6f/file_downloaded,https://prod-dcd-datasets-public-files-eu-west-1.s3.eu-west-1.amazonaws.com/36a322b2-489d-422c-a949-73116f0598f7
coffee_healthy,coffee_healthy,C1P34H1.jpg,rocole:C1P34,https://data.mendeley.com/public-files/datasets/c5yvn32dzg/files/ba90afd6-3eda-4b1e-a6d7-7da6df4ac006/file_downloaded,https://prod-dcd-datasets-public-files-eu-west-1.s3.eu-west-1.amazonaws.com/9c4e5e5b-cd71-40af-b2be-fedb7369e8c3
coffee_healthy,coffee_healthy,C1P35E1.jpg,rocole:C1P35,https://data.mendeley.com/public-files/datasets/c5yvn32dzg/files/83d7ac3f-ee0f-4c36-a999-ba2eb29b145a/file_downloaded,https://prod-dcd-datasets-public-files-eu-west-1.s3.eu-west-1.amazonaws.com/e1c8dcfd-a745-4366-88b5-2a8955f23f87
coffee_healthy,coffee_healthy,C1P35H1.jpg,rocole:C1P35,https://data.mendeley.com/public-files/datasets/c5yvn32dzg/files/3174b7f9-fe28-482d-be95-8461ea92e02e/file_downloaded,https://prod-dcd-datasets-public-files-eu-west-1.s3.eu-west-1.amazonaws.com/f7051f06-c7ce-4f17-8689-05da1d5e50fc
coffee_healthy,coffee_healthy,C1P38E1.jpg,rocole:C1P38,https://data.mendeley.com/public-files/datasets/c5yvn32dzg/files/eb5a6ea1-b706-4d9a-8311-a9acaaafb6be/file_downloaded,https://prod-dcd-datasets-public-files-eu-west-1.s3.eu-west-1.amazonaws.com/9a8de2fc-27aa-45a1-8e45-a4ccf7b4ed86
coffee_healthy,coffee_healthy,C1P38H1.jpg,rocole:C1P38,https://data.mendeley.com/public-files/datasets/c5yvn32dzg/files/f9a2a4c2-8f43-42f4-86b7-73d4b4051f69/file_downloaded,https://prod-dcd-datasets-public-files-eu-west-1.s3.eu-west-1.amazonaws.com/f0a20d0f-b1a4-4d9b-8236-f5cbff387093
coffee_healthy,coffee_healthy,C1P39E1.jpg,rocole:C1P39,https://data.mendeley.com/public-files/datasets/c5yvn32dzg/files/a68598ff-42a2-42be-b87f-58169f630843/file_downloaded,https://prod-dcd-datasets-public-files-eu-west-1.s3.eu-west-1.amazonaws.com/663ad071-32cd-4ad3-8ce4-d508c74d1c82
coffee_healthy,coffee_healthy,C1P39H1.jpg,rocole:C1P39,https://data.mendeley.com/public-files/datasets/c5yvn32dzg/files/23c29155-8a62-45a8-a72f-e9fcdce5cc59/file_downloaded,https://prod-dcd-datasets-public-files-eu-west-1.s3.eu-west-1.amazonaws.com/28d4bae7-9907-46d2-9d6b-15c8c9508688
coffee_healthy,coffee_healthy,C1P3E1.jpg,rocole:C1P3,https://data.mendeley.com/public-files/datasets/c5yvn32dzg/files/adc3642b-b7e5-46d6-9e69-3fa1589833f8/file_downloaded,https://prod-dcd-datasets-public-files-eu-west-1.s3.eu-west-1.amazonaws.com/935eecd4-b181-4cf3-8997-8d93e7e04df4
coffee_healthy,coffee_healthy,C1P3H1.jpg,rocole:C1P3,https://data.mendeley.com/public-files/datasets/c5yvn32dzg/files/be97982d-7ced-4a7b-bd3f-b618199e763a/file_downloaded,https://prod-dcd-datasets-public-files-eu-west-1.s3.eu-west-1.amazonaws.com/4af75303-f586-435f-a5d2-f3283661a2e1
coffee_healthy,coffee_healthy,C1P40E1.jpg,rocole:C1P40,https://data.mendeley.com/public-files/datasets/c5yvn32dzg/files/2bbea308-3107-47cc-a7b2-cc22caa764c9/file_downloaded,https://prod-dcd-datasets-public-files-eu-west-1.s3.eu-west-1.amazonaws.com/fba8a659-751b-4b7c-9ecc-9600e25d2b9d
coffee_healthy,coffee_healthy,C1P40H1.jpg,rocole:C1P40,https://data.mendeley.com/public-files/datasets/c5yvn32dzg/files/339bd9d9-8054-4d2f-a129-41cf07f049b8/file_downloaded,https://prod-dcd-datasets-public-files-eu-west-1.s3.eu-west-1.amazonaws.com/851cac16-905b-4c2a-b8d9-885b9129787c
coffee_healthy,coffee_healthy,C1P4E1.jpg,rocole:C1P4,https://data.mendeley.com/public-files/datasets/c5yvn32dzg/files/403febd9-389c-4b6a-833d-83049bf507d2/file_downloaded,https://prod-dcd-datasets-public-files-eu-west-1.s3.eu-west-1.amazonaws.com/92a7dcaf-dbc3-46d2-93f9-ea65b019b2c0
coffee_healthy,coffee_healthy,C1P4H1.jpg,rocole:C1P4,https://data.mendeley.com/public-files/datasets/c5yvn32dzg/files/29c0c3d0-b3a2-4c5b-b8b9-f9927f524a0b/file_downloaded,https://prod-dcd-datasets-public-files-eu-west-1.s3.eu-west-1.amazonaws.com/3aaf2b9f-e22c-4eb9-932d-54c86ce702bc
coffee_healthy,coffee_healthy,C1P5E1.jpg,rocole:C1P5,https://data.mendeley.com/public-files/datasets/c5yvn32dzg/files/047a6a69-9169-4def-9230-529e8765520d/file_downloaded,https://prod-dcd-datasets-public-files-eu-west-1.s3.eu-west-1.amazonaws.com/856399f3-ee71-4b04-985e-4cbb9199787e
coffee_healthy,coffee_healthy,C1P5H1.jpg,rocole:C1P5,https://data.mendeley.com/public-files/datasets/c5yvn32dzg/files/d33f5504-3048-4523-8cf2-60751c61b7ed/file_downloaded,https://prod-dcd-datasets-public-files-eu-west-1.s3.eu-west-1.amazonaws.com/c14ea3b7-4cfa-4545-9860-fb79d2cffd5f
coffee_healthy,coffee_healthy,C1P6E1.jpg,rocole:C1P6,https://data.mendeley.com/public-files/datasets/c5yvn32dzg/files/00d5be63-2fae-4d53-8596-beed5640808f/file_downloaded,https://prod-dcd-datasets-public-files-eu-west-1.s3.eu-west-1.amazonaws.com/c80e9064-71ea-4cd1-9aa0-a4edfb95a6f1
coffee_healthy,coffee_healthy,C1P6H1.jpg,rocole:C1P6,https://data.mendeley.com/public-files/datasets/c5yvn32dzg/files/9dfeab64-8e92-4650-ae0a-f483dc25d9bc/file_downloaded,https://prod-dcd-datasets-public-files-eu-west-1.s3.eu-west-1.amazonaws.com/2a284647-1abe-49de-985e-06841ee91ad6
coffee_healthy,coffee_healthy,C1P7E1.jpg,rocole:C1P7,https://data.mendeley.com/public-files/datasets/c5yvn32dzg/files/cbbc35a1-3598-4b5e-a188-7484c781824f/file_downloaded,https://prod-dcd-datasets-public-files-eu-west-1.s3.eu-west-1.amazonaws.com/3ca300a3-ac57-4f1c-9da3-1c95ae9e0d9d
coffee_healthy,coffee_healthy,C1P7H1.jpg,rocole:C1P7,https://data.mendeley.com/public-files/datasets/c5yvn32dzg/files/c8832e9c-debc-4bbb-ab7f-07de83fd4342/file_downloaded,https://prod-dcd-datasets-public-files-eu-west-1.s3.eu-west-1.amazonaws.com/63f8dabe-9ef0-4ab1-86e8-27a4eab5a66f
coffee_healthy,coffee_healthy,C1P8E1.jpg,rocole:C1P8,https://data.mendeley.com/public-files/datasets/c5yvn32dzg/files/58605c2c-f06f-4253-aaa0-0ecf81c3f1ba/file_downloaded,https://prod-dcd-datasets-public-files-eu-west-1.s3.eu-west-1.amazonaws.com/192d078b-7427-417b-9457-ddc72d734275
coffee_healthy,coffee_healthy,C1P8H1.jpg,rocole:C1P8,https://data.mendeley.com/public-files/datasets/c5yvn32dzg/files/8c841588-c4c6-44be-ac89-328a884fe73a/file_downloaded,https://prod-dcd-datasets-public-files-eu-west-1.s3.eu-west-1.amazonaws.com/ed514d99-1d2d-4c46-941c-e3a69848899a
coffee_healthy,coffee_healthy,C1P9E1.jpg,rocole:C1P9,https://data.mendeley.com/public-files/datasets/c5yvn32dzg/files/316dc56d-1d27-443b-8db4-353ebfd88133/file_downloaded,https://prod-dcd-datasets-public-files-eu-west-1.s3.eu-west-1.amazonaws.com/476becd1-c96f-482b-9796-3d5a1041b00e
coffee_healthy,coffee_healthy,C1P9H1.jpg,rocole:C1P9,https://data.mendeley.com/public-files/datasets/c5yvn32dzg/files/4e53d3fb-9fc0-42ff-a3e6-cba7955b2fa6/file_downloaded,https://prod-dcd-datasets-public-files-eu-west-1.s3.eu-west-1.amazonaws.com/7955b075-5760-4867-a3cb-72d4b30d6529
coffee_healthy,coffee_healthy,C2P10E1.jpg,rocole:C2P10,https://data.mendeley.com/public-files/datasets/c5yvn32dzg/files/f3cef245-0ab2-4fd8-a506-bbd8cc2db23d/file_downloaded,https://prod-dcd-datasets-public-files-eu-west-1.s3.eu-west-1.amazonaws.com/2a4b43ab-d114-4ff2-ab75-e1dafc4347df
coffee_healthy,coffee_healthy,C2P10H1.jpg,rocole:C2P10,https://data.mendeley.com/public-files/datasets/c5yvn32dzg/files/0b10ca3a-dbe4-478b-85dc-fe7bb822dd22/file_downloaded,https://prod-dcd-datasets-public-files-eu-west-1.s3.eu-west-1.amazonaws.com/e71a25dc-e7ea-4def-808b-1106d1bc88b0
coffee_healthy,coffee_healthy,C2P11E1.jpg,rocole:C2P11,https://data.mendeley.com/public-files/datasets/c5yvn32dzg/files/fde8e1dc-6fc8-4e50-ab48-05197fbf9f7f/file_downloaded,https://prod-dcd-datasets-public-files-eu-west-1.s3.eu-west-1.amazonaws.com/214cc914-9b8e-4903-94ac-c6ff65dfd12a
coffee_healthy,coffee_healthy,C2P11H1.jpg,rocole:C2P11,https://data.mendeley.com/public-files/datasets/c5yvn32dzg/files/82f8bac1-385c-4379-9db1-a0942de619bf/file_downloaded,https://prod-dcd-datasets-public-files-eu-west-1.s3.eu-west-1.amazonaws.com/347a7674-802a-4cf1-bdef-67349cba72bc
coffee_healthy,coffee_healthy,C2P12E1.jpg,rocole:C2P12,https://data.mendeley.com/public-files/datasets/c5yvn32dzg/files/b3dcffab-cc23-4ed6-ae81-081558495170/file_downloaded,https://prod-dcd-datasets-public-files-eu-west-1.s3.eu-west-1.amazonaws.com/199e9286-6ac8-4689-b623-9bb8e85637a4
coffee_healthy,coffee_healthy,C2P12H1.jpg,rocole:C2P12,https://data.mendeley.com/public-files/datasets/c5yvn32dzg/files/47bf7fc4-e4d2-4585-beba-c59dc7edaa0b/file_downloaded,https://prod-dcd-datasets-public-files-eu-west-1.s3.eu-west-1.amazonaws.com/e4c6a577-b2ac-4695-8f1d-ab2da59390f7
coffee_healthy,coffee_healthy,C2P13E1.jpg,rocole:C2P13,https://data.mendeley.com/public-files/datasets/c5yvn32dzg/files/5a3b662d-ee98-4799-959e-3f7250f98bad/file_downloaded,https://prod-dcd-datasets-public-files-eu-west-1.s3.eu-west-1.amazonaws.com/d5c13b41-a445-4416-8c56-8c89547e928c
coffee_healthy,coffee_healthy,C2P13H1.jpg,rocole:C2P13,https://data.mendeley.com/public-files/datasets/c5yvn32dzg/files/1f545f1e-68ca-4c86-8ebf-8aa9fb547ea0/file_downloaded,https://prod-dcd-datasets-public-files-eu-west-1.s3.eu-west-1.amazonaws.com/51dab634-e32d-4bc2-ae3f-ddabb18b70f0
coffee_healthy,coffee_healthy,C2P14E1.jpg,rocole:C2P14,https://data.mendeley.com/public-files/datasets/c5yvn32dzg/files/25f5c1a8-bc09-479c-bd86-d1996e0e8884/file_downloaded,https://prod-dcd-datasets-public-files-eu-west-1.s3.eu-west-1.amazonaws.com/95f0a661-3497-4501-930c-5be11b0b0740
coffee_healthy,coffee_healthy,C2P14H1.jpg,rocole:C2P14,https://data.mendeley.com/public-files/datasets/c5yvn32dzg/files/e11e35fb-b3e6-4941-a331-6f93ca7cd8bd/file_downloaded,https://prod-dcd-datasets-public-files-eu-west-1.s3.eu-west-1.amazonaws.com/c13b0731-1ca9-4636-9d6a-c81ae2db0539
coffee_healthy,coffee_healthy,C2P15E1.jpg,rocole:C2P15,https://data.mendeley.com/public-files/datasets/c5yvn32dzg/files/abc3a309-c114-47aa-bb21-a9efbc8d3388/file_downloaded,https://prod-dcd-datasets-public-files-eu-west-1.s3.eu-west-1.amazonaws.com/a22c5b44-f407-412c-8188-4b1dc8054b1e
coffee_healthy,coffee_healthy,C2P15H1.jpg,rocole:C2P15,https://data.mendeley.com/public-files/datasets/c5yvn32dzg/files/e5f8f96d-1fad-4b3d-b771-87efdc5494ef/file_downloaded,https://prod-dcd-datasets-public-files-eu-west-1.s3.eu-west-1.amazonaws.com/a43a5193-25c5-44c4-adbe-bb54f4a43cf8
coffee_healthy,coffee_healthy,C2P15H2.jpg,rocole:C2P15,https://data.mendeley.com/public-files/datasets/c5yvn32dzg/files/04b103e0-510a-425f-b20d-8e950841f967/file_downloaded,https://prod-dcd-datasets-public-files-eu-west-1.s3.eu-west-1.amazonaws.com/f51a55a4-c275-4ef6-9c5e-2c68537edc9e
coffee_healthy,coffee_healthy,C2P16E1.jpg,rocole:C2P16,https://data.mendeley.com/public-files/datasets/c5yvn32dzg/files/2988cc39-2f4e-47d2-a480-cb32267e474c/file_downloaded,https://prod-dcd-datasets-public-files-eu-west-1.s3.eu-west-1.amazonaws.com/7c89c714-af58-49b3-bc39-f7d6eeb3506c
coffee_healthy,coffee_healthy,C2P16H1.jpg,rocole:C2P16,https://data.mendeley.com/public-files/datasets/c5yvn32dzg/files/20d2ae0b-38e4-48d4-bf1e-ea6764dc58f4/file_downloaded,https://prod-dcd-datasets-public-files-eu-west-1.s3.eu-west-1.amazonaws.com/10f02bd3-d7c5-4ab9-9677-f95f748f8741
coffee_healthy,coffee_healthy,C2P17E1.jpg,rocole:C2P17,https://data.mendeley.com/public-files/datasets/c5yvn32dzg/files/9ae3f1e6-0a2a-42a4-b4de-2d9d7d5f876c/file_downloaded,https://prod-dcd-datasets-public-files-eu-west-1.s3.eu-west-1.amazonaws.com/d20a6976-c7ef-4cc9-a84e-a2e63582e6a0
coffee_healthy,coffee_healthy,C2P17H1.jpg,rocole:C2P17,https://data.mendeley.com/public-files/datasets/c5yvn32dzg/files/e933e1f8-a12e-459a-8bb5-b4fb988801a0/file_downloaded,https://prod-dcd-datasets-public-files-eu-west-1.s3.eu-west-1.amazonaws.com/582bae6e-001b-4b58-9513-eb2f33903aa0
coffee_healthy,coffee_healthy,C2P18E1.jpg,rocole:C2P18,https://data.mendeley.com/public-files/datasets/c5yvn32dzg/files/23afeed4-61a8-40d0-a87f-dd5360880d24/file_downloaded,https://prod-dcd-datasets-public-files-eu-west-1.s3.eu-west-1.amazonaws.com/a5b73abc-0973-4938-b12c-376ab0d7a9e7
coffee_healthy,coffee_healthy,C2P19E1.jpg,rocole:C2P19,https://data.mendeley.com/public-files/datasets/c5yvn32dzg/files/df2e5a75-5720-4a72-a67b-a2ec51da04cf/file_downloaded,https://prod-dcd-datasets-public-files-eu-west-1.s3.eu-west-1.amazonaws.com/52e2617f-4d89-4162-a366-84323c2130c9
coffee_healthy,coffee_healthy,C2P19H2.jpg,rocole:C2P19,https://data.mendeley.com/public-files/datasets/c5yvn32dzg/files/e510c5be-e59e-4c3b-b058-de30bf5e3a7e/file_downloaded,https://prod-dcd-datasets-public-files-eu-west-1.s3.eu-west-1.amazonaws.com/ca296024-9da1-4a70-8aaa-9e11755fb448
coffee_healthy,coffee_healthy,C2P1E2.jpg,rocole:C2P1,https://data.mendeley.com/public-files/datasets/c5yvn32dzg/files/5a0647e5-0c98-43b4-bad1-3557f9cb2cd6/file_downloaded,https://prod-dcd-datasets-public-files-eu-west-1.s3.eu-west-1.amazonaws.com/a15dddc8-29ec-4011-9bd7-47466c033d40
coffee_healthy,coffee_healthy,C2P1H2.jpg,rocole:C2P1,https://data.mendeley.com/public-files/datasets/c5yvn32dzg/files/c96ce9ba-9e69-43bf-91e0-6c844adeb510/file_downloaded,https://prod-dcd-datasets-public-files-eu-west-1.s3.eu-west-1.amazonaws.com/73925426-aeaf-444e-bc90-600bd21af003
coffee_healthy,coffee_healthy,C2P22E1.jpg,rocole:C2P22,https://data.mendeley.com/public-files/datasets/c5yvn32dzg/files/7c295c2a-e3be-4d48-ab5b-9dfb9538ffc8/file_downloaded,https://prod-dcd-datasets-public-files-eu-west-1.s3.eu-west-1.amazonaws.com/db50da00-817d-4391-bf41-cb83912d7565
coffee_healthy,coffee_healthy,C2P22H1.jpg,rocole:C2P22,https://data.mendeley.com/public-files/datasets/c5yvn32dzg/files/0ef2cb9f-068b-4fc4-8bd6-d3da0893f121/file_downloaded,https://prod-dcd-datasets-public-files-eu-west-1.s3.eu-west-1.amazonaws.com/409bcf08-428d-4d9c-b347-45c2f9f2512d
coffee_healthy,coffee_healthy,C2P23E1.jpg,rocole:C2P23,https://data.mendeley.com/public-files/datasets/c5yvn32dzg/files/c5d9f0f3-7e31-4ce8-94a1-f153caf49d79/file_downloaded,https://prod-dcd-datasets-public-files-eu-west-1.s3.eu-west-1.amazonaws.com/8488afaa-539e-4a75-9172-64e82680370f
coffee_healthy,coffee_healthy,C2P23H1.jpg,rocole:C2P23,https://data.mendeley.com/public-files/datasets/c5yvn32dzg/files/09dc914b-319d-4c03-9971-76f0654a9339/file_downloaded,https://prod-dcd-datasets-public-files-eu-west-1.s3.eu-west-1.amazonaws.com/a4c23e08-336a-46e8-9219-1fe7b51b2204
coffee_healthy,coffee_healthy,C2P23H2.jpg,rocole:C2P23,https://data.mendeley.com/public-files/datasets/c5yvn32dzg/files/c7c6b439-f6c3-4574-b922-2d5e0c2fc210/file_downloaded,https://prod-dcd-datasets-public-files-eu-west-1.s3.eu-west-1.amazonaws.com/375b8e0c-21c0-4a33-a48c-f2c617836754
coffee_healthy,coffee_healthy,C2P24E1.jpg,rocole:C2P24,https://data.mendeley.com/public-files/datasets/c5yvn32dzg/files/38953909-75f8-4c5d-ba63-35c2c48ba98c/file_downloaded,https://prod-dcd-datasets-public-files-eu-west-1.s3.eu-west-1.amazonaws.com/545b34e1-e35f-402a-91ad-02eb98b94db0
coffee_healthy,coffee_healthy,C2P24H1.jpg,rocole:C2P24,https://data.mendeley.com/public-files/datasets/c5yvn32dzg/files/bc56efe9-3a96-4c57-b3b4-286d9a8713fa/file_downloaded,https://prod-dcd-datasets-public-files-eu-west-1.s3.eu-west-1.amazonaws.com/41bc2d15-9d84-4b2c-b060-a86c3771c30b
coffee_healthy,coffee_healthy,C2P25E1.jpg,rocole:C2P25,https://data.mendeley.com/public-files/datasets/c5yvn32dzg/files/e5981507-a944-4310-9df6-7e5200fd3b02/file_downloaded,https://prod-dcd-datasets-public-files-eu-west-1.s3.eu-west-1.amazonaws.com/f71d69e0-9ec8-489e-86ca-1f7998df40a2
coffee_healthy,coffee_healthy,C2P25H1.jpg,rocole:C2P25,https://data.mendeley.com/public-files/datasets/c5yvn32dzg/files/df769a3e-d8a5-4dee-9a9c-695998fe0667/file_downloaded,https://prod-dcd-datasets-public-files-eu-west-1.s3.eu-west-1.amazonaws.com/f2716aae-8ea4-4059-85df-0b0f44a1bfa0
coffee_healthy,coffee_healthy,C2P27E1.jpg,rocole:C2P27,https://data.mendeley.com/public-files/datasets/c5yvn32dzg/files/fbdd3564-d242-404f-9857-534ea601e729/file_downloaded,https://prod-dcd-datasets-public-files-eu-west-1.s3.eu-west-1.amazonaws.com/4d7f399b-1af7-4810-ada5-9c745d455e6d
coffee_healthy,coffee_healthy,C2P27H1.jpg,rocole:C2P27,https://data.mendeley.com/public-files/datasets/c5yvn32dzg/files/cf93dec4-1ea2-40f7-90c0-bb8af60076c7/file_downloaded,https://prod-dcd-datasets-public-files-eu-west-1.s3.eu-west-1.amazonaws.com/60be3a07-2a60-4a6f-ad1f-e5f074e2d067
coffee_healthy,coffee_healthy,C2P28E2.jpg,rocole:C2P28,https://data.mendeley.com/public-files/datasets/c5yvn32dzg/files/85ed4afa-6bd3-4d04-ad42-a7b6f8cc3956/file_downloaded,https://prod-dcd-datasets-public-files-eu-west-1.s3.eu-west-1.amazonaws.com/da947b91-8e92-4b1a-897e-71495ec29018
coffee_healthy,coffee_healthy,C2P28H1.jpg,rocole:C2P28,https://data.mendeley.com/public-files/datasets/c5yvn32dzg/files/dc4ba29b-31b4-4fa8-bd4e-3aa654e8aef0/file_downloaded,https://prod-dcd-datasets-public-files-eu-west-1.s3.eu-west-1.amazonaws.com/e0c61896-ac4b-46c9-a98c-a4f5895c3565
coffee_healthy,coffee_healthy,C2P30E1.jpg,rocole:C2P30,https://data.mendeley.com/public-files/datasets/c5yvn32dzg/files/cc2ea3e5-9d56-4a18-b1f3-206f01d9169c/file_downloaded,https://prod-dcd-datasets-public-files-eu-west-1.s3.eu-west-1.amazonaws.com/9c57ac5c-8c86-4eb3-bca5-a7b1dff4c944
coffee_healthy,coffee_healthy,C2P30H1.jpg,rocole:C2P30,https://data.mendeley.com/public-files/datasets/c5yvn32dzg/files/7d5abdf4-f154-4cbc-8989-74524aa080de/file_downloaded,https://prod-dcd-datasets-public-files-eu-west-1.s3.eu-west-1.amazonaws.com/19f102b0-fcc7-4dd9-8c92-067839f11193
coffee_healthy,coffee_healthy,C2P31E1.jpg,rocole:C2P31,https://data.mendeley.com/public-files/datasets/c5yvn32dzg/files/fd578976-90ae-4f85-9b17-2afdc35dae9c/file_downloaded,https://prod-dcd-datasets-public-files-eu-west-1.s3.eu-west-1.amazonaws.com/70305eb9-483c-4ce8-8aa7-b4112eaa6a54
coffee_healthy,coffee_healthy,C2P31H1.jpg,rocole:C2P31,https://data.mendeley.com/public-files/datasets/c5yvn32dzg/files/9e570db8-6820-42c7-88f0-6f9293461dce/file_downloaded,https://prod-dcd-datasets-public-files-eu-west-1.s3.eu-west-1.amazonaws.com/1c0609ce-2745-487a-9025-1299d65c466a
coffee_healthy,coffee_healthy,C2P33E1.jpg,rocole:C2P33,https://data.mendeley.com/public-files/datasets/c5yvn32dzg/files/02ae6a70-3843-480e-855c-4600e5e27432/file_downloaded,https://prod-dcd-datasets-public-files-eu-west-1.s3.eu-west-1.amazonaws.com/721c9975-c22a-4f26-8f85-dfe9b0998efa
coffee_healthy,coffee_healthy,C2P33H1.jpg,rocole:C2P33,https://data.mendeley.com/public-files/datasets/c5yvn32dzg/files/dd82eb8a-ea93-4853-8225-abebcb2afbcd/file_downloaded,https://prod-dcd-datasets-public-files-eu-west-1.s3.eu-west-1.amazonaws.com/6e0ea582-80f5-46a9-b2bb-bf561767095d
coffee_healthy,coffee_healthy,C2P35E1.jpg,rocole:C2P35,https://data.mendeley.com/public-files/datasets/c5yvn32dzg/files/cb3e97e2-35f7-4ae4-b605-e83cf1b2cd38/file_downloaded,https://prod-dcd-datasets-public-files-eu-west-1.s3.eu-west-1.amazonaws.com/f825cecb-1b21-4edb-b0d4-65cb05ad3da7
coffee_healthy,coffee_healthy,C2P35H1.jpg,rocole:C2P35,https://data.mendeley.com/public-files/datasets/c5yvn32dzg/files/5a14c6ba-be80-426f-89db-354a55ee4621/file_downloaded,https://prod-dcd-datasets-public-files-eu-west-1.s3.eu-west-1.amazonaws.com/99d1f26d-77c1-4596-a0f7-bf0ead0dcad0
coffee_healthy,coffee_healthy,C2P38E1.jpg,rocole:C2P38,https://data.mendeley.com/public-files/datasets/c5yvn32dzg/files/c2c818cf-799f-43ad-9bcf-1fc7e05c259c/file_downloaded,https://prod-dcd-datasets-public-files-eu-west-1.s3.eu-west-1.amazonaws.com/6a7b6318-d692-4904-a575-64673e8d919e
coffee_healthy,coffee_healthy,C2P38H1.jpg,rocole:C2P38,https://data.mendeley.com/public-files/datasets/c5yvn32dzg/files/84dec4d4-fec3-4f08-b258-e044cf11e08e/file_downloaded,https://prod-dcd-datasets-public-files-eu-west-1.s3.eu-west-1.amazonaws.com/0cae9e15-f7f2-4526-a572-1cabcb3fb571
coffee_healthy,coffee_healthy,C2P39E1.jpg,rocole:C2P39,https://data.mendeley.com/public-files/datasets/c5yvn32dzg/files/155605ab-b0dd-43db-ba6e-4edd57f6d645/file_downloaded,https://prod-dcd-datasets-public-files-eu-west-1.s3.eu-west-1.amazonaws.com/813d1ed8-aaa8-4ed1-88e8-ba095ac40bb8
coffee_healthy,coffee_healthy,C2P39H1.jpg,rocole:C2P39,https://data.mendeley.com/public-files/datasets/c5yvn32dzg/files/a58cee53-e19d-4c78-b6a8-080f7994a39a/file_downloaded,https://prod-dcd-datasets-public-files-eu-west-1.s3.eu-west-1.amazonaws.com/1e206a73-c0a4-4b3b-abf5-a328a842dea8
coffee_healthy,coffee_healthy,C2P3E1.jpg,rocole:C2P3,https://data.mendeley.com/public-files/datasets/c5yvn32dzg/files/02f9a791-8951-4058-b075-ddaeca5668ff/file_downloaded,https://prod-dcd-datasets-public-files-eu-west-1.s3.eu-west-1.amazonaws.com/0e3a51bb-7a23-46bb-be3b-31d1c7260f08
coffee_healthy,coffee_healthy,C2P3H1.jpg,rocole:C2P3,https://data.mendeley.com/public-files/datasets/c5yvn32dzg/files/abbe9695-3fd2-4833-b9ee-9705359d620e/file_downloaded,https://prod-dcd-datasets-public-files-eu-west-1.s3.eu-west-1.amazonaws.com/9a1f1154-6005-4bdc-bce6-ee8ee1b5b64d
coffee_healthy,coffee_healthy,C2P4E1.jpg,rocole:C2P4,https://data.mendeley.com/public-files/datasets/c5yvn32dzg/files/21df4475-5e3d-43f8-a036-93a50d748417/file_downloaded,https://prod-dcd-datasets-public-files-eu-west-1.s3.eu-west-1.amazonaws.com/677e2ca0-a529-440d-85ef-68d7cfc7814d
coffee_healthy,coffee_healthy,C2P4H1.jpg,rocole:C2P4,https://data.mendeley.com/public-files/datasets/c5yvn32dzg/files/66e68ef1-a3f4-4022-be73-9070555aa209/file_downloaded,https://prod-dcd-datasets-public-files-eu-west-1.s3.eu-west-1.amazonaws.com/efd20b2c-4e47-4bc3-bbd2-55541bf81f0e
coffee_healthy,coffee_healthy,C2P5E1.jpg,rocole:C2P5,https://data.mendeley.com/public-files/datasets/c5yvn32dzg/files/1ce17774-8ec4-42c9-baeb-2b40514b5ec3/file_downloaded,https://prod-dcd-datasets-public-files-eu-west-1.s3.eu-west-1.amazonaws.com/6f811bb4-aa89-443a-a78a-8b2fbfc30f9c
coffee_healthy,coffee_healthy,C2P5H1.jpg,rocole:C2P5,https://data.mendeley.com/public-files/datasets/c5yvn32dzg/files/1b5b45d2-e433-44b4-9d63-b1a4128b1355/file_downloaded,https://prod-dcd-datasets-public-files-eu-west-1.s3.eu-west-1.amazonaws.com/f1e92dae-55e6-44cf-b670-e25383a3dfdc
coffee_healthy,coffee_healthy,C2P6E1.jpg,rocole:C2P6,https://data.mendeley.com/public-files/datasets/c5yvn32dzg/files/00ac8046-75af-4e8e-ae4d-ee91a7e56b35/file_downloaded,https://prod-dcd-datasets-public-files-eu-west-1.s3.eu-west-1.amazonaws.com/bc354fb2-6f97-4ed8-9e0b-81cdde960389
coffee_healthy,coffee_healthy,C2P6H1.jpg,rocole:C2P6,https://data.mendeley.com/public-files/datasets/c5yvn32dzg/files/f6cd77ff-1692-42fe-938c-e873561f12bc/file_downloaded,https://prod-dcd-datasets-public-files-eu-west-1.s3.eu-west-1.amazonaws.com/5e3d623f-3de1-4984-aba6-39c3116b26b4
coffee_healthy,coffee_healthy,C2P7E1.jpg,rocole:C2P7,https://data.mendeley.com/public-files/datasets/c5yvn32dzg/files/a5ed5f91-1b7a-42c1-8841-049ffadcd9bd/file_downloaded,https://prod-dcd-datasets-public-files-eu-west-1.s3.eu-west-1.amazonaws.com/81293a53-7303-47e1-9966-ef1432699b85
coffee_healthy,coffee_healthy,C2P7H1.jpg,rocole:C2P7,https://data.mendeley.com/public-files/datasets/c5yvn32dzg/files/011cff6e-c941-4f61-ab1e-669c13c6d7a3/file_downloaded,https://prod-dcd-datasets-public-files-eu-west-1.s3.eu-west-1.amazonaws.com/e4a27651-366d-4a6e-8cff-f2f3f78e8c52
coffee_healthy,coffee_healthy,C2P8E1.jpg,rocole:C2P8,https://data.mendeley.com/public-files/datasets/c5yvn32dzg/files/2a96b9dd-ca94-4a22-9ee2-b36c11f84dbb/file_downloaded,https://prod-dcd-datasets-public-files-eu-west-1.s3.eu-west-1.amazonaws.com/87f71d15-6018-4ac7-86d5-de5e2ba93d8e
coffee_healthy,coffee_healthy,C2P8H1.jpg,rocole:C2P8,https://data.mendeley.com/public-files/datasets/c5yvn32dzg/files/067d5005-c3a8-4017-a499-fa16e905fdbb/file_downloaded,https://prod-dcd-datasets-public-files-eu-west-1.s3.eu-west-1.amazonaws.com/7d98c38a-91fe-460b-b45d-449d8ddf4249
coffee_healthy,coffee_healthy,C2P9E1.jpg,rocole:C2P9,https://data.mendeley.com/public-files/datasets/c5yvn32dzg/files/ba0a5e95-70ac-4653-b6c4-3949169f1d7c/file_downloaded,https://prod-dcd-datasets-public-files-eu-west-1.s3.eu-west-1.amazonaws.com/15952a6e-5df4-4594-b683-97f161262457
coffee_healthy,coffee_healthy,C2P9H1.jpg,rocole:C2P9,https://data.mendeley.com/public-files/datasets/c5yvn32dzg/files/9aba8621-4bb1-497b-95ce-dcf9022483e0/file_downloaded,https://prod-dcd-datasets-public-files-eu-west-1.s3.eu-west-1.amazonaws.com/d0094267-681c-4365-a95f-ee28e45012c5
coffee_healthy,coffee_healthy,C3P10E1.jpg,rocole:C3P10,https://data.mendeley.com/public-files/datasets/c5yvn32dzg/files/b12848fd-c8ab-4aa6-9dfb-de064ca950b0/file_downloaded,https://prod-dcd-datasets-public-files-eu-west-1.s3.eu-west-1.amazonaws.com/b3a46c46-f516-417b-af72-67e2171ac847
coffee_healthy,coffee_healthy,C3P10H1.jpg,rocole:C3P10,https://data.mendeley.com/public-files/datasets/c5yvn32dzg/files/00102e55-c958-465c-b8e6-690141cb5319/file_downloaded,https://prod-dcd-datasets-public-files-eu-west-1.s3.eu-west-1.amazonaws.com/6ccc4293-5167-48da-b049-38bff4eb61be
coffee_healthy,coffee_healthy,C3P12E1.jpg,rocole:C3P12,https://data.mendeley.com/public-files/datasets/c5yvn32dzg/files/49b490d1-cf5e-43c9-80ea-9953ad669499/file_downloaded,https://prod-dcd-datasets-public-files-eu-west-1.s3.eu-west-1.amazonaws.com/de1c4d83-7227-46ed-81e9-77b044f3a593
coffee_healthy,coffee_healthy,C3P12H1.jpg,rocole:C3P12,https://data.mendeley.com/public-files/datasets/c5yvn32dzg/files/f3794adb-dd5b-42b4-9384-a5ff43ceac6e/file_downloaded,https://prod-dcd-datasets-public-files-eu-west-1.s3.eu-west-1.amazonaws.com/6521f8f4-8415-4796-a006-87e526dc9dd1
coffee_healthy,coffee_healthy,C3P13E1.jpg,rocole:C3P13,https://data.mendeley.com/public-files/datasets/c5yvn32dzg/files/17b93e48-8021-435b-bcab-3276154dccb8/file_downloaded,https://prod-dcd-datasets-public-files-eu-west-1.s3.eu-west-1.amazonaws.com/5662397b-5d0f-4760-a7c5-b93796e6e3ce
coffee_healthy,coffee_healthy,C3P13H1.jpg,rocole:C3P13,https://data.mendeley.com/public-files/datasets/c5yvn32dzg/files/7daa7672-668a-425c-8a0b-0b9bbfb673cf/file_downloaded,https://prod-dcd-datasets-public-files-eu-west-1.s3.eu-west-1.amazonaws.com/e381f92c-1429-4e1f-ad7c-8bcab14c99cb
coffee_healthy,coffee_healthy,C3P14E1.jpg,rocole:C3P14,https://data.mendeley.com/public-files/datasets/c5yvn32dzg/files/736ce2ba-f0a4-4755-a49f-6e514198d4f0/file_downloaded,https://prod-dcd-datasets-public-files-eu-west-1.s3.eu-west-1.amazonaws.com/750c011c-30be-4902-8690-04771e089421
coffee_healthy,coffee_healthy,C3P14H1.jpg,rocole:C3P14,https://data.mendeley.com/public-files/datasets/c5yvn32dzg/files/4b044fe8-f090-4536-b84f-eec2c5b099a6/file_downloaded,https://prod-dcd-datasets-public-files-eu-west-1.s3.eu-west-1.amazonaws.com/f2d691f5-21ed-428a-a580-441a33d51065
coffee_healthy,coffee_healthy,C3P15E1.jpg,rocole:C3P15,https://data.mendeley.com/public-files/datasets/c5yvn32dzg/files/6fd49fbc-716e-49bc-bb84-05c0a7782da3/file_downloaded,https://prod-dcd-datasets-public-files-eu-west-1.s3.eu-west-1.amazonaws.com/02d9a5aa-6ddd-48dd-a936-e38ca35a16ef
coffee_healthy,coffee_healthy,C3P15H1.jpg,rocole:C3P15,https://data.mendeley.com/public-files/datasets/c5yvn32dzg/files/a4ddc4d3-ae56-4324-b58d-8d4a6d5b9512/file_downloaded,https://prod-dcd-datasets-public-files-eu-west-1.s3.eu-west-1.amazonaws.com/94172b84-fd7f-4b32-9533-6e7953b3d422
coffee_healthy,coffee_healthy,C3P16E1.jpg,rocole:C3P16,https://data.mendeley.com/public-files/datasets/c5yvn32dzg/files/956df1ae-e44c-46f7-a8fd-b1e905adc429/file_downloaded,https://prod-dcd-datasets-public-files-eu-west-1.s3.eu-west-1.amazonaws.com/df5570c5-692c-4e9e-9043-945cc4d10a0b
coffee_healthy,coffee_healthy,C3P19E1.jpg,rocole:C3P19,https://data.mendeley.com/public-files/datasets/c5yvn32dzg/files/8cad8c6b-856f-4749-acb6-674b12bd32a7/file_downloaded,https://prod-dcd-datasets-public-files-eu-west-1.s3.eu-west-1.amazonaws.com/9bd6b5af-36fc-4ac9-a21b-c48b8d7f9180
coffee_healthy,coffee_healthy,C3P19H1.jpg,rocole:C3P19,https://data.mendeley.com/public-files/datasets/c5yvn32dzg/files/a28783d7-8330-453c-9635-efa5fb334fba/file_downloaded,https://prod-dcd-datasets-public-files-eu-west-1.s3.eu-west-1.amazonaws.com/c6427246-1ede-4647-9e93-52094e785c61
coffee_healthy,coffee_healthy,C3P20E1.jpg,rocole:C3P20,https://data.mendeley.com/public-files/datasets/c5yvn32dzg/files/707331b1-e9b3-450b-b98a-9e5a383d8e98/file_downloaded,https://prod-dcd-datasets-public-files-eu-west-1.s3.eu-west-1.amazonaws.com/714876df-b8cf-4a1e-a05f-481ef8a4d2e3
coffee_healthy,coffee_healthy,C3P20H1.jpg,rocole:C3P20,https://data.mendeley.com/public-files/datasets/c5yvn32dzg/files/01bddfbd-f59f-4590-9684-2cfd80fb82fb/file_downloaded,https://prod-dcd-datasets-public-files-eu-west-1.s3.eu-west-1.amazonaws.com/0355e449-3df0-4ce1-a93b-1a04cff6408a
coffee_healthy,coffee_healthy,C3P21E1.jpg,rocole:C3P21,https://data.mendeley.com/public-files/datasets/c5yvn32dzg/files/2df498cb-5a80-4189-ae0c-1fb6541c958c/file_downloaded,https://prod-dcd-datasets-public-files-eu-west-1.s3.eu-west-1.amazonaws.com/cf478226-6560-4ab0-a2ad-a921cd562c9f
coffee_healthy,coffee_healthy,C3P21H1.jpg,rocole:C3P21,https://data.mendeley.com/public-files/datasets/c5yvn32dzg/files/8c7a7e53-6cbf-40aa-99fe-28e024e8ce66/file_downloaded,https://prod-dcd-datasets-public-files-eu-west-1.s3.eu-west-1.amazonaws.com/0f7a518c-8dd8-4829-bf2c-4ab4cce3c234
coffee_healthy,coffee_healthy,C3P22E1.jpg,rocole:C3P22,https://data.mendeley.com/public-files/datasets/c5yvn32dzg/files/2bcb8db7-46de-4e32-b84b-7e8eac319363/file_downloaded,https://prod-dcd-datasets-public-files-eu-west-1.s3.eu-west-1.amazonaws.com/20c55a51-b6ad-4747-a701-0d91d77ccf97
coffee_healthy,coffee_healthy,C3P22H1.jpg,rocole:C3P22,https://data.mendeley.com/public-files/datasets/c5yvn32dzg/files/5f4c4126-8073-4b08-99ce-91d25a75d42b/file_downloaded,https://prod-dcd-datasets-public-files-eu-west-1.s3.eu-west-1.amazonaws.com/3c4c3ca9-3166-4379-91c5-f54a8a5d069a
coffee_healthy,coffee_healthy,C3P23E1.jpg,rocole:C3P23,https://data.mendeley.com/public-files/datasets/c5yvn32dzg/files/0078abc5-c6a4-4159-ab2f-3aacadc4ffe0/file_downloaded,https://prod-dcd-datasets-public-files-eu-west-1.s3.eu-west-1.amazonaws.com/7e528abb-a129-448e-a943-8235e548af50
coffee_healthy,coffee_healthy,C3P23H1.jpg,rocole:C3P23,https://data.mendeley.com/public-files/datasets/c5yvn32dzg/files/d7f9fc78-169c-4ae8-a774-63704e038a53/file_downloaded,https://prod-dcd-datasets-public-files-eu-west-1.s3.eu-west-1.amazonaws.com/81c41b75-7301-4e63-ac05-0e89fa918e47
coffee_healthy,coffee_healthy,C3P24E1.jpg,rocole:C3P24,https://data.mendeley.com/public-files/datasets/c5yvn32dzg/files/4f030a08-7b90-4239-8da6-aedf4bd545b2/file_downloaded,https://prod-dcd-datasets-public-files-eu-west-1.s3.eu-west-1.amazonaws.com/fe629836-c249-4cce-a91b-479722650498
coffee_healthy,coffee_healthy,C3P24H1.jpg,rocole:C3P24,https://data.mendeley.com/public-files/datasets/c5yvn32dzg/files/fe2183da-e4d5-4310-9d47-1233b50eb6cb/file_downloaded,https://prod-dcd-datasets-public-files-eu-west-1.s3.eu-west-1.amazonaws.com/b6afec2b-b452-490e-b6e6-8e1f8c12c62a
coffee_healthy,coffee_healthy,C3P25E1.jpg,rocole:C3P25,https://data.mendeley.com/public-files/datasets/c5yvn32dzg/files/816485ea-5374-409a-a819-13700075dec1/file_downloaded,https://prod-dcd-datasets-public-files-eu-west-1.s3.eu-west-1.amazonaws.com/a84edfd2-1341-4e49-bab6-62a1aacb9c69
coffee_healthy,coffee_healthy,C3P25H1.jpg,rocole:C3P25,https://data.mendeley.com/public-files/datasets/c5yvn32dzg/files/85e62a35-fcbe-44ef-a114-305356c274d3/file_downloaded,https://prod-dcd-datasets-public-files-eu-west-1.s3.eu-west-1.amazonaws.com/c66ee8af-3b27-4cf6-87f0-4f5f4878f648
coffee_healthy,coffee_healthy,C3P26E1.jpg,rocole:C3P26,https://data.mendeley.com/public-files/datasets/c5yvn32dzg/files/ca5e23c5-7a06-4a99-990c-54a5b29d3188/file_downloaded,https://prod-dcd-datasets-public-files-eu-west-1.s3.eu-west-1.amazonaws.com/57b7aaed-2819-4b46-844a-28966b5c52b4
coffee_healthy,coffee_healthy,C3P26H1.jpg,rocole:C3P26,https://data.mendeley.com/public-files/datasets/c5yvn32dzg/files/0339cc9b-df4b-41e8-8832-e13cb04f1d3c/file_downloaded,https://prod-dcd-datasets-public-files-eu-west-1.s3.eu-west-1.amazonaws.com/a78fcddc-1c10-443a-b90d-a3ff3cb226b1
coffee_healthy,coffee_healthy,C3P26H2.jpg,rocole:C3P26,https://data.mendeley.com/public-files/datasets/c5yvn32dzg/files/5aa1f649-ce61-4f8c-b104-f10a7131c090/file_downloaded,https://prod-dcd-datasets-public-files-eu-west-1.s3.eu-west-1.amazonaws.com/280dcbf9-51a4-451c-9d4d-d132cc28a368
coffee_healthy,coffee_healthy,C3P27E1.jpg,rocole:C3P27,https://data.mendeley.com/public-files/datasets/c5yvn32dzg/files/f1c5d884-4f38-4fd3-98ae-e482e891410c/file_downloaded,https://prod-dcd-datasets-public-files-eu-west-1.s3.eu-west-1.amazonaws.com/b841c724-a454-46ab-a5c8-941af05d8b24
coffee_healthy,coffee_healthy,C3P27H1.jpg,rocole:C3P27,https://data.mendeley.com/public-files/datasets/c5yvn32dzg/files/29140bbb-d959-45dd-ac9b-3571cd1ca5ef/file_downloaded,https://prod-dcd-datasets-public-files-eu-west-1.s3.eu-west-1.amazonaws.com/d3057fc0-4973-4997-ba85-521137b3cc37
coffee_healthy,coffee_healthy,C3P28E1.jpg,rocole:C3P28,https://data.mendeley.com/public-files/datasets/c5yvn32dzg/files/f87aeb1a-defe-4f7c-a559-ee1271a9b228/file_downloaded,https://prod-dcd-datasets-public-files-eu-west-1.s3.eu-west-1.amazonaws.com/8cb930ad-1205-4891-b614-1252c4baabc9
coffee_healthy,coffee_healthy,C3P28H1.jpg,rocole:C3P28,https://data.mendeley.com/public-files/datasets/c5yvn32dzg/files/378a9594-2152-42aa-ae99-6e65da347e56/file_downloaded,https://prod-dcd-datasets-public-files-eu-west-1.s3.eu-west-1.amazonaws.com/66ce4850-e190-4435-8151-1919c86edd88
coffee_healthy,coffee_healthy,C3P29E1.jpg,rocole:C3P29,https://data.mendeley.com/public-files/datasets/c5yvn32dzg/files/1354ec3c-9f89-4863-b338-37d3d7a9dde3/file_downloaded,https://prod-dcd-datasets-public-files-eu-west-1.s3.eu-west-1.amazonaws.com/7779cd86-7f4f-41c2-9170-93ae202ef7e9
coffee_healthy,coffee_healthy,C3P29H1.jpg,rocole:C3P29,https://data.mendeley.com/public-files/datasets/c5yvn32dzg/files/482ec2fe-71ef-48c3-bdea-9f4fe84b4f07/file_downloaded,https://prod-dcd-datasets-public-files-eu-west-1.s3.eu-west-1.amazonaws.com/a9741b19-863f-4b25-8230-20de22dadfe8
coffee_healthy,coffee_healthy,C3P2E1.jpg,rocole:C3P2,https://data.mendeley.com/public-files/datasets/c5yvn32dzg/files/bd63c691-7572-4b11-9248-415052e18286/file_downloaded,https://prod-dcd-datasets-public-files-eu-west-1.s3.eu-west-1.amazonaws.com/c9875186-d6df-458a-8e1b-fa0ee9004756
coffee_healthy,coffee_healthy,C3P2H1.jpg,rocole:C3P2,https://data.mendeley.com/public-files/datasets/c5yvn32dzg/files/e91d66f9-5780-4f1e-9f3c-9fd2755037fc/file_downloaded,https://prod-dcd-datasets-public-files-eu-west-1.s3.eu-west-1.amazonaws.com/b03f9ee2-17f4-4fe6-8751-747d6f405795
coffee_healthy,coffee_healthy,C3P30E1.jpg,rocole:C3P30,https://data.mendeley.com/public-files/datasets/c5yvn32dzg/files/819f924d-af18-4db8-8010-051fb548b4cf/file_downloaded,https://prod-dcd-datasets-public-files-eu-west-1.s3.eu-west-1.amazonaws.com/b7ab7727-1269-461b-8118-8cbe4edf8894
coffee_healthy,coffee_healthy,C3P30H1.jpg,rocole:C3P30,https://data.mendeley.com/public-files/datasets/c5yvn32dzg/files/ee96bb82-0a46-443a-8b38-80d15898786c/file_downloaded,https://prod-dcd-datasets-public-files-eu-west-1.s3.eu-west-1.amazonaws.com/67a3d40f-6629-445e-996f-b9d95fff25da
coffee_healthy,coffee_healthy,C3P31E1.jpg,rocole:C3P31,https://data.mendeley.com/public-files/datasets/c5yvn32dzg/files/723eb04c-3573-4468-bb48-84755ccfb547/file_downloaded,https://prod-dcd-datasets-public-files-eu-west-1.s3.eu-west-1.amazonaws.com/6cad058e-6226-42c1-9cfe-c575c2914b91
coffee_healthy,coffee_healthy,C3P31H1.jpg,rocole:C3P31,https://data.mendeley.com/public-files/datasets/c5yvn32dzg/files/0de1b305-e9a5-4adb-9de8-2717ff569a9d/file_downloaded,https://prod-dcd-datasets-public-files-eu-west-1.s3.eu-west-1.amazonaws.com/93a52a29-4eae-4cc7-afa3-17c7c4b25047
coffee_healthy,coffee_healthy,C3P32E1.jpg,rocole:C3P32,https://data.mendeley.com/public-files/datasets/c5yvn32dzg/files/31c37121-342f-40ab-9d4e-281744f91fa6/file_downloaded,https://prod-dcd-datasets-public-files-eu-west-1.s3.eu-west-1.amazonaws.com/9ecdc778-b7dc-4cab-9fdd-afb618955008
coffee_healthy,coffee_healthy,C3P32H1.jpg,rocole:C3P32,https://data.mendeley.com/public-files/datasets/c5yvn32dzg/files/29a861cc-c87e-4915-bfd2-15a59cabfc25/file_downloaded,https://prod-dcd-datasets-public-files-eu-west-1.s3.eu-west-1.amazonaws.com/2d35914d-01b1-4005-9db3-28067520a90d
coffee_healthy,coffee_healthy,C3P33E1.jpg,rocole:C3P33,https://data.mendeley.com/public-files/datasets/c5yvn32dzg/files/b139064f-1729-4936-9c33-f37396326c4f/file_downloaded,https://prod-dcd-datasets-public-files-eu-west-1.s3.eu-west-1.amazonaws.com/ae9c6f67-ce65-47fc-b2df-bd0ab1c59641
coffee_healthy,coffee_healthy,C3P33H1.jpg,rocole:C3P33,https://data.mendeley.com/public-files/datasets/c5yvn32dzg/files/a441aba4-cdb0-4145-88c2-7a33e4ea9d3f/file_downloaded,https://prod-dcd-datasets-public-files-eu-west-1.s3.eu-west-1.amazonaws.com/1433d3d9-b80d-4f9b-bcb1-db33282b1ae3
coffee_healthy,coffee_healthy,C3P35E1.jpg,rocole:C3P35,https://data.mendeley.com/public-files/datasets/c5yvn32dzg/files/4ab56e9a-a1a1-4971-b52c-fc70c27d30bd/file_downloaded,https://prod-dcd-datasets-public-files-eu-west-1.s3.eu-west-1.amazonaws.com/c8a6ec67-3b13-4a92-a0ad-461d5f6cb516
coffee_healthy,coffee_healthy,C3P35H1.jpg,rocole:C3P35,https://data.mendeley.com/public-files/datasets/c5yvn32dzg/files/1f82bdea-6e8d-4d1d-bcb4-4a153dae90fd/file_downloaded,https://prod-dcd-datasets-public-files-eu-west-1.s3.eu-west-1.amazonaws.com/8ec9f6a4-79f1-4d82-bc27-4ac8c8ac0de7
coffee_healthy,coffee_healthy,C3P37E1.jpg,rocole:C3P37,https://data.mendeley.com/public-files/datasets/c5yvn32dzg/files/3a6a356b-42ae-4724-8ca8-7eac2cf83639/file_downloaded,https://prod-dcd-datasets-public-files-eu-west-1.s3.eu-west-1.amazonaws.com/da92753a-2b17-472d-a6bf-e283583e797c
coffee_healthy,coffee_healthy,C3P38E1.jpg,rocole:C3P38,https://data.mendeley.com/public-files/datasets/c5yvn32dzg/files/4afe90db-1fb9-4303-ba86-366a034970a0/file_downloaded,https://prod-dcd-datasets-public-files-eu-west-1.s3.eu-west-1.amazonaws.com/58ec7b17-c061-47e4-9b36-f794c39fd4b4
coffee_healthy,coffee_healthy,C3P38H1.jpg,rocole:C3P38,https://data.mendeley.com/public-files/datasets/c5yvn32dzg/files/d7630507-ffcb-4477-91ae-c577b29a2e3b/file_downloaded,https://prod-dcd-datasets-public-files-eu-west-1.s3.eu-west-1.amazonaws.com/dae18d0b-ec54-438f-9857-c4d643846a5d
coffee_healthy,coffee_healthy,C3P39E1.jpg,rocole:C3P39,https://data.mendeley.com/public-files/datasets/c5yvn32dzg/files/f36a9486-ff9c-473d-927b-0bf369973b45/file_downloaded,https://prod-dcd-datasets-public-files-eu-west-1.s3.eu-west-1.amazonaws.com/40ac467d-c44a-4f7d-b839-1e869a743b99
coffee_healthy,coffee_healthy,C3P39H1.jpg,rocole:C3P39,https://data.mendeley.com/public-files/datasets/c5yvn32dzg/files/4570e3a9-c449-4d2c-8559-f2b4216e9628/file_downloaded,https://prod-dcd-datasets-public-files-eu-west-1.s3.eu-west-1.amazonaws.com/f8a62b5a-ca1e-43f1-91ac-2a2f5ebc69de
coffee_healthy,coffee_healthy,C3P3E1.jpg,rocole:C3P3,https://data.mendeley.com/public-files/datasets/c5yvn32dzg/files/6d2df5f1-32c8-4363-9179-fa667e321ca2/file_downloaded,https://prod-dcd-datasets-public-files-eu-west-1.s3.eu-west-1.amazonaws.com/5cbc70a2-d007-4913-985f-5b0f90aa1dbd
coffee_healthy,coffee_healthy,C3P3H1.jpg,rocole:C3P3,https://data.mendeley.com/public-files/datasets/c5yvn32dzg/files/86aeb848-466b-4725-818b-0753d995af1f/file_downloaded,https://prod-dcd-datasets-public-files-eu-west-1.s3.eu-west-1.amazonaws.com/d394c6bd-8969-44dc-9f08-5a38fec6db2b
coffee_healthy,coffee_healthy,C3P4E1.jpg,rocole:C3P4,https://data.mendeley.com/public-files/datasets/c5yvn32dzg/files/260d7a2b-5786-457d-8bde-0cd5d1058544/file_downloaded,https://prod-dcd-datasets-public-files-eu-west-1.s3.eu-west-1.amazonaws.com/b683e26c-8f6a-4884-b09e-a8f3d3c1c686
coffee_healthy,coffee_healthy,C3P4H1.jpg,rocole:C3P4,https://data.mendeley.com/public-files/datasets/c5yvn32dzg/files/c2aacaeb-4105-4517-85f3-8462f61de436/file_downloaded,https://prod-dcd-datasets-public-files-eu-west-1.s3.eu-west-1.amazonaws.com/53d30cba-653c-4dc2-9059-1b5e8c61b5e0
coffee_healthy,coffee_healthy,C3P5E1.jpg,rocole:C3P5,https://data.mendeley.com/public-files/datasets/c5yvn32dzg/files/cf2b6702-9002-476b-896a-b19f85350f1e/file_downloaded,https://prod-dcd-datasets-public-files-eu-west-1.s3.eu-west-1.amazonaws.com/255fb460-542d-4a8a-a277-bef3658d8a8f
coffee_healthy,coffee_healthy,C3P5H1.jpg,rocole:C3P5,https://data.mendeley.com/public-files/datasets/c5yvn32dzg/files/0910478e-92ea-47bb-83f3-6c268e746575/file_downloaded,https://prod-dcd-datasets-public-files-eu-west-1.s3.eu-west-1.amazonaws.com/93c9e07d-ed13-4792-85f8-f716c5a3b4bb
coffee_healthy,coffee_healthy,C3P7E1.jpg,rocole:C3P7,https://data.mendeley.com/public-files/datasets/c5yvn32dzg/files/49cec94f-6dfe-46af-96b3-04203ba2107b/file_downloaded,https://prod-dcd-datasets-public-files-eu-west-1.s3.eu-west-1.amazonaws.com/f4e1a647-f3c0-4b89-9e0b-c38e0171985b
coffee_healthy,coffee_healthy,C3P7H1.jpg,rocole:C3P7,https://data.mendeley.com/public-files/datasets/c5yvn32dzg/files/1e12ab76-ed89-47ef-8272-e2e3e12b8f82/file_downloaded,https://prod-dcd-datasets-public-files-eu-west-1.s3.eu-west-1.amazonaws.com/e53c73cf-927f-4603-a1f0-b4e122b68d31
coffee_healthy,coffee_healthy,C3P7H2.jpg,rocole:C3P7,https://data.mendeley.com/public-files/datasets/c5yvn32dzg/files/5a653227-b52e-418f-bbbd-6b1956206eee/file_downloaded,https://prod-dcd-datasets-public-files-eu-west-1.s3.eu-west-1.amazonaws.com/d506fedf-aa9d-4683-8252-3cb46000f8d8
coffee_healthy,coffee_healthy,C3P8E1.jpg,rocole:C3P8,https://data.mendeley.com/public-files/datasets/c5yvn32dzg/files/6c1daa54-6a98-4d43-a2fb-a59f7e70dfd6/file_downloaded,https://prod-dcd-datasets-public-files-eu-west-1.s3.eu-west-1.amazonaws.com/b3d32cbf-9ee3-4b76-8ac4-bec1478a2017
coffee_healthy,coffee_healthy,C3P8H1.jpg,rocole:C3P8,https://data.mendeley.com/public-files/datasets/c5yvn32dzg/files/3d60b2ee-d5f9-43f0-b881-e16178afb8cb/file_downloaded,https://prod-dcd-datasets-public-files-eu-west-1.s3.eu-west-1.amazonaws.com/fc773077-0ee9-40c7-9845-b8b268b52979
coffee_healthy,coffee_healthy,C3P9E1.jpg,rocole:C3P9,https://data.mendeley.com/public-files/datasets/c5yvn32dzg/files/d5896342-746e-4e09-b7f5-92aa953a7fe9/file_downloaded,https://prod-dcd-datasets-public-files-eu-west-1.s3.eu-west-1.amazonaws.com/3b189fc3-eb37-4212-9f62-ab778954091d
coffee_healthy,coffee_healthy,C3P9H1.jpg,rocole:C3P9,https://data.mendeley.com/public-files/datasets/c5yvn32dzg/files/fc3c3270-c276-44ec-b8a5-d3162c58b5ad/file_downloaded,https://prod-dcd-datasets-public-files-eu-west-1.s3.eu-west-1.amazonaws.com/ffcb9335-2cb5-480b-b61d-5d7b075392a2
coffee_healthy,coffee_healthy,C4P10E1.jpg,rocole:C4P10,https://data.mendeley.com/public-files/datasets/c5yvn32dzg/files/803e22f5-5b86-4594-8640-77db1823a467/file_downloaded,https://prod-dcd-datasets-public-files-eu-west-1.s3.eu-west-1.amazonaws.com/140e9ab7-ad02-45db-84f0-d59152d2e460
coffee_healthy,coffee_healthy,C4P10H1.jpg,rocole:C4P10,https://data.mendeley.com/public-files/datasets/c5yvn32dzg/files/87e11039-5001-4cb6-9618-3745278fa903/file_downloaded,https://prod-dcd-datasets-public-files-eu-west-1.s3.eu-west-1.amazonaws.com/184c8c1c-5152-4a16-af83-d9f23a81d155
coffee_healthy,coffee_healthy,C4P11E1.jpg,rocole:C4P11,https://data.mendeley.com/public-files/datasets/c5yvn32dzg/files/3f1997b1-3163-4386-852f-70be3a606a05/file_downloaded,https://prod-dcd-datasets-public-files-eu-west-1.s3.eu-west-1.amazonaws.com/ec4b1b6f-2f8f-48a0-9f48-64e2a41c3139
coffee_healthy,coffee_healthy,C4P11H1.jpg,rocole:C4P11,https://data.mendeley.com/public-files/datasets/c5yvn32dzg/files/25673cbb-5afc-4b0d-9d8a-c6e24a446fdf/file_downloaded,https://prod-dcd-datasets-public-files-eu-west-1.s3.eu-west-1.amazonaws.com/a353e8a3-00b1-443a-a0d5-6cc4c09bb1cb
coffee_healthy,coffee_healthy,C4P12E1.jpg,rocole:C4P12,https://data.mendeley.com/public-files/datasets/c5yvn32dzg/files/44c675d4-5963-45bb-b3cc-d493a83c4de0/file_downloaded,https://prod-dcd-datasets-public-files-eu-west-1.s3.eu-west-1.amazonaws.com/06385ce3-937a-4214-83a1-eeff428e0eae
coffee_healthy,coffee_healthy,C4P12H1.jpg,rocole:C4P12,https://data.mendeley.com/public-files/datasets/c5yvn32dzg/files/902ca78c-f37b-4538-9f6c-e36ce762847e/file_downloaded,https://prod-dcd-datasets-public-files-eu-west-1.s3.eu-west-1.amazonaws.com/6ca3ad4a-7756-482c-ba79-06951b284222
coffee_healthy,coffee_healthy,C4P13E1.jpg,rocole:C4P13,https://data.mendeley.com/public-files/datasets/c5yvn32dzg/files/ae1c07ad-d346-45c8-a509-3e3366ccf5a0/file_downloaded,https://prod-dcd-datasets-public-files-eu-west-1.s3.eu-west-1.amazonaws.com/6dc80c83-d44d-4dc7-ad87-a14cbb253d9a
coffee_healthy,coffee_healthy,C4P13H1.jpg,rocole:C4P13,https://data.mendeley.com/public-files/datasets/c5yvn32dzg/files/eaf0e8c1-d87a-4ca1-b2e7-b9e799294ef7/file_downloaded,https://prod-dcd-datasets-public-files-eu-west-1.s3.eu-west-1.amazonaws.com/53912f61-b0bf-43bf-a5a8-3672a76f70bc
coffee_healthy,coffee_healthy,C4P15H1.jpg,rocole:C4P15,https://data.mendeley.com/public-files/datasets/c5yvn32dzg/files/0dd92370-a914-4f68-809f-3272b6a9273f/file_downloaded,https://prod-dcd-datasets-public-files-eu-west-1.s3.eu-west-1.amazonaws.com/a5501fc4-31f3-47fc-bffd-f6b81cb1b56b
coffee_healthy,coffee_healthy,C4P16E1.jpg,rocole:C4P16,https://data.mendeley.com/public-files/datasets/c5yvn32dzg/files/f0cb25f7-1225-4e90-af8a-6fb9394a490b/file_downloaded,https://prod-dcd-datasets-public-files-eu-west-1.s3.eu-west-1.amazonaws.com/8a30ed34-1d7b-47b5-abeb-9a089270569c
coffee_healthy,coffee_healthy,C4P16H1.jpg,rocole:C4P16,https://data.mendeley.com/public-files/datasets/c5yvn32dzg/files/a082f5ba-98ef-47bd-885f-077a62b4fc3b/file_downloaded,https://prod-dcd-datasets-public-files-eu-west-1.s3.eu-west-1.amazonaws.com/d1454109-5684-45e8-941d-15cb50007a65
coffee_healthy,coffee_healthy,C4P17E1.jpg,rocole:C4P17,https://data.mendeley.com/public-files/datasets/c5yvn32dzg/files/fedf2da8-df7a-468f-9764-5d58dea121d9/file_downloaded,https://prod-dcd-datasets-public-files-eu-west-1.s3.eu-west-1.amazonaws.com/b6f78773-fd7b-4910-ae6b-ce2ed8cfbb96
coffee_healthy,coffee_healthy,C4P17H1.jpg,rocole:C4P17,https://data.mendeley.com/public-files/datasets/c5yvn32dzg/files/60dfe19f-beb3-4c7a-a44b-978e71e2b672/file_downloaded,https://prod-dcd-datasets-public-files-eu-west-1.s3.eu-west-1.amazonaws.com/7a1c5d89-d770-4b26-a82e-4e7e5365f951
coffee_healthy,coffee_healthy,C4P18E1.jpg,rocole:C4P18,https://data.mendeley.com/public-files/datasets/c5yvn32dzg/files/6973eb47-3c52-44bf-be2d-6504993df47f/file_downloaded,https://prod-dcd-datasets-public-files-eu-west-1.s3.eu-west-1.amazonaws.com/4888d648-4162-44bc-a618-acb6caa807a7
coffee_healthy,coffee_healthy,C4P18H1.jpg,rocole:C4P18,https://data.mendeley.com/public-files/datasets/c5yvn32dzg/files/e959b45d-344a-4fad-a055-e24403a5b200/file_downloaded,https://prod-dcd-datasets-public-files-eu-west-1.s3.eu-west-1.amazonaws.com/225be025-7be0-43cc-a471-ab63a4da8013
coffee_healthy,coffee_healthy,C4P19E1.jpg,rocole:C4P19,https://data.mendeley.com/public-files/datasets/c5yvn32dzg/files/e626e180-44e1-4822-9b7d-aaa7cecf7953/file_downloaded,https://prod-dcd-datasets-public-files-eu-west-1.s3.eu-west-1.amazonaws.com/6667c112-2637-4e26-9a62-a03060baab8b
coffee_healthy,coffee_healthy,C4P19H1.jpg,rocole:C4P19,https://data.mendeley.com/public-files/datasets/c5yvn32dzg/files/385f55c0-0e5a-4b7c-b2de-41bb6d7f4843/file_downloaded,https://prod-dcd-datasets-public-files-eu-west-1.s3.eu-west-1.amazonaws.com/db82a7ef-8ea4-45f2-b99f-795342b3685a
coffee_healthy,coffee_healthy,C4P1E1.jpg,rocole:C4P1,https://data.mendeley.com/public-files/datasets/c5yvn32dzg/files/6caa8274-ed0f-4196-94b4-661e24254438/file_downloaded,https://prod-dcd-datasets-public-files-eu-west-1.s3.eu-west-1.amazonaws.com/fde27fe1-8b63-4c52-ba41-61d7d97eaf14
coffee_healthy,coffee_healthy,C4P1H1.jpg,rocole:C4P1,https://data.mendeley.com/public-files/datasets/c5yvn32dzg/files/7b99d8c2-2eb2-465c-84c8-4baffb5b8fc6/file_downloaded,https://prod-dcd-datasets-public-files-eu-west-1.s3.eu-west-1.amazonaws.com/f202e16a-37fa-4316-95a8-4872b8b760b8
coffee_healthy,coffee_healthy,C4P20E1.jpg,rocole:C4P20,https://data.mendeley.com/public-files/datasets/c5yvn32dzg/files/cf1e7d7d-e4d3-4881-96dd-aa78c1312045/file_downloaded,https://prod-dcd-datasets-public-files-eu-west-1.s3.eu-west-1.amazonaws.com/3743ca75-1746-44ec-a3c3-821e0abb231e
coffee_healthy,coffee_healthy,C4P20H1.jpg,rocole:C4P20,https://data.mendeley.com/public-files/datasets/c5yvn32dzg/files/e2ccf134-00f9-444a-8272-28c3a7eb258a/file_downloaded,https://prod-dcd-datasets-public-files-eu-west-1.s3.eu-west-1.amazonaws.com/1e9f7c1a-7bfd-40ed-beee-78f5a55347d7
coffee_healthy,coffee_healthy,C4P21E1.jpg,rocole:C4P21,https://data.mendeley.com/public-files/datasets/c5yvn32dzg/files/71aac06b-0f2f-490d-999c-5fbf63de57e7/file_downloaded,https://prod-dcd-datasets-public-files-eu-west-1.s3.eu-west-1.amazonaws.com/1437021e-aabe-43ca-bdf3-0c865c73a66c
coffee_healthy,coffee_healthy,C4P21H1.jpg,rocole:C4P21,https://data.mendeley.com/public-files/datasets/c5yvn32dzg/files/756ebe01-7dba-44d3-8bee-2996c0fec19f/file_downloaded,https://prod-dcd-datasets-public-files-eu-west-1.s3.eu-west-1.amazonaws.com/838a9929-6643-46d7-9e4f-25b8251f7ebd
coffee_healthy,coffee_healthy,C4P22E1.jpg,rocole:C4P22,https://data.mendeley.com/public-files/datasets/c5yvn32dzg/files/d1ce52a0-a245-458d-bfe6-6183753b75bc/file_downloaded,https://prod-dcd-datasets-public-files-eu-west-1.s3.eu-west-1.amazonaws.com/99d2a421-2f63-4c8d-a48b-9203ba0ab1cd
coffee_healthy,coffee_healthy,C4P22H1.jpg,rocole:C4P22,https://data.mendeley.com/public-files/datasets/c5yvn32dzg/files/37ab35f7-f6a9-4506-846c-ded517804dfe/file_downloaded,https://prod-dcd-datasets-public-files-eu-west-1.s3.eu-west-1.amazonaws.com/cefaae01-9ada-476e-9e28-42fbd0e0ad7a
coffee_healthy,coffee_healthy,C4P23H1.jpg,rocole:C4P23,https://data.mendeley.com/public-files/datasets/c5yvn32dzg/files/e0121aaa-9685-472e-925e-7e04ab098f5d/file_downloaded,https://prod-dcd-datasets-public-files-eu-west-1.s3.eu-west-1.amazonaws.com/e2256c5e-7b60-4418-8bb1-042fcb0a98c3
coffee_healthy,coffee_healthy,C4P24E1.jpg,rocole:C4P24,https://data.mendeley.com/public-files/datasets/c5yvn32dzg/files/a2fb96c2-7eb6-417a-9ec2-ba0afd0eb63b/file_downloaded,https://prod-dcd-datasets-public-files-eu-west-1.s3.eu-west-1.amazonaws.com/070d4f76-e335-4d11-806f-debbff75d63c
coffee_healthy,coffee_healthy,C4P24H1.jpg,rocole:C4P24,https://data.mendeley.com/public-files/datasets/c5yvn32dzg/files/a8da4c9b-818c-436a-9035-3d1addc242c0/file_downloaded,https://prod-dcd-datasets-public-files-eu-west-1.s3.eu-west-1.amazonaws.com/b08fe885-b1ca-4e44-92dc-28b93edd6a26
coffee_healthy,coffee_healthy,C4P25E1.jpg,rocole:C4P25,https://data.mendeley.com/public-files/datasets/c5yvn32dzg/files/97b97917-9c27-403b-96ac-f752deb352da/file_downloaded,https://prod-dcd-datasets-public-files-eu-west-1.s3.eu-west-1.amazonaws.com/528bbb0c-e964-4963-a491-6bbea4eca352
coffee_healthy,coffee_healthy,C4P25H1.jpg,rocole:C4P25,https://data.mendeley.com/public-files/datasets/c5yvn32dzg/files/689e8523-c950-454f-9439-3ddccbdcbc48/file_downloaded,https://prod-dcd-datasets-public-files-eu-west-1.s3.eu-west-1.amazonaws.com/02c9239e-3695-49f1-81be-95833248a21c
coffee_healthy,coffee_healthy,C4P26E1.jpg,rocole:C4P26,https://data.mendeley.com/public-files/datasets/c5yvn32dzg/files/ee8a8f7c-ee1f-4936-85e2-b50541267991/file_downloaded,https://prod-dcd-datasets-public-files-eu-west-1.s3.eu-west-1.amazonaws.com/636ef85d-d13f-4981-ac4a-e5bc726d9b4a
coffee_healthy,coffee_healthy,C4P26H1.jpg,rocole:C4P26,https://data.mendeley.com/public-files/datasets/c5yvn32dzg/files/57dd785d-e739-4808-bd33-d23dff71dc50/file_downloaded,https://prod-dcd-datasets-public-files-eu-west-1.s3.eu-west-1.amazonaws.com/a1002d74-aab6-4e03-8ead-436d91061fd4
coffee_healthy,coffee_healthy,C4P27E1.jpg,rocole:C4P27,https://data.mendeley.com/public-files/datasets/c5yvn32dzg/files/89541ebd-9a3e-4506-8b98-f54729e63571/file_downloaded,https://prod-dcd-datasets-public-files-eu-west-1.s3.eu-west-1.amazonaws.com/ea5657a4-5450-44bd-ae8a-ce53a2ce07c4
coffee_healthy,coffee_healthy,C4P27H1.jpg,rocole:C4P27,https://data.mendeley.com/public-files/datasets/c5yvn32dzg/files/69be421c-81e9-44be-93bb-1f4a40d13009/file_downloaded,https://prod-dcd-datasets-public-files-eu-west-1.s3.eu-west-1.amazonaws.com/a1e12c25-8310-4b93-a296-f66ce0672361
coffee_healthy,coffee_healthy,C4P28E1.jpg,rocole:C4P28,https://data.mendeley.com/public-files/datasets/c5yvn32dzg/files/b200c6ff-ef12-4592-8ca0-cfdb1003a194/file_downloaded,https://prod-dcd-datasets-public-files-eu-west-1.s3.eu-west-1.amazonaws.com/a2b20dc0-3288-4e4a-a9a7-05380062f263
coffee_healthy,coffee_healthy,C4P28H1.jpg,rocole:C4P28,https://data.mendeley.com/public-files/datasets/c5yvn32dzg/files/eee729bf-bc1f-466f-aa41-e9e004e99b1d/file_downloaded,https://prod-dcd-datasets-public-files-eu-west-1.s3.eu-west-1.amazonaws.com/667fca37-b574-45b6-9baf-b8ea09be331b
coffee_healthy,coffee_healthy,C4P29E1.jpg,rocole:C4P29,https://data.mendeley.com/public-files/datasets/c5yvn32dzg/files/8a9c5c3c-4f16-44a8-97e9-22b9a186438a/file_downloaded,https://prod-dcd-datasets-public-files-eu-west-1.s3.eu-west-1.amazonaws.com/399d5b07-12cb-45f8-b5ff-60f7272d0fb6
coffee_healthy,coffee_healthy,C4P29H1.jpg,rocole:C4P29,https://data.mendeley.com/public-files/datasets/c5yvn32dzg/files/1f64e3db-0386-4dea-a6d5-2c34c99ef84d/file_downloaded,https://prod-dcd-datasets-public-files-eu-west-1.s3.eu-west-1.amazonaws.com/4af95d94-5eb5-45b3-968e-6e9e02a9c600
coffee_healthy,coffee_healthy,C4P2E1.jpg,rocole:C4P2,https://data.mendeley.com/public-files/datasets/c5yvn32dzg/files/a0df853f-9b32-4b99-96af-f742283030e7/file_downloaded,https://prod-dcd-datasets-public-files-eu-west-1.s3.eu-west-1.amazonaws.com/d8973e84-106f-4ced-9227-0c457b219af2
coffee_healthy,coffee_healthy,C4P2H1.jpg,rocole:C4P2,https://data.mendeley.com/public-files/datasets/c5yvn32dzg/files/9b0dc0f1-7fce-48fd-82f1-5efbba3f765d/file_downloaded,https://prod-dcd-datasets-public-files-eu-west-1.s3.eu-west-1.amazonaws.com/e3bcf75d-eef8-4870-99ef-d015c7014228
coffee_healthy,coffee_healthy,C4P30H1.jpg,rocole:C4P30,https://data.mendeley.com/public-files/datasets/c5yvn32dzg/files/ad53e55c-2c46-45b4-89a1-fa71e15ed95d/file_downloaded,https://prod-dcd-datasets-public-files-eu-west-1.s3.eu-west-1.amazonaws.com/97b0f8e9-2b61-44ea-8848-29df4ab6fde3
coffee_healthy,coffee_healthy,C4P31E1.jpg,rocole:C4P31,https://data.mendeley.com/public-files/datasets/c5yvn32dzg/files/657fdc2c-3323-4c73-b34d-994e5470fda4/file_downloaded,https://prod-dcd-datasets-public-files-eu-west-1.s3.eu-west-1.amazonaws.com/2fdcbb51-df69-48dc-a8d8-9f0febfbb83d
coffee_healthy,coffee_healthy,C4P31H1.jpg,rocole:C4P31,https://data.mendeley.com/public-files/datasets/c5yvn32dzg/files/81d1b65a-1896-43c6-8512-4c9b75323d66/file_downloaded,https://prod-dcd-datasets-public-files-eu-west-1.s3.eu-west-1.amazonaws.com/f3196abe-f5e3-4908-b816-b5ec6319e8b7
coffee_healthy,coffee_healthy,C4P32E1.jpg,rocole:C4P32,https://data.mendeley.com/public-files/datasets/c5yvn32dzg/files/cd1a00ad-8493-4ceb-b713-df2414a4bd45/file_downloaded,https://prod-dcd-datasets-public-files-eu-west-1.s3.eu-west-1.amazonaws.com/f606eb92-99ec-482e-97bf-fab0548b0008
coffee_healthy,coffee_healthy,C4P32H1.jpg,rocole:C4P32,https://data.mendeley.com/public-files/datasets/c5yvn32dzg/files/fcc95492-d64d-4c90-af31-37bf5cf06c59/file_downloaded,https://prod-dcd-datasets-public-files-eu-west-1.s3.eu-west-1.amazonaws.com/6962697c-c8b3-49eb-bd36-4f8b93f8dcb1
coffee_healthy,coffee_healthy,C4P37E1.jpg,rocole:C4P37,https://data.mendeley.com/public-files/datasets/c5yvn32dzg/files/ff374cb0-316a-45bc-87f3-0ed39dcb9160/file_downloaded,https://prod-dcd-datasets-public-files-eu-west-1.s3.eu-west-1.amazonaws.com/368a1737-f3e7-4630-8270-2433e3283d2c
coffee_healthy,coffee_healthy,C4P37H1.jpg,rocole:C4P37,https://data.mendeley.com/public-files/datasets/c5yvn32dzg/files/59ca1e51-a344-47fb-af7f-0068f580f818/file_downloaded,https://prod-dcd-datasets-public-files-eu-west-1.s3.eu-west-1.amazonaws.com/9504145c-c9b1-4e5e-be18-b694ab13298c
coffee_healthy,coffee_healthy,C4P38E1.jpg,rocole:C4P38,https://data.mendeley.com/public-files/datasets/c5yvn32dzg/files/10b79f56-9251-42e6-8889-9067e88a5df3/file_downloaded,https://prod-dcd-datasets-public-files-eu-west-1.s3.eu-west-1.amazonaws.com/f9fe628d-89f9-4046-932f-f7044b6b29b8
coffee_healthy,coffee_healthy,C4P38H1.jpg,rocole:C4P38,https://data.mendeley.com/public-files/datasets/c5yvn32dzg/files/696b1933-d650-4b98-acbe-c7cd5e21a9d7/file_downloaded,https://prod-dcd-datasets-public-files-eu-west-1.s3.eu-west-1.amazonaws.com/06fe9904-4440-4cba-b89c-c20ec9fb68c0
coffee_healthy,coffee_healthy,C4P39E1.jpg,rocole:C4P39,https://data.mendeley.com/public-files/datasets/c5yvn32dzg/files/f2b05160-2f47-4178-82cb-6a83dbf1e730/file_downloaded,https://prod-dcd-datasets-public-files-eu-west-1.s3.eu-west-1.amazonaws.com/e0302711-0369-4002-b14b-11421d0cafd7
coffee_healthy,coffee_healthy,C4P39H1.jpg,rocole:C4P39,https://data.mendeley.com/public-files/datasets/c5yvn32dzg/files/99173f6a-ba86-42a6-85e7-87e265d0009f/file_downloaded,https://prod-dcd-datasets-public-files-eu-west-1.s3.eu-west-1.amazonaws.com/62cf87e4-bd36-43da-ab9d-3075773fe8bb
coffee_healthy,coffee_healthy,C4P40E1.jpg,rocole:C4P40,https://data.mendeley.com/public-files/datasets/c5yvn32dzg/files/e8b22c35-98a6-458f-89c0-08cbc26dbdb7/file_downloaded,https://prod-dcd-datasets-public-files-eu-west-1.s3.eu-west-1.amazonaws.com/8ea1ef9f-3fb7-40bd-b092-4da71636d7ec
coffee_healthy,coffee_healthy,C4P40H1.jpg,rocole:C4P40,https://data.mendeley.com/public-files/datasets/c5yvn32dzg/files/4b3df6b3-ff24-43b7-8ae3-ca7203113172/file_downloaded,https://prod-dcd-datasets-public-files-eu-west-1.s3.eu-west-1.amazonaws.com/062e470f-d23e-40f4-9088-e5c7d99b4a9c
coffee_healthy,coffee_healthy,C4P4E1.jpg,rocole:C4P4,https://data.mendeley.com/public-files/datasets/c5yvn32dzg/files/beb11862-e215-4ba1-a763-43d294835066/file_downloaded,https://prod-dcd-datasets-public-files-eu-west-1.s3.eu-west-1.amazonaws.com/bb82acd6-7cb7-498d-ba1f-d1be49615641
coffee_healthy,coffee_healthy,C4P4H1.jpg,rocole:C4P4,https://data.mendeley.com/public-files/datasets/c5yvn32dzg/files/9429e3e0-da3d-45a6-b64c-8b26eabce806/file_downloaded,https://prod-dcd-datasets-public-files-eu-west-1.s3.eu-west-1.amazonaws.com/5ab0dd98-6e95-4961-a16e-4a6c5521d97f
coffee_healthy,coffee_healthy,C4P5E1.jpg,rocole:C4P5,https://data.mendeley.com/public-files/datasets/c5yvn32dzg/files/0b0dc645-0c22-43bb-bf84-84ddc8c3eeb5/file_downloaded,https://prod-dcd-datasets-public-files-eu-west-1.s3.eu-west-1.amazonaws.com/e53a2835-e83b-4776-9912-f83991003449
coffee_healthy,coffee_healthy,C4P5H1.jpg,rocole:C4P5,https://data.mendeley.com/public-files/datasets/c5yvn32dzg/files/4958f460-35f5-4b37-b563-8a16f881ccca/file_downloaded,https://prod-dcd-datasets-public-files-eu-west-1.s3.eu-west-1.amazonaws.com/4184e036-f343-4670-88d2-06fc43cfb6c2
coffee_healthy,coffee_healthy,C4P6E1.jpg,rocole:C4P6,https://data.mendeley.com/public-files/datasets/c5yvn32dzg/files/a162a6d1-5c0f-4ca5-87cc-6e793e66bfd2/file_downloaded,https://prod-dcd-datasets-public-files-eu-west-1.s3.eu-west-1.amazonaws.com/a96cd934-382c-4d77-a0eb-449a8416c051
coffee_healthy,coffee_healthy,C4P6H1.jpg,rocole:C4P6,https://data.mendeley.com/public-files/datasets/c5yvn32dzg/files/036766b2-337c-4e40-824d-ba5a672afc0d/file_downloaded,https://prod-dcd-datasets-public-files-eu-west-1.s3.eu-west-1.amazonaws.com/600b8c11-f03c-4266-9a0c-de960dc5e542
coffee_healthy,coffee_healthy,C4P7E1.jpg,rocole:C4P7,https://data.mendeley.com/public-files/datasets/c5yvn32dzg/files/00115624-5258-45f9-b330-fb170750b8d9/file_downloaded,https://prod-dcd-datasets-public-files-eu-west-1.s3.eu-west-1.amazonaws.com/0d79ad88-6749-4641-b225-1e2e79e39861
coffee_healthy,coffee_healthy,C4P7H1.jpg,rocole:C4P7,https://data.mendeley.com/public-files/datasets/c5yvn32dzg/files/5e574296-bfbc-4d39-a966-5365995d1237/file_downloaded,https://prod-dcd-datasets-public-files-eu-west-1.s3.eu-west-1.amazonaws.com/082043ff-87f8-4ce3-83b1-71b2f14c4e16
coffee_healthy,coffee_healthy,C4P9E1.jpg,rocole:C4P9,https://data.mendeley.com/public-files/datasets/c5yvn32dzg/files/b1e03a50-c9bc-430e-9c36-00cfe9ae2462/file_downloaded,https://prod-dcd-datasets-public-files-eu-west-1.s3.eu-west-1.amazonaws.com/32230fe6-a908-4bf5-95ea-5a5148a1678f
coffee_healthy,coffee_healthy,C4P9H1.jpg,rocole:C4P9,https://data.mendeley.com/public-files/datasets/c5yvn32dzg/files/be852b2c-dc75-429c-b37d-76defcec3a4b/file_downloaded,https://prod-dcd-datasets-public-files-eu-west-1.s3.eu-west-1.amazonaws.com/e1ac296c-5bf0-4054-873b-7aa829b47157
coffee_healthy,coffee_healthy,C5P10E2.jpg,rocole:C5P10,https://data.mendeley.com/public-files/datasets/c5yvn32dzg/files/963771f6-ed60-432d-8a63-ca1dcbc02675/file_downloaded,https://prod-dcd-datasets-public-files-eu-west-1.s3.eu-west-1.amazonaws.com/debe64e1-d514-445e-b543-8a21e8f88569
coffee_healthy,coffee_healthy,C5P10H2.jpg,rocole:C5P10,https://data.mendeley.com/public-files/datasets/c5yvn32dzg/files/bc11f63e-08ab-460a-a53e-847bbaf8d305/file_downloaded,https://prod-dcd-datasets-public-files-eu-west-1.s3.eu-west-1.amazonaws.com/4d78e87b-0d58-471f-a06e-70712fa76969
coffee_healthy,coffee_healthy,C5P11E2.jpg,rocole:C5P11,https://data.mendeley.com/public-files/datasets/c5yvn32dzg/files/04d1a3a8-3058-4a29-ae9b-0dc39ec0777e/file_downloaded,https://prod-dcd-datasets-public-files-eu-west-1.s3.eu-west-1.amazonaws.com/60e05e7b-2b23-4bd9-ad6a-7d7d35f2bc4e
coffee_healthy,coffee_healthy,C5P11H2.jpg,rocole:C5P11,https://data.mendeley.com/public-files/datasets/c5yvn32dzg/files/086f3094-b39c-4e95-88b6-bfb32c185eaa/file_downloaded,https://prod-dcd-datasets-public-files-eu-west-1.s3.eu-west-1.amazonaws.com/92b7c2f0-bedb-4780-a23c-8c5283962c5c
coffee_healthy,coffee_healthy,C5P12E2.jpg,rocole:C5P12,https://data.mendeley.com/public-files/datasets/c5yvn32dzg/files/8871d925-7c08-438b-beee-22375ceffba6/file_downloaded,https://prod-dcd-datasets-public-files-eu-west-1.s3.eu-west-1.amazonaws.com/ee726dc0-d91d-4f69-aff7-ee6094e01331
coffee_healthy,coffee_healthy,C5P12H2.jpg,rocole:C5P12,https://data.mendeley.com/public-files/datasets/c5yvn32dzg/files/66d231e8-2022-4fd8-9aa7-5145abbd1d33/file_downloaded,https://prod-dcd-datasets-public-files-eu-west-1.s3.eu-west-1.amazonaws.com/65c4776e-ced1-447b-9d9f-6ad4fc3c9733
coffee_healthy,coffee_healthy,C5P13E1.jpg,rocole:C5P13,https://data.mendeley.com/public-files/datasets/c5yvn32dzg/files/babe21dc-9619-426d-bb9e-891d0fe5d98b/file_downloaded,https://prod-dcd-datasets-public-files-eu-west-1.s3.eu-west-1.amazonaws.com/778a874e-d8dd-4295-ab8c-005693b46064
coffee_healthy,coffee_healthy,C5P13E2.jpg,rocole:C5P13,https://data.mendeley.com/public-files/datasets/c5yvn32dzg/files/8b734818-93d5-4673-bb9d-704fe75a8e46/file_downloaded,https://prod-dcd-datasets-public-files-eu-west-1.s3.eu-west-1.amazonaws.com/22145ef1-b3c0-4fc1-81c8-b76734a6365d
coffee_healthy,coffee_healthy,C5P13H1.jpg,rocole:C5P13,https://data.mendeley.com/public-files/datasets/c5yvn32dzg/files/25b92ddd-1689-4f8b-ac13-08dfab4197ec/file_downloaded,https://prod-dcd-datasets-public-files-eu-west-1.s3.eu-west-1.amazonaws.com/27b08422-d908-4740-8788-285011373326
coffee_healthy,coffee_healthy,C5P16E1.jpg,rocole:C5P16,https://data.mendeley.com/public-files/datasets/c5yvn32dzg/files/0423e0ea-a217-4891-a57d-d7db288b9dd5/file_downloaded,https://prod-dcd-datasets-public-files-eu-west-1.s3.eu-west-1.amazonaws.com/e121516f-b231-4cf2-9328-d27ec2343d62
coffee_healthy,coffee_healthy,C5P16H1.jpg,rocole:C5P16,https://data.mendeley.com/public-files/datasets/c5yvn32dzg/files/17d8a2df-7e71-4755-8257-fdd0d214d5dd/file_downloaded,https://prod-dcd-datasets-public-files-eu-west-1.s3.eu-west-1.amazonaws.com/e067dafb-3a50-4755-8c04-e79e17ff3732
coffee_healthy,coffee_healthy,C5P17E1.jpg,rocole:C5P17,https://data.mendeley.com/public-files/datasets/c5yvn32dzg/files/cf3eb848-af8c-4ab8-9239-95f18e08225c/file_downloaded,https://prod-dcd-datasets-public-files-eu-west-1.s3.eu-west-1.amazonaws.com/79d91f25-a365-41b4-a983-3bc2e657853a
coffee_healthy,coffee_healthy,C5P17H1.jpg,rocole:C5P17,https://data.mendeley.com/public-files/datasets/c5yvn32dzg/files/84128656-9b07-4ed3-ad7f-b9b5667714c1/file_downloaded,https://prod-dcd-datasets-public-files-eu-west-1.s3.eu-west-1.amazonaws.com/d0e97875-4c22-4f6c-871c-e175530cfe11
coffee_healthy,coffee_healthy,C5P18E1.jpg,rocole:C5P18,https://data.mendeley.com/public-files/datasets/c5yvn32dzg/files/1df68545-eae1-46c7-97e3-92cdbeed55f0/file_downloaded,https://prod-dcd-datasets-public-files-eu-west-1.s3.eu-west-1.amazonaws.com/5322469b-f997-4590-874f-dc30106e6710
coffee_healthy,coffee_healthy,C5P18H1.jpg,rocole:C5P18,https://data.mendeley.com/public-files/datasets/c5yvn32dzg/files/3cd26df4-fe11-4153-a536-1109bd3bd6f5/file_downloaded,https://prod-dcd-datasets-public-files-eu-west-1.s3.eu-west-1.amazonaws.com/b5375378-5654-4718-9c5c-bab2b6af54ae
coffee_healthy,coffee_healthy,C5P19E1.jpg,rocole:C5P19,https://data.mendeley.com/public-files/datasets/c5yvn32dzg/files/b8dc0e73-414b-4795-9118-f33a2b13877a/file_downloaded,https://prod-dcd-datasets-public-files-eu-west-1.s3.eu-west-1.amazonaws.com/21039416-5a8a-4bed-ab6d-9b904eed5805
coffee_healthy,coffee_healthy,C5P19H1.jpg,rocole:C5P19,https://data.mendeley.com/public-files/datasets/c5yvn32dzg/files/2db37877-bcc0-4c6c-9e7a-7d62f7d6b985/file_downloaded,https://prod-dcd-datasets-public-files-eu-west-1.s3.eu-west-1.amazonaws.com/9e64ca8a-52f7-43c7-a85c-687b55a9ccc9
coffee_healthy,coffee_healthy,C5P1E1.jpg,rocole:C5P1,https://data.mendeley.com/public-files/datasets/c5yvn32dzg/files/0865d941-2d8a-480b-97ef-88ac953e0276/file_downloaded,https://prod-dcd-datasets-public-files-eu-west-1.s3.eu-west-1.amazonaws.com/254d4ec9-a68d-4ad9-b224-27b145695705
coffee_healthy,coffee_healthy,C5P1H1.jpg,rocole:C5P1,https://data.mendeley.com/public-files/datasets/c5yvn32dzg/files/aa93ea99-18cc-41ae-93d3-9218cdf588c0/file_downloaded,https://prod-dcd-datasets-public-files-eu-west-1.s3.eu-west-1.amazonaws.com/e3f229ec-489a-4ec0-8844-fd2ac6fc4c38
coffee_healthy,coffee_healthy,C5P21E1.jpg,rocole:C5P21,https://data.mendeley.com/public-files/datasets/c5yvn32dzg/files/1aef1e2e-92ea-4350-94a4-666fa2f8c236/file_downloaded,https://prod-dcd-datasets-public-files-eu-west-1.s3.eu-west-1.amazonaws.com/fe02f2c0-ba57-4bb2-8d6b-7f77d3444a85
coffee_healthy,coffee_healthy,C5P21H1.jpg,rocole:C5P21,https://data.mendeley.com/public-files/datasets/c5yvn32dzg/files/471d3c7f-28dd-4fa6-9d88-52f52e124fe8/file_downloaded,https://prod-dcd-datasets-public-files-eu-west-1.s3.eu-west-1.amazonaws.com/98360d61-b33a-4e0a-abe1-ec48cdcef5c6
coffee_healthy,coffee_healthy,C5P22E1.jpg,rocole:C5P22,https://data.mendeley.com/public-files/datasets/c5yvn32dzg/files/a1bd62b1-bf72-42e4-b7bb-5188879a8c9d/file_downloaded,https://prod-dcd-datasets-public-files-eu-west-1.s3.eu-west-1.amazonaws.com/eb8a2d83-d9c7-4c22-96f1-fa89d0b71555
coffee_healthy,coffee_healthy,C5P22H1.jpg,rocole:C5P22,https://data.mendeley.com/public-files/datasets/c5yvn32dzg/files/dc611267-b420-4e73-9e99-5b84d9c7550a/file_downloaded,https://prod-dcd-datasets-public-files-eu-west-1.s3.eu-west-1.amazonaws.com/352c12be-e6b9-4aa1-9f74-06210567c3c8
coffee_healthy,coffee_healthy,C5P24E1.jpg,rocole:C5P24,https://data.mendeley.com/public-files/datasets/c5yvn32dzg/files/8e8435fa-96b7-4892-9194-1dc279eb9180/file_downloaded,https://prod-dcd-datasets-public-files-eu-west-1.s3.eu-west-1.amazonaws.com/b448d547-cc87-412b-ac4c-7d86d1244b91
coffee_healthy,coffee_healthy,C5P24H1.jpg,rocole:C5P24,https://data.mendeley.com/public-files/datasets/c5yvn32dzg/files/bc5890ff-99d8-4e7e-b911-f2cbc98d4e55/file_downloaded,https://prod-dcd-datasets-public-files-eu-west-1.s3.eu-west-1.amazonaws.com/0b92e87d-b41d-48ef-93f9-43ac10f34f6e
coffee_healthy,coffee_healthy,C5P25E1.jpg,rocole:C5P25,https://data.mendeley.com/public-files/datasets/c5yvn32dzg/files/f1b427d4-3b98-4413-9adf-e44ce4ebe3f9/file_downloaded,https://prod-dcd-datasets-public-files-eu-west-1.s3.eu-west-1.amazonaws.com/1ab0f74a-4321-40dd-861e-dcb956b8ee24
coffee_healthy,coffee_healthy,C5P25H1.jpg,rocole:C5P25,https://data.mendeley.com/public-files/datasets/c5yvn32dzg/files/b3383781-5879-4e62-80c6-59b971d524b1/file_downloaded,https://prod-dcd-datasets-public-files-eu-west-1.s3.eu-west-1.amazonaws.com/97926ecf-1dfd-4603-bbe3-7773511465e3
coffee_healthy,coffee_healthy,C5P26E1.jpg,rocole:C5P26,https://data.mendeley.com/public-files/datasets/c5yvn32dzg/files/19373fec-0cd6-4409-8847-16f5f700d8a3/file_downloaded,https://prod-dcd-datasets-public-files-eu-west-1.s3.eu-west-1.amazonaws.com/983fa493-5f5b-4deb-8796-7c6fad031523
coffee_healthy,coffee_healthy,C5P26H1.jpg,rocole:C5P26,https://data.mendeley.com/public-files/datasets/c5yvn32dzg/files/7a03032e-598e-4279-8ba7-790b264d06c5/file_downloaded,https://prod-dcd-datasets-public-files-eu-west-1.s3.eu-west-1.amazonaws.com/8a6c8e5f-d7e3-496b-8c1e-5589af398aec
coffee_healthy,coffee_healthy,C5P27E1.jpg,rocole:C5P27,https://data.mendeley.com/public-files/datasets/c5yvn32dzg/files/12fa094b-6f38-43bd-a7e8-c3b996ee18e2/file_downloaded,https://prod-dcd-datasets-public-files-eu-west-1.s3.eu-west-1.amazonaws.com/6e0380f6-2dd5-4de2-a2a8-c975e2132d49
coffee_healthy,coffee_healthy,C5P27E2.jpg,rocole:C5P27,https://data.mendeley.com/public-files/datasets/c5yvn32dzg/files/a1e48501-b64b-41c0-8919-bc77bdfc5644/file_downloaded,https://prod-dcd-datasets-public-files-eu-west-1.s3.eu-west-1.amazonaws.com/d59cb855-99d9-4178-9bf4-454df53072ea
coffee_healthy,coffee_healthy,C5P27H1.jpg,rocole:C5P27,https://data.mendeley.com/public-files/datasets/c5yvn32dzg/files/07973ee5-d57f-4856-98cd-445d5ab84a8b/file_downloaded,https://prod-dcd-datasets-public-files-eu-west-1.s3.eu-west-1.amazonaws.com/a5e0efb6-0b50-4480-8a45-1d9b7e0c7e31
coffee_healthy,coffee_healthy,C5P27H2.jpg,rocole:C5P27,https://data.mendeley.com/public-files/datasets/c5yvn32dzg/files/54243a5b-0e34-4d9e-89c8-eda7b7b046d8/file_downloaded,https://prod-dcd-datasets-public-files-eu-west-1.s3.eu-west-1.amazonaws.com/96a3064d-9d42-4793-b904-7ef3b17d0ccf
coffee_healthy,coffee_healthy,C5P28E2.jpg,rocole:C5P28,https://data.mendeley.com/public-files/datasets/c5yvn32dzg/files/414a7ba3-b0e2-4dfe-bb4b-2bc44b54ece8/file_downloaded,https://prod-dcd-datasets-public-files-eu-west-1.s3.eu-west-1.amazonaws.com/4aff6e16-5cec-452c-8705-934b9fb2aadc
coffee_healthy,coffee_healthy,C5P28H2.jpg,rocole:C5P28,https://data.mendeley.com/public-files/datasets/c5yvn32dzg/files/9bd8bdd7-7f2c-4d81-af3f-b0cad7d8132b/file_downloaded,https://prod-dcd-datasets-public-files-eu-west-1.s3.eu-west-1.amazonaws.com/6b00c6b3-04e0-4b2a-b581-b85aeaedbbce
coffee_healthy,coffee_healthy,C5P29E1.jpg,rocole:C5P29,https://data.mendeley.com/public-files/datasets/c5yvn32dzg/files/a57e803f-7472-4f8a-8a71-9484eeb211c2/file_downloaded,https://prod-dcd-datasets-public-files-eu-west-1.s3.eu-west-1.amazonaws.com/8f60469d-7938-4868-84b0-b0e8d5cf4935
coffee_healthy,coffee_healthy,C5P29H1.jpg,rocole:C5P29,https://data.mendeley.com/public-files/datasets/c5yvn32dzg/files/69d47cd8-3746-4a8f-83ba-871c4599a98b/file_downloaded,https://prod-dcd-datasets-public-files-eu-west-1.s3.eu-west-1.amazonaws.com/275c0f60-9b11-4703-ab10-a620fca2898e
coffee_healthy,coffee_healthy,C5P2E1.jpg,rocole:C5P2,https://data.mendeley.com/public-files/datasets/c5yvn32dzg/files/ad72b929-f7ae-456e-a7ec-5eab841d92e5/file_downloaded,https://prod-dcd-datasets-public-files-eu-west-1.s3.eu-west-1.amazonaws.com/90a90799-e4a5-461b-a845-2e66e009268d
coffee_healthy,coffee_healthy,C5P2H1.jpg,rocole:C5P2,https://data.mendeley.com/public-files/datasets/c5yvn32dzg/files/c5ad384a-389f-4410-82ad-910fafa998bb/file_downloaded,https://prod-dcd-datasets-public-files-eu-west-1.s3.eu-west-1.amazonaws.com/1fd7d3ba-8bf6-4ea7-a93a-c90676c95593
coffee_healthy,coffee_healthy,C5P30E2.jpg,rocole:C5P30,https://data.mendeley.com/public-files/datasets/c5yvn32dzg/files/e5293728-a0f5-4611-9d3a-03cbb9b42268/file_downloaded,https://prod-dcd-datasets-public-files-eu-west-1.s3.eu-west-1.amazonaws.com/07e02f5c-4ec4-40b5-95e6-b67506af1421
coffee_healthy,coffee_healthy,C5P30H2.jpg,rocole:C5P30,https://data.mendeley.com/public-files/datasets/c5yvn32dzg/files/0c3934b7-6cd5-4095-8923-437ee2a332cd/file_downloaded,https://prod-dcd-datasets-public-files-eu-west-1.s3.eu-west-1.amazonaws.com/689500a4-0dca-4fef-bc3c-3eb5355a2320
coffee_healthy,coffee_healthy,C5P31E1.jpg,rocole:C5P31,https://data.mendeley.com/public-files/datasets/c5yvn32dzg/files/c6231127-66a6-4f70-ac97-a19a869b6ff7/file_downloaded,https://prod-dcd-datasets-public-files-eu-west-1.s3.eu-west-1.amazonaws.com/9139db4f-5913-4c56-9f69-1efc12a0982d
coffee_healthy,coffee_healthy,C5P31H1.jpg,rocole:C5P31,https://data.mendeley.com/public-files/datasets/c5yvn32dzg/files/85fb2e4f-4fe4-4554-837e-8332618ad76f/file_downloaded,https://prod-dcd-datasets-public-files-eu-west-1.s3.eu-west-1.amazonaws.com/26d26b76-70be-41f1-bb24-001da721737c
coffee_healthy,coffee_healthy,C5P32E1.jpg,rocole:C5P32,https://data.mendeley.com/public-files/datasets/c5yvn32dzg/files/394ed8c9-7860-4d27-bdbd-4a5f984ac1ee/file_downloaded,https://prod-dcd-datasets-public-files-eu-west-1.s3.eu-west-1.amazonaws.com/3ff0ebd7-8b17-41d8-a5b9-028b6070e291
coffee_healthy,coffee_healthy,C5P32H1.jpg,rocole:C5P32,https://data.mendeley.com/public-files/datasets/c5yvn32dzg/files/6b780f5d-2011-4792-9ab3-3ad249e0e784/file_downloaded,https://prod-dcd-datasets-public-files-eu-west-1.s3.eu-west-1.amazonaws.com/6f2f1c32-59aa-4dfe-922d-cd71fdcbab60
coffee_healthy,coffee_healthy,C5P32H2.jpg,rocole:C5P32,https://data.mendeley.com/public-files/datasets/c5yvn32dzg/files/be8a32d2-3e92-4fdf-ac16-adad144bd58d/file_downloaded,https://prod-dcd-datasets-public-files-eu-west-1.s3.eu-west-1.amazonaws.com/2321c1a0-ddd7-41e1-acd6-27f9ff508967
coffee_healthy,coffee_healthy,C5P33E2.jpg,rocole:C5P33,https://data.mendeley.com/public-files/datasets/c5yvn32dzg/files/1835dc03-d37b-44ea-8d3c-d092193ab23d/file_downloaded,https://prod-dcd-datasets-public-files-eu-west-1.s3.eu-west-1.amazonaws.com/bf8c623e-6bf1-419e-bf5e-e55c95d21072
coffee_healthy,coffee_healthy,C5P33H2.jpg,rocole:C5P33,https://data.mendeley.com/public-files/datasets/c5yvn32dzg/files/6948cfe9-24eb-4a6f-9771-c9147b463a2d/file_downloaded,https://prod-dcd-datasets-public-files-eu-west-1.s3.eu-west-1.amazonaws.com/c838802c-9455-4bcb-991d-7762d161e359
coffee_healthy,coffee_healthy,C5P35E1.jpg,rocole:C5P35,https://data.mendeley.com/public-files/datasets/c5yvn32dzg/files/f4ef102d-47c6-44a2-9cb6-9448ad126c2c/file_downloaded,https://prod-dcd-datasets-public-files-eu-west-1.s3.eu-west-1.amazonaws.com/da44ea60-ae8d-4bf2-8711-8ec4b9d5c073
coffee_healthy,coffee_healthy,C5P35H1.jpg,rocole:C5P35,https://data.mendeley.com/public-files/datasets/c5yvn32dzg/files/f89423c9-eb68-4526-9b05-47837b1efd87/file_downloaded,https://prod-dcd-datasets-public-files-eu-west-1.s3.eu-west-1.amazonaws.com/790f65c5-9b84-4f70-9d89-4fab758fdc0d
coffee_healthy,coffee_healthy,C5P37E2.jpg,rocole:C5P37,https://data.mendeley.com/public-files/datasets/c5yvn32dzg/files/80b185a4-da91-4dee-a544-a36544a7f756/file_downloaded,https://prod-dcd-datasets-public-files-eu-west-1.s3.eu-west-1.amazonaws.com/fa8eb72e-12e7-4135-8000-16610ebe0f16
coffee_healthy,coffee_healthy,C5P37H1.jpg,rocole:C5P37,https://data.mendeley.com/public-files/datasets/c5yvn32dzg/files/b2db7233-55d5-42e1-a6fd-d4685a5f5c21/file_downloaded,https://prod-dcd-datasets-public-files-eu-west-1.s3.eu-west-1.amazonaws.com/a600d8f6-7ce2-47b9-8549-298658231e87
coffee_healthy,coffee_healthy,C5P38E1.jpg,rocole:C5P38,https://data.mendeley.com/public-files/datasets/c5yvn32dzg/files/4d13675f-526a-4731-9f44-a03b6b5229a5/file_downloaded,https://prod-dcd-datasets-public-files-eu-west-1.s3.eu-west-1.amazonaws.com/a93424a5-9e35-476b-bf1b-2aef44dea06d
coffee_healthy,coffee_healthy,C5P38H1.jpg,rocole:C5P38,https://data.mendeley.com/public-files/datasets/c5yvn32dzg/files/b99f7140-3a79-4cac-91ca-ad99bec8fd78/file_downloaded,https://prod-dcd-datasets-public-files-eu-west-1.s3.eu-west-1.amazonaws.com/5ca9ea11-4b02-42fc-9df1-c37407adc63e
coffee_healthy,coffee_healthy,C5P39E1.jpg,rocole:C5P39,https://data.mendeley.com/public-files/datasets/c5yvn32dzg/files/4ba8aae2-ecc4-4c2d-9051-ebde4e0548e2/file_downloaded,https://prod-dcd-datasets-public-files-eu-west-1.s3.eu-west-1.amazonaws.com/1899ef2e-5e2f-429c-8eb5-37314d823950
coffee_healthy,coffee_healthy,C5P39H1.jpg,rocole:C5P39,https://data.mendeley.com/public-files/datasets/c5yvn32dzg/files/c29122d4-b238-473a-a18f-ccd64aad7ffe/file_downloaded,https://prod-dcd-datasets-public-files-eu-west-1.s3.eu-west-1.amazonaws.com/173fa21a-f1bf-44db-8cb7-a74603ec9d93
coffee_healthy,coffee_healthy,C5P40E1.jpg,rocole:C5P40,https://data.mendeley.com/public-files/datasets/c5yvn32dzg/files/72b06a3a-9171-455e-8ca1-8e967660ffba/file_downloaded,https://prod-dcd-datasets-public-files-eu-west-1.s3.eu-west-1.amazonaws.com/f20c2b15-446f-445f-809d-bb5871c2ffbf
coffee_healthy,coffee_healthy,C5P40H1.jpg,rocole:C5P40,https://data.mendeley.com/public-files/datasets/c5yvn32dzg/files/8225c8dd-ea65-4838-a744-75b4e1e39756/file_downloaded,https://prod-dcd-datasets-public-files-eu-west-1.s3.eu-west-1.amazonaws.com/67af9602-9f3d-4728-8665-27c5c5f8fe5f
coffee_healthy,coffee_healthy,C5P4E1.jpg,rocole:C5P4,https://data.mendeley.com/public-files/datasets/c5yvn32dzg/files/6eae9a43-bb15-4485-8369-d53b307bd57c/file_downloaded,https://prod-dcd-datasets-public-files-eu-west-1.s3.eu-west-1.amazonaws.com/de5edacd-f7f0-44bd-8750-058d54ca276c
coffee_healthy,coffee_healthy,C5P4H1.jpg,rocole:C5P4,https://data.mendeley.com/public-files/datasets/c5yvn32dzg/files/d2d9fdec-2652-40c3-aa04-74a7113adf80/file_downloaded,https://prod-dcd-datasets-public-files-eu-west-1.s3.eu-west-1.amazonaws.com/3a7672f9-8662-44b7-8712-c9b4f8525bcf
coffee_healthy,coffee_healthy,C5P5E1.jpg,rocole:C5P5,https://data.mendeley.com/public-files/datasets/c5yvn32dzg/files/fd4ad9ea-5ac5-4c90-ac42-c8b69e5a8cbd/file_downloaded,https://prod-dcd-datasets-public-files-eu-west-1.s3.eu-west-1.amazonaws.com/15b81fd9-8c8d-4bcc-8060-c766e9166959
coffee_healthy,coffee_healthy,C5P5H1.jpg,rocole:C5P5,https://data.mendeley.com/public-files/datasets/c5yvn32dzg/files/558a0130-8f32-4cbe-995c-08ad915b5249/file_downloaded,https://prod-dcd-datasets-public-files-eu-west-1.s3.eu-west-1.amazonaws.com/a4d20710-570e-4984-b151-23fef3a36ff6
coffee_healthy,coffee_healthy,C5P6E1.jpg,rocole:C5P6,https://data.mendeley.com/public-files/datasets/c5yvn32dzg/files/352b15c7-a60d-429c-bb17-c66bd62d1e39/file_downloaded,https://prod-dcd-datasets-public-files-eu-west-1.s3.eu-west-1.amazonaws.com/d341a071-ae66-482e-aeaa-10708adeb76e
coffee_healthy,coffee_healthy,C5P6H1.jpg,rocole:C5P6,https://data.mendeley.com/public-files/datasets/c5yvn32dzg/files/c1da2f42-e0d8-4de4-bb20-6aa2ab3af9dc/file_downloaded,https://prod-dcd-datasets-public-files-eu-west-1.s3.eu-west-1.amazonaws.com/7ec167ce-37a8-4c26-b11b-009845c557f6
coffee_healthy,coffee_healthy,C5P7E2.jpg,rocole:C5P7,https://data.mendeley.com/public-files/datasets/c5yvn32dzg/files/a8bb8581-2236-4c4d-8845-9ed86f5bb135/file_downloaded,https://prod-dcd-datasets-public-files-eu-west-1.s3.eu-west-1.amazonaws.com/9ac32c3b-e554-4371-9623-e2958418f5c6
coffee_healthy,coffee_healthy,C5P7H2.jpg,rocole:C5P7,https://data.mendeley.com/public-files/datasets/c5yvn32dzg/files/14cac14a-ece7-4dff-97e9-7db1ebef4f9b/file_downloaded,https://prod-dcd-datasets-public-files-eu-west-1.s3.eu-west-1.amazonaws.com/e2fd38dd-ed3a-437f-907f-5b19b57fc07a
coffee_healthy,coffee_healthy,C5P8E1.jpg,rocole:C5P8,https://data.mendeley.com/public-files/datasets/c5yvn32dzg/files/a31a5451-b753-465b-8392-ecda41c5c09b/file_downloaded,https://prod-dcd-datasets-public-files-eu-west-1.s3.eu-west-1.amazonaws.com/9300309a-b6bc-4887-8681-81c270dd7835
coffee_healthy,coffee_healthy,C5P8H1.jpg,rocole:C5P8,https://data.mendeley.com/public-files/datasets/c5yvn32dzg/files/6e24eb2a-e62c-4279-8a96-0a1a5239cc53/file_downloaded,https://prod-dcd-datasets-public-files-eu-west-1.s3.eu-west-1.amazonaws.com/6f91bfd6-dd92-42ab-bbdd-2444b3c0dbb0
coffee_healthy,coffee_healthy,C5P9E1.jpg,rocole:C5P9,https://data.mendeley.com/public-files/datasets/c5yvn32dzg/files/ba4eaf24-1e0b-47cd-98b3-f83146bab1ad/file_downloaded,https://prod-dcd-datasets-public-files-eu-west-1.s3.eu-west-1.amazonaws.com/fdfa59b0-9f1e-4f20-a1be-3d656ced5d62
coffee_healthy,coffee_healthy,C5P9H1.jpg,rocole:C5P9,https://data.mendeley.com/public-files/datasets/c5yvn32dzg/files/f82dfce2-cff6-4454-b724-d5992bf481a0/file_downloaded,https://prod-dcd-datasets-public-files-eu-west-1.s3.eu-west-1.amazonaws.com/b3de0e09-ee5d-425e-ad98-24bafa9a249f
coffee_healthy,coffee_healthy,C6P10E1.jpg,rocole:C6P10,https://data.mendeley.com/public-files/datasets/c5yvn32dzg/files/064ff62e-af50-4f73-b3c3-dd67cfddeb1c/file_downloaded,https://prod-dcd-datasets-public-files-eu-west-1.s3.eu-west-1.amazonaws.com/0f43d704-a637-4641-9498-e5d65ac6bfb5
coffee_healthy,coffee_healthy,C6P10H1.jpg,rocole:C6P10,https://data.mendeley.com/public-files/datasets/c5yvn32dzg/files/a534ae20-849d-490f-8816-64f0d1e5716a/file_downloaded,https://prod-dcd-datasets-public-files-eu-west-1.s3.eu-west-1.amazonaws.com/b5c325d2-d7fb-4b5a-80f0-9545487d4343
coffee_healthy,coffee_healthy,C6P11E1.jpg,rocole:C6P11,https://data.mendeley.com/public-files/datasets/c5yvn32dzg/files/e2feb9ee-eb9c-4b7b-b42e-bef7be915a72/file_downloaded,https://prod-dcd-datasets-public-files-eu-west-1.s3.eu-west-1.amazonaws.com/46ce5ef1-000d-4e8a-897e-cfc3646fa58a
coffee_healthy,coffee_healthy,C6P11H1.jpg,rocole:C6P11,https://data.mendeley.com/public-files/datasets/c5yvn32dzg/files/a8796d13-ae7f-433e-a1a0-0c5ab3103b37/file_downloaded,https://prod-dcd-datasets-public-files-eu-west-1.s3.eu-west-1.amazonaws.com/94cb0e0d-5dac-4b36-b5e5-f3060774c366
coffee_healthy,coffee_healthy,C6P12E1.jpg,rocole:C6P12,https://data.mendeley.com/public-files/datasets/c5yvn32dzg/files/0d2ad77b-2fa3-400f-8690-cebdb751cf85/file_downloaded,https://prod-dcd-datasets-public-files-eu-west-1.s3.eu-west-1.amazonaws.com/9f083304-a21b-4b6a-977d-d7f25be632ce
coffee_healthy,coffee_healthy,C6P12H1.jpg,rocole:C6P12,https://data.mendeley.com/public-files/datasets/c5yvn32dzg/files/6beeb9f6-e33b-4d84-8fad-b1caccfe31da/file_downloaded,https://prod-dcd-datasets-public-files-eu-west-1.s3.eu-west-1.amazonaws.com/829ae47a-128d-4af9-bca7-46af5834c471
coffee_healthy,coffee_healthy,C6P13E1.jpg,rocole:C6P13,https://data.mendeley.com/public-files/datasets/c5yvn32dzg/files/7730d010-f1b2-4b02-8fc3-a940a86b2758/file_downloaded,https://prod-dcd-datasets-public-files-eu-west-1.s3.eu-west-1.amazonaws.com/be786f51-2844-4111-9197-18818a0bd266
coffee_healthy,coffee_healthy,C6P13H1.jpg,rocole:C6P13,https://data.mendeley.com/public-files/datasets/c5yvn32dzg/files/69c904f2-fa5b-47d0-9034-fbdc781df782/file_downloaded,https://prod-dcd-datasets-public-files-eu-west-1.s3.eu-west-1.amazonaws.com/7ac32a90-2c81-4412-bc54-64b3b1820a6b
coffee_healthy,coffee_healthy,C6P14E1.jpg,rocole:C6P14,https://data.mendeley.com/public-files/datasets/c5yvn32dzg/files/5c46a2c3-197f-4d98-a582-94451871c424/file_downloaded,https://prod-dcd-datasets-public-files-eu-west-1.s3.eu-west-1.amazonaws.com/b0be6097-49ae-4bd7-b230-745fafb7c99a
coffee_healthy,coffee_healthy,C6P14E2.jpg,rocole:C6P14,https://data.mendeley.com/public-files/datasets/c5yvn32dzg/files/da68bdfc-7205-4b44-9780-38dc677f3991/file_downloaded,https://prod-dcd-datasets-public-files-eu-west-1.s3.eu-west-1.amazonaws.com/999e562f-3d2b-4104-9a9c-7c0c2c50f96e
coffee_healthy,coffee_healthy,C6P14H1.jpg,rocole:C6P14,https://data.mendeley.com/public-files/datasets/c5yvn32dzg/files/530771bf-02b1-4507-86ff-7445ba97a20d/file_downloaded,https://prod-dcd-datasets-public-files-eu-west-1.s3.eu-west-1.amazonaws.com/97d3de5e-f81a-4315-b650-f29ca398bdd9
coffee_healthy,coffee_healthy,C6P16E1.jpg,rocole:C6P16,https://data.mendeley.com/public-files/datasets/c5yvn32dzg/files/3d620030-49ba-4989-9d89-cef5b023c510/file_downloaded,https://prod-dcd-datasets-public-files-eu-west-1.s3.eu-west-1.amazonaws.com/c45155dc-11b0-4e96-a28c-f3cee43d540b
coffee_healthy,coffee_healthy,C6P16H1.jpg,rocole:C6P16,https://data.mendeley.com/public-files/datasets/c5yvn32dzg/files/5489ea20-504d-4d8a-8a35-2c1aaab77363/file_downloaded,https://prod-dcd-datasets-public-files-eu-west-1.s3.eu-west-1.amazonaws.com/64a640b8-47bf-4a7c-9200-2af0e6c44cdd
coffee_healthy,coffee_healthy,C6P1E1.jpg,rocole:C6P1,https://data.mendeley.com/public-files/datasets/c5yvn32dzg/files/7c4574c5-2bec-4fd1-bd7c-6fc619758f18/file_downloaded,https://prod-dcd-datasets-public-files-eu-west-1.s3.eu-west-1.amazonaws.com/4dbfe454-f730-4ab6-b6f9-5fc6cad96ee7
coffee_healthy,coffee_healthy,C6P1H1.jpg,rocole:C6P1,https://data.mendeley.com/public-files/datasets/c5yvn32dzg/files/4bd287cd-9591-44ad-9b4b-85524361c14c/file_downloaded,https://prod-dcd-datasets-public-files-eu-west-1.s3.eu-west-1.amazonaws.com/b13f18cd-5a4a-480b-82f2-46c20520e6a3
coffee_healthy,coffee_healthy,C6P20E1.jpg,rocole:C6P20,https://data.mendeley.com/public-files/datasets/c5yvn32dzg/files/d5f753bf-16db-4dcd-9eff-7391666e7bf5/file_downloaded,https://prod-dcd-datasets-public-files-eu-west-1.s3.eu-west-1.amazonaws.com/50db0143-f6c5-4af2-acd7-edc2b3cce5fb
coffee_healthy,coffee_healthy,C6P20H1.jpg,rocole:C6P20,https://data.mendeley.com/public-files/datasets/c5yvn32dzg/files/982b696c-c48e-4da7-8d52-d4efebb9f9ea/file_downloaded,https://prod-dcd-datasets-public-files-eu-west-1.s3.eu-west-1.amazonaws.com/05462238-55d3-45c1-9eda-bf7347bc0d3c
coffee_healthy,coffee_healthy,C6P21E2.jpg,rocole:C6P21,https://data.mendeley.com/public-files/datasets/c5yvn32dzg/files/08bc8f24-d76d-4d35-8820-997a58e3adc0/file_downloaded,https://prod-dcd-datasets-public-files-eu-west-1.s3.eu-west-1.amazonaws.com/f907cd89-e57b-43d4-8a46-9cb1e9a0fd5b
coffee_healthy,coffee_healthy,C6P21H2.jpg,rocole:C6P21,https://data.mendeley.com/public-files/datasets/c5yvn32dzg/files/799ae757-284c-491a-a60d-a3956a452249/file_downloaded,https://prod-dcd-datasets-public-files-eu-west-1.s3.eu-west-1.amazonaws.com/b85f310a-4f44-4b9b-81b7-a2ef1b61e9bc
coffee_healthy,coffee_healthy,C6P22E1.jpg,rocole:C6P22,https://data.mendeley.com/public-files/datasets/c5yvn32dzg/files/34cc49e5-1dff-43d3-9933-355306f7771a/file_downloaded,https://prod-dcd-datasets-public-files-eu-west-1.s3.eu-west-1.amazonaws.com/55baaed7-dd20-442c-a126-324e043f46da
coffee_healthy,coffee_healthy,C6P22H1.jpg,rocole:C6P22,https://data.mendeley.com/public-files/datasets/c5yvn32dzg/files/203e90df-ef92-451b-8794-a26fda443d52/file_downloaded,https://prod-dcd-datasets-public-files-eu-west-1.s3.eu-west-1.amazonaws.com/075dd5d7-4c62-4aff-888a-0d20a26d8b13
coffee_healthy,coffee_healthy,C6P24E1.jpg,rocole:C6P24,https://data.mendeley.com/public-files/datasets/c5yvn32dzg/files/884469ec-55c4-4a97-a3b4-b142e8b417e7/file_downloaded,https://prod-dcd-datasets-public-files-eu-west-1.s3.eu-west-1.amazonaws.com/1daa97cd-cac1-46a7-8d74-3de28342d0b3
coffee_healthy,coffee_healthy,C6P24H1.jpg,rocole:C6P24,https://data.mendeley.com/public-files/datasets/c5yvn32dzg/files/ddb5411c-f825-4888-87c7-f7b2a8af1438/file_downloaded,https://prod-dcd-datasets-public-files-eu-west-1.s3.eu-west-1.amazonaws.com/255aee84-c3df-43ce-9d2c-de9a9f87f7a1
coffee_healthy,coffee_healthy,C6P25E1.jpg,rocole:C6P25,https://data.mendeley.com/public-files/datasets/c5yvn32dzg/files/86c359e7-63bf-4296-bace-fba6ca54535f/file_downloaded,https://prod-dcd-datasets-public-files-eu-west-1.s3.eu-west-1.amazonaws.com/7dbf0384-5a24-4a18-abaf-066a32b80f47
coffee_healthy,coffee_healthy,C6P25E2.jpg,rocole:C6P25,https://data.mendeley.com/public-files/datasets/c5yvn32dzg/files/8a738392-5873-45a4-a49f-b66959cec6aa/file_downloaded,https://prod-dcd-datasets-public-files-eu-west-1.s3.eu-west-1.amazonaws.com/3ce16c18-b59b-4fbd-bdac-f949a2b1e758
coffee_healthy,coffee_healthy,C6P25H2.jpg,rocole:C6P25,https://data.mendeley.com/public-files/datasets/c5yvn32dzg/files/aecc639a-05c4-4b9f-ba47-41fca770c9bc/file_downloaded,https://prod-dcd-datasets-public-files-eu-west-1.s3.eu-west-1.amazonaws.com/0a434f77-dbe2-44d5-95a7-6d077c14bddc
coffee_healthy,coffee_healthy,C6P27E2.jpg,rocole:C6P27,https://data.mendeley.com/public-files/datasets/c5yvn32dzg/files/e1b949d8-06ae-49b0-8659-c32cfa09bc44/file_downloaded,https://prod-dcd-datasets-public-files-eu-west-1.s3.eu-west-1.amazonaws.com/76d40e9d-8864-4cb4-8c70-f475e5b673c5
coffee_healthy,coffee_healthy,C6P27H2.jpg,rocole:C6P27,https://data.mendeley.com/public-files/datasets/c5yvn32dzg/files/ebcfcba4-37f1-4cb7-a2dd-e4f3fd9bcb41/file_downloaded,https://prod-dcd-datasets-public-files-eu-west-1.s3.eu-west-1.amazonaws.com/a7017eec-bb64-40cf-b186-f79e624496ea
coffee_healthy,coffee_healthy,C6P28E1.jpg,rocole:C6P28,https://data.mendeley.com/public-files/datasets/c5yvn32dzg/files/ecb691f1-ba27-4cb5-8a79-433ffab0bc01/file_downloaded,https://prod-dcd-datasets-public-files-eu-west-1.s3.eu-west-1.amazonaws.com/ea48ac1e-4a95-426c-9b62-9710f287cce8
coffee_healthy,coffee_healthy,C6P28H1.jpg,rocole:C6P28,https://data.mendeley.com/public-files/datasets/c5yvn32dzg/files/3f8c6bdf-1e44-4260-a7d3-d07eb5bd7900/file_downloaded,https://prod-dcd-datasets-public-files-eu-west-1.s3.eu-west-1.amazonaws.com/32be5436-1dd9-4064-b7f3-497401823da3
coffee_healthy,coffee_healthy,C6P29E1.jpg,rocole:C6P29,https://data.mendeley.com/public-files/datasets/c5yvn32dzg/files/528def28-842c-45ec-8d5c-32b3e7a25f8b/file_downloaded,https://prod-dcd-datasets-public-files-eu-west-1.s3.eu-west-1.amazonaws.com/61b87ce1-0824-4e23-8bcc-cff43e64e4fd
coffee_healthy,coffee_healthy,C6P29E2.jpg,rocole:C6P29,https://data.mendeley.com/public-files/datasets/c5yvn32dzg/files/5b884b4b-312d-4be3-bc67-7b42b7d22f1e/file_downloaded,https://prod-dcd-datasets-public-files-eu-west-1.s3.eu-west-1.amazonaws.com/fdf99aa2-ff78-4be5-9c89-802df815fd68
coffee_healthy,coffee_healthy,C6P29H1.jpg,rocole:C6P29,https://data.mendeley.com/public-files/datasets/c5yvn32dzg/files/48e744bc-96df-424b-9422-85c2577554b5/file_downloaded,https://prod-dcd-datasets-public-files-eu-west-1.s3.eu-west-1.amazonaws.com/6fa80f5a-578f-433c-9df3-baaff28e38fa
coffee_healthy,coffee_healthy,C6P29H2.jpg,rocole:C6P29,https://data.mendeley.com/public-files/datasets/c5yvn32dzg/files/7c394521-1753-4314-a4fd-f0543212c805/file_downloaded,https://prod-dcd-datasets-public-files-eu-west-1.s3.eu-west-1.amazonaws.com/b4dcccc5-77dc-4f99-bf2c-70af4053472d
coffee_healthy,coffee_healthy,C6P31E2.jpg,rocole:C6P31,https://data.mendeley.com/public-files/datasets/c5yvn32dzg/files/f2765e88-eda4-4265-bab1-3a0177447f26/file_downloaded,https://prod-dcd-datasets-public-files-eu-west-1.s3.eu-west-1.amazonaws.com/3c16ba0b-5d00-439c-8173-4379a6249cec
coffee_healthy,coffee_healthy,C6P31H2.jpg,rocole:C6P31,https://data.mendeley.com/public-files/datasets/c5yvn32dzg/files/0a290685-c2d6-453e-8dd4-6c12f3229d0e/file_downloaded,https://prod-dcd-datasets-public-files-eu-west-1.s3.eu-west-1.amazonaws.com/f6004398-7e93-426b-bd1c-a1aea23547b3
coffee_healthy,coffee_healthy,C6P32E2.jpg,rocole:C6P32,https://data.mendeley.com/public-files/datasets/c5yvn32dzg/files/d608ba90-ffd1-4228-b1a1-d7a4473fd329/file_downloaded,https://prod-dcd-datasets-public-files-eu-west-1.s3.eu-west-1.amazonaws.com/6e02b7cd-f794-4b62-ad51-f0ccc06777ea
coffee_healthy,coffee_healthy,C6P32H2.jpg,rocole:C6P32,https://data.mendeley.com/public-files/datasets/c5yvn32dzg/files/c37c0d54-e6b7-43c4-b3a5-8e7fb481eff1/file_downloaded,https://prod-dcd-datasets-public-files-eu-west-1.s3.eu-west-1.amazonaws.com/4774a1fb-66f5-4fa2-b7dd-7c9fbacbeff2
coffee_healthy,coffee_healthy,C6P33E1.jpg,rocole:C6P33,https://data.mendeley.com/public-files/datasets/c5yvn32dzg/files/048a9be6-dbd9-4f9d-b949-2a7dde59440c/file_downloaded,https://prod-dcd-datasets-public-files-eu-west-1.s3.eu-west-1.amazonaws.com/ff519921-a78c-4f5e-968a-59d58eb04010
coffee_healthy,coffee_healthy,C6P33H1.jpg,rocole:C6P33,https://data.mendeley.com/public-files/datasets/c5yvn32dzg/files/20edc288-dd1d-4144-83a6-700d4d8a09ab/file_downloaded,https://prod-dcd-datasets-public-files-eu-west-1.s3.eu-west-1.amazonaws.com/b841c023-31e5-4592-89a1-3f42eac5a39a
coffee_healthy,coffee_healthy,C6P34E2.jpg,rocole:C6P34,https://data.mendeley.com/public-files/datasets/c5yvn32dzg/files/5838c26d-7a24-4e64-9166-e823de683ab4/file_downloaded,https://prod-dcd-datasets-public-files-eu-west-1.s3.eu-west-1.amazonaws.com/51908985-12ed-41fa-8574-c1db1a47ad32
coffee_healthy,coffee_healthy,C6P34H2.jpg,rocole:C6P34,https://data.mendeley.com/public-files/datasets/c5yvn32dzg/files/329bab4e-79c2-4b04-a914-d297e472bde4/file_downloaded,https://prod-dcd-datasets-public-files-eu-west-1.s3.eu-west-1.amazonaws.com/5b7efe12-0da8-4dba-be4c-73bd2b742443
coffee_healthy,coffee_healthy,C6P35E1.jpg,rocole:C6P35,https://data.mendeley.com/public-files/datasets/c5yvn32dzg/files/97602d19-b0df-4b1a-ae42-17f2e3c04669/file_downloaded,https://prod-dcd-datasets-public-files-eu-west-1.s3.eu-west-1.amazonaws.com/0b61e929-fc55-4548-8ec9-1866722aa16a
coffee_healthy,coffee_healthy,C6P35H1.jpg,rocole:C6P35,https://data.mendeley.com/public-files/datasets/c5yvn32dzg/files/d08edfff-1326-4182-9ead-5be4e5664a90/file_downloaded,https://prod-dcd-datasets-public-files-eu-west-1.s3.eu-west-1.amazonaws.com/667b5f06-58ce-4c1d-9834-8839cd128dbb
coffee_healthy,coffee_healthy,C6P36E1.jpg,rocole:C6P36,https://data.mendeley.com/public-files/datasets/c5yvn32dzg/files/3428573f-3552-4573-8080-a7dc308a625d/file_downloaded,https://prod-dcd-datasets-public-files-eu-west-1.s3.eu-west-1.amazonaws.com/80f852ce-37dd-4e9e-8d7e-aa293de08187
coffee_healthy,coffee_healthy,C6P36H1.jpg,rocole:C6P36,https://data.mendeley.com/public-files/datasets/c5yvn32dzg/files/16271203-4024-4c09-a13e-55c48d51c913/file_downloaded,https://prod-dcd-datasets-public-files-eu-west-1.s3.eu-west-1.amazonaws.com/2102e83d-7434-4554-936e-84d31ac3b0a6
coffee_healthy,coffee_healthy,C6P37E2.jpg,rocole:C6P37,https://data.mendeley.com/public-files/datasets/c5yvn32dzg/files/b7eed165-82b9-43d0-8e81-95638c5c38ab/file_downloaded,https://prod-dcd-datasets-public-files-eu-west-1.s3.eu-west-1.amazonaws.com/652ea227-b607-4b8f-9026-465df753920b
coffee_healthy,coffee_healthy,C6P37H2.jpg,rocole:C6P37,https://data.mendeley.com/public-files/datasets/c5yvn32dzg/files/5f44a939-5c8c-440b-ab7c-aa07d65b8d25/file_downloaded,https://prod-dcd-datasets-public-files-eu-west-1.s3.eu-west-1.amazonaws.com/34569d1b-b043-498d-8953-b677b640af7b
coffee_healthy,coffee_healthy,C6P39E1.jpg,rocole:C6P39,https://data.mendeley.com/public-files/datasets/c5yvn32dzg/files/4fe88546-9e28-4820-bec2-2a4b0afdba0c/file_downloaded,https://prod-dcd-datasets-public-files-eu-west-1.s3.eu-west-1.amazonaws.com/4ce707c4-1400-43e8-b528-067e89fca029
coffee_healthy,coffee_healthy,C6P39H1.jpg,rocole:C6P39,https://data.mendeley.com/public-files/datasets/c5yvn32dzg/files/54b09976-f3ee-4a30-9f31-9d351ac34895/file_downloaded,https://prod-dcd-datasets-public-files-eu-west-1.s3.eu-west-1.amazonaws.com/421090fb-53f8-4ed5-acf7-623c28e41ae0
coffee_healthy,coffee_healthy,C6P3E1.jpg,rocole:C6P3,https://data.mendeley.com/public-files/datasets/c5yvn32dzg/files/f02bb732-23e2-4574-b709-4a8981c8ed1e/file_downloaded,https://prod-dcd-datasets-public-files-eu-west-1.s3.eu-west-1.amazonaws.com/ea454030-d590-4339-ab42-ebb3a32c10ce
coffee_healthy,coffee_healthy,C6P3H1.jpg,rocole:C6P3,https://data.mendeley.com/public-files/datasets/c5yvn32dzg/files/e73e4493-f863-482b-bbeb-7a5d7872047c/file_downloaded,https://prod-dcd-datasets-public-files-eu-west-1.s3.eu-west-1.amazonaws.com/5fe07733-b15d-4520-abc6-80a18604210a
coffee_healthy,coffee_healthy,C6P40E1.jpg,rocole:C6P40,https://data.mendeley.com/public-files/datasets/c5yvn32dzg/files/ba87f342-6340-45e7-a6e5-e7579e152180/file_downloaded,https://prod-dcd-datasets-public-files-eu-west-1.s3.eu-west-1.amazonaws.com/df276a1c-e855-486c-803c-8b1e92381fa5
coffee_healthy,coffee_healthy,C6P40H1.jpg,rocole:C6P40,https://data.mendeley.com/public-files/datasets/c5yvn32dzg/files/e4f0d865-fce0-4b34-88c1-41997e50249c/file_downloaded,https://prod-dcd-datasets-public-files-eu-west-1.s3.eu-west-1.amazonaws.com/19ec75e2-9345-4336-bed6-dc91402608bd
coffee_healthy,coffee_healthy,C6P4E1.jpg,rocole:C6P4,https://data.mendeley.com/public-files/datasets/c5yvn32dzg/files/910c28f2-f0db-4629-b61e-70b126293304/file_downloaded,https://prod-dcd-datasets-public-files-eu-west-1.s3.eu-west-1.amazonaws.com/4e38109f-bc3d-48df-bbf7-4c3829f710fe
coffee_healthy,coffee_healthy,C6P4H1.jpg,rocole:C6P4,https://data.mendeley.com/public-files/datasets/c5yvn32dzg/files/49a6332b-48d8-4b56-84d9-929bb8d88cbf/file_downloaded,https://prod-dcd-datasets-public-files-eu-west-1.s3.eu-west-1.amazonaws.com/42c10106-c1ef-48fa-ad8e-b5317a9f9228
coffee_healthy,coffee_healthy,C6P5E2.jpg,rocole:C6P5,https://data.mendeley.com/public-files/datasets/c5yvn32dzg/files/ca4587a2-3173-440c-b288-20c220640841/file_downloaded,https://prod-dcd-datasets-public-files-eu-west-1.s3.eu-west-1.amazonaws.com/e9b1e77e-ba3f-4509-b0dd-61a86090ca24
coffee_healthy,coffee_healthy,C6P5H2.jpg,rocole:C6P5,https://data.mendeley.com/public-files/datasets/c5yvn32dzg/files/5a7604bb-21f1-450c-814a-771882e194d3/file_downloaded,https://prod-dcd-datasets-public-files-eu-west-1.s3.eu-west-1.amazonaws.com/6ff504f0-178f-447d-a2ce-29bbf6a0f6da
coffee_healthy,coffee_healthy,C6P6E1.jpg,rocole:C6P6,https://data.mendeley.com/public-files/datasets/c5yvn32dzg/files/885eec64-c139-47b0-b7b7-2a14f90e5a1c/file_downloaded,https://prod-dcd-datasets-public-files-eu-west-1.s3.eu-west-1.amazonaws.com/2a7e176e-5888-4357-8700-39bdb502b636
coffee_healthy,coffee_healthy,C6P6H1.jpg,rocole:C6P6,https://data.mendeley.com/public-files/datasets/c5yvn32dzg/files/e213d935-cffc-41f2-92cc-865562a76aed/file_downloaded,https://prod-dcd-datasets-public-files-eu-west-1.s3.eu-west-1.amazonaws.com/3fa13c86-b729-40be-9a7e-3748e275c412
coffee_healthy,coffee_healthy,C6P8E1.jpg,rocole:C6P8,https://data.mendeley.com/public-files/datasets/c5yvn32dzg/files/2eaae6cc-d27e-4e59-aafa-ea82ce5b310a/file_downloaded,https://prod-dcd-datasets-public-files-eu-west-1.s3.eu-west-1.amazonaws.com/32842589-0b17-4465-8a5b-58f603e63df5
coffee_healthy,coffee_healthy,C6P8H1.jpg,rocole:C6P8,https://data.mendeley.com/public-files/datasets/c5yvn32dzg/files/3678b219-4a6a-44a1-835a-e583e0d45dc4/file_downloaded,https://prod-dcd-datasets-public-files-eu-west-1.s3.eu-west-1.amazonaws.com/00113d1b-a510-4f10-97d6-8a607af92f07
coffee_healthy,coffee_healthy,C6P9E1.jpg,rocole:C6P9,https://data.mendeley.com/public-files/datasets/c5yvn32dzg/files/e5eec23f-c7d7-4720-b7b1-597a4b5d6115/file_downloaded,https://prod-dcd-datasets-public-files-eu-west-1.s3.eu-west-1.amazonaws.com/6931b2b0-21b1-4429-9b8c-46f03cfc9996
coffee_healthy,coffee_healthy,C6P9H1.jpg,rocole:C6P9,https://data.mendeley.com/public-files/datasets/c5yvn32dzg/files/6de1aae9-f5fe-4a38-ad8c-b566fc6f9314/file_downloaded,https://prod-dcd-datasets-public-files-eu-west-1.s3.eu-west-1.amazonaws.com/945ee36b-aa7d-48dc-a338-8892c6245c7c
coffee_healthy,coffee_healthy,C7P10E1.jpg,rocole:C7P10,https://data.mendeley.com/public-files/datasets/c5yvn32dzg/files/658cbbeb-c39a-4138-abbb-85e5fb582b2c/file_downloaded,https://prod-dcd-datasets-public-files-eu-west-1.s3.eu-west-1.amazonaws.com/4c0754c3-384c-4ba4-abef-6d609d0e6794
coffee_healthy,coffee_healthy,C7P10H1.jpg,rocole:C7P10,https://data.mendeley.com/public-files/datasets/c5yvn32dzg/files/9a9b0a46-219d-48f2-bb69-508b5c180ec1/file_downloaded,https://prod-dcd-datasets-public-files-eu-west-1.s3.eu-west-1.amazonaws.com/068719a8-5169-4c78-a0e4-20bb2b66097a
coffee_healthy,coffee_healthy,C7P11E2.jpg,rocole:C7P11,https://data.mendeley.com/public-files/datasets/c5yvn32dzg/files/5f64115a-0114-4a4d-bdb3-414426654a4e/file_downloaded,https://prod-dcd-datasets-public-files-eu-west-1.s3.eu-west-1.amazonaws.com/870c4736-423c-4287-a3c4-3f9d53b005de
coffee_healthy,coffee_healthy,C7P11H2.jpg,rocole:C7P11,https://data.mendeley.com/public-files/datasets/c5yvn32dzg/files/882974df-9803-465a-b1be-aaa480fa4c12/file_downloaded,https://prod-dcd-datasets-public-files-eu-west-1.s3.eu-west-1.amazonaws.com/88178ffa-9a27-4785-b38d-7411af6829fc
coffee_healthy,coffee_healthy,C7P13E1.jpg,rocole:C7P13,https://data.mendeley.com/public-files/datasets/c5yvn32dzg/files/37589df6-bbab-45a4-afe9-2c81a8aeb986/file_downloaded,https://prod-dcd-datasets-public-files-eu-west-1.s3.eu-west-1.amazonaws.com/c0175f7b-b6d7-4281-9873-292282559a09
coffee_healthy,coffee_healthy,C7P13E2.jpg,rocole:C7P13,https://data.mendeley.com/public-files/datasets/c5yvn32dzg/files/26a1d516-85f5-4ece-9ea4-e943413ce67a/file_downloaded,https://prod-dcd-datasets-public-files-eu-west-1.s3.eu-west-1.amazonaws.com/05d79c70-4983-465c-aad6-ae4ee0b7d2a6
coffee_healthy,coffee_healthy,C7P13H1.jpg,rocole:C7P13,https://data.mendeley.com/public-files/datasets/c5yvn32dzg/files/20026de5-8b27-4c19-8015-42e69e3f882c/file_downloaded,https://prod-dcd-datasets-public-files-eu-west-1.s3.eu-west-1.amazonaws.com/c2269723-33b0-4e4a-ad1e-80985945a7a4
coffee_healthy,coffee_healthy,C7P13H2.jpg,rocole:C7P13,https://data.mendeley.com/public-files/datasets/c5yvn32dzg/files/300d6425-1c0a-4f4b-bedb-1fba73649b2d/file_downloaded,https://prod-dcd-datasets-public-files-eu-west-1.s3.eu-west-1.amazonaws.com/a0a9d747-b1cf-41dc-b7d2-28c0c04355dc
coffee_healthy,coffee_healthy,C7P15E2.jpg,rocole:C7P15,https://data.mendeley.com/public-files/datasets/c5yvn32dzg/files/5a09c405-7219-48b6-8845-35f88f28e9a0/file_downloaded,https://prod-dcd-datasets-public-files-eu-west-1.s3.eu-west-1.amazonaws.com/fc4f0993-9d15-4c90-a8ab-692162b52bb6
coffee_healthy,coffee_healthy,C7P15H2.jpg,rocole:C7P15,https://data.mendeley.com/public-files/datasets/c5yvn32dzg/files/2c254f2f-31ac-460e-9e40-032e0c168449/file_downloaded,https://prod-dcd-datasets-public-files-eu-west-1.s3.eu-west-1.amazonaws.com/82c62778-e692-4a13-a2ad-40badbfd9795
coffee_healthy,coffee_healthy,C7P17E1.jpg,rocole:C7P17,https://data.mendeley.com/public-files/datasets/c5yvn32dzg/files/fd56906b-0ebd-4305-849f-489067a5d5e8/file_downloaded,https://prod-dcd-datasets-public-files-eu-west-1.s3.eu-west-1.amazonaws.com/f54f3b99-af79-4e37-a992-47878d15f1ce
coffee_healthy,coffee_healthy,C7P17H1.jpg,rocole:C7P17,https://data.mendeley.com/public-files/datasets/c5yvn32dzg/files/cecdb8b7-d664-4081-80c5-f61e7a3c8aaa/file_downloaded,https://prod-dcd-datasets-public-files-eu-west-1.s3.eu-west-1.amazonaws.com/6fc93944-05a5-48db-9e55-36c3cdbbec01
coffee_healthy,coffee_healthy,C7P18E2.jpg,rocole:C7P18,https://data.mendeley.com/public-files/datasets/c5yvn32dzg/files/6bba614d-1a74-40dc-9f7e-e4bbcc460180/file_downloaded,https://prod-dcd-datasets-public-files-eu-west-1.s3.eu-west-1.amazonaws.com/1f71f60b-0482-4e64-9881-b3e783c1816b
coffee_healthy,coffee_healthy,C7P18H2.jpg,rocole:C7P18,https://data.mendeley.com/public-files/datasets/c5yvn32dzg/files/9b1eedad-afcf-4f35-9918-09f6488305db/file_downloaded,https://prod-dcd-datasets-public-files-eu-west-1.s3.eu-west-1.amazonaws.com/31491d4f-db7c-436f-8a71-b42b6e221106
coffee_healthy,coffee_healthy,C7P19E2.jpg,rocole:C7P19,https://data.mendeley.com/public-files/datasets/c5yvn32dzg/files/8abc6a7a-5720-4c37-9de5-452b3ef9ff16/file_downloaded,https://prod-dcd-datasets-public-files-eu-west-1.s3.eu-west-1.amazonaws.com/e6dde163-4a98-49f5-b8f1-6cdf02114a02
coffee_healthy,coffee_healthy,C7P19H2.jpg,rocole:C7P19,https://data.mendeley.com/public-files/datasets/c5yvn32dzg/files/38727972-2d53-419f-bd99-fa37820098ca/file_downloaded,https://prod-dcd-datasets-public-files-eu-west-1.s3.eu-west-1.amazonaws.com/c7ddc2a9-afef-4c0f-9d54-3b1ec71deab3
coffee_healthy,coffee_healthy,C7P20E1.jpg,rocole:C7P20,https://data.mendeley.com/public-files/datasets/c5yvn32dzg/files/d49a6cc5-0d4e-4a1a-8d30-d078f5809087/file_downloaded,https://prod-dcd-datasets-public-files-eu-west-1.s3.eu-west-1.amazonaws.com/d0fc237a-356c-4a35-8121-877fbdc781b7
coffee_healthy,coffee_healthy,C7P20H1.jpg,rocole:C7P20,https://data.mendeley.com/public-files/datasets/c5yvn32dzg/files/f4a9f097-b548-4385-841b-6060655db19b/file_downloaded,https://prod-dcd-datasets-public-files-eu-west-1.s3.eu-west-1.amazonaws.com/274b73ed-ae93-4a3d-88fa-bb0c1f91649c
coffee_healthy,coffee_healthy,C7P21E1.jpg,rocole:C7P21,https://data.mendeley.com/public-files/datasets/c5yvn32dzg/files/6f96b4c9-92c9-4b78-a8e3-efb0c9ac3a89/file_downloaded,https://prod-dcd-datasets-public-files-eu-west-1.s3.eu-west-1.amazonaws.com/6cd89ade-c0a9-4eeb-903a-e3e4f02a1064
coffee_healthy,coffee_healthy,C7P21H1.jpg,rocole:C7P21,https://data.mendeley.com/public-files/datasets/c5yvn32dzg/files/544bc9a6-0b69-44d7-8768-d135862a198b/file_downloaded,https://prod-dcd-datasets-public-files-eu-west-1.s3.eu-west-1.amazonaws.com/5de38f7a-3f61-4935-ba54-bb9ab53c6bcb
coffee_healthy,coffee_healthy,C7P22E2.jpg,rocole:C7P22,https://data.mendeley.com/public-files/datasets/c5yvn32dzg/files/0070c5e2-e6aa-41c2-bb31-520620e5c53f/file_downloaded,https://prod-dcd-datasets-public-files-eu-west-1.s3.eu-west-1.amazonaws.com/19f27f7b-7ccf-4521-b074-fc811ff1a110
coffee_healthy,coffee_healthy,C7P22H2.jpg,rocole:C7P22,https://data.mendeley.com/public-files/datasets/c5yvn32dzg/files/e49a3234-e607-4d1c-98bc-da2908e3fa41/file_downloaded,https://prod-dcd-datasets-public-files-eu-west-1.s3.eu-west-1.amazonaws.com/b461e96e-8ee8-444e-89b3-eb74fcfa4535
coffee_healthy,coffee_healthy,C7P23E1.jpg,rocole:C7P23,https://data.mendeley.com/public-files/datasets/c5yvn32dzg/files/f9a0b1a1-0a00-4c91-9bad-8b5b6b01bd06/file_downloaded,https://prod-dcd-datasets-public-files-eu-west-1.s3.eu-west-1.amazonaws.com/7ea02b0d-0c0c-41a3-b159-6d6c8e780679
coffee_healthy,coffee_healthy,C7P23H1.jpg,rocole:C7P23,https://data.mendeley.com/public-files/datasets/c5yvn32dzg/files/bd22d3d9-8302-4f78-9472-aa1ebcecc8eb/file_downloaded,https://prod-dcd-datasets-public-files-eu-west-1.s3.eu-west-1.amazonaws.com/a4c0344a-93fe-48f2-accb-e8fa56137f99
coffee_healthy,coffee_healthy,C7P23H2.jpg,rocole:C7P23,https://data.mendeley.com/public-files/datasets/c5yvn32dzg/files/76699b09-8e8b-4a69-ba8a-66fad1b9e24f/file_downloaded,https://prod-dcd-datasets-public-files-eu-west-1.s3.eu-west-1.amazonaws.com/50a4e36f-635a-4747-a718-91aad398256a
coffee_healthy,coffee_healthy,C7P24E1.jpg,rocole:C7P24,https://data.mendeley.com/public-files/datasets/c5yvn32dzg/files/09fe806b-d47b-42f0-8272-9ccc1a99cd54/file_downloaded,https://prod-dcd-datasets-public-files-eu-west-1.s3.eu-west-1.amazonaws.com/f01b07ac-c18c-4d33-9dda-9c8482a8729a
coffee_healthy,coffee_healthy,C7P24H1.jpg,rocole:C7P24,https://data.mendeley.com/public-files/datasets/c5yvn32dzg/files/c8055b40-3109-4806-8915-9ec088cda864/file_downloaded,https://prod-dcd-datasets-public-files-eu-west-1.s3.eu-west-1.amazonaws.com/dc2eae13-adcf-4c03-af72-b277bcb94ec9
coffee_healthy,coffee_healthy,C7P25E2.jpg,rocole:C7P25,https://data.mendeley.com/public-files/datasets/c5yvn32dzg/files/86717dc2-241a-42a8-aee7-d96c66059f17/file_downloaded,https://prod-dcd-datasets-public-files-eu-west-1.s3.eu-west-1.amazonaws.com/549bd085-db54-4a4c-b482-0053a53ab33a
coffee_healthy,coffee_healthy,C7P25H2.jpg,rocole:C7P25,https://data.mendeley.com/public-files/datasets/c5yvn32dzg/files/42f8e24f-e630-4904-8c98-ea4b389d2cfc/file_downloaded,https://prod-dcd-datasets-public-files-eu-west-1.s3.eu-west-1.amazonaws.com/13a09b26-4710-431b-beba-fe430b6fb9f5
coffee_healthy,coffee_healthy,C7P28E1.jpg,rocole:C7P28,https://data.mendeley.com/public-files/datasets/c5yvn32dzg/files/45e2345e-61a3-472c-b605-4d943f772088/file_downloaded,https://prod-dcd-datasets-public-files-eu-west-1.s3.eu-west-1.amazonaws.com/9bc25f70-284a-4795-aeba-b9e88f0ff27a
coffee_healthy,coffee_healthy,C7P28H1.jpg,rocole:C7P28,https://data.mendeley.com/public-files/datasets/c5yvn32dzg/files/f6c32e43-643d-4e9c-b2f7-03e9a3def642/file_downloaded,https://prod-dcd-datasets-public-files-eu-west-1.s3.eu-west-1.amazonaws.com/bc2f72e0-0b94-49f5-8425-acb7ada4d10e
coffee_healthy,coffee_healthy,C7P29E1.jpg,rocole:C7P29,https://data.mendeley.com/public-files/datasets/c5yvn32dzg/files/7091747f-8592-4718-93dd-a858ef96be88/file_downloaded,https://prod-dcd-datasets-public-files-eu-west-1.s3.eu-west-1.amazonaws.com/292386f7-1ce9-4d2c-bca7-185b040c9665
coffee_healthy,coffee_healthy,C7P29H1.jpg,rocole:C7P29,https://data.mendeley.com/public-files/datasets/c5yvn32dzg/files/0ec9db50-e2c9-4c09-9dab-7df522cff900/file_downloaded,https://prod-dcd-datasets-public-files-eu-west-1.s3.eu-west-1.amazonaws.com/b62b882d-48ee-4297-b0a5-0c0c4155343e
coffee_healthy,coffee_healthy,C7P2E2.jpg,rocole:C7P2,https://data.mendeley.com/public-files/datasets/c5yvn32dzg/files/cde5d01b-df8c-4d30-a039-dbda349e2870/file_downloaded,https://prod-dcd-datasets-public-files-eu-west-1.s3.eu-west-1.amazonaws.com/78146021-b04b-4f4d-9a37-58e558a4af78
coffee_healthy,coffee_healthy,C7P2H2.jpg,rocole:C7P2,https://data.mendeley.com/public-files/datasets/c5yvn32dzg/files/62bc2905-3ab6-4097-b4da-d080d58ee048/file_downloaded,https://prod-dcd-datasets-public-files-eu-west-1.s3.eu-west-1.amazonaws.com/47d354c2-82df-411d-8cc6-30ea2f79e05d
coffee_healthy,coffee_healthy,C7P30E2.jpg,rocole:C7P30,https://data.mendeley.com/public-files/datasets/c5yvn32dzg/files/2c3ff1e9-a567-4268-88e1-3417243922d5/file_downloaded,https://prod-dcd-datasets-public-files-eu-west-1.s3.eu-west-1.amazonaws.com/70c8fcf9-c893-466d-a664-73bfee63eef3
coffee_healthy,coffee_healthy,C7P30H2.jpg,rocole:C7P30,https://data.mendeley.com/public-files/datasets/c5yvn32dzg/files/58467802-8308-405a-833c-8ede685c48d8/file_downloaded,https://prod-dcd-datasets-public-files-eu-west-1.s3.eu-west-1.amazonaws.com/7e0d69ba-61c2-4b25-bd5c-ed3ec03b592e
coffee_healthy,coffee_healthy,C7P31E1.jpg,rocole:C7P31,https://data.mendeley.com/public-files/datasets/c5yvn32dzg/files/6d69d67c-43e6-40f4-a3e9-bf758c5df5b0/file_downloaded,https://prod-dcd-datasets-public-files-eu-west-1.s3.eu-west-1.amazonaws.com/b68e37a8-d015-4e9e-84ba-e3b3aff6eb5e
coffee_healthy,coffee_healthy,C7P31H1.jpg,rocole:C7P31,https://data.mendeley.com/public-files/datasets/c5yvn32dzg/files/09cafffc-69b4-4971-a3f9-093cf2d07317/file_downloaded,https://prod-dcd-datasets-public-files-eu-west-1.s3.eu-west-1.amazonaws.com/acd19983-a736-4c84-9aee-2e57ce5ed733
coffee_healthy,coffee_healthy,C7P32E2.jpg,rocole:C7P32,https://data.mendeley.com/public-files/datasets/c5yvn32dzg/files/b8b12cbd-81ce-4591-934b-e2af8303cc65/file_downloaded,https://prod-dcd-datasets-public-files-eu-west-1.s3.eu-west-1.amazonaws.com/6a9121a6-2aae-4c34-ade4-1ff1be51ca2f
coffee_healthy,coffee_healthy,C7P32H2.jpg,rocole:C7P32,https://data.mendeley.com/public-files/datasets/c5yvn32dzg/files/f0d5e744-9f8f-4cf3-9d0d-c32a9130d15f/file_downloaded,https://prod-dcd-datasets-public-files-eu-west-1.s3.eu-west-1.amazonaws.com/eadc50f3-872f-4290-bdfc-9919650bea19
coffee_healthy,coffee_healthy,C7P33E2.jpg,rocole:C7P33,https://data.mendeley.com/public-files/datasets/c5yvn32dzg/files/9970fda9-40f2-48b4-9c46-60a349d7e48d/file_downloaded,https://prod-dcd-datasets-public-files-eu-west-1.s3.eu-west-1.amazonaws.com/8fdefc62-121b-4a78-a716-d800b387cbfe
coffee_healthy,coffee_healthy,C7P33H2.jpg,rocole:C7P33,https://data.mendeley.com/public-files/datasets/c5yvn32dzg/files/e50c209d-656e-4693-856f-a8a44bb4e28a/file_downloaded,https://prod-dcd-datasets-public-files-eu-west-1.s3.eu-west-1.amazonaws.com/65e7f63e-d6d2-48ae-9d18-3e12f0543860
coffee_healthy,coffee_healthy,C7P34E2.jpg,rocole:C7P34,https://data.mendeley.com/public-files/datasets/c5yvn32dzg/files/e5739fb1-4717-4a91-ac78-03c2dc44c36e/file_downloaded,https://prod-dcd-datasets-public-files-eu-west-1.s3.eu-west-1.amazonaws.com/0844360a-0537-4bcf-9cdf-a6abe5960b10
coffee_healthy,coffee_healthy,C7P34H2.jpg,rocole:C7P34,https://data.mendeley.com/public-files/datasets/c5yvn32dzg/files/b85433b4-9144-4fea-8c89-fa69dc854037/file_downloaded,https://prod-dcd-datasets-public-files-eu-west-1.s3.eu-west-1.amazonaws.com/d7f2b0fb-936b-4928-9e95-5e2247a3e61e
coffee_healthy,coffee_healthy,C7P35E1.jpg,rocole:C7P35,https://data.mendeley.com/public-files/datasets/c5yvn32dzg/files/7e85cc08-1cb9-43ff-9ed0-71583d171199/file_downloaded,https://prod-dcd-datasets-public-files-eu-west-1.s3.eu-west-1.amazonaws.com/d722cb58-c1ee-4865-ac9c-a19e06482f1f
coffee_healthy,coffee_healthy,C7P35H1.jpg,rocole:C7P35,https://data.mendeley.com/public-files/datasets/c5yvn32dzg/files/ef496a89-483a-4d38-a719-57139d49c05c/file_downloaded,https://prod-dcd-datasets-public-files-eu-west-1.s3.eu-west-1.amazonaws.com/13d41417-462a-4e2b-bfe6-f8ef9af51a04
coffee_healthy,coffee_healthy,C7P36E1.jpg,rocole:C7P36,https://data.mendeley.com/public-files/datasets/c5yvn32dzg/files/4ea5a04a-ff3b-45e3-8582-8d8ff16aadf9/file_downloaded,https://prod-dcd-datasets-public-files-eu-west-1.s3.eu-west-1.amazonaws.com/d263de94-d628-4601-82f6-ea487f05617c
coffee_healthy,coffee_healthy,C7P36H1.jpg,rocole:C7P36,https://data.mendeley.com/public-files/datasets/c5yvn32dzg/files/6287ad66-efb1-4454-af7d-cbc80c5cbbb5/file_downloaded,https://prod-dcd-datasets-public-files-eu-west-1.s3.eu-west-1.amazonaws.com/375a228f-ab1a-4c73-a90f-2e242433a04b
coffee_healthy,coffee_healthy,C7P38E1.jpg,rocole:C7P38,https://data.mendeley.com/public-files/datasets/c5yvn32dzg/files/7673f910-67d7-45cc-8497-d6a1a9f155b1/file_downloaded,https://prod-dcd-datasets-public-files-eu-west-1.s3.eu-west-1.amazonaws.com/cdf3dee1-ba6d-4335-9d8e-0c2f48d73e55
coffee_healthy,coffee_healthy,C7P38H1.jpg,rocole:C7P38,https://data.mendeley.com/public-files/datasets/c5yvn32dzg/files/a97fb7fd-48c1-4cdb-8158-c2a2378c1a98/file_downloaded,https://prod-dcd-datasets-public-files-eu-west-1.s3.eu-west-1.amazonaws.com/dd8b36ab-7bcb-4b7e-a6b7-f51935bf467d
coffee_healthy,coffee_healthy,C7P39E1.jpg,rocole:C7P39,https://data.mendeley.com/public-files/datasets/c5yvn32dzg/files/c94efb1f-65ed-4bcc-b34d-add1e33b6350/file_downloaded,https://prod-dcd-datasets-public-files-eu-west-1.s3.eu-west-1.amazonaws.com/e723ffe3-0e60-42d0-b245-f3f4f6b3a67f
coffee_healthy,coffee_healthy,C7P39H1.jpg,rocole:C7P39,https://data.mendeley.com/public-files/datasets/c5yvn32dzg/files/1dc378ba-35eb-455f-a2c6-bd78957c5eb3/file_downloaded,https://prod-dcd-datasets-public-files-eu-west-1.s3.eu-west-1.amazonaws.com/1b95479e-df67-4ab1-a38c-db4aafd9dcf2
coffee_healthy,coffee_healthy,C7P3E2.jpg,rocole:C7P3,https://data.mendeley.com/public-files/datasets/c5yvn32dzg/files/1e0e9ebc-0683-4e96-868f-364973325def/file_downloaded,https://prod-dcd-datasets-public-files-eu-west-1.s3.eu-west-1.amazonaws.com/8c55942f-c87b-44f6-b0e8-31f52c70865d
coffee_healthy,coffee_healthy,C7P3H2.jpg,rocole:C7P3,https://data.mendeley.com/public-files/datasets/c5yvn32dzg/files/d2d2cf5e-2854-4e89-8117-c040da4f0b76/file_downloaded,https://prod-dcd-datasets-public-files-eu-west-1.s3.eu-west-1.amazonaws.com/08b260c5-778e-4d10-b6f1-bf35af2dac2a
coffee_healthy,coffee_healthy,C7P40E1.jpg,rocole:C7P40,https://data.mendeley.com/public-files/datasets/c5yvn32dzg/files/7c70ecac-7d80-4e26-ae9a-8a39f570decc/file_downloaded,https://prod-dcd-datasets-public-files-eu-west-1.s3.eu-west-1.amazonaws.com/baf31344-6987-45cc-93d8-bcbd397025bc
coffee_healthy,coffee_healthy,C7P40H1.jpg,rocole:C7P40,https://data.mendeley.com/public-files/datasets/c5yvn32dzg/files/f815fce4-c32b-41f7-89ed-ba29a63551a4/file_downloaded,https://prod-dcd-datasets-public-files-eu-west-1.s3.eu-west-1.amazonaws.com/a95ac1a1-e733-4a4c-acc1-f5430ad0cfaa
coffee_healthy,coffee_healthy,C7P5E2.jpg,rocole:C7P5,https://data.mendeley.com/public-files/datasets/c5yvn32dzg/files/be29b21f-c7c9-4ad1-a529-e13a066ae817/file_downloaded,https://prod-dcd-datasets-public-files-eu-west-1.s3.eu-west-1.amazonaws.com/6466fecb-2166-44d4-83a1-19cb4e790967
coffee_healthy,coffee_healthy,C7P5H2.jpg,rocole:C7P5,https://data.mendeley.com/public-files/datasets/c5yvn32dzg/files/ba2367b4-ffbd-4641-871e-bb2fd80612ac/file_downloaded,https://prod-dcd-datasets-public-files-eu-west-1.s3.eu-west-1.amazonaws.com/7e930aae-5e94-4557-b72d-23ba617a2147
coffee_healthy,coffee_healthy,C7P7E1.jpg,rocole:C7P7,https://data.mendeley.com/public-files/datasets/c5yvn32dzg/files/b3f010c6-9e1e-49af-8f73-a55eda17a1fa/file_downloaded,https://prod-dcd-datasets-public-files-eu-west-1.s3.eu-west-1.amazonaws.com/c670a923-e4a4-4bb4-99e1-66c4a3ccc6be
coffee_healthy,coffee_healthy,C7P7H1.jpg,rocole:C7P7,https://data.mendeley.com/public-files/datasets/c5yvn32dzg/files/7f07d1f2-9f28-4563-814f-71af3532ac12/file_downloaded,https://prod-dcd-datasets-public-files-eu-west-1.s3.eu-west-1.amazonaws.com/50e3c9d9-edc9-4407-931b-bd02985f5848
coffee_healthy,coffee_healthy,C7P8E2.jpg,rocole:C7P8,https://data.mendeley.com/public-files/datasets/c5yvn32dzg/files/c23d4939-2ee7-45bc-81e0-a47bb56ccf59/file_downloaded,https://prod-dcd-datasets-public-files-eu-west-1.s3.eu-west-1.amazonaws.com/1f3f40bf-102e-4db5-89a5-7775f675806d
coffee_healthy,coffee_healthy,C7P8H2.jpg,rocole:C7P8,https://data.mendeley.com/public-files/datasets/c5yvn32dzg/files/57ac3990-38df-4a0e-9afc-fc289ec34166/file_downloaded,https://prod-dcd-datasets-public-files-eu-west-1.s3.eu-west-1.amazonaws.com/5837d1f5-735b-4378-9890-42426ea8d786
coffee_healthy,coffee_healthy,C7P9E2.jpg,rocole:C7P9,https://data.mendeley.com/public-files/datasets/c5yvn32dzg/files/b666d6f5-33a7-43fc-9671-98da182b1e1a/file_downloaded,https://prod-dcd-datasets-public-files-eu-west-1.s3.eu-west-1.amazonaws.com/993f5fc9-03ad-4b5a-8530-1fdb043dda99
coffee_healthy,coffee_healthy,C7P9H1.jpg,rocole:C7P9,https://data.mendeley.com/public-files/datasets/c5yvn32dzg/files/2d509ee8-e5ce-4854-8f51-3063d7eb98c5/file_downloaded,https://prod-dcd-datasets-public-files-eu-west-1.s3.eu-west-1.amazonaws.com/be04b2a5-1c30-440c-9239-f2a87c4de509
coffee_healthy,coffee_healthy,C7P9H2.jpg,rocole:C7P9,https://data.mendeley.com/public-files/datasets/c5yvn32dzg/files/082ff623-57f7-494e-be05-1286038a4484/file_downloaded,https://prod-dcd-datasets-public-files-eu-west-1.s3.eu-west-1.amazonaws.com/98f1af7e-0fee-4c0d-9ef7-973e0ca75388
coffee_healthy,coffee_healthy,C8P10E1.jpg,rocole:C8P10,https://data.mendeley.com/public-files/datasets/c5yvn32dzg/files/5b342f2a-cf7a-4f20-8e78-cccd838c14a6/file_downloaded,https://prod-dcd-datasets-public-files-eu-west-1.s3.eu-west-1.amazonaws.com/14cd0830-c738-4947-a34d-11a9b98b831d
coffee_healthy,coffee_healthy,C8P10E2.jpg,rocole:C8P10,https://data.mendeley.com/public-files/datasets/c5yvn32dzg/files/e9fb5078-5d8c-4f0f-a7c3-d6f374a8f407/file_downloaded,https://prod-dcd-datasets-public-files-eu-west-1.s3.eu-west-1.amazonaws.com/7425e5fd-05bf-4522-a6f8-bade42716b80
coffee_healthy,coffee_healthy,C8P10H1.jpg,rocole:C8P10,https://data.mendeley.com/public-files/datasets/c5yvn32dzg/files/0a3ba0a9-d8fe-484f-b789-786756549bf2/file_downloaded,https://prod-dcd-datasets-public-files-eu-west-1.s3.eu-west-1.amazonaws.com/78e0fea0-2b02-4bba-80b1-3baf29c50b2d
coffee_healthy,coffee_healthy,C8P11E1.jpg,rocole:C8P11,https://data.mendeley.com/public-files/datasets/c5yvn32dzg/files/80b77f2f-a882-4fe1-8736-f202c7f3ad7f/file_downloaded,https://prod-dcd-datasets-public-files-eu-west-1.s3.eu-west-1.amazonaws.com/2a51c48a-76cc-4afd-a7cf-ef6b378b91f1
coffee_healthy,coffee_healthy,C8P11H1.jpg,rocole:C8P11,https://data.mendeley.com/public-files/datasets/c5yvn32dzg/files/29464092-d57e-4bbb-b4ca-bb4728c72adb/file_downloaded,https://prod-dcd-datasets-public-files-eu-west-1.s3.eu-west-1.amazonaws.com/f5ba3ba3-8455-4ff0-81f1-873b7dd1f191
coffee_healthy,coffee_healthy,C8P12E2.jpg,rocole:C8P12,https://data.mendeley.com/public-files/datasets/c5yvn32dzg/files/65ac4dd0-bec1-41c5-8ac3-10193562c0ea/file_downloaded,https://prod-dcd-datasets-public-files-eu-west-1.s3.eu-west-1.amazonaws.com/34a2b6cd-1014-459f-afe6-ce7218526d1d
coffee_healthy,coffee_healthy,C8P12H1.jpg,rocole:C8P12,https://data.mendeley.com/public-files/datasets/c5yvn32dzg/files/9c6ef0d9-d43b-4729-81cb-c9bacbb88e8b/file_downloaded,https://prod-dcd-datasets-public-files-eu-west-1.s3.eu-west-1.amazonaws.com/fd07f1dc-0b4a-4b44-8fa9-fbb1a1206880
coffee_healthy,coffee_healthy,C8P12H2.jpg,rocole:C8P12,https://data.mendeley.com/public-files/datasets/c5yvn32dzg/files/ecbe8f97-3ed1-4366-80db-3c5a4027936d/file_downloaded,https://prod-dcd-datasets-public-files-eu-west-1.s3.eu-west-1.amazonaws.com/be35899d-642a-45d0-8bcf-93fbdc091188
coffee_healthy,coffee_healthy,C8P13E1.jpg,rocole:C8P13,https://data.mendeley.com/public-files/datasets/c5yvn32dzg/files/f50bce3e-ff92-4598-8d39-d3f3632dbf77/file_downloaded,https://prod-dcd-datasets-public-files-eu-west-1.s3.eu-west-1.amazonaws.com/4ed8d6dd-e082-46c0-a7c5-444496404228
coffee_healthy,coffee_healthy,C8P13E2.jpg,rocole:C8P13,https://data.mendeley.com/public-files/datasets/c5yvn32dzg/files/355b782b-2632-4d91-9e7f-1e180631f881/file_downloaded,https://prod-dcd-datasets-public-files-eu-west-1.s3.eu-west-1.amazonaws.com/7573a115-a8d6-4ece-99b1-5f732ea814cc
coffee_healthy,coffee_healthy,C8P13H2.jpg,rocole:C8P13,https://data.mendeley.com/public-files/datasets/c5yvn32dzg/files/0e630437-7edf-4033-ab7e-20023ceda649/file_downloaded,https://prod-dcd-datasets-public-files-eu-west-1.s3.eu-west-1.amazonaws.com/f953cfe5-1a9d-420c-8e10-507417b8b9a3
coffee_healthy,coffee_healthy,C8P15E1.jpg,rocole:C8P15,https://data.mendeley.com/public-files/datasets/c5yvn32dzg/files/272a9319-dce3-4617-a270-7f638a8c4790/file_downloaded,https://prod-dcd-datasets-public-files-eu-west-1.s3.eu-west-1.amazonaws.com/efa6e15b-53a7-4311-a4eb-325b7ba7a03f
coffee_healthy,coffee_healthy,C8P15E2.jpg,rocole:C8P15,https://data.mendeley.com/public-files/datasets/c5yvn32dzg/files/2f4a9a4c-15b5-4a3a-ab6a-10c021700ddb/file_downloaded,https://prod-dcd-datasets-public-files-eu-west-1.s3.eu-west-1.amazonaws.com/f5b601bc-491b-4a3c-979f-b85fa98729b9
coffee_healthy,coffee_healthy,C8P15H1.jpg,rocole:C8P15,https://data.mendeley.com/public-files/datasets/c5yvn32dzg/files/6bd3ebaf-1fa4-4280-aa7e-ec2c552bce2c/file_downloaded,https://prod-dcd-datasets-public-files-eu-west-1.s3.eu-west-1.amazonaws.com/9f0b5d8b-dd86-41bf-9082-bade097777db
coffee_healthy,coffee_healthy,C8P15H2.jpg,rocole:C8P15,https://data.mendeley.com/public-files/datasets/c5yvn32dzg/files/03f2b4fe-1868-49ea-90f6-8acc2dcf359f/file_downloaded,https://prod-dcd-datasets-public-files-eu-west-1.s3.eu-west-1.amazonaws.com/2f38b538-6038-4cb1-b783-8a7de3387e1a
coffee_healthy,coffee_healthy,C8P16E2.jpg,rocole:C8P16,https://data.mendeley.com/public-files/datasets/c5yvn32dzg/files/3576cbad-3bd3-4398-b4fd-03f188a7308f/file_downloaded,https://prod-dcd-datasets-public-files-eu-west-1.s3.eu-west-1.amazonaws.com/10d7d4c8-bb47-4945-b838-e6c7386ce807
coffee_healthy,coffee_healthy,C8P16H2.jpg,rocole:C8P16,https://data.mendeley.com/public-files/datasets/c5yvn32dzg/files/e8a64c92-f8cb-4376-b342-e24e23c8c634/file_downloaded,https://prod-dcd-datasets-public-files-eu-west-1.s3.eu-west-1.amazonaws.com/55aa6061-e938-4f4d-a3c2-f02c213e2cdb
coffee_healthy,coffee_healthy,C8P18E1.jpg,rocole:C8P18,https://data.mendeley.com/public-files/datasets/c5yvn32dzg/files/ff651e30-8d97-4dc9-be7c-03a23caad19f/file_downloaded,https://prod-dcd-datasets-public-files-eu-west-1.s3.eu-west-1.amazonaws.com/f0f2a855-e956-4378-87d9-f7270973fc08
coffee_healthy,coffee_healthy,C8P18H1.jpg,rocole:C8P18,https://data.mendeley.com/public-files/datasets/c5yvn32dzg/files/dbf9e5b0-8406-4408-aa0f-0bfe1c2cfdcf/file_downloaded,https://prod-dcd-datasets-public-files-eu-west-1.s3.eu-west-1.amazonaws.com/b685e0ab-45cd-4d95-a422-5378cfb58b33
coffee_healthy,coffee_healthy,C8P19E1.jpg,rocole:C8P19,https://data.mendeley.com/public-files/datasets/c5yvn32dzg/files/3cdec157-ec62-4ce7-ba02-3297a9cdb1c1/file_downloaded,https://prod-dcd-datasets-public-files-eu-west-1.s3.eu-west-1.amazonaws.com/cac3edfa-964c-488a-bf05-2900daec4819
coffee_healthy,coffee_healthy,C8P19H1.jpg,rocole:C8P19,https://data.mendeley.com/public-files/datasets/c5yvn32dzg/files/d1c01471-6c6c-433f-9e2c-152312ac12b0/file_downloaded,https://prod-dcd-datasets-public-files-eu-west-1.s3.eu-west-1.amazonaws.com/bff3a5be-9bf9-41dc-9b93-bc57980b8887
coffee_healthy,coffee_healthy,C8P1E1.jpg,rocole:C8P1,https://data.mendeley.com/public-files/datasets/c5yvn32dzg/files/d66d3f92-0833-4705-80f7-029780b6b349/file_downloaded,https://prod-dcd-datasets-public-files-eu-west-1.s3.eu-west-1.amazonaws.com/a052dc84-dc97-4edf-8244-b47e84791e80
coffee_healthy,coffee_healthy,C8P1E2.jpg,rocole:C8P1,https://data.mendeley.com/public-files/datasets/c5yvn32dzg/files/ff0873ee-319f-4026-af9b-b721d15016bb/file_downloaded,https://prod-dcd-datasets-public-files-eu-west-1.s3.eu-west-1.amazonaws.com/145d86bf-4c14-475e-8fc7-5ad8ac8deb40
coffee_healthy,coffee_healthy,C8P1H1.jpg,rocole:C8P1,https://data.mendeley.com/public-files/datasets/c5yvn32dzg/files/0bf5e9d0-a6b9-4175-b5f5-ef41c68ff38b/file_downloaded,https://prod-dcd-datasets-public-files-eu-west-1.s3.eu-west-1.amazonaws.com/dbf0e629-8b9b-4294-81a5-2b73c7c4e16a
coffee_healthy,coffee_healthy,C8P1H2.jpg,rocole:C8P1,https://data.mendeley.com/public-files/datasets/c5yvn32dzg/files/5e899ddb-3716-4106-a400-6ad5da8c2b96/file_downloaded,https://prod-dcd-datasets-public-files-eu-west-1.s3.eu-west-1.amazonaws.com/ceee1e3f-f84d-4ac8-9f65-dcd76d0b45f0
coffee_healthy,coffee_healthy,C8P21E1.jpg,rocole:C8P21,https://data.mendeley.com/public-files/datasets/c5yvn32dzg/files/567a1b96-9968-46ff-a497-424f05dbe786/file_downloaded,https://prod-dcd-datasets-public-files-eu-west-1.s3.eu-west-1.amazonaws.com/85717357-ccaa-46d5-88ad-70bf0703cdd9
coffee_healthy,coffee_healthy,C8P21E2.jpg,rocole:C8P21,https://data.mendeley.com/public-files/datasets/c5yvn32dzg/files/81e90c2c-a80e-494a-9865-cd1ad7131c5a/file_downloaded,https://prod-dcd-datasets-public-files-eu-west-1.s3.eu-west-1.amazonaws.com/05175960-1195-4353-81d4-15d5124016e0
coffee_healthy,coffee_healthy,C8P21H1.jpg,rocole:C8P21,https://data.mendeley.com/public-files/datasets/c5yvn32dzg/files/142ba1e1-e527-49ef-b3d4-8cfdde6b1575/file_downloaded,https://prod-dcd-datasets-public-files-eu-west-1.s3.eu-west-1.amazonaws.com/b67b9d9b-dda7-4094-81ab-69fb596d335f
coffee_healthy,coffee_healthy,C8P21H2.jpg,rocole:C8P21,https://data.mendeley.com/public-files/datasets/c5yvn32dzg/files/bec586a4-d46c-4e04-9ab7-e2a7f4c64717/file_downloaded,https://prod-dcd-datasets-public-files-eu-west-1.s3.eu-west-1.amazonaws.com/7666a8e7-ef53-4cfe-b720-1fef83d1f1fe
coffee_healthy,coffee_healthy,C8P23E1.jpg,rocole:C8P23,https://data.mendeley.com/public-files/datasets/c5yvn32dzg/files/08f20a05-829e-4311-8b10-cff4d5dbc2d9/file_downloaded,https://prod-dcd-datasets-public-files-eu-west-1.s3.eu-west-1.amazonaws.com/679594ea-33dd-45af-aa49-66e5fc08ecb0
coffee_healthy,coffee_healthy,C8P23H1.jpg,rocole:C8P23,https://data.mendeley.com/public-files/datasets/c5yvn32dzg/files/0148da38-9ee8-4034-8fa9-0ae4430910cc/file_downloaded,https://prod-dcd-datasets-public-files-eu-west-1.s3.eu-west-1.amazonaws.com/d910a52f-323b-4e36-9ff8-75581539ff9f
coffee_healthy,coffee_healthy,C8P24E1.jpg,rocole:C8P24,https://data.mendeley.com/public-files/datasets/c5yvn32dzg/files/b8d7576b-37a5-4590-9f0f-01b0277904df/file_downloaded,https://prod-dcd-datasets-public-files-eu-west-1.s3.eu-west-1.amazonaws.com/f45f455d-a447-4bc9-a791-0d30e8d5fc1f
coffee_healthy,coffee_healthy,C8P24H1.jpg,rocole:C8P24,https://data.mendeley.com/public-files/datasets/c5yvn32dzg/files/b18eda6a-c80f-4041-aa4d-c074708313e9/file_downloaded,https://prod-dcd-datasets-public-files-eu-west-1.s3.eu-west-1.amazonaws.com/79c8f491-e7da-4dce-937d-ddf6cce2bba1
coffee_healthy,coffee_healthy,C8P25E1.jpg,rocole:C8P25,https://data.mendeley.com/public-files/datasets/c5yvn32dzg/files/5c7b49ec-bdb8-4735-be77-7493ed7dad67/file_downloaded,https://prod-dcd-datasets-public-files-eu-west-1.s3.eu-west-1.amazonaws.com/a134c229-6fc7-4e53-a8ec-53a2e201d540
coffee_healthy,coffee_healthy,C8P25E2.jpg,rocole:C8P25,https://data.mendeley.com/public-files/datasets/c5yvn32dzg/files/719ffaa6-13b4-470d-9bd7-e4975e56fc49/file_downloaded,https://prod-dcd-datasets-public-files-eu-west-1.s3.eu-west-1.amazonaws.com/f0283dde-602d-49b3-815f-2b65250adc1f
coffee_healthy,coffee_healthy,C8P25H1.jpg,rocole:C8P25,https://data.mendeley.com/public-files/datasets/c5yvn32dzg/files/edd7efac-df69-405b-a5fb-aecef907e276/file_downloaded,https://prod-dcd-datasets-public-files-eu-west-1.s3.eu-west-1.amazonaws.com/8e0fb087-1fbb-4747-8ce8-95d661550b53
coffee_healthy,coffee_healthy,C8P25H2.jpg,rocole:C8P25,https://data.mendeley.com/public-files/datasets/c5yvn32dzg/files/573b8d64-1e0c-4b6e-8414-962a65a6880e/file_downloaded,https://prod-dcd-datasets-public-files-eu-west-1.s3.eu-west-1.amazonaws.com/7d152f6e-915d-4fe9-8a58-3a7920dc1917
coffee_healthy,coffee_healthy,C8P26E1.jpg,rocole:C8P26,https://data.mendeley.com/public-files/datasets/c5yvn32dzg/files/82452cfc-aea9-4fdb-a2ec-c5471f7147d4/file_downloaded,https://prod-dcd-datasets-public-files-eu-west-1.s3.eu-west-1.amazonaws.com/f65f93c4-df4b-4037-88d0-8f602a1f2da2
coffee_healthy,coffee_healthy,C8P26H1.jpg,rocole:C8P26,https://data.mendeley.com/public-files/datasets/c5yvn32dzg/files/7ee8fa7c-1ec2-4a87-a531-aa8921954fd8/file_downloaded,https://prod-dcd-datasets-public-files-eu-west-1.s3.eu-west-1.amazonaws.com/c2cbe797-960d-49e1-bb9a-47d9d69beb62
coffee_healthy,coffee_healthy,C8P28E1.jpg,rocole:C8P28,https://data.mendeley.com/public-files/datasets/c5yvn32dzg/files/971e8d4d-fa0b-46f7-83f9-70ddeb647971/file_downloaded,https://prod-dcd-datasets-public-files-eu-west-1.s3.eu-west-1.amazonaws.com/6051bab3-06ab-4558-912c-f38d0fc946a4
coffee_healthy,coffee_healthy,C8P28H1.jpg,rocole:C8P28,https://data.mendeley.com/public-files/datasets/c5yvn32dzg/files/663f2681-e98e-4aed-a156-dbdfb4703d10/file_downloaded,https://prod-dcd-datasets-public-files-eu-west-1.s3.eu-west-1.amazonaws.com/aef62749-ec84-4815-bd5b-3a50729f65ef
coffee_healthy,coffee_healthy,C8P29E1.jpg,rocole:C8P29,https://data.mendeley.com/public-files/datasets/c5yvn32dzg/files/7a9f368a-48a3-4963-9bec-e0e8ae77a770/file_downloaded,https://prod-dcd-datasets-public-files-eu-west-1.s3.eu-west-1.amazonaws.com/1f2561ea-ca52-44da-a30a-072595d5f773
coffee_healthy,coffee_healthy,C8P29H1.jpg,rocole:C8P29,https://data.mendeley.com/public-files/datasets/c5yvn32dzg/files/24d0c00d-45d0-4751-8dda-abe77771e556/file_downloaded,https://prod-dcd-datasets-public-files-eu-west-1.s3.eu-west-1.amazonaws.com/d443fe81-1da4-44ac-9ce4-0d690fb41df2
coffee_healthy,coffee_healthy,C8P30E2.jpg,rocole:C8P30,https://data.mendeley.com/public-files/datasets/c5yvn32dzg/files/2e55ae59-b1bc-4877-a749-e5359a798531/file_downloaded,https://prod-dcd-datasets-public-files-eu-west-1.s3.eu-west-1.amazonaws.com/d0bab13f-e878-4bc1-80f0-8d8c1268f27d
coffee_healthy,coffee_healthy,C8P30H2.jpg,rocole:C8P30,https://data.mendeley.com/public-files/datasets/c5yvn32dzg/files/9add6ab8-5de6-41ae-a0df-cede1e863d97/file_downloaded,https://prod-dcd-datasets-public-files-eu-west-1.s3.eu-west-1.amazonaws.com/1f347c38-f2ec-4eca-baa1-f76d9a8a6a1a
coffee_healthy,coffee_healthy,C8P31E1.jpg,rocole:C8P31,https://data.mendeley.com/public-files/datasets/c5yvn32dzg/files/78fc8e88-a1ea-4b50-8b91-8e6b77e0ac86/file_downloaded,https://prod-dcd-datasets-public-files-eu-west-1.s3.eu-west-1.amazonaws.com/c2846b66-f0e7-4d3e-ab21-e1d47b9aa14a
coffee_healthy,coffee_healthy,C8P31E2.jpg,rocole:C8P31,https://data.mendeley.com/public-files/datasets/c5yvn32dzg/files/b583f104-d9e6-4dd7-8ea9-096b3cbe0a13/file_downloaded,https://prod-dcd-datasets-public-files-eu-west-1.s3.eu-west-1.amazonaws.com/be5ccb3b-63fa-413e-befa-ecfcb9ba0250
coffee_healthy,coffee_healthy,C8P31H1.jpg,rocole:C8P31,https://data.mendeley.com/public-files/datasets/c5yvn32dzg/files/e91b4868-e0fb-4011-9158-d77b2cb5673a/file_downloaded,https://prod-dcd-datasets-public-files-eu-west-1.s3.eu-west-1.amazonaws.com/b906280a-adf6-4bbc-8504-cc017a3f032d
coffee_healthy,coffee_healthy,C8P31H2.jpg,rocole:C8P31,https://data.mendeley.com/public-files/datasets/c5yvn32dzg/files/fe94d2b0-b906-4cba-90cf-1e069e8cd696/file_downloaded,https://prod-dcd-datasets-public-files-eu-west-1.s3.eu-west-1.amazonaws.com/146295a0-81d0-4d67-8ecb-0febfc0c718e
coffee_healthy,coffee_healthy,C8P34E2.jpg,rocole:C8P34,https://data.mendeley.com/public-files/datasets/c5yvn32dzg/files/9416b1c0-c408-4570-b417-3b938328fd55/file_downloaded,https://prod-dcd-datasets-public-files-eu-west-1.s3.eu-west-1.amazonaws.com/22c581a4-a365-42fd-a17a-f0c216cf6f16
coffee_healthy,coffee_healthy,C8P34H2.jpg,rocole:C8P34,https://data.mendeley.com/public-files/datasets/c5yvn32dzg/files/2f0ffdf8-1121-4976-b3d0-105d0f8032cb/file_downloaded,https://prod-dcd-datasets-public-files-eu-west-1.s3.eu-west-1.amazonaws.com/d38b3522-80ac-4a41-abaa-bf23eaaa0dd7
coffee_healthy,coffee_healthy,C8P35E2.jpg,rocole:C8P35,https://data.mendeley.com/public-files/datasets/c5yvn32dzg/files/ec138030-01df-4236-a032-bceb53f36e76/file_downloaded,https://prod-dcd-datasets-public-files-eu-west-1.s3.eu-west-1.amazonaws.com/b1a464a3-556c-4e98-ac39-f0a36ce504be
coffee_healthy,coffee_healthy,C8P35H2.jpg,rocole:C8P35,https://data.mendeley.com/public-files/datasets/c5yvn32dzg/files/5d326773-1ca1-41f6-9b82-6feebf491f29/file_downloaded,https://prod-dcd-datasets-public-files-eu-west-1.s3.eu-west-1.amazonaws.com/29a2eb69-0c06-42ed-b60f-a0da54c7b5ed
coffee_healthy,coffee_healthy,C8P37E1.jpg,rocole:C8P37,https://data.mendeley.com/public-files/datasets/c5yvn32dzg/files/d20bdc3e-afd0-464d-b0f9-600c75f167b6/file_downloaded,https://prod-dcd-datasets-public-files-eu-west-1.s3.eu-west-1.amazonaws.com/2a858265-51ec-47b2-af78-2e5e5ef7aad7
coffee_healthy,coffee_healthy,C8P37H1.jpg,rocole:C8P37,https://data.mendeley.com/public-files/datasets/c5yvn32dzg/files/73039437-2abe-433f-af40-e34bae35e884/file_downloaded,https://prod-dcd-datasets-public-files-eu-west-1.s3.eu-west-1.amazonaws.com/3e4d0508-54c6-4a93-8b76-805a3396dded
coffee_healthy,coffee_healthy,C8P38E2.jpg,rocole:C8P38,https://data.mendeley.com/public-files/datasets/c5yvn32dzg/files/53bb4e20-7392-4fc8-a115-3aba45043780/file_downloaded,https://prod-dcd-datasets-public-files-eu-west-1.s3.eu-west-1.amazonaws.com/94ee448c-a31f-401a-891f-3d37edc61b27
coffee_healthy,coffee_healthy,C8P38H2.jpg,rocole:C8P38,https://data.mendeley.com/public-files/datasets/c5yvn32dzg/files/e2f14794-3d19-48d2-be23-72aea9ef3477/file_downloaded,https://prod-dcd-datasets-public-files-eu-west-1.s3.eu-west-1.amazonaws.com/f5643883-94f8-48fd-89fe-1670f3894e58
coffee_healthy,coffee_healthy,C8P39E1.jpg,rocole:C8P39,https://data.mendeley.com/public-files/datasets/c5yvn32dzg/files/aafe47ea-f120-4fc9-ae15-1604680072c2/file_downloaded,https://prod-dcd-datasets-public-files-eu-west-1.s3.eu-west-1.amazonaws.com/972ae759-74cc-4094-9612-8fada4ba0c42
coffee_healthy,coffee_healthy,C8P39H1.jpg,rocole:C8P39,https://data.mendeley.com/public-files/datasets/c5yvn32dzg/files/f6e58306-ec36-4130-80bf-c0522ef3aa7b/file_downloaded,https://prod-dcd-datasets-public-files-eu-west-1.s3.eu-west-1.amazonaws.com/76dd8e63-c4c4-4168-8bb3-cc44592f8344
coffee_healthy,coffee_healthy,C8P3E2.jpg,rocole:C8P3,https://data.mendeley.com/public-files/datasets/c5yvn32dzg/files/5c99bcb0-d970-4e17-b526-dca1d26e0d72/file_downloaded,https://prod-dcd-datasets-public-files-eu-west-1.s3.eu-west-1.amazonaws.com/99890708-7277-4730-9ceb-9d476769586a
coffee_healthy,coffee_healthy,C8P3H2.jpg,rocole:C8P3,https://data.mendeley.com/public-files/datasets/c5yvn32dzg/files/4cf9acb5-7bb4-4764-b7cd-77f4711fd6cc/file_downloaded,https://prod-dcd-datasets-public-files-eu-west-1.s3.eu-west-1.amazonaws.com/741feb56-bce5-41e4-bc44-331c17099b11
coffee_healthy,coffee_healthy,C8P4E2.jpg,rocole:C8P4,https://data.mendeley.com/public-files/datasets/c5yvn32dzg/files/86baaacc-6799-45ed-8632-0aa079e617b7/file_downloaded,https://prod-dcd-datasets-public-files-eu-west-1.s3.eu-west-1.amazonaws.com/46ae5e54-9390-44ee-b2d3-27a600bb7a45
coffee_healthy,coffee_healthy,C8P4H2.jpg,rocole:C8P4,https://data.mendeley.com/public-files/datasets/c5yvn32dzg/files/dfa4b668-b515-4073-9ec6-3a3b3063d0ed/file_downloaded,https://prod-dcd-datasets-public-files-eu-west-1.s3.eu-west-1.amazonaws.com/f078cc2a-cb1d-4cce-ba96-f8844af1fe29
coffee_healthy,coffee_healthy,C8P5E2.jpg,rocole:C8P5,https://data.mendeley.com/public-files/datasets/c5yvn32dzg/files/39cbd40d-3835-4ec3-81da-0a99a5d592f5/file_downloaded,https://prod-dcd-datasets-public-files-eu-west-1.s3.eu-west-1.amazonaws.com/41c5dac6-ced5-458a-b1c5-512de9474d15
coffee_healthy,coffee_healthy,C8P5H2.jpg,rocole:C8P5,https://data.mendeley.com/public-files/datasets/c5yvn32dzg/files/e8fa65c4-61d9-4159-969d-3959295d2c0e/file_downloaded,https://prod-dcd-datasets-public-files-eu-west-1.s3.eu-west-1.amazonaws.com/039c6777-4df6-46c8-b4af-83c4a4979cdd
coffee_healthy,coffee_healthy,C8P6E1.jpg,rocole:C8P6,https://data.mendeley.com/public-files/datasets/c5yvn32dzg/files/3bf91300-61a6-4da4-9654-8a5fe217d0d1/file_downloaded,https://prod-dcd-datasets-public-files-eu-west-1.s3.eu-west-1.amazonaws.com/1d8a277e-d625-49a4-82d0-cf90102f3df9
coffee_healthy,coffee_healthy,C8P6H1.jpg,rocole:C8P6,https://data.mendeley.com/public-files/datasets/c5yvn32dzg/files/ada2fd2f-cf1c-4fe5-8419-37d1a1e2fa70/file_downloaded,https://prod-dcd-datasets-public-files-eu-west-1.s3.eu-west-1.amazonaws.com/d30ba52d-b5c1-492b-9831-4336b3055791
coffee_healthy,coffee_healthy,C8P8E2.jpg,rocole:C8P8,https://data.mendeley.com/public-files/datasets/c5yvn32dzg/files/191b659d-bae3-4106-9e24-05c5bf4ed2c5/file_downloaded,https://prod-dcd-datasets-public-files-eu-west-1.s3.eu-west-1.amazonaws.com/ebd5b960-388e-4b40-8b43-ca0bdabb905b
coffee_healthy,coffee_healthy,C8P8H2.jpg,rocole:C8P8,https://data.mendeley.com/public-files/datasets/c5yvn32dzg/files/e74b368a-66ed-44a8-86d6-3688cd320bdb/file_downloaded,https://prod-dcd-datasets-public-files-eu-west-1.s3.eu-west-1.amazonaws.com/e3d1a2a5-2f6b-4c47-834e-8a525959d5eb
coffee_healthy,coffee_healthy,C9P10E2.jpg,rocole:C9P10,https://data.mendeley.com/public-files/datasets/c5yvn32dzg/files/9a7b0910-f671-451e-8be2-0c62cc46f6b3/file_downloaded,https://prod-dcd-datasets-public-files-eu-west-1.s3.eu-west-1.amazonaws.com/9dfff33a-304f-4260-96cf-78681994d455
coffee_healthy,coffee_healthy,C9P10H2.jpg,rocole:C9P10,https://data.mendeley.com/public-files/datasets/c5yvn32dzg/files/3279c803-e259-40e4-84fc-e1c5d41e8933/file_downloaded,https://prod-dcd-datasets-public-files-eu-west-1.s3.eu-west-1.amazonaws.com/b2e6ae0e-173c-4fa1-a85b-465278db6bc7
coffee_healthy,coffee_healthy,C9P11E2.jpg,rocole:C9P11,https://data.mendeley.com/public-files/datasets/c5yvn32dzg/files/1a2fb4db-c808-43ad-8e6c-dc7697384909/file_downloaded,https://prod-dcd-datasets-public-files-eu-west-1.s3.eu-west-1.amazonaws.com/e60fc9c9-dd04-4a86-a545-a24d16ffe63a
coffee_healthy,coffee_healthy,C9P11H2.jpg,rocole:C9P11,https://data.mendeley.com/public-files/datasets/c5yvn32dzg/files/b1e54531-ae31-4300-8078-654b77e861e5/file_downloaded,https://prod-dcd-datasets-public-files-eu-west-1.s3.eu-west-1.amazonaws.com/706778b0-6e34-4c5d-b18b-fabec0b00c7c
coffee_healthy,coffee_healthy,C9P12E2.jpg,rocole:C9P12,https://data.mendeley.com/public-files/datasets/c5yvn32dzg/files/d2969f27-c5cc-47e7-804d-6b44dc00c082/file_downloaded,https://prod-dcd-datasets-public-files-eu-west-1.s3.eu-west-1.amazonaws.com/e91a1197-5a84-4d2b-9c79-c70906782b89
coffee_healthy,coffee_healthy,C9P12H2.jpg,rocole:C9P12,https://data.mendeley.com/public-files/datasets/c5yvn32dzg/files/24374455-044a-4cd0-83d0-7e2f48899dd2/file_downloaded,https://prod-dcd-datasets-public-files-eu-west-1.s3.eu-west-1.amazonaws.com/d8ea7f23-6526-430b-b6fe-ccff414c5e9b
coffee_healthy,coffee_healthy,C9P13E2.jpg,rocole:C9P13,https://data.mendeley.com/public-files/datasets/c5yvn32dzg/files/0cad9ec8-52ac-44c9-ba0a-d4608553ab0d/file_downloaded,https://prod-dcd-datasets-public-files-eu-west-1.s3.eu-west-1.amazonaws.com/6bd37943-c066-415c-bbba-e834f63d068e
coffee_healthy,coffee_healthy,C9P13H2.jpg,rocole:C9P13,https://data.mendeley.com/public-files/datasets/c5yvn32dzg/files/2e276aef-a5dc-4e6d-a273-447365e0dfb3/file_downloaded,https://prod-dcd-datasets-public-files-eu-west-1.s3.eu-west-1.amazonaws.com/9569f75d-7449-402a-874b-37593ec5e14a
coffee_healthy,coffee_healthy,C9P14E2.jpg,rocole:C9P14,https://data.mendeley.com/public-files/datasets/c5yvn32dzg/files/4752f0e7-86f7-4791-83c9-69fbf6607239/file_downloaded,https://prod-dcd-datasets-public-files-eu-west-1.s3.eu-west-1.amazonaws.com/3297caba-f335-495c-9213-371f9e43252c
coffee_healthy,coffee_healthy,C9P14H2.jpg,rocole:C9P14,https://data.mendeley.com/public-files/datasets/c5yvn32dzg/files/e0234efd-713c-4876-b47a-33ccadf3c65d/file_downloaded,https://prod-dcd-datasets-public-files-eu-west-1.s3.eu-west-1.amazonaws.com/1421b205-4a93-48ec-8f8e-d313edaf3cb4
coffee_healthy,coffee_healthy,C9P15E2.jpg,rocole:C9P15,https://data.mendeley.com/public-files/datasets/c5yvn32dzg/files/82392d68-f269-4739-a90f-8a9f46e32923/file_downloaded,https://prod-dcd-datasets-public-files-eu-west-1.s3.eu-west-1.amazonaws.com/41706951-9696-41d5-9475-e0cbf18decf8
coffee_healthy,coffee_healthy,C9P15H2.jpg,rocole:C9P15,https://data.mendeley.com/public-files/datasets/c5yvn32dzg/files/51d41c8e-00e8-4cd0-9a3b-822e2a181bcd/file_downloaded,https://prod-dcd-datasets-public-files-eu-west-1.s3.eu-west-1.amazonaws.com/045b6a6e-d6ce-4c0a-80ec-4011fcc7fe5a
coffee_healthy,coffee_healthy,C9P17E2.jpg,rocole:C9P17,https://data.mendeley.com/public-files/datasets/c5yvn32dzg/files/151ea382-82f4-439f-a0a0-3a921c1a44d5/file_downloaded,https://prod-dcd-datasets-public-files-eu-west-1.s3.eu-west-1.amazonaws.com/9ae20636-a6be-438b-87e4-018fc699d913
coffee_healthy,coffee_healthy,C9P17H2.jpg,rocole:C9P17,https://data.mendeley.com/public-files/datasets/c5yvn32dzg/files/3b211f2b-6b14-464d-8adb-bcfd9e5509df/file_downloaded,https://prod-dcd-datasets-public-files-eu-west-1.s3.eu-west-1.amazonaws.com/92a4b336-3a75-491d-bd34-1d26b91ac945
coffee_healthy,coffee_healthy,C9P18E2.jpg,rocole:C9P18,https://data.mendeley.com/public-files/datasets/c5yvn32dzg/files/00fda0fd-2cde-4280-8ae3-76d6e5470d00/file_downloaded,https://prod-dcd-datasets-public-files-eu-west-1.s3.eu-west-1.amazonaws.com/61abb3ef-6cfa-4def-88e4-4de1feed8b4f
coffee_healthy,coffee_healthy,C9P18H2.jpg,rocole:C9P18,https://data.mendeley.com/public-files/datasets/c5yvn32dzg/files/73a09a44-d59d-40f9-9040-97809f69d268/file_downloaded,https://prod-dcd-datasets-public-files-eu-west-1.s3.eu-west-1.amazonaws.com/0f156219-ad3c-4cb1-8cca-7fb3c2f01b06
coffee_healthy,coffee_healthy,C9P19E2.jpg,rocole:C9P19,https://data.mendeley.com/public-files/datasets/c5yvn32dzg/files/95ad3e61-75be-479d-b36c-f7ce45f988aa/file_downloaded,https://prod-dcd-datasets-public-files-eu-west-1.s3.eu-west-1.amazonaws.com/a57fbeac-c82d-4d2d-9edf-0e9757533757
coffee_healthy,coffee_healthy,C9P19H2.jpg,rocole:C9P19,https://data.mendeley.com/public-files/datasets/c5yvn32dzg/files/a2a30aed-a4fb-47ba-8f63-4e135adb229a/file_downloaded,https://prod-dcd-datasets-public-files-eu-west-1.s3.eu-west-1.amazonaws.com/e75fc1f2-1189-43cf-89f1-66108fe6e4de
coffee_healthy,coffee_healthy,C9P20E2.jpg,rocole:C9P20,https://data.mendeley.com/public-files/datasets/c5yvn32dzg/files/d8a09ad2-460c-409f-b6f0-9442f1873463/file_downloaded,https://prod-dcd-datasets-public-files-eu-west-1.s3.eu-west-1.amazonaws.com/55c95675-df02-4d8b-87dc-dd5e1710f453
coffee_healthy,coffee_healthy,C9P20H2.jpg,rocole:C9P20,https://data.mendeley.com/public-files/datasets/c5yvn32dzg/files/2ce3cb91-b3e7-4c46-bce0-5e14f3113147/file_downloaded,https://prod-dcd-datasets-public-files-eu-west-1.s3.eu-west-1.amazonaws.com/31feb206-2d7f-49e9-b7b9-4164c9793cb5
coffee_healthy,coffee_healthy,C9P21E2.jpg,rocole:C9P21,https://data.mendeley.com/public-files/datasets/c5yvn32dzg/files/03cb70ae-cf9e-49de-8058-5e899313ea08/file_downloaded,https://prod-dcd-datasets-public-files-eu-west-1.s3.eu-west-1.amazonaws.com/8db28ce5-36de-4742-851d-921f6bd30e59
coffee_healthy,coffee_healthy,C9P21H2.jpg,rocole:C9P21,https://data.mendeley.com/public-files/datasets/c5yvn32dzg/files/fb29e958-ed60-47a2-be31-56e11526d05e/file_downloaded,https://prod-dcd-datasets-public-files-eu-west-1.s3.eu-west-1.amazonaws.com/a810b358-05da-4da1-b107-bb18b1ea9ea9
coffee_healthy,coffee_healthy,C9P22E2.jpg,rocole:C9P22,https://data.mendeley.com/public-files/datasets/c5yvn32dzg/files/ffcc66bc-a236-47ef-94a3-7ee2ee10fa9c/file_downloaded,https://prod-dcd-datasets-public-files-eu-west-1.s3.eu-west-1.amazonaws.com/37e3ac89-c475-4aa5-8ba1-6ce13d4a7ac1
coffee_healthy,coffee_healthy,C9P22H2.jpg,rocole:C9P22,https://data.mendeley.com/public-files/datasets/c5yvn32dzg/files/e8aa0ca3-45a2-4bb2-8036-1c111fae40af/file_downloaded,https://prod-dcd-datasets-public-files-eu-west-1.s3.eu-west-1.amazonaws.com/accf7ddd-9485-423b-8433-e1b5e777c9f3
coffee_healthy,coffee_healthy,C9P23E2.jpg,rocole:C9P23,https://data.mendeley.com/public-files/datasets/c5yvn32dzg/files/a804ae72-1c47-4003-942f-2778a45616b6/file_downloaded,https://prod-dcd-datasets-public-files-eu-west-1.s3.eu-west-1.amazonaws.com/97002f48-5d01-42cd-9227-a2e675c8d71a
coffee_healthy,coffee_healthy,C9P23H2.jpg,rocole:C9P23,https://data.mendeley.com/public-files/datasets/c5yvn32dzg/files/259f413b-5945-4feb-9f9c-cf2bdfd41aaa/file_downloaded,https://prod-dcd-datasets-public-files-eu-west-1.s3.eu-west-1.amazonaws.com/6422c347-d278-4558-9096-905c62c69298
coffee_healthy,coffee_healthy,C9P24E1.jpg,rocole:C9P24,https://data.mendeley.com/public-files/datasets/c5yvn32dzg/files/7bcf4761-3944-46c0-863b-bcd5165e168a/file_downloaded,https://prod-dcd-datasets-public-files-eu-west-1.s3.eu-west-1.amazonaws.com/eee43874-4150-4590-a9ac-a6f2e73aa0bf
coffee_healthy,coffee_healthy,C9P24E2.jpg,rocole:C9P24,https://data.mendeley.com/public-files/datasets/c5yvn32dzg/files/e2d34f7b-deac-4be9-bbc8-69802bf9c77d/file_downloaded,https://prod-dcd-datasets-public-files-eu-west-1.s3.eu-west-1.amazonaws.com/8467cabf-b253-4e95-a875-cad7312115f3
coffee_healthy,coffee_healthy,C9P24H2.jpg,rocole:C9P24,https://data.mendeley.com/public-files/datasets/c5yvn32dzg/files/cc5a84de-e7dd-4273-9c87-fe30ddf51bd5/file_downloaded,https://prod-dcd-datasets-public-files-eu-west-1.s3.eu-west-1.amazonaws.com/84cbc3c0-a493-432e-b7ba-101ad7e887d2
coffee_healthy,coffee_healthy,C9P25E2.jpg,rocole:C9P25,https://data.mendeley.com/public-files/datasets/c5yvn32dzg/files/63a4100e-1188-42cf-8e13-28ff0fd6579e/file_downloaded,https://prod-dcd-datasets-public-files-eu-west-1.s3.eu-west-1.amazonaws.com/395b1377-fda9-4833-a2f6-275457a9cec7
coffee_healthy,coffee_healthy,C9P25H2.jpg,rocole:C9P25,https://data.mendeley.com/public-files/datasets/c5yvn32dzg/files/ba9defa2-0261-4b2a-aa28-fa1c0daf23be/file_downloaded,https://prod-dcd-datasets-public-files-eu-west-1.s3.eu-west-1.amazonaws.com/b354e0ea-d426-4edc-8fd8-37aa1d0c5271
coffee_healthy,coffee_healthy,C9P26E2.jpg,rocole:C9P26,https://data.mendeley.com/public-files/datasets/c5yvn32dzg/files/2064ab5d-cb2c-4a79-b4c5-be7a58e799ca/file_downloaded,https://prod-dcd-datasets-public-files-eu-west-1.s3.eu-west-1.amazonaws.com/e68ca045-bbda-4df0-bfc4-4bb16aa9a159
coffee_healthy,coffee_healthy,C9P26H2.jpg,rocole:C9P26,https://data.mendeley.com/public-files/datasets/c5yvn32dzg/files/d7f05b02-ef07-4392-931b-3cf721f96005/file_downloaded,https://prod-dcd-datasets-public-files-eu-west-1.s3.eu-west-1.amazonaws.com/5f0832a5-57ee-4d2b-b94a-b32b049f405e
coffee_healthy,coffee_healthy,C9P27E2.jpg,rocole:C9P27,https://data.mendeley.com/public-files/datasets/c5yvn32dzg/files/7d619f1a-148e-4861-a009-f86a4b280858/file_downloaded,https://prod-dcd-datasets-public-files-eu-west-1.s3.eu-west-1.amazonaws.com/f566f90b-ad05-4901-8f4a-323811c685cc
coffee_healthy,coffee_healthy,C9P27H2.jpg,rocole:C9P27,https://data.mendeley.com/public-files/datasets/c5yvn32dzg/files/c702c18c-6e54-47fc-aa1f-8b71ae9d8061/file_downloaded,https://prod-dcd-datasets-public-files-eu-west-1.s3.eu-west-1.amazonaws.com/422b8fc8-48da-4d88-86eb-28d4ccf269e0
coffee_healthy,coffee_healthy,C9P28E2.jpg,rocole:C9P28,https://data.mendeley.com/public-files/datasets/c5yvn32dzg/files/e2944dc6-3354-498d-9a88-09af174d15e0/file_downloaded,https://prod-dcd-datasets-public-files-eu-west-1.s3.eu-west-1.amazonaws.com/e333a50c-1391-4a04-9a5f-1260fea45099
coffee_healthy,coffee_healthy,C9P28H2.jpg,rocole:C9P28,https://data.mendeley.com/public-files/datasets/c5yvn32dzg/files/a1c28aa5-8c8b-4b28-8798-d01ab76f8b64/file_downloaded,https://prod-dcd-datasets-public-files-eu-west-1.s3.eu-west-1.amazonaws.com/71a4924e-48bb-4f73-b906-aeb3cd63f46a
coffee_healthy,coffee_healthy,C9P29E2.jpg,rocole:C9P29,https://data.mendeley.com/public-files/datasets/c5yvn32dzg/files/03282771-eec2-455c-8b5a-30947797ebfd/file_downloaded,https://prod-dcd-datasets-public-files-eu-west-1.s3.eu-west-1.amazonaws.com/b0cc3d65-5b33-40bf-8708-e1394a400150
coffee_healthy,coffee_healthy,C9P29H2.jpg,rocole:C9P29,https://data.mendeley.com/public-files/datasets/c5yvn32dzg/files/05e54bcf-3e6e-40e3-a62b-0663809ffad1/file_downloaded,https://prod-dcd-datasets-public-files-eu-west-1.s3.eu-west-1.amazonaws.com/52f7e866-b24b-464d-8794-0809330cbe38
coffee_healthy,coffee_healthy,C9P30E2.jpg,rocole:C9P30,https://data.mendeley.com/public-files/datasets/c5yvn32dzg/files/ccfb9876-b9e1-4522-9b23-ea5f48c2f65f/file_downloaded,https://prod-dcd-datasets-public-files-eu-west-1.s3.eu-west-1.amazonaws.com/c9f29104-2b07-4771-8cdb-40e3843fcf1f
coffee_healthy,coffee_healthy,C9P30H2.jpg,rocole:C9P30,https://data.mendeley.com/public-files/datasets/c5yvn32dzg/files/66720a1f-2e6e-4f9a-bc76-d1171f99bb34/file_downloaded,https://prod-dcd-datasets-public-files-eu-west-1.s3.eu-west-1.amazonaws.com/ec7cc15c-b6a4-47cb-8e41-7e503c802cb6
coffee_healthy,coffee_healthy,C9P31E2.jpg,rocole:C9P31,https://data.mendeley.com/public-files/datasets/c5yvn32dzg/files/c8ebc310-f90c-4ac8-b24b-f62c53169ca8/file_downloaded,https://prod-dcd-datasets-public-files-eu-west-1.s3.eu-west-1.amazonaws.com/b38596e2-7d5d-4e2d-a1fe-23390aade3f3
coffee_healthy,coffee_healthy,C9P31H2.jpg,rocole:C9P31,https://data.mendeley.com/public-files/datasets/c5yvn32dzg/files/21de595a-dcdf-4ab6-b25a-f3c8b399cde1/file_downloaded,https://prod-dcd-datasets-public-files-eu-west-1.s3.eu-west-1.amazonaws.com/a94a7204-cc68-4d87-b06e-85df8e49c218
coffee_healthy,coffee_healthy,C9P34E2.jpg,rocole:C9P34,https://data.mendeley.com/public-files/datasets/c5yvn32dzg/files/2462f2a7-fd6f-4c48-a57b-6cf955f31316/file_downloaded,https://prod-dcd-datasets-public-files-eu-west-1.s3.eu-west-1.amazonaws.com/2b1b4ae9-e364-4b56-a508-32372603edeb
coffee_healthy,coffee_healthy,C9P34H2.jpg,rocole:C9P34,https://data.mendeley.com/public-files/datasets/c5yvn32dzg/files/2c4ccc4a-2795-47cf-b289-51e43d9df5ed/file_downloaded,https://prod-dcd-datasets-public-files-eu-west-1.s3.eu-west-1.amazonaws.com/98ef2d39-eda0-414a-81ea-58c03152b912
coffee_healthy,coffee_healthy,C9P35E2.jpg,rocole:C9P35,https://data.mendeley.com/public-files/datasets/c5yvn32dzg/files/011b0719-696c-4338-9dfa-d4260d132934/file_downloaded,https://prod-dcd-datasets-public-files-eu-west-1.s3.eu-west-1.amazonaws.com/7ee62928-69dd-42a5-a197-3336c2486072
coffee_healthy,coffee_healthy,C9P35H2.jpg,rocole:C9P35,https://data.mendeley.com/public-files/datasets/c5yvn32dzg/files/5b8326be-ff39-4c28-9530-42d2d97f8451/file_downloaded,https://prod-dcd-datasets-public-files-eu-west-1.s3.eu-west-1.amazonaws.com/12cc805c-2e27-4ff3-bd08-5c04c4c25b7a
coffee_healthy,coffee_healthy,C9P36E2.jpg,rocole:C9P36,https://data.mendeley.com/public-files/datasets/c5yvn32dzg/files/9b37f069-0217-4344-a735-550cf63c9129/file_downloaded,https://prod-dcd-datasets-public-files-eu-west-1.s3.eu-west-1.amazonaws.com/3cd1ecff-bbe0-4f9e-a00f-40892f7e2668
coffee_healthy,coffee_healthy,C9P36H2.jpg,rocole:C9P36,https://data.mendeley.com/public-files/datasets/c5yvn32dzg/files/3965d62b-2868-4872-97f9-f61a7d5b18da/file_downloaded,https://prod-dcd-datasets-public-files-eu-west-1.s3.eu-west-1.amazonaws.com/74e2dc52-4ca6-4b8f-860c-9f6c07c265de
coffee_healthy,coffee_healthy,C9P37E2.jpg,rocole:C9P37,https://data.mendeley.com/public-files/datasets/c5yvn32dzg/files/67d573a6-84cf-4025-8295-d35171592de0/file_downloaded,https://prod-dcd-datasets-public-files-eu-west-1.s3.eu-west-1.amazonaws.com/28ea73f9-0a2c-4163-a5ae-d26615169d98
coffee_healthy,coffee_healthy,C9P37H2.jpg,rocole:C9P37,https://data.mendeley.com/public-files/datasets/c5yvn32dzg/files/65154d45-8a88-4f37-897d-f8d8556dfb43/file_downloaded,https://prod-dcd-datasets-public-files-eu-west-1.s3.eu-west-1.amazonaws.com/227622fb-76b6-4127-b0b4-6c1f68f23862
coffee_healthy,coffee_healthy,C9P38E2.jpg,rocole:C9P38,https://data.mendeley.com/public-files/datasets/c5yvn32dzg/files/533583aa-3b16-45e0-97d6-c27b335676aa/file_downloaded,https://prod-dcd-datasets-public-files-eu-west-1.s3.eu-west-1.amazonaws.com/eb2f1751-c5c1-4b3b-aa38-254fb64c36ed
coffee_healthy,coffee_healthy,C9P38H2.jpg,rocole:C9P38,https://data.mendeley.com/public-files/datasets/c5yvn32dzg/files/35d90e11-0779-4aaa-8ac0-653fef81c370/file_downloaded,https://prod-dcd-datasets-public-files-eu-west-1.s3.eu-west-1.amazonaws.com/e6d264d3-bb6b-489b-b0e9-5ed4043e1b49
coffee_healthy,coffee_healthy,C9P3H2.jpg,rocole:C9P3,https://data.mendeley.com/public-files/datasets/c5yvn32dzg/files/ab9d3f3d-717f-4227-9773-0767c0c33f4a/file_downloaded,https://prod-dcd-datasets-public-files-eu-west-1.s3.eu-west-1.amazonaws.com/6ed9e3f0-ce3c-49f8-b973-53bd4cc7054c
coffee_healthy,coffee_healthy,C9P4E2.jpg,rocole:C9P4,https://data.mendeley.com/public-files/datasets/c5yvn32dzg/files/038db9a8-81a3-432d-9401-a1b8203612aa/file_downloaded,https://prod-dcd-datasets-public-files-eu-west-1.s3.eu-west-1.amazonaws.com/557de976-ac53-42d3-8f2f-4ef9114f10aa
coffee_healthy,coffee_healthy,C9P4H2.jpg,rocole:C9P4,https://data.mendeley.com/public-files/datasets/c5yvn32dzg/files/a0b171f0-0a15-4f6f-9295-f9ac1135c18a/file_downloaded,https://prod-dcd-datasets-public-files-eu-west-1.s3.eu-west-1.amazonaws.com/268408f7-bab0-4b2d-9bec-4ce86d775f1f
coffee_healthy,coffee_healthy,C9P5E2.jpg,rocole:C9P5,https://data.mendeley.com/public-files/datasets/c5yvn32dzg/files/4f34582a-9506-4c88-973b-214646716cb1/file_downloaded,https://prod-dcd-datasets-public-files-eu-west-1.s3.eu-west-1.amazonaws.com/8ccfcd25-a07c-4ac9-99b2-ee7a4ebcf509
coffee_healthy,coffee_healthy,C9P5H2.jpg,rocole:C9P5,https://data.mendeley.com/public-files/datasets/c5yvn32dzg/files/b916082b-a84c-4e2f-a594-95c39dec024b/file_downloaded,https://prod-dcd-datasets-public-files-eu-west-1.s3.eu-west-1.amazonaws.com/54a4b947-9820-462a-bc22-a59f9f3b78a5
coffee_healthy,coffee_healthy,C9P6E2.jpg,rocole:C9P6,https://data.mendeley.com/public-files/datasets/c5yvn32dzg/files/17088bfe-39bf-4d60-9812-a9d52eba1fe6/file_downloaded,https://prod-dcd-datasets-public-files-eu-west-1.s3.eu-west-1.amazonaws.com/22f562db-4ede-46d0-b2d8-2bba535b5502
coffee_healthy,coffee_healthy,C9P6H2.jpg,rocole:C9P6,https://data.mendeley.com/public-files/datasets/c5yvn32dzg/files/e32fb494-0efa-4173-9725-08700c864ec8/file_downloaded,https://prod-dcd-datasets-public-files-eu-west-1.s3.eu-west-1.amazonaws.com/817f6d2a-257e-4c22-885f-b0facaf68288
coffee_healthy,coffee_healthy,C9P7E2.jpg,rocole:C9P7,https://data.mendeley.com/public-files/datasets/c5yvn32dzg/files/7e3b3bcf-09f4-4d44-8903-07297642f355/file_downloaded,https://prod-dcd-datasets-public-files-eu-west-1.s3.eu-west-1.amazonaws.com/cdffcb74-61e7-40f3-b2e3-16b6c5bd373c
coffee_healthy,coffee_healthy,C9P7H2.jpg,rocole:C9P7,https://data.mendeley.com/public-files/datasets/c5yvn32dzg/files/d61903dd-14f2-4239-bc2c-52be6401474b/file_downloaded,https://prod-dcd-datasets-public-files-eu-west-1.s3.eu-west-1.amazonaws.com/95cd1233-db23-451f-a4a7-80a248338a6f
coffee_healthy,coffee_healthy,C9P8E2.jpg,rocole:C9P8,https://data.mendeley.com/public-files/datasets/c5yvn32dzg/files/dc688447-708d-457d-abab-22c9d693305b/file_downloaded,https://prod-dcd-datasets-public-files-eu-west-1.s3.eu-west-1.amazonaws.com/95fff82a-8b18-4d00-b348-3f575cfb774e
coffee_healthy,coffee_healthy,C9P8H2.jpg,rocole:C9P8,https://data.mendeley.com/public-files/datasets/c5yvn32dzg/files/269e8b01-1c97-4f5f-8471-200338e6fd72/file_downloaded,https://prod-dcd-datasets-public-files-eu-west-1.s3.eu-west-1.amazonaws.com/4099c732-1a2f-44db-9441-e170591bfd94
coffee_healthy,coffee_healthy,C9P9E2.jpg,rocole:C9P9,https://data.mendeley.com/public-files/datasets/c5yvn32dzg/files/fb79f4bd-07c7-4b7a-8201-6247d28ec230/file_downloaded,https://prod-dcd-datasets-public-files-eu-west-1.s3.eu-west-1.amazonaws.com/d8474013-2ad5-4381-a800-b9d1b49bd618
coffee_healthy,coffee_healthy,C9P9H2.jpg,rocole:C9P9,https://data.mendeley.com/public-files/datasets/c5yvn32dzg/files/7e23788f-0fcf-46ee-805b-06c60d51efc2/file_downloaded,https://prod-dcd-datasets-public-files-eu-west-1.s3.eu-west-1.amazonaws.com/ba5ed0c0-abbe-495f-bb73-895dff0593c0
coffee_rust,coffee_rust,C10P10E2.jpg,rocole:C10P10,https://data.mendeley.com/public-files/datasets/c5yvn32dzg/files/0d701bc9-5739-46c0-bab8-0ecd32d5c877/file_downloaded,https://prod-dcd-datasets-public-files-eu-west-1.s3.eu-west-1.amazonaws.com/b857b15f-0909-48e6-96ff-55a01fd64231
coffee_rust,coffee_rust,C10P10H2.jpg,rocole:C10P10,https://data.mendeley.com/public-files/datasets/c5yvn32dzg/files/7619891d-f8e3-4c40-9c20-66f1dba59761/file_downloaded,https://prod-dcd-datasets-public-files-eu-west-1.s3.eu-west-1.amazonaws.com/6a7f6f7a-861e-472a-9072-ca06565966a0
coffee_rust,coffee_rust,C10P11E2.jpg,rocole:C10P11,https://data.mendeley.com/public-files/datasets/c5yvn32dzg/files/eea439b3-065d-4913-847a-6c845569128c/file_downloaded,https://prod-dcd-datasets-public-files-eu-west-1.s3.eu-west-1.amazonaws.com/dcf99714-01e1-4987-bc09-650532174996
coffee_rust,coffee_rust,C10P11H2.jpg,rocole:C10P11,https://data.mendeley.com/public-files/datasets/c5yvn32dzg/files/44e76697-e3f9-4c10-afcc-003068fb4ffe/file_downloaded,https://prod-dcd-datasets-public-files-eu-west-1.s3.eu-west-1.amazonaws.com/d937361e-a695-4da6-909d-88cfc9e18adc
coffee_rust,coffee_rust,C10P12E2.jpg,rocole:C10P12,https://data.mendeley.com/public-files/datasets/c5yvn32dzg/files/505a8561-93c2-4763-86b7-ba70d874a74c/file_downloaded,https://prod-dcd-datasets-public-files-eu-west-1.s3.eu-west-1.amazonaws.com/82de3811-950a-4b8f-ac14-24e5c87ca804
coffee_rust,coffee_rust,C10P12H2.jpg,rocole:C10P12,https://data.mendeley.com/public-files/datasets/c5yvn32dzg/files/544fd330-411f-45cd-bbbc-72497c11f940/file_downloaded,https://prod-dcd-datasets-public-files-eu-west-1.s3.eu-west-1.amazonaws.com/d7fc6c39-3f49-4c0e-9b86-0663d76f1116
coffee_rust,coffee_rust,C10P13H2.jpg,rocole:C10P13,https://data.mendeley.com/public-files/datasets/c5yvn32dzg/files/59d29545-23e6-4e16-b880-77a00d46d152/file_downloaded,https://prod-dcd-datasets-public-files-eu-west-1.s3.eu-west-1.amazonaws.com/a561577e-b278-45d7-aec6-d24e7f489aa9
coffee_rust,coffee_rust,C10P14H2.jpg,rocole:C10P14,https://data.mendeley.com/public-files/datasets/c5yvn32dzg/files/e9a997eb-2208-4268-8485-6c5de89deaa1/file_downloaded,https://prod-dcd-datasets-public-files-eu-west-1.s3.eu-west-1.amazonaws.com/98ca23af-7a12-4649-9340-2c00b65987b7
coffee_rust,coffee_rust,C10P15E2.jpg,rocole:C10P15,https://data.mendeley.com/public-files/datasets/c5yvn32dzg/files/063f5a82-7ee6-4ef4-a3b0-87d89c2b1afb/file_downloaded,https://prod-dcd-datasets-public-files-eu-west-1.s3.eu-west-1.amazonaws.com/f10fdb9f-61a5-4e94-ae41-a68bb14e6d92
coffee_rust,coffee_rust,C10P15H2.jpg,rocole:C10P15,https://data.mendeley.com/public-files/datasets/c5yvn32dzg/files/86369c07-8c3b-4158-8b64-4d0f54767a1f/file_downloaded,https://prod-dcd-datasets-public-files-eu-west-1.s3.eu-west-1.amazonaws.com/ed63dcc5-4dab-44c2-b393-2f88fbecc1a9
coffee_rust,coffee_rust,C10P17E2.jpg,rocole:C10P17,https://data.mendeley.com/public-files/datasets/c5yvn32dzg/files/56598810-9f07-4bc5-a58c-2349f3c43972/file_downloaded,https://prod-dcd-datasets-public-files-eu-west-1.s3.eu-west-1.amazonaws.com/ba38e08d-b225-4556-9800-ba4ad9fc5673
coffee_rust,coffee_rust,C10P17H2.jpg,rocole:C10P17,https://data.mendeley.com/public-files/datasets/c5yvn32dzg/files/17f70a50-bc96-4676-847e-81c7344f11c9/file_downloaded,https://prod-dcd-datasets-public-files-eu-west-1.s3.eu-west-1.amazonaws.com/5550a8e0-299b-4fd5-811f-0609630df04a
coffee_rust,coffee_rust,C10P18H2.jpg,rocole:C10P18,https://data.mendeley.com/public-files/datasets/c5yvn32dzg/files/6caac977-882b-40e6-9ef1-80497e75d720/file_downloaded,https://prod-dcd-datasets-public-files-eu-west-1.s3.eu-west-1.amazonaws.com/8c6481a3-226f-4541-88b3-154967691f93
coffee_rust,coffee_rust,C10P19E2.jpg,rocole:C10P19,https://data.mendeley.com/public-files/datasets/c5yvn32dzg/files/729fa73a-7174-42d6-b321-aab46d2d4f54/file_downloaded,https://prod-dcd-datasets-public-files-eu-west-1.s3.eu-west-1.amazonaws.com/35ddfbe2-ee36-45ae-9e1e-53dd1f6215f3
coffee_rust,coffee_rust,C10P19H2.jpg,rocole:C10P19,https://data.mendeley.com/public-files/datasets/c5yvn32dzg/files/e793663d-61c9-4d9b-8cf2-bc01df85ede2/file_downloaded,https://prod-dcd-datasets-public-files-eu-west-1.s3.eu-west-1.amazonaws.com/c90cece8-e090-4948-8ff8-232e4ed17f83
coffee_rust,coffee_rust,C10P1H1.jpg,rocole:C10P1,https://data.mendeley.com/public-files/datasets/c5yvn32dzg/files/9da56add-980d-4044-b6a0-d375272dfcd6/file_downloaded,https://prod-dcd-datasets-public-files-eu-west-1.s3.eu-west-1.amazonaws.com/4207de9f-add0-4c7d-b588-ba11fdd95e03
coffee_rust,coffee_rust,C10P20E2.jpg,rocole:C10P20,https://data.mendeley.com/public-files/datasets/c5yvn32dzg/files/150f0f10-2417-4594-a446-e6dfc07d0295/file_downloaded,https://prod-dcd-datasets-public-files-eu-west-1.s3.eu-west-1.amazonaws.com/7791bb6c-769c-4c7b-8b80-389b7c6cdfcb
coffee_rust,coffee_rust,C10P20H1.jpg,rocole:C10P20,https://data.mendeley.com/public-files/datasets/c5yvn32dzg/files/10befaf2-9c5d-4380-8274-02687d465bbc/file_downloaded,https://prod-dcd-datasets-public-files-eu-west-1.s3.eu-west-1.amazonaws.com/01e624dc-3cfd-40b0-b598-27b638eeb72c
coffee_rust,coffee_rust,C10P20H2.jpg,rocole:C10P20,https://data.mendeley.com/public-files/datasets/c5yvn32dzg/files/d4d7f918-04df-4927-ad18-e7567680d38a/file_downloaded,https://prod-dcd-datasets-public-files-eu-west-1.s3.eu-west-1.amazonaws.com/72836f5c-c14b-41ce-96d0-f132abd15ae5
coffee_rust,coffee_rust,C10P21E2.jpg,rocole:C10P21,https://data.mendeley.com/public-files/datasets/c5yvn32dzg/files/d1c5947b-1242-44e0-895c-cdb06dead9dd/file_downloaded,https://prod-dcd-datasets-public-files-eu-west-1.s3.eu-west-1.amazonaws.com/442658c6-6a30-4fc4-9463-9a5d32abd782
coffee_rust,coffee_rust,C10P21H2.jpg,rocole:C10P21,https://data.mendeley.com/public-files/datasets/c5yvn32dzg/files/1e8251be-239a-4f22-bb4c-d6af7c7a8efc/file_downloaded,https://prod-dcd-datasets-public-files-eu-west-1.s3.eu-west-1.amazonaws.com/1d665f6a-c6fb-4c38-b3a3-d53c6c0ebc55
coffee_rust,coffee_rust,C10P23H2.jpg,rocole:C10P23,https://data.mendeley.com/public-files/datasets/c5yvn32dzg/files/8989596a-b4e0-4473-8567-5b2c17bb872b/file_downloaded,https://prod-dcd-datasets-public-files-eu-west-1.s3.eu-west-1.amazonaws.com/cf1d51ef-5541-48b1-bddc-3b78d11664db
coffee_rust,coffee_rust,C10P24H2.jpg,rocole:C10P24,https://data.mendeley.com/public-files/datasets/c5yvn32dzg/files/cf5e0065-662e-4010-81b7-f07f7fd7cff9/file_downloaded,https://prod-dcd-datasets-public-files-eu-west-1.s3.eu-west-1.amazonaws.com/6f8a1c78-74f7-4b44-b4da-e29508d07cfe
coffee_rust,coffee_rust,C10P26H2.jpg,rocole:C10P26,https://data.mendeley.com/public-files/datasets/c5yvn32dzg/files/b2545d06-c092-478e-b09e-34122b2eceba/file_downloaded,https://prod-dcd-datasets-public-files-eu-west-1.s3.eu-west-1.amazonaws.com/d8902b17-810c-47a6-9549-cea86ecacf01
coffee_rust,coffee_rust,C10P27E2.jpg,rocole:C10P27,https://data.mendeley.com/public-files/datasets/c5yvn32dzg/files/d8044943-3f29-408e-bf11-771a3d360818/file_downloaded,https://prod-dcd-datasets-public-files-eu-west-1.s3.eu-west-1.amazonaws.com/9518fa77-bf9b-4a68-a7ab-6fd7714c685e
coffee_rust,coffee_rust,C10P27H2.jpg,rocole:C10P27,https://data.mendeley.com/public-files/datasets/c5yvn32dzg/files/d660bb76-2080-44bb-b2f6-f5a464704f8a/file_downloaded,https://prod-dcd-datasets-public-files-eu-west-1.s3.eu-west-1.amazonaws.com/a0b12b0b-c05d-4389-a4bc-77a9e9d2f418
coffee_rust,coffee_rust,C10P2E1.jpg,rocole:C10P2,https://data.mendeley.com/public-files/datasets/c5yvn32dzg/files/80f14b8f-e7da-40de-b39e-30cc767f5a90/file_downloaded,https://prod-dcd-datasets-public-files-eu-west-1.s3.eu-west-1.amazonaws.com/a6aaa577-8818-4990-bf2d-b33c2cb465ef
coffee_rust,coffee_rust,C10P2H1.jpg,rocole:C10P2,https://data.mendeley.com/public-files/datasets/c5yvn32dzg/files/60c4fe56-45fd-4d52-86be-ec539cfbfae6/file_downloaded,https://prod-dcd-datasets-public-files-eu-west-1.s3.eu-west-1.amazonaws.com/e574b370-7995-44c2-a070-4632ff261139
coffee_rust,coffee_rust,C10P34E2.jpg,rocole:C10P34,https://data.mendeley.com/public-files/datasets/c5yvn32dzg/files/5ab8dc3d-852f-4b95-a8d9-2f19d00173b9/file_downloaded,https://prod-dcd-datasets-public-files-eu-west-1.s3.eu-west-1.amazonaws.com/849faaaa-1022-4a9d-8341-3e1023ddeef6
coffee_rust,coffee_rust,C10P34H2.jpg,rocole:C10P34,https://data.mendeley.com/public-files/datasets/c5yvn32dzg/files/095450d5-ba75-46f6-9323-7135c5191325/file_downloaded,https://prod-dcd-datasets-public-files-eu-west-1.s3.eu-west-1.amazonaws.com/884773d2-d8b0-4e52-8e0e-9998e1742b56
coffee_rust,coffee_rust,C10P35E2.jpg,rocole:C10P35,https://data.mendeley.com/public-files/datasets/c5yvn32dzg/files/b2880bd0-f97c-4a3d-97e9-f47dc1ee8d2e/file_downloaded,https://prod-dcd-datasets-public-files-eu-west-1.s3.eu-west-1.amazonaws.com/d1208223-6de2-41d7-a5ed-b23dd1001e36
coffee_rust,coffee_rust,C10P36E2.jpg,rocole:C10P36,https://data.mendeley.com/public-files/datasets/c5yvn32dzg/files/369bf787-5504-40dc-bc78-9bd5e701f3ae/file_downloaded,https://prod-dcd-datasets-public-files-eu-west-1.s3.eu-west-1.amazonaws.com/943a6822-c28c-4611-b5e3-2ee4544ddf63
coffee_rust,coffee_rust,C10P37H2.jpg,rocole:C10P37,https://data.mendeley.com/public-files/datasets/c5yvn32dzg/files/1530671c-f73c-4303-b4bf-1991425b2aeb/file_downloaded,https://prod-dcd-datasets-public-files-eu-west-1.s3.eu-west-1.amazonaws.com/b3ccc7eb-1910-47b1-bf50-32bffdf94c72
coffee_rust,coffee_rust,C10P38E2.jpg,rocole:C10P38,https://data.mendeley.com/public-files/datasets/c5yvn32dzg/files/66584f7f-ea99-4628-87ae-2d53d49d4edb/file_downloaded,https://prod-dcd-datasets-public-files-eu-west-1.s3.eu-west-1.amazonaws.com/0e26a292-5342-418b-9144-7f4b6abe8ad6
coffee_rust,coffee_rust,C10P38H2.jpg,rocole:C10P38,https://data.mendeley.com/public-files/datasets/c5yvn32dzg/files/f3c0b891-9051-4a0b-8042-5721ccd3a2bb/file_downloaded,https://prod-dcd-datasets-public-files-eu-west-1.s3.eu-west-1.amazonaws.com/99dadfeb-efbc-4a59-ba3f-0297c8c170a5
coffee_rust,coffee_rust,C10P39E2.jpg,rocole:C10P39,https://data.mendeley.com/public-files/datasets/c5yvn32dzg/files/3bc85f01-32d6-48c4-9238-5269f2649297/file_downloaded,https://prod-dcd-datasets-public-files-eu-west-1.s3.eu-west-1.amazonaws.com/0af40a86-e172-4985-a6ca-108b6427a35d
coffee_rust,coffee_rust,C10P39H2.jpg,rocole:C10P39,https://data.mendeley.com/public-files/datasets/c5yvn32dzg/files/9553e37e-8719-4e94-9059-79fe37e03f1d/file_downloaded,https://prod-dcd-datasets-public-files-eu-west-1.s3.eu-west-1.amazonaws.com/a7742a6d-75d9-4879-b638-4b9c2a0533f9
coffee_rust,coffee_rust,C10P3H1.jpg,rocole:C10P3,https://data.mendeley.com/public-files/datasets/c5yvn32dzg/files/928470b4-c8c7-4e39-a15c-6fd570999845/file_downloaded,https://prod-dcd-datasets-public-files-eu-west-1.s3.eu-west-1.amazonaws.com/97b23563-32e5-4dba-b9b3-0bbff0ace9fa
coffee_rust,coffee_rust,C10P4E1.jpg,rocole:C10P4,https://data.mendeley.com/public-files/datasets/c5yvn32dzg/files/36d303d5-b3a3-47c5-bfd0-9e81d3da68ac/file_downloaded,https://prod-dcd-datasets-public-files-eu-west-1.s3.eu-west-1.amazonaws.com/679c4c25-3467-4bb2-9754-acbab2a46275
coffee_rust,coffee_rust,C10P4H1.jpg,rocole:C10P4,https://data.mendeley.com/public-files/datasets/c5yvn32dzg/files/e0e1f0a8-1c7c-44d0-98a5-bd1216ff31f5/file_downloaded,https://prod-dcd-datasets-public-files-eu-west-1.s3.eu-west-1.amazonaws.com/c20cbadc-55c3-42ed-b220-72128cdc3c2f
coffee_rust,coffee_rust,C10P5E1.jpg,rocole:C10P5,https://data.mendeley.com/public-files/datasets/c5yvn32dzg/files/21c2dd05-9943-4df5-8a14-88b4f9bf4df2/file_downloaded,https://prod-dcd-datasets-public-files-eu-west-1.s3.eu-west-1.amazonaws.com/c8bb5c98-58fc-4117-8b29-cd396ba9cc2e
coffee_rust,coffee_rust,C10P5H1.jpg,rocole:C10P5,https://data.mendeley.com/public-files/datasets/c5yvn32dzg/files/c3d34d8e-d231-4ec2-946e-f4a8ac5095e9/file_downloaded,https://prod-dcd-datasets-public-files-eu-west-1.s3.eu-west-1.amazonaws.com/c0432843-55d0-4423-8cc6-6009feb1498f
coffee_rust,coffee_rust,C10P7E2.jpg,rocole:C10P7,https://data.mendeley.com/public-files/datasets/c5yvn32dzg/files/b12b4d6b-df74-4702-8e73-a5cd91f837ab/file_downloaded,https://prod-dcd-datasets-public-files-eu-west-1.s3.eu-west-1.amazonaws.com/18a19f4c-dd90-4783-b6c3-8837fa7cde74
coffee_rust,coffee_rust,C10P7H2.jpg,rocole:C10P7,https://data.mendeley.com/public-files/datasets/c5yvn32dzg/files/c25784aa-3a87-4b89-be4d-1aa68e1397bf/file_downloaded,https://prod-dcd-datasets-public-files-eu-west-1.s3.eu-west-1.amazonaws.com/da741461-5d4e-4fde-8d5a-87eaff24ec74
coffee_rust,coffee_rust,C10P8E2.jpg,rocole:C10P8,https://data.mendeley.com/public-files/datasets/c5yvn32dzg/files/b7ae94b2-2fd9-4a43-8a28-5a19814ed952/file_downloaded,https://prod-dcd-datasets-public-files-eu-west-1.s3.eu-west-1.amazonaws.com/5e526af0-a3a4-4a74-ada9-67c0ff9477ea
coffee_rust,coffee_rust,C10P8H2.jpg,rocole:C10P8,https://data.mendeley.com/public-files/datasets/c5yvn32dzg/files/833552d1-dcf3-4134-9ae1-c2d3cc1b1b32/file_downloaded,https://prod-dcd-datasets-public-files-eu-west-1.s3.eu-west-1.amazonaws.com/0329b27d-cf3a-49ae-8a61-b15597eb857d
coffee_rust,coffee_rust,C10P9H2.jpg,rocole:C10P9,https://data.mendeley.com/public-files/datasets/c5yvn32dzg/files/0128a8f8-5b38-43fa-8003-88fa0dd2dba1/file_downloaded,https://prod-dcd-datasets-public-files-eu-west-1.s3.eu-west-1.amazonaws.com/10dd5418-322b-4340-aabe-e2888b127a2b
coffee_rust,coffee_rust,C11P10E2.jpg,rocole:C11P10,https://data.mendeley.com/public-files/datasets/c5yvn32dzg/files/fa4bd667-5ba0-4c74-ab67-a72e629ea28c/file_downloaded,https://prod-dcd-datasets-public-files-eu-west-1.s3.eu-west-1.amazonaws.com/5d6b4ffe-79e6-4800-ba56-297d3a42c197
coffee_rust,coffee_rust,C11P10H2.jpg,rocole:C11P10,https://data.mendeley.com/public-files/datasets/c5yvn32dzg/files/9d014df6-83d9-4962-94b4-eb43acba631e/file_downloaded,https://prod-dcd-datasets-public-files-eu-west-1.s3.eu-west-1.amazonaws.com/fcac1e61-eadf-4cad-a598-ba2ef669158d
coffee_rust,coffee_rust,C11P11E2.jpg,rocole:C11P11,https://data.mendeley.com/public-files/datasets/c5yvn32dzg/files/dd203c46-05a8-425d-a7b0-36f96426a8ad/file_downloaded,https://prod-dcd-datasets-public-files-eu-west-1.s3.eu-west-1.amazonaws.com/ab2a5127-96bb-43d0-a3bd-af00797aa403
coffee_rust,coffee_rust,C11P11HE.jpg,rocole:C11P11,https://data.mendeley.com/public-files/datasets/c5yvn32dzg/files/7d0237c1-bb3d-40ac-bf05-c5c79188eb52/file_downloaded,https://prod-dcd-datasets-public-files-eu-west-1.s3.eu-west-1.amazonaws.com/02e7b41a-e96b-41ef-9b80-d45806966570
coffee_rust,coffee_rust,C11P12E2.jpg,rocole:C11P12,https://data.mendeley.com/public-files/datasets/c5yvn32dzg/files/87a5f73a-15b4-43d4-9dfa-5b7b6bb2db47/file_downloaded,https://prod-dcd-datasets-public-files-eu-west-1.s3.eu-west-1.amazonaws.com/8b385519-9a25-4430-b51c-130a9105dd48
coffee_rust,coffee_rust,C11P12H2.jpg,rocole:C11P12,https://data.mendeley.com/public-files/datasets/c5yvn32dzg/files/43cc9012-8bbd-431f-86c3-f1e2b93d5273/file_downloaded,https://prod-dcd-datasets-public-files-eu-west-1.s3.eu-west-1.amazonaws.com/f058c434-bf04-4ff5-ba9b-f2dfd2e3f3f9
coffee_rust,coffee_rust,C11P13E2.jpg,rocole:C11P13,https://data.mendeley.com/public-files/datasets/c5yvn32dzg/files/244f049c-11a7-45df-9922-c087fdc8782f/file_downloaded,https://prod-dcd-datasets-public-files-eu-west-1.s3.eu-west-1.amazonaws.com/16807357-f29b-49ef-8f35-ba7bbe9a6ea4
coffee_rust,coffee_rust,C11P13H2.jpg,rocole:C11P13,https://data.mendeley.com/public-files/datasets/c5yvn32dzg/files/0f7a9e71-adc0-4131-85be-2df92f2e13ee/file_downloaded,https://prod-dcd-datasets-public-files-eu-west-1.s3.eu-west-1.amazonaws.com/482f1903-e51a-48fc-ad57-2c8333adfbae
coffee_rust,coffee_rust,C11P14E2.jpg,rocole:C11P14,https://data.mendeley.com/public-files/datasets/c5yvn32dzg/files/af9dde8b-2ad6-4b28-9b66-2c5eaf7c96d7/file_downloaded,https://prod-dcd-datasets-public-files-eu-west-1.s3.eu-west-1.amazonaws.com/6c0dd6e7-de3a-493e-94f2-038a80ba36b4
coffee_rust,coffee_rust,C11P14H2.jpg,rocole:C11P14,https://data.mendeley.com/public-files/datasets/c5yvn32dzg/files/96a03eaf-c3d2-4db0-9383-a6819b7e3309/file_downloaded,https://prod-dcd-datasets-public-files-eu-west-1.s3.eu-west-1.amazonaws.com/44dc9b50-0f99-4751-a20f-371c91bf01b7
coffee_rust,coffee_rust,C11P15E2.jpg,rocole:C11P15,https://data.mendeley.com/public-files/datasets/c5yvn32dzg/files/8818016c-f1e4-439c-8e8c-093c59f7f104/file_downloaded,https://prod-dcd-datasets-public-files-eu-west-1.s3.eu-west-1.amazonaws.com/c01024e4-b0ae-4c52-812d-26cdcd33dee1
coffee_rust,coffee_rust,C11P18E2.jpg,rocole:C11P18,https://data.mendeley.com/public-files/datasets/c5yvn32dzg/files/4e04545c-1daa-4c8a-83f0-a36fd11b2a60/file_downloaded,https://prod-dcd-datasets-public-files-eu-west-1.s3.eu-west-1.amazonaws.com/26a21311-d5b3-4763-acd4-c80a98f59769
coffee_rust,coffee_rust,C11P18H2.jpg,rocole:C11P18,https://data.mendeley.com/public-files/datasets/c5yvn32dzg/files/be8b6cd6-1110-43e6-9d35-7f24e2ae7327/file_downloaded,https://prod-dcd-datasets-public-files-eu-west-1.s3.eu-west-1.amazonaws.com/937e058a-6095-4fc0-bc57-41201115fbc4
coffee_rust,coffee_rust,C11P21E2.jpg,rocole:C11P21,https://data.mendeley.com/public-files/datasets/c5yvn32dzg/files/8b3670a5-b9ea-4662-b7ac-7124de5b7df3/file_downloaded,https://prod-dcd-datasets-public-files-eu-west-1.s3.eu-west-1.amazonaws.com/9ef75124-d8c6-46b1-af39-0084e5a03a2c
coffee_rust,coffee_rust,C11P21H2.jpg,rocole:C11P21,https://data.mendeley.com/public-files/datasets/c5yvn32dzg/files/7dbfc9aa-a2f7-4c21-80f5-c93d43fa1f32/file_downloaded,https://prod-dcd-datasets-public-files-eu-west-1.s3.eu-west-1.amazonaws.com/3ad67f42-0a72-4814-a5b8-f7031f1d2288
coffee_rust,coffee_rust,C11P23E2.jpg,rocole:C11P23,https://data.mendeley.com/public-files/datasets/c5yvn32dzg/files/6b47509f-b6d5-4436-a688-d7c9a93db128/file_downloaded,https://prod-dcd-datasets-public-files-eu-west-1.s3.eu-west-1.amazonaws.com/680fc27c-4da1-4277-a21a-dd7f6f4d31b6
coffee_rust,coffee_rust,C11P23H2.jpg,rocole:C11P23,https://data.mendeley.com/public-files/datasets/c5yvn32dzg/files/d25a3301-3ecc-4f0a-b512-686bf9c0773f/file_downloaded,https://prod-dcd-datasets-public-files-eu-west-1.s3.eu-west-1.amazonaws.com/d4738145-de83-42a6-9583-7291fc48ed3d
coffee_rust,coffee_rust,C11P24H2.jpg,rocole:C11P24,https://data.mendeley.com/public-files/datasets/c5yvn32dzg/files/6928fc2b-c630-4286-8087-837999438832/file_downloaded,https://prod-dcd-datasets-public-files-eu-west-1.s3.eu-west-1.amazonaws.com/f7601681-5d0e-426a-a3f3-a085abc74830
coffee_rust,coffee_rust,C11P25E2.jpg,rocole:C11P25,https://data.mendeley.com/public-files/datasets/c5yvn32dzg/files/d1d88b7d-8c8e-4992-989d-00ac6c2874d2/file_downloaded,https://prod-dcd-datasets-public-files-eu-west-1.s3.eu-west-1.amazonaws.com/c4d01b4b-87ae-4be6-96ee-21d687c61d4d
coffee_rust,coffee_rust,C11P25H2.jpg,rocole:C11P25,https://data.mendeley.com/public-files/datasets/c5yvn32dzg/files/e4715596-5988-4b85-8f56-1715be54c4bd/file_downloaded,https://prod-dcd-datasets-public-files-eu-west-1.s3.eu-west-1.amazonaws.com/81b8e5a3-6985-4fce-a296-078670a57133
coffee_rust,coffee_rust,C11P26E2.jpg,rocole:C11P26,https://data.mendeley.com/public-files/datasets/c5yvn32dzg/files/5f825c8c-d5bc-4271-9485-bb789f9ad5fa/file_downloaded,https://prod-dcd-datasets-public-files-eu-west-1.s3.eu-west-1.amazonaws.com/bb0d903f-46b8-47e0-a714-ded676f9c87d
coffee_rust,coffee_rust,C11P26H2.jpg,rocole:C11P26,https://data.mendeley.com/public-files/datasets/c5yvn32dzg/files/c9846505-25cb-48f4-a7da-c509ce79552c/file_downloaded,https://prod-dcd-datasets-public-files-eu-west-1.s3.eu-west-1.amazonaws.com/3bc5415a-e9b3-45e9-94a6-1edc87962e21
coffee_rust,coffee_rust,C11P27E1.jpg,rocole:C11P27,https://data.mendeley.com/public-files/datasets/c5yvn32dzg/files/c6eb0729-24b6-4cb9-a387-f270cf1b7af3/file_downloaded,https://prod-dcd-datasets-public-files-eu-west-1.s3.eu-west-1.amazonaws.com/2d6022d8-5806-45ea-894a-81013e436359
coffee_rust,coffee_rust,C11P27H1.jpg,rocole:C11P27,https://data.mendeley.com/public-files/datasets/c5yvn32dzg/files/32fc7997-15b3-4cd8-bfe5-4d0a638b8e67/file_downloaded,https://prod-dcd-datasets-public-files-eu-west-1.s3.eu-west-1.amazonaws.com/162b16db-360d-4614-bd20-f2c8083e94b8
coffee_rust,coffee_rust,C11P28E2.jpg,rocole:C11P28,https://data.mendeley.com/public-files/datasets/c5yvn32dzg/files/af13aff2-e0b7-4901-bcba-60c7eb51c21b/file_downloaded,https://prod-dcd-datasets-public-files-eu-west-1.s3.eu-west-1.amazonaws.com/727dc983-762b-4f72-b0cf-e347433611ed
coffee_rust,coffee_rust,C11P28H2.jpg,rocole:C11P28,https://data.mendeley.com/public-files/datasets/c5yvn32dzg/files/7362847c-8281-47f4-a613-183311805762/file_downloaded,https://prod-dcd-datasets-public-files-eu-west-1.s3.eu-west-1.amazonaws.com/baf053d1-a0e6-4627-8646-48027c74fe62
coffee_rust,coffee_rust,C11P2H2.jpg,rocole:C11P2,https://data.mendeley.com/public-files/datasets/c5yvn32dzg/files/26cc6122-cfe8-48c9-bc3b-e27adef15dc4/file_downloaded,https://prod-dcd-datasets-public-files-eu-west-1.s3.eu-west-1.amazonaws.com/037ea2cd-5d31-4761-8a38-8a914dac39ee
coffee_rust,coffee_rust,C11P30H2.jpg,rocole:C11P30,https://data.mendeley.com/public-files/datasets/c5yvn32dzg/files/653418b4-a2f3-47b5-a99c-2bed42b00cc2/file_downloaded,https://prod-dcd-datasets-public-files-eu-west-1.s3.eu-west-1.amazonaws.com/7ce10ff2-3edb-4179-b87f-c273fdb2b7aa
coffee_rust,coffee_rust,C11P31H2.jpg,rocole:C11P31,https://data.mendeley.com/public-files/datasets/c5yvn32dzg/files/3b093f80-5f16-49c6-ba83-ae9732b08727/file_downloaded,https://prod-dcd-datasets-public-files-eu-west-1.s3.eu-west-1.amazonaws.com/8371248f-89da-4854-9a62-7a248f6f3056
coffee_rust,coffee_rust,C11P32H2.jpg,rocole:C11P32,https://data.mendeley.com/public-files/datasets/c5yvn32dzg/files/8c0d244a-d726-49eb-b151-c7de73e15fe0/file_downloaded,https://prod-dcd-datasets-public-files-eu-west-1.s3.eu-west-1.amazonaws.com/0da92fa4-a710-4b95-b458-e68a59c0aae4
coffee_rust,coffee_rust,C11P34H2.jpg,rocole:C11P34,https://data.mendeley.com/public-files/datasets/c5yvn32dzg/files/52f7875f-53f6-469f-aa8b-e9cb9ce7a4c3/file_downloaded,https://prod-dcd-datasets-public-files-eu-west-1.s3.eu-west-1.amazonaws.com/7de7cb2c-63d8-4a4f-9941-eadce9828cd7
coffee_rust,coffee_rust,C11P36H2.jpg,rocole:C11P36,https://data.mendeley.com/public-files/datasets/c5yvn32dzg/files/4986f0d9-d518-45d9-8003-895afe27ff2d/file_downloaded,https://prod-dcd-datasets-public-files-eu-west-1.s3.eu-west-1.amazonaws.com/9842cbf6-9350-4d0f-81c0-63941d49ddf3
coffee_rust,coffee_rust,C11P37H2.jpg,rocole:C11P37,https://data.mendeley.com/public-files/datasets/c5yvn32dzg/files/9c479842-1e66-41de-8148-86dd0405552b/file_downloaded,https://prod-dcd-datasets-public-files-eu-west-1.s3.eu-west-1.amazonaws.com/9f132ba8-66a7-4173-a0e3-69b01ae262d8
coffee_rust,coffee_rust,C11P38E2.jpg,rocole:C11P38,https://data.mendeley.com/public-files/datasets/c5yvn32dzg/files/8a9076f6-79ed-4819-b1f6-495628af6abc/file_downloaded,https://prod-dcd-datasets-public-files-eu-west-1.s3.eu-west-1.amazonaws.com/0a8c7ebe-64f3-4efe-93a6-477923599d0e
coffee_rust,coffee_rust,C11P38H2.jpg,rocole:C11P38,https://data.mendeley.com/public-files/datasets/c5yvn32dzg/files/4a276d28-8f15-4a14-8fb0-9feda32bd993/file_downloaded,https://prod-dcd-datasets-public-files-eu-west-1.s3.eu-west-1.amazonaws.com/2a1cc962-3187-4a59-a7ad-33bbec64c351
coffee_rust,coffee_rust,C11P5E2.jpg,rocole:C11P5,https://data.mendeley.com/public-files/datasets/c5yvn32dzg/files/8aa2465c-9f3c-42ad-8abb-ecb58313c55e/file_downloaded,https://prod-dcd-datasets-public-files-eu-west-1.s3.eu-west-1.amazonaws.com/b9dd2157-1829-46ee-8913-7ac0c464ffef
coffee_rust,coffee_rust,C11P5H2.jpg,rocole:C11P5,https://data.mendeley.com/public-files/datasets/c5yvn32dzg/files/a30057bd-1454-4a8a-8df8-62cf1dc1ad58/file_downloaded,https://prod-dcd-datasets-public-files-eu-west-1.s3.eu-west-1.amazonaws.com/0945305b-52df-4165-8a5d-ed63cf55b67f
coffee_rust,coffee_rust,C11P6E2.jpg,rocole:C11P6,https://data.mendeley.com/public-files/datasets/c5yvn32dzg/files/2f57a9da-cd13-43bd-9402-6f4298fe13a1/file_downloaded,https://prod-dcd-datasets-public-files-eu-west-1.s3.eu-west-1.amazonaws.com/69bced1b-7fae-4d9d-84db-0a08fb548479
coffee_rust,coffee_rust,C11P6H2.jpg,rocole:C11P6,https://data.mendeley.com/public-files/datasets/c5yvn32dzg/files/0600d2ab-95ee-406d-bf2a-6974bca67ba6/file_downloaded,https://prod-dcd-datasets-public-files-eu-west-1.s3.eu-west-1.amazonaws.com/59d63bb6-eccc-4cdf-9e17-95ff891c7f73
coffee_rust,coffee_rust,C11P7E2.jpg,rocole:C11P7,https://data.mendeley.com/public-files/datasets/c5yvn32dzg/files/73f3fc77-afbb-447f-b8ef-9f0c4da9a84f/file_downloaded,https://prod-dcd-datasets-public-files-eu-west-1.s3.eu-west-1.amazonaws.com/3a678861-9d8d-453c-8fdc-fcc22477165d
coffee_rust,coffee_rust,C11P7H2.jpg,rocole:C11P7,https://data.mendeley.com/public-files/datasets/c5yvn32dzg/files/4f065753-0ed3-4ac0-9237-e8823cc09ff0/file_downloaded,https://prod-dcd-datasets-public-files-eu-west-1.s3.eu-west-1.amazonaws.com/f3c4d7a6-a13d-47e5-b4b8-088528936b58
coffee_rust,coffee_rust,C11P8E2.jpg,rocole:C11P8,https://data.mendeley.com/public-files/datasets/c5yvn32dzg/files/aa72b54d-8db3-4301-bd2f-a4ecf9ff6052/file_downloaded,https://prod-dcd-datasets-public-files-eu-west-1.s3.eu-west-1.amazonaws.com/4afca94f-bf0f-4b7b-a635-c94dc97b46f9
coffee_rust,coffee_rust,C11P8H2.jpg,rocole:C11P8,https://data.mendeley.com/public-files/datasets/c5yvn32dzg/files/95c1517b-8f3c-4721-acea-5eb2d497c764/file_downloaded,https://prod-dcd-datasets-public-files-eu-west-1.s3.eu-west-1.amazonaws.com/d4da0548-5066-4437-815c-5f3735f80847
coffee_rust,coffee_rust,C12P11E2.jpg,rocole:C12P11,https://data.mendeley.com/public-files/datasets/c5yvn32dzg/files/5150ba54-4382-4d16-a53a-033c4e50f39b/file_downloaded,https://prod-dcd-datasets-public-files-eu-west-1.s3.eu-west-1.amazonaws.com/2abb3064-8303-4659-87b4-cb4c0bc38584
coffee_rust,coffee_rust,C12P11H2.jpg,rocole:C12P11,https://data.mendeley.com/public-files/datasets/c5yvn32dzg/files/73d2200a-45ef-45c3-8c8e-8058480b82fb/file_downloaded,https://prod-dcd-datasets-public-files-eu-west-1.s3.eu-west-1.amazonaws.com/852ef13f-9239-4e35-a1cb-2488a2bf2259
coffee_rust,coffee_rust,C12P12E2.jpg,rocole:C12P12,https://data.mendeley.com/public-files/datasets/c5yvn32dzg/files/506e8800-a752-4bdb-a407-4fd565491e64/file_downloaded,https://prod-dcd-datasets-public-files-eu-west-1.s3.eu-west-1.amazonaws.com/ea362db0-db42-4247-8da9-2683daeff7d7
coffee_rust,coffee_rust,C12P12H2.jpg,rocole:C12P12,https://data.mendeley.com/public-files/datasets/c5yvn32dzg/files/9faaca3f-3eaf-445d-87b1-2457a23b5735/file_downloaded,https://prod-dcd-datasets-public-files-eu-west-1.s3.eu-west-1.amazonaws.com/df7e33ed-bd7c-47ca-9ce6-8630262357c5
coffee_rust,coffee_rust,C12P14E2.jpg,rocole:C12P14,https://data.mendeley.com/public-files/datasets/c5yvn32dzg/files/bdb795de-fa1b-4ef3-9637-17f14937fb7b/file_downloaded,https://prod-dcd-datasets-public-files-eu-west-1.s3.eu-west-1.amazonaws.com/5637ec6f-aa85-4823-bee3-bfc671ba266f
coffee_rust,coffee_rust,C12P14H2.jpg,rocole:C12P14,https://data.mendeley.com/public-files/datasets/c5yvn32dzg/files/f836e74a-1e13-4971-a17f-9237fc05e67f/file_downloaded,https://prod-dcd-datasets-public-files-eu-west-1.s3.eu-west-1.amazonaws.com/42b1c263-0c20-4413-8f7a-0c6be58871f8
coffee_rust,coffee_rust,C12P15E2.jpg,rocole:C12P15,https://data.mendeley.com/public-files/datasets/c5yvn32dzg/files/4a509681-a940-43ab-840c-e1ff4bb3ca43/file_downloaded,https://prod-dcd-datasets-public-files-eu-west-1.s3.eu-west-1.amazonaws.com/8c413807-4fe6-47fe-96d5-087a9693b82c
coffee_rust,coffee_rust,C12P15H2.jpg,rocole:C12P15,https://data.mendeley.com/public-files/datasets/c5yvn32dzg/files/4ab91888-aee8-4d60-aed5-cfc8a8d1cebc/file_downloaded,https://prod-dcd-datasets-public-files-eu-west-1.s3.eu-west-1.amazonaws.com/e91d13b7-8fb0-45bc-aa66-20b728ff70e0
coffee_rust,coffee_rust,C12P16E2.jpg,rocole:C12P16,https://data.mendeley.com/public-files/datasets/c5yvn32dzg/files/7c107266-2132-4f42-81bd-79a57eb0156e/file_downloaded,https://prod-dcd-datasets-public-files-eu-west-1.s3.eu-west-1.amazonaws.com/e769ee9c-bcab-4605-8a10-d4da99bcecc4
coffee_rust,coffee_rust,C12P16H2.jpg,rocole:C12P16,https://data.mendeley.com/public-files/datasets/c5yvn32dzg/files/f5a14c36-5253-4555-b4d1-e648124c2ada/file_downloaded,https://prod-dcd-datasets-public-files-eu-west-1.s3.eu-west-1.amazonaws.com/f53eec99-f374-4624-8f17-1cc49273b510
coffee_rust,coffee_rust,C12P17H2.jpg,rocole:C12P17,https://data.mendeley.com/public-files/datasets/c5yvn32dzg/files/247a01df-b9c3-42b4-b504-c796b780bdb7/file_downloaded,https://prod-dcd-datasets-public-files-eu-west-1.s3.eu-west-1.amazonaws.com/0428e4c8-d1d8-42d0-b86e-9a4e59a781da
coffee_rust,coffee_rust,C12P18E2.jpg,rocole:C12P18,https://data.mendeley.com/public-files/datasets/c5yvn32dzg/files/9861532e-6bec-481a-b6e9-f80d18104a55/file_downloaded,https://prod-dcd-datasets-public-files-eu-west-1.s3.eu-west-1.amazonaws.com/9241c849-85c9-4442-82b1-6ae1b93f55d0
coffee_rust,coffee_rust,C12P18H2.jpg,rocole:C12P18,https://data.mendeley.com/public-files/datasets/c5yvn32dzg/files/342e5329-d949-4a4c-ac2f-2716546c0eec/file_downloaded,https://prod-dcd-datasets-public-files-eu-west-1.s3.eu-west-1.amazonaws.com/7a5522dc-2ead-4bc4-b0a3-3305cc5ffefb
coffee_rust,coffee_rust,C12P19E1.jpg,rocole:C12P19,https://data.mendeley.com/public-files/datasets/c5yvn32dzg/files/d8440a28-90ea-4fb9-a506-fb14474b9712/file_downloaded,https://prod-dcd-datasets-public-files-eu-west-1.s3.eu-west-1.amazonaws.com/de6576a3-310f-483c-ae47-3c2f439fffd3
coffee_rust,coffee_rust,C12P19H1.jpg,rocole:C12P19,https://data.mendeley.com/public-files/datasets/c5yvn32dzg/files/d5cbfac4-1e43-45af-8d81-78053ca84895/file_downloaded,https://prod-dcd-datasets-public-files-eu-west-1.s3.eu-west-1.amazonaws.com/a9ac9bea-fdd4-4a5c-af55-2a345cd8138b
coffee_rust,coffee_rust,C12P1E2.jpg,rocole:C12P1,https://data.mendeley.com/public-files/datasets/c5yvn32dzg/files/45c3f148-9846-408f-86a0-e00277bca46d/file_downloaded,https://prod-dcd-datasets-public-files-eu-west-1.s3.eu-west-1.amazonaws.com/b318a290-067c-424f-aee1-0771ea4add78
coffee_rust,coffee_rust,C12P20H2.jpg,rocole:C12P20,https://data.mendeley.com/public-files/datasets/c5yvn32dzg/files/c2c70811-d02b-4732-ab93-c590add0e463/file_downloaded,https://prod-dcd-datasets-public-files-eu-west-1.s3.eu-west-1.amazonaws.com/10ccc583-7392-4872-8d2d-1f4e3d32b7f0
coffee_rust,coffee_rust,C12P21E2.jpg,rocole:C12P21,https://data.mendeley.com/public-files/datasets/c5yvn32dzg/files/cdfb7167-93ce-4bd4-8237-b56835056e3d/file_downloaded,https://prod-dcd-datasets-public-files-eu-west-1.s3.eu-west-1.amazonaws.com/4c89af5b-1b1c-4902-a22b-ec9248ac22cf
coffee_rust,coffee_rust,C12P21H2.jpg,rocole:C12P21,https://data.mendeley.com/public-files/datasets/c5yvn32dzg/files/5ffdd9c4-7acd-4f96-8cba-8a1f8b81b3a9/file_downloaded,https://prod-dcd-datasets-public-files-eu-west-1.s3.eu-west-1.amazonaws.com/a65d7743-2cee-4a83-bd05-159f5de4f6ce
coffee_rust,coffee_rust,C12P22E2.jpg,rocole:C12P22,https://data.mendeley.com/public-files/datasets/c5yvn32dzg/files/6fe71a00-f6ed-4ab7-9f17-b721b83a68d1/file_downloaded,https://prod-dcd-datasets-public-files-eu-west-1.s3.eu-west-1.amazonaws.com/91d89012-94ad-439c-8bd9-1ae19b1005d8
coffee_rust,coffee_rust,C12P22H2.jpg,rocole:C12P22,https://data.mendeley.com/public-files/datasets/c5yvn32dzg/files/dc7b832d-67e5-4a45-b761-0073dfe352a7/file_downloaded,https://prod-dcd-datasets-public-files-eu-west-1.s3.eu-west-1.amazonaws.com/69bec661-459d-44fc-b4d6-7a2d43973827
coffee_rust,coffee_rust,C12P23E2.jpg,rocole:C12P23,https://data.mendeley.com/public-files/datasets/c5yvn32dzg/files/292a75d4-fc60-4d86-a093-945c8463e6a7/file_downloaded,https://prod-dcd-datasets-public-files-eu-west-1.s3.eu-west-1.amazonaws.com/51a19c16-c4ec-4be8-97eb-1357780204dc
coffee_rust,coffee_rust,C12P23H2.jpg,rocole:C12P23,https://data.mendeley.com/public-files/datasets/c5yvn32dzg/files/1f9f2035-0770-4414-9e18-cf733f861b74/file_downloaded,https://prod-dcd-datasets-public-files-eu-west-1.s3.eu-west-1.amazonaws.com/d8b6036f-9366-4cda-b1c8-1c120cab3e1c
coffee_rust,coffee_rust,C12P25E2.jpg,rocole:C12P25,https://data.mendeley.com/public-files/datasets/c5yvn32dzg/files/78ef5693-e24b-4a0f-9426-c7f903b84acd/file_downloaded,https://prod-dcd-datasets-public-files-eu-west-1.s3.eu-west-1.amazonaws.com/b5340c21-0e08-4326-9476-3884fe17fb2f
coffee_rust,coffee_rust,C12P25H2.jpg,rocole:C12P25,https://data.mendeley.com/public-files/datasets/c5yvn32dzg/files/ef63cb8f-ffb8-4232-ae83-c06e08ae6c1a/file_downloaded,https://prod-dcd-datasets-public-files-eu-west-1.s3.eu-west-1.amazonaws.com/aacf1d31-7003-4fda-96db-df204ce0a98e
coffee_rust,coffee_rust,C12P28E2.jpg,rocole:C12P28,https://data.mendeley.com/public-files/datasets/c5yvn32dzg/files/8a7ceb65-0ebc-4b13-adf1-2e111ad6088e/file_downloaded,https://prod-dcd-datasets-public-files-eu-west-1.s3.eu-west-1.amazonaws.com/39b5af0d-b8ca-4a57-a5e2-c586007017f6
coffee_rust,coffee_rust,C12P28H2.jpg,rocole:C12P28,https://data.mendeley.com/public-files/datasets/c5yvn32dzg/files/f53b2c50-e7e9-4754-a571-5c652d5be937/file_downloaded,https://prod-dcd-datasets-public-files-eu-west-1.s3.eu-west-1.amazonaws.com/c46ffe86-adce-409b-bb63-5aa5f37fa218
coffee_rust,coffee_rust,C12P29E2.jpg,rocole:C12P29,https://data.mendeley.com/public-files/datasets/c5yvn32dzg/files/b8c3f9b4-54f9-41a4-a454-c50583ad7091/file_downloaded,https://prod-dcd-datasets-public-files-eu-west-1.s3.eu-west-1.amazonaws.com/48110d3a-1648-4108-b709-741b9031108b
coffee_rust,coffee_rust,C12P29H2.jpg,rocole:C12P29,https://data.mendeley.com/public-files/datasets/c5yvn32dzg/files/c03e75d9-7d4c-465c-8183-cc4bfe9e43d4/file_downloaded,https://prod-dcd-datasets-public-files-eu-west-1.s3.eu-west-1.amazonaws.com/47f68161-4868-457b-9e7e-74a75d772200
coffee_rust,coffee_rust,C12P2E2.jpg,rocole:C12P2,https://data.mendeley.com/public-files/datasets/c5yvn32dzg/files/ef0292de-fea3-4afd-8a0c-e5a01f3b2a2d/file_downloaded,https://prod-dcd-datasets-public-files-eu-west-1.s3.eu-west-1.amazonaws.com/02c6a865-4711-4f45-b630-fdc0038b07cd
coffee_rust,coffee_rust,C12P2H2.jpg,rocole:C12P2,https://data.mendeley.com/public-files/datasets/c5yvn32dzg/files/c58daf79-491f-4470-86d7-d86c88393aec/file_downloaded,https://prod-dcd-datasets-public-files-eu-west-1.s3.eu-west-1.amazonaws.com/a1fa4be4-0b8b-449a-8d15-0578fa635a49
coffee_rust,coffee_rust,C12P30E2.jpg,rocole:C12P30,https://data.mendeley.com/public-files/datasets/c5yvn32dzg/files/39590274-7022-4bdb-a9a6-873afc497ce1/file_downloaded,https://prod-dcd-datasets-public-files-eu-west-1.s3.eu-west-1.amazonaws.com/98161839-79b0-41aa-9975-55940b14ca66
coffee_rust,coffee_rust,C12P30H2.jpg,rocole:C12P30,https://data.mendeley.com/public-files/datasets/c5yvn32dzg/files/803323b1-1a7d-42a5-8b9c-1756943d10d8/file_downloaded,https://prod-dcd-datasets-public-files-eu-west-1.s3.eu-west-1.amazonaws.com/eb42d770-aadd-4b67-bd4f-cce77d3b059a
coffee_rust,coffee_rust,C12P31E2.jpg,rocole:C12P31,https://data.mendeley.com/public-files/datasets/c5yvn32dzg/files/9fdfdb30-7e94-4011-92f6-c2ac453d5633/file_downloaded,https://prod-dcd-datasets-public-files-eu-west-1.s3.eu-west-1.amazonaws.com/e4cee130-26e0-49dc-a304-dc83b29c03aa
coffee_rust,coffee_rust,C12P31H2.jpg,rocole:C12P31,https://data.mendeley.com/public-files/datasets/c5yvn32dzg/files/762c8681-fb70-48d1-b1c7-90e7bff7e0de/file_downloaded,https://prod-dcd-datasets-public-files-eu-west-1.s3.eu-west-1.amazonaws.com/e4e3c17f-181b-4a1f-bd59-6d1edf157556
coffee_rust,coffee_rust,C12P32E2.jpg,rocole:C12P32,https://data.mendeley.com/public-files/datasets/c5yvn32dzg/files/1c6893b6-91a4-48ad-9229-7872db25b8c8/file_downloaded,https://prod-dcd-datasets-public-files-eu-west-1.s3.eu-west-1.amazonaws.com/942b7986-4e46-4bdf-9397-ae5087e46eca
coffee_rust,coffee_rust,C12P32H2.jpg,rocole:C12P32,https://data.mendeley.com/public-files/datasets/c5yvn32dzg/files/6250a12a-2896-455f-ac0b-417cbb2ff4be/file_downloaded,https://prod-dcd-datasets-public-files-eu-west-1.s3.eu-west-1.amazonaws.com/f505c5cc-3c91-48d3-b77d-101b05e2edc1
coffee_rust,coffee_rust,C12P34E2.jpg,rocole:C12P34,https://data.mendeley.com/public-files/datasets/c5yvn32dzg/files/0326923e-7217-4d12-a974-1c16bdda4147/file_downloaded,https://prod-dcd-datasets-public-files-eu-west-1.s3.eu-west-1.amazonaws.com/67148637-476b-44de-aa2e-7e254b76ffda
coffee_rust,coffee_rust,C12P34H2.jpg,rocole:C12P34,https://data.mendeley.com/public-files/datasets/c5yvn32dzg/files/8e3d5b4e-4454-46c7-bdae-aebd6ce37af0/file_downloaded,https://prod-dcd-datasets-public-files-eu-west-1.s3.eu-west-1.amazonaws.com/3ac8c2fb-d3ef-49c7-837f-fdcc270007fb
coffee_rust,coffee_rust,C12P36E2.jpg,rocole:C12P36,https://data.mendeley.com/public-files/datasets/c5yvn32dzg/files/40cc06f4-436e-401e-a26f-144a01ae465d/file_downloaded,https://prod-dcd-datasets-public-files-eu-west-1.s3.eu-west-1.amazonaws.com/f3319efa-18c4-4af7-a908-b9492f8ba5a8
coffee_rust,coffee_rust,C12P36H2.jpg,rocole:C12P36,https://data.mendeley.com/public-files/datasets/c5yvn32dzg/files/0da5fafa-0999-493a-97a9-06efd2d8625d/file_downloaded,https://prod-dcd-datasets-public-files-eu-west-1.s3.eu-west-1.amazonaws.com/dd9e3053-b14b-44de-be97-be2c7eda1650
coffee_rust,coffee_rust,C12P38E2.jpg,rocole:C12P38,https://data.mendeley.com/public-files/datasets/c5yvn32dzg/files/ca1bffe5-3ba0-4c0b-93e2-010138874db5/file_downloaded,https://prod-dcd-datasets-public-files-eu-west-1.s3.eu-west-1.amazonaws.com/317d5861-c782-474a-a9c5-0c6b7fcd2551
coffee_rust,coffee_rust,C12P38H2.jpg,rocole:C12P38,https://data.mendeley.com/public-files/datasets/c5yvn32dzg/files/9025be02-52ad-42f6-925a-4e92e80d1e1f/file_downloaded,https://prod-dcd-datasets-public-files-eu-west-1.s3.eu-west-1.amazonaws.com/432df63f-6582-4599-a13b-d9b15ff0399b
coffee_rust,coffee_rust,C12P3E2.jpg,rocole:C12P3,https://data.mendeley.com/public-files/datasets/c5yvn32dzg/files/b4fe3f89-a7a6-4f2d-a03a-de98a7719d4c/file_downloaded,https://prod-dcd-datasets-public-files-eu-west-1.s3.eu-west-1.amazonaws.com/34829e6d-8ff6-48b2-afda-171c027b3464
coffee_rust,coffee_rust,C12P3H2.jpg,rocole:C12P3,https://data.mendeley.com/public-files/datasets/c5yvn32dzg/files/bd70ff6d-fe32-4ccd-96ae-66dfa9ae23f3/file_downloaded,https://prod-dcd-datasets-public-files-eu-west-1.s3.eu-west-1.amazonaws.com/1e44f63b-acd4-4360-a07a-e613b7620d52
coffee_rust,coffee_rust,C12P40E2.jpg,rocole:C12P40,https://data.mendeley.com/public-files/datasets/c5yvn32dzg/files/aa186dc5-b527-40e9-92ed-5b49e3d5c3c2/file_downloaded,https://prod-dcd-datasets-public-files-eu-west-1.s3.eu-west-1.amazonaws.com/fc6ef486-7ce1-45c9-9dc1-4194ed93c546
coffee_rust,coffee_rust,C12P40H2.jpg,rocole:C12P40,https://data.mendeley.com/public-files/datasets/c5yvn32dzg/files/8e30c4db-4134-453b-b403-0782f1a0fcaf/file_downloaded,https://prod-dcd-datasets-public-files-eu-west-1.s3.eu-west-1.amazonaws.com/974ebb53-b1ff-453d-9d08-afb0246b2798
coffee_rust,coffee_rust,C12P6H2.jpg,rocole:C12P6,https://data.mendeley.com/public-files/datasets/c5yvn32dzg/files/920d3535-eeda-41b6-bf6c-e6180bfd9d55/file_downloaded,https://prod-dcd-datasets-public-files-eu-west-1.s3.eu-west-1.amazonaws.com/d58e99be-2b80-4d3d-8281-29f5e52d1014
coffee_rust,coffee_rust,C12P8E2.jpg,rocole:C12P8,https://data.mendeley.com/public-files/datasets/c5yvn32dzg/files/b67e35a0-2ed0-4fa8-b28d-3ca0c30b4df2/file_downloaded,https://prod-dcd-datasets-public-files-eu-west-1.s3.eu-west-1.amazonaws.com/c81a08d1-f39f-4eec-b51e-777d156555e6
coffee_rust,coffee_rust,C12P8H2.jpg,rocole:C12P8,https://data.mendeley.com/public-files/datasets/c5yvn32dzg/files/59ec56c8-6e12-46a8-96f9-69e722eb9862/file_downloaded,https://prod-dcd-datasets-public-files-eu-west-1.s3.eu-west-1.amazonaws.com/50eb8a7f-a82c-42e2-a760-fc9d6960753f
coffee_rust,coffee_rust,C12P9E2.jpg,rocole:C12P9,https://data.mendeley.com/public-files/datasets/c5yvn32dzg/files/bbfb520d-1e38-46d3-982d-0d152cbb1466/file_downloaded,https://prod-dcd-datasets-public-files-eu-west-1.s3.eu-west-1.amazonaws.com/d5a1da44-dae5-4420-8c8e-559e25f1e9a1
coffee_rust,coffee_rust,C12P9H2.jpg,rocole:C12P9,https://data.mendeley.com/public-files/datasets/c5yvn32dzg/files/0aecc3b4-5f33-4089-a9b3-167b42fc9305/file_downloaded,https://prod-dcd-datasets-public-files-eu-west-1.s3.eu-west-1.amazonaws.com/16351b1a-319d-4c95-a6fc-2317a25bc791
coffee_rust,coffee_rust,C1P10E2.jpg,rocole:C1P10,https://data.mendeley.com/public-files/datasets/c5yvn32dzg/files/981fa849-b14f-4d69-acbc-df293a8fa443/file_downloaded,https://prod-dcd-datasets-public-files-eu-west-1.s3.eu-west-1.amazonaws.com/dfece098-4df6-49e7-95c9-c89e3be2e107
coffee_rust,coffee_rust,C1P10H2.jpg,rocole:C1P10,https://data.mendeley.com/public-files/datasets/c5yvn32dzg/files/9b2680a9-d006-46c4-9989-ebb0d5d56b60/file_downloaded,https://prod-dcd-datasets-public-files-eu-west-1.s3.eu-west-1.amazonaws.com/5c2e29fe-57e2-464c-b873-6f391171d3dc
coffee_rust,coffee_rust,C1P11E2.jpg,rocole:C1P11,https://data.mendeley.com/public-files/datasets/c5yvn32dzg/files/ac872e1b-1f44-49cc-afa1-c470989059a6/file_downloaded,https://prod-dcd-datasets-public-files-eu-west-1.s3.eu-west-1.amazonaws.com/63b59fe2-030d-4a9e-869f-0874d05e88d0
coffee_rust,coffee_rust,C1P11H2.jpg,rocole:C1P11,https://data.mendeley.com/public-files/datasets/c5yvn32dzg/files/3aa27c70-3c6f-48e7-a636-9c8ff4450df4/file_downloaded,https://prod-dcd-datasets-public-files-eu-west-1.s3.eu-west-1.amazonaws.com/e5614d1d-2c71-4bdd-81cc-35a8302ddcd3
coffee_rust,coffee_rust,C1P12E2.jpg,rocole:C1P12,https://data.mendeley.com/public-files/datasets/c5yvn32dzg/files/37986da8-f8b4-432f-8e1f-3729b9697aa9/file_downloaded,https://prod-dcd-datasets-public-files-eu-west-1.s3.eu-west-1.amazonaws.com/324c6495-bf59-4d08-8d8c-b8ae5200edd1
coffee_rust,coffee_rust,C1P12H2.jpg,rocole:C1P12,https://data.mendeley.com/public-files/datasets/c5yvn32dzg/files/4536c38f-a003-4681-87c5-5aaeee4acd1e/file_downloaded,https://prod-dcd-datasets-public-files-eu-west-1.s3.eu-west-1.amazonaws.com/1246d930-0a24-4c8a-973b-3cc824364e8e
coffee_rust,coffee_rust,C1P13E2.jpg,rocole:C1P13,https://data.mendeley.com/public-files/datasets/c5yvn32dzg/files/03953fda-c6c5-4d8c-afbf-6f3d00927059/file_downloaded,https://prod-dcd-datasets-public-files-eu-west-1.s3.eu-west-1.amazonaws.com/ec3233a9-b688-4b9b-ad9d-67c344cd4838
coffee_rust,coffee_rust,C1P13H2.jpg,rocole:C1P13,https://data.mendeley.com/public-files/datasets/c5yvn32dzg/files/737bf77d-b58a-4c1a-a21f-fa0caefd9592/file_downloaded,https://prod-dcd-datasets-public-files-eu-west-1.s3.eu-west-1.amazonaws.com/25e718f6-685e-4b8c-8139-41e496f091a2
coffee_rust,coffee_rust,C1P14E2.jpg,rocole:C1P14,https://data.mendeley.com/public-files/datasets/c5yvn32dzg/files/a33f0e77-41f4-4ba9-a318-24c50ec27db6/file_downloaded,https://prod-dcd-datasets-public-files-eu-west-1.s3.eu-west-1.amazonaws.com/6ba61c74-cca5-4df9-b1f3-28480fd30a20
coffee_rust,coffee_rust,C1P14H2.jpg,rocole:C1P14,https://data.mendeley.com/public-files/datasets/c5yvn32dzg/files/4a6358fd-ffa2-4048-80cd-bfc68e10c795/file_downloaded,https://prod-dcd-datasets-public-files-eu-west-1.s3.eu-west-1.amazonaws.com/a79c489a-076b-4adb-b166-f17411b4c94d
coffee_rust,coffee_rust,C1P15E1.jpg,rocole:C1P15,https://data.mendeley.com/public-files/datasets/c5yvn32dzg/files/b1c1bfeb-d107-4b7a-acba-aa371384771d/file_downloaded,https://prod-dcd-datasets-public-files-eu-west-1.s3.eu-west-1.amazonaws.com/11afaceb-b156-47e0-8d01-dd981baaba6d
coffee_rust,coffee_rust,C1P15E2.jpg,rocole:C1P15,https://data.mendeley.com/public-files/datasets/c5yvn32dzg/files/c0c488cf-4f1d-41b7-b468-c8630acbf44d/file_downloaded,https://prod-dcd-datasets-public-files-eu-west-1.s3.eu-west-1.amazonaws.com/73fd5dec-799d-4cec-ac20-483630e654bf
coffee_rust,coffee_rust,C1P15H2.jpg,rocole:C1P15,https://data.mendeley.com/public-files/datasets/c5yvn32dzg/files/a798ac7e-bceb-45a7-9f1c-b5d07f255dc3/file_downloaded,https://prod-dcd-datasets-public-files-eu-west-1.s3.eu-west-1.amazonaws.com/db17d2eb-67a1-4a47-9958-a14e88aac2d7
coffee_rust,coffee_rust,C1P17E2.jpg,rocole:C1P17,https://data.mendeley.com/public-files/datasets/c5yvn32dzg/files/a12707e5-43eb-44b2-89c6-5818903778f2/file_downloaded,https://prod-dcd-datasets-public-files-eu-west-1.s3.eu-west-1.amazonaws.com/f7eea1c3-4e18-453e-a5e8-c09039c73728
coffee_rust,coffee_rust,C1P17H2.jpg,rocole:C1P17,https://data.mendeley.com/public-files/datasets/c5yvn32dzg/files/e3f2ed02-af1c-43b9-80ea-0ebcfe974f20/file_downloaded,https://prod-dcd-datasets-public-files-eu-west-1.s3.eu-west-1.amazonaws.com/88ce3f62-eb92-4b23-abf3-2e3f650bb2c3
coffee_rust,coffee_rust,C1P18E2.jpg,rocole:C1P18,https://data.mendeley.com/public-files/datasets/c5yvn32dzg/files/0d2f69f1-8c4b-4149-a24e-305e91318a58/file_downloaded,https://prod-dcd-datasets-public-files-eu-west-1.s3.eu-west-1.amazonaws.com/80711fe2-eeec-4c0b-afe9-c199bc36f62b
coffee_rust,coffee_rust,C1P18H2.jpg,rocole:C1P18,https://data.mendeley.com/public-files/datasets/c5yvn32dzg/files/84b8efce-6537-452a-8888-e80bb6646fa5/file_downloaded,https://prod-dcd-datasets-public-files-eu-west-1.s3.eu-west-1.amazonaws.com/4f1d5e55-2732-42fa-a3a6-8ad2802915c2
coffee_rust,coffee_rust,C1P19E2.jpg,rocole:C1P19,https://data.mendeley.com/public-files/datasets/c5yvn32dzg/files/b9f8890d-9351-4de8-8141-c2bab1e14c60/file_downloaded,https://prod-dcd-datasets-public-files-eu-west-1.s3.eu-west-1.amazonaws.com/638d92f5-0720-409e-a2e0-68717af6cdcf
coffee_rust,coffee_rust,C1P19H2.jpg,rocole:C1P19,https://data.mendeley.com/public-files/datasets/c5yvn32dzg/files/736b6bdd-9d65-4a01-bb2a-b79fb40f3fae/file_downloaded,https://prod-dcd-datasets-public-files-eu-west-1.s3.eu-west-1.amazonaws.com/ca91ae75-b8c8-4ff0-98fc-90afa40371a8
coffee_rust,coffee_rust,C1P1E2.jpg,rocole:C1P1,https://data.mendeley.com/public-files/datasets/c5yvn32dzg/files/7563df2e-7577-4958-8e26-69109873a702/file_downloaded,https://prod-dcd-datasets-public-files-eu-west-1.s3.eu-west-1.amazonaws.com/e138f932-c26e-402a-90e1-3b3ca75c8771
coffee_rust,coffee_rust,C1P1H2.jpg,rocole:C1P1,https://data.mendeley.com/public-files/datasets/c5yvn32dzg/files/0b9b36c9-7dd6-4ed0-874f-50e0060a2aed/file_downloaded,https://prod-dcd-datasets-public-files-eu-west-1.s3.eu-west-1.amazonaws.com/221f430c-9d92-4612-8279-7c7255072633
coffee_rust,coffee_rust,C1P20E2.jpg,rocole:C1P20,https://data.mendeley.com/public-files/datasets/c5yvn32dzg/files/369e976c-2f38-4b66-aa3b-c7667a417f2b/file_downloaded,https://prod-dcd-datasets-public-files-eu-west-1.s3.eu-west-1.amazonaws.com/4a39ea72-9ca0-4bee-8083-ed01ef22df75
coffee_rust,coffee_rust,C1P20H2.jpg,rocole:C1P20,https://data.mendeley.com/public-files/datasets/c5yvn32dzg/files/c3fae94b-30e7-4038-b8f8-3226f078d0a0/file_downloaded,https://prod-dcd-datasets-public-files-eu-west-1.s3.eu-west-1.amazonaws.com/df4e041f-012a-4fe9-8ae3-6a772222fbd8
coffee_rust,coffee_rust,C1P21E2.jpg,rocole:C1P21,https://data.mendeley.com/public-files/datasets/c5yvn32dzg/files/95886519-e217-43b8-b5bc-aa37639a59ec/file_downloaded,https://prod-dcd-datasets-public-files-eu-west-1.s3.eu-west-1.amazonaws.com/ca2b5ae9-f65d-4ed1-8a36-ffd5d92ac113
coffee_rust,coffee_rust,C1P21H2.jpg,rocole:C1P21,https://data.mendeley.com/public-files/datasets/c5yvn32dzg/files/e04bb823-472f-4072-94ef-1a77b68eeb89/file_downloaded,https://prod-dcd-datasets-public-files-eu-west-1.s3.eu-west-1.amazonaws.com/33fc721d-30ca-4c12-9ea9-2499e4abc9d6
coffee_rust,coffee_rust,C1P22E2.jpg,rocole:C1P22,https://data.mendeley.com/public-files/datasets/c5yvn32dzg/files/97b5be7d-c420-45f1-922f-0b063e741edb/file_downloaded,https://prod-dcd-datasets-public-files-eu-west-1.s3.eu-west-1.amazonaws.com/3e761338-89ab-44c1-8120-568a086a855a
coffee_rust,coffee_rust,C1P22H2.jpg,rocole:C1P22,https://data.mendeley.com/public-files/datasets/c5yvn32dzg/files/41e6790e-b4fb-4232-96e3-2876b83aff86/file_downloaded,https://prod-dcd-datasets-public-files-eu-west-1.s3.eu-west-1.amazonaws.com/cd91f001-2bf5-4994-b73c-729a522890a8
coffee_rust,coffee_rust,C1P23E2.jpg,rocole:C1P23,https://data.mendeley.com/public-files/datasets/c5yvn32dzg/files/6fb9d0ff-3bf4-4e39-bbbb-57abcb44fbc2/file_downloaded,https://prod-dcd-datasets-public-files-eu-west-1.s3.eu-west-1.amazonaws.com/5ad0cdb6-c3c4-47fe-a904-eb9a1b91b06a
coffee_rust,coffee_rust,C1P23H2.jpg,rocole:C1P23,https://data.mendeley.com/public-files/datasets/c5yvn32dzg/files/b2d147ae-ec49-4b9f-9893-8be0164cc348/file_downloaded,https://prod-dcd-datasets-public-files-eu-west-1.s3.eu-west-1.amazonaws.com/5f8d1fdf-9ab3-444d-8a41-45248cabd513
coffee_rust,coffee_rust,C1P24E2.jpg,rocole:C1P24,https://data.mendeley.com/public-files/datasets/c5yvn32dzg/files/a2d8353d-0cd6-4a21-bf73-28b5f6eb213a/file_downloaded,https://prod-dcd-datasets-public-files-eu-west-1.s3.eu-west-1.amazonaws.com/bf168315-1863-4bc2-a177-6e4930e1ee0e
coffee_rust,coffee_rust,C1P24H2.jpg,rocole:C1P24,https://data.mendeley.com/public-files/datasets/c5yvn32dzg/files/df85836d-88c3-477b-a0dd-473f7cff8e3c/file_downloaded,https://prod-dcd-datasets-public-files-eu-west-1.s3.eu-west-1.amazonaws.com/31c14442-8c56-4350-b5a1-6e55ce1661dd
coffee_rust,coffee_rust,C1P25E2.jpg,rocole:C1P25,https://data.mendeley.com/public-files/datasets/c5yvn32dzg/files/fdd45b86-7cd8-441f-900b-490456ecbf67/file_downloaded,https://prod-dcd-datasets-public-files-eu-west-1.s3.eu-west-1.amazonaws.com/7fba156c-dec6-456a-9538-29631be1c469
coffee_rust,coffee_rust,C1P25H2.jpg,rocole:C1P25,https://data.mendeley.com/public-files/datasets/c5yvn32dzg/files/78998d1f-9b65-435f-9f65-d8c211e37679/file_downloaded,https://prod-dcd-datasets-public-files-eu-west-1.s3.eu-west-1.amazonaws.com/1d29a066-4f61-47cd-bdb7-028f49421b41
coffee_rust,coffee_rust,C1P26E2.jpg,rocole:C1P26,https://data.mendeley.com/public-files/datasets/c5yvn32dzg/files/8f75aaee-3647-4437-8a68-55e693c430d4/file_downloaded,https://prod-dcd-datasets-public-files-eu-west-1.s3.eu-west-1.amazonaws.com/bc60d699-1361-47d7-b5c7-fe521e8adfe6
coffee_rust,coffee_rust,C1P26H2.jpg,rocole:C1P26,https://data.mendeley.com/public-files/datasets/c5yvn32dzg/files/38a3542f-5432-4f3f-a351-f56153ad7895/file_downloaded,https://prod-dcd-datasets-public-files-eu-west-1.s3.eu-west-1.amazonaws.com/16a46f05-8ca2-4a64-b794-1619b92a145f
coffee_rust,coffee_rust,C1P27E2.jpg,rocole:C1P27,https://data.mendeley.com/public-files/datasets/c5yvn32dzg/files/fcd480d6-582d-4883-8881-737ca187a1a9/file_downloaded,https://prod-dcd-datasets-public-files-eu-west-1.s3.eu-west-1.amazonaws.com/8655b88f-3aa5-48cc-9634-cded33a037b3
coffee_rust,coffee_rust,C1P27H2.jpg,rocole:C1P27,https://data.mendeley.com/public-files/datasets/c5yvn32dzg/files/1d8c244a-fea9-4ce7-a5fd-4c31b009eb9e/file_downloaded,https://prod-dcd-datasets-public-files-eu-west-1.s3.eu-west-1.amazonaws.com/705588a7-8bfe-48b9-bac6-aaf35a983126
coffee_rust,coffee_rust,C1P28E2.jpg,rocole:C1P28,https://data.mendeley.com/public-files/datasets/c5yvn32dzg/files/5cc825b2-09a9-4033-b7dd-855a3da5aa51/file_downloaded,https://prod-dcd-datasets-public-files-eu-west-1.s3.eu-west-1.amazonaws.com/574bb436-ce69-4bcd-b936-185441bbe1b7
coffee_rust,coffee_rust,C1P28H2.jpg,rocole:C1P28,https://data.mendeley.com/public-files/datasets/c5yvn32dzg/files/8aa38b4c-7927-4e41-b685-29cb16f4adde/file_downloaded,https://prod-dcd-datasets-public-files-eu-west-1.s3.eu-west-1.amazonaws.com/c8502d3b-eafc-40b3-bbff-aaf2026a0460
coffee_rust,coffee_rust,C1P29E2.jpg,rocole:C1P29,https://data.mendeley.com/public-files/datasets/c5yvn32dzg/files/af7bc875-cfbd-4275-b531-1bedf204d3ed/file_downloaded,https://prod-dcd-datasets-public-files-eu-west-1.s3.eu-west-1.amazonaws.com/109649bc-4d4d-4e23-b522-8cc08fdd83a6
coffee_rust,coffee_rust,C1P29H2.jpg,rocole:C1P29,https://data.mendeley.com/public-files/datasets/c5yvn32dzg/files/0c73e1f0-9829-4a2f-b81e-3b3f669d034d/file_downloaded,https://prod-dcd-datasets-public-files-eu-west-1.s3.eu-west-1.amazonaws.com/3ca36677-d20d-42b5-8904-231d306022c6
coffee_rust,coffee_rust,C1P2E2.jpg,rocole:C1P2,https://data.mendeley.com/public-files/datasets/c5yvn32dzg/files/a94628bc-a867-493a-9f90-49bdc77ffe1e/file_downloaded,https://prod-dcd-datasets-public-files-eu-west-1.s3.eu-west-1.amazonaws.com/2ba3ec22-fe0b-446a-b022-d4d4af964ecd
coffee_rust,coffee_rust,C1P2H2.jpg,rocole:C1P2,https://data.mendeley.com/public-files/datasets/c5yvn32dzg/files/21da5a09-9f7e-49ff-872e-cce6e518061f/file_downloaded,https://prod-dcd-datasets-public-files-eu-west-1.s3.eu-west-1.amazonaws.com/d122207f-ca43-40c6-9c28-9ae2ab486c9f
coffee_rust,coffee_rust,C1P30E1.jpg,rocole:C1P30,https://data.mendeley.com/public-files/datasets/c5yvn32dzg/files/999b3bbf-4e30-4537-9296-517e0fbf4cf5/file_downloaded,https://prod-dcd-datasets-public-files-eu-west-1.s3.eu-west-1.amazonaws.com/7bf1f750-853e-4913-83bb-f705ba2128e2
coffee_rust,coffee_rust,C1P30E2.jpg,rocole:C1P30,https://data.mendeley.com/public-files/datasets/c5yvn32dzg/files/af3927da-86a0-4028-ae09-d0988ba20d37/file_downloaded,https://prod-dcd-datasets-public-files-eu-west-1.s3.eu-west-1.amazonaws.com/3bde0c07-25fa-433c-9217-253e793aad4d
coffee_rust,coffee_rust,C1P30H2.jpg,rocole:C1P30,https://data.mendeley.com/public-files/datasets/c5yvn32dzg/files/5b74abb9-394d-40bd-91a0-7cd8a876d50c/file_downloaded,https://prod-dcd-datasets-public-files-eu-west-1.s3.eu-west-1.amazonaws.com/f749d0cb-1032-410a-b363-496451c8a318
coffee_rust,coffee_rust,C1P31E2.jpg,rocole:C1P31,https://data.mendeley.com/public-files/datasets/c5yvn32dzg/files/b837b921-46e1-4aa1-9770-bddfd4d31ec0/file_downloaded,https://prod-dcd-datasets-public-files-eu-west-1.s3.eu-west-1.amazonaws.com/ef1e6c87-90c2-4dc8-b60e-236a9fbc8688
coffee_rust,coffee_rust,C1P31H2.jpg,rocole:C1P31,https://data.mendeley.com/public-files/datasets/c5yvn32dzg/files/849c6fbe-5ec8-4709-9975-3438754630ab/file_downloaded,https://prod-dcd-datasets-public-files-eu-west-1.s3.eu-west-1.amazonaws.com/ab3648ae-afb8-4cf9-bb2d-dce6ef36515e
coffee_rust,coffee_rust,C1P32E2.jpg,rocole:C1P32,https://data.mendeley.com/public-files/datasets/c5yvn32dzg/files/115d53be-2111-44ee-9e61-541d3e57d9f6/file_downloaded,https://prod-dcd-datasets-public-files-eu-west-1.s3.eu-west-1.amazonaws.com/74b350ce-abec-4fbf-aa90-86657e29504a
coffee_rust,coffee_rust,C1P32H2.jpg,rocole:C1P32,https://data.mendeley.com/public-files/datasets/c5yvn32dzg/files/98dd7aa4-ee50-494d-80c1-0c109ac48d98/file_downloaded,https://prod-dcd-datasets-public-files-eu-west-1.s3.eu-west-1.amazonaws.com/8efe55b3-2655-4c26-b247-d308b740027b
coffee_rust,coffee_rust,C1P33E2.jpg,rocole:C1P33,https://data.mendeley.com/public-files/datasets/c5yvn32dzg/files/136d0ee0-f212-47f9-8061-f1270991dd56/file_downloaded,https://prod-dcd-datasets-public-files-eu-west-1.s3.eu-west-1.amazonaws.com/87df9497-25fc-447b-855d-af4ef777485f
coffee_rust,coffee_rust,C1P33H2.jpg,rocole:C1P33,https://data.mendeley.com/public-files/datasets/c5yvn32dzg/files/f0439406-9626-45b8-aaa3-0dfeb0cd3e4e/file_downloaded,https://prod-dcd-datasets-public-files-eu-west-1.s3.eu-west-1.amazonaws.com/3264306b-404b-493c-a038-626b0872d16d
coffee_rust,coffee_rust,C1P34E2.jpg,rocole:C1P34,https://data.mendeley.com/public-files/datasets/c5yvn32dzg/files/8e069440-14eb-4e3f-bf2a-183ea0aa7692/file_downloaded,https://prod-dcd-datasets-public-files-eu-west-1.s3.eu-west-1.amazonaws.com/3ce5225a-02ad-4098-b12a-e54ed043bd3f
coffee_rust,coffee_rust,C1P34H2.jpg,rocole:C1P34,https://data.mendeley.com/public-files/datasets/c5yvn32dzg/files/36550719-4e23-45cb-a1da-ded5300d590f/file_downloaded,https://prod-dcd-datasets-public-files-eu-west-1.s3.eu-west-1.amazonaws.com/a9b4b128-50cf-421b-9b55-05777791a91c
coffee_rust,coffee_rust,C1P35E2.jpg,rocole:C1P35,https://data.mendeley.com/public-files/datasets/c5yvn32dzg/files/1ab8e65c-484f-4b41-b902-b524d9010ca8/file_downloaded,https://prod-dcd-datasets-public-files-eu-west-1.s3.eu-west-1.amazonaws.com/5fbf3556-7b28-44ff-8323-f25d9b2a2fcd
coffee_rust,coffee_rust,C1P35H2.jpg,rocole:C1P35,https://data.mendeley.com/public-files/datasets/c5yvn32dzg/files/7ecb9802-e63a-407b-8869-fe4282989142/file_downloaded,https://prod-dcd-datasets-public-files-eu-west-1.s3.eu-west-1.amazonaws.com/7a45012f-b56e-412d-b3f7-c1a18fe33492
coffee_rust,coffee_rust,C1P38E2.jpg,rocole:C1P38,https://data.mendeley.com/public-files/datasets/c5yvn32dzg/files/a4d9799c-0a60-44c9-9ed7-dcb5280f2efe/file_downloaded,https://prod-dcd-datasets-public-files-eu-west-1.s3.eu-west-1.amazonaws.com/b4ce4a25-52bd-4490-badb-f2983119880f
coffee_rust,coffee_rust,C1P38H2.jpg,rocole:C1P38,https://data.mendeley.com/public-files/datasets/c5yvn32dzg/files/bac90f7d-2674-4da4-84c1-f4bf2e64dfa5/file_downloaded,https://prod-dcd-datasets-public-files-eu-west-1.s3.eu-west-1.amazonaws.com/a84d2dec-7d5f-46f3-8d18-785043b76be8
coffee_rust,coffee_rust,C1P39E2.jpg,rocole:C1P39,https://data.mendeley.com/public-files/datasets/c5yvn32dzg/files/e1f9e5d6-aa5e-4049-8917-5f9dc00fa1da/file_downloaded,https://prod-dcd-datasets-public-files-eu-west-1.s3.eu-west-1.amazonaws.com/6075b65a-b8e1-4488-84e1-13cdc263a0f5
coffee_rust,coffee_rust,C1P39H2.jpg,rocole:C1P39,https://data.mendeley.com/public-files/datasets/c5yvn32dzg/files/977c4bfd-5d71-4b14-a104-0c09213a0fa7/file_downloaded,https://prod-dcd-datasets-public-files-eu-west-1.s3.eu-west-1.amazonaws.com/55e1c688-6ed8-402e-ba45-5d4ac6ecce55
coffee_rust,coffee_rust,C1P3E2.jpg,rocole:C1P3,https://data.mendeley.com/public-files/datasets/c5yvn32dzg/files/6bd4bc81-5676-4741-b510-3ea5bb424286/file_downloaded,https://prod-dcd-datasets-public-files-eu-west-1.s3.eu-west-1.amazonaws.com/b8b4c834-fb62-4170-a993-9493e3570f23
coffee_rust,coffee_rust,C1P3H2.jpg,rocole:C1P3,https://data.mendeley.com/public-files/datasets/c5yvn32dzg/files/297fb90d-58f8-471c-b25c-23f2311b1d1b/file_downloaded,https://prod-dcd-datasets-public-files-eu-west-1.s3.eu-west-1.amazonaws.com/a5cd8eb3-cfe8-44ac-8e81-b6ab6df11ae9
coffee_rust,coffee_rust,C1P40E2.jpg,rocole:C1P40,https://data.mendeley.com/public-files/datasets/c5yvn32dzg/files/0b71378e-6526-4381-aa09-77dbae73f1a2/file_downloaded,https://prod-dcd-datasets-public-files-eu-west-1.s3.eu-west-1.amazonaws.com/ffc492de-6589-414a-9b1a-c5d7ccb1f755
coffee_rust,coffee_rust,C1P40H2.jpg,rocole:C1P40,https://data.mendeley.com/public-files/datasets/c5yvn32dzg/files/2ff90b15-ce3f-4043-bd38-9d8d9ff5f54b/file_downloaded,https://prod-dcd-datasets-public-files-eu-west-1.s3.eu-west-1.amazonaws.com/76ec4515-267c-4d7c-b14d-af9893564219
coffee_rust,coffee_rust,C1P4E2.jpg,rocole:C1P4,https://data.mendeley.com/public-files/datasets/c5yvn32dzg/files/5f8aad8d-ccc3-4141-b066-98d41122dfc5/file_downloaded,https://prod-dcd-datasets-public-files-eu-west-1.s3.eu-west-1.amazonaws.com/0e4c20d5-8d5d-4de2-a69a-021b1798534e
coffee_rust,coffee_rust,C1P4H2.jpg,rocole:C1P4,https://data.mendeley.com/public-files/datasets/c5yvn32dzg/files/96a91358-57dc-40e0-850f-b1548c33a8fe/file_downloaded,https://prod-dcd-datasets-public-files-eu-west-1.s3.eu-west-1.amazonaws.com/eab68fc8-cfe6-49da-80dc-f5047ef577a3
coffee_rust,coffee_rust,C1P5E2.jpg,rocole:C1P5,https://data.mendeley.com/public-files/datasets/c5yvn32dzg/files/dfc53106-4ead-4ba9-a98b-7b4487a11984/file_downloaded,https://prod-dcd-datasets-public-files-eu-west-1.s3.eu-west-1.amazonaws.com/93d885d2-0820-42a6-8d58-77d753a4a562
coffee_rust,coffee_rust,C1P5H2.jpg,rocole:C1P5,https://data.mendeley.com/public-files/datasets/c5yvn32dzg/files/2d1b0c07-6de8-41f7-a036-88102068ae01/file_downloaded,https://prod-dcd-datasets-public-files-eu-west-1.s3.eu-west-1.amazonaws.com/002f14ce-5fd9-4cbf-a83e-3ee4189564b9
coffee_rust,coffee_rust,C1P6E2.jpg,rocole:C1P6,https://data.mendeley.com/public-files/datasets/c5yvn32dzg/files/dacac0cf-3327-4e40-827a-6da120ece1f4/file_downloaded,https://prod-dcd-datasets-public-files-eu-west-1.s3.eu-west-1.amazonaws.com/a763d793-39cc-4b0e-a5df-77325df134b7
coffee_rust,coffee_rust,C1P6H2.jpg,rocole:C1P6,https://data.mendeley.com/public-files/datasets/c5yvn32dzg/files/ed97387f-a7fa-4346-bd1d-744a1703533d/file_downloaded,https://prod-dcd-datasets-public-files-eu-west-1.s3.eu-west-1.amazonaws.com/40d1ab26-dca8-48ea-bc2d-c2e3fb497885
coffee_rust,coffee_rust,C1P7E2.jpg,rocole:C1P7,https://data.mendeley.com/public-files/datasets/c5yvn32dzg/files/65d70cbf-0696-4423-a7ac-12df994064a1/file_downloaded,https://prod-dcd-datasets-public-files-eu-west-1.s3.eu-west-1.amazonaws.com/bec9c64c-17be-46f4-a943-5b1c9cd595c5
coffee_rust,coffee_rust,C1P7H2.jpg,rocole:C1P7,https://data.mendeley.com/public-files/datasets/c5yvn32dzg/files/278f04e9-d305-4660-9d12-4d0a4f2c996e/file_downloaded,https://prod-dcd-datasets-public-files-eu-west-1.s3.eu-west-1.amazonaws.com/9805ec6d-a14e-4cf3-bd93-e9c5985ffcd4
coffee_rust,coffee_rust,C1P8E2.jpg,rocole:C1P8,https://data.mendeley.com/public-files/datasets/c5yvn32dzg/files/c70166d2-2a35-437e-a8e3-1806896f87b2/file_downloaded,https://prod-dcd-datasets-public-files-eu-west-1.s3.eu-west-1.amazonaws.com/ee004838-b727-4d99-a507-ca3a093edb56
coffee_rust,coffee_rust,C1P8H2.jpg,rocole:C1P8,https://data.mendeley.com/public-files/datasets/c5yvn32dzg/files/d5e8f2ff-cfaf-4373-a8b4-49e43c7ec7af/file_downloaded,https://prod-dcd-datasets-public-files-eu-west-1.s3.eu-west-1.amazonaws.com/bae66381-e20e-469b-a392-80f69879e6fe
coffee_rust,coffee_rust,C1P9E2.jpg,rocole:C1P9,https://data.mendeley.com/public-files/datasets/c5yvn32dzg/files/842a0934-4b90-4a90-b772-a84604d92576/file_downloaded,https://prod-dcd-datasets-public-files-eu-west-1.s3.eu-west-1.amazonaws.com/a14dd3d6-fbc3-45f2-9e27-556ec0ae9381
coffee_rust,coffee_rust,C1P9H2.jpg,rocole:C1P9,https://data.mendeley.com/public-files/datasets/c5yvn32dzg/files/bb45b08d-1979-4382-8c2c-6bee721b6949/file_downloaded,https://prod-dcd-datasets-public-files-eu-west-1.s3.eu-west-1.amazonaws.com/693664a1-e1d6-40f2-a7d2-3680e144c7e3
coffee_rust,coffee_rust,C2P11E2.jpg,rocole:C2P11,https://data.mendeley.com/public-files/datasets/c5yvn32dzg/files/5b18bfc9-1d89-4a74-bbe6-97d0b3bd61d5/file_downloaded,https://prod-dcd-datasets-public-files-eu-west-1.s3.eu-west-1.amazonaws.com/d092faf3-9c8a-4b69-8cd1-e06d09abdc6c
coffee_rust,coffee_rust,C2P11H2.jpg,rocole:C2P11,https://data.mendeley.com/public-files/datasets/c5yvn32dzg/files/afc739b5-ff50-44d6-bfb3-2c27f73de061/file_downloaded,https://prod-dcd-datasets-public-files-eu-west-1.s3.eu-west-1.amazonaws.com/88bc9d79-6dde-44d5-a3c9-8a5e1fafe7a6
coffee_rust,coffee_rust,C2P16E2.jpg,rocole:C2P16,https://data.mendeley.com/public-files/datasets/c5yvn32dzg/files/77f16e89-494b-4b59-8275-926d10057144/file_downloaded,https://prod-dcd-datasets-public-files-eu-west-1.s3.eu-west-1.amazonaws.com/52372204-46fb-4394-ae2f-1972e7466566
coffee_rust,coffee_rust,C2P16H2.jpg,rocole:C2P16,https://data.mendeley.com/public-files/datasets/c5yvn32dzg/files/11d1d32a-6e6a-473b-bf3a-b9761ae1da50/file_downloaded,https://prod-dcd-datasets-public-files-eu-west-1.s3.eu-west-1.amazonaws.com/fabd14c8-13f5-45d7-9e13-4917a40bba4e
coffee_rust,coffee_rust,C2P18H1.jpg,rocole:C2P18,https://data.mendeley.com/public-files/datasets/c5yvn32dzg/files/0c8da89c-e4e9-4c17-bad9-c0de6be55f25/file_downloaded,https://prod-dcd-datasets-public-files-eu-west-1.s3.eu-west-1.amazonaws.com/73b2e1f4-a473-4fe6-a393-d64397494603
coffee_rust,coffee_rust,C2P18H2.jpg,rocole:C2P18,https://data.mendeley.com/public-files/datasets/c5yvn32dzg/files/0414cc96-3e31-4d2e-b701-dad5e05c9826/file_downloaded,https://prod-dcd-datasets-public-files-eu-west-1.s3.eu-west-1.amazonaws.com/9c260704-8f12-4e44-8ad8-6ec89aa70c15
coffee_rust,coffee_rust,C2P19H1.jpg,rocole:C2P19,https://data.mendeley.com/public-files/datasets/c5yvn32dzg/files/06af0bb7-8d9f-4322-b31c-79cd756c3f07/file_downloaded,https://prod-dcd-datasets-public-files-eu-west-1.s3.eu-west-1.amazonaws.com/1fb77c97-5cd7-4044-bae8-089335ce046f
coffee_rust,coffee_rust,C2P1E1.jpg,rocole:C2P1,https://data.mendeley.com/public-files/datasets/c5yvn32dzg/files/2202079f-0192-423e-b981-693a17f9d579/file_downloaded,https://prod-dcd-datasets-public-files-eu-west-1.s3.eu-west-1.amazonaws.com/63af0c17-6c22-4b11-b1f9-42cbcb4d49df
coffee_rust,coffee_rust,C2P1H1.jpg,rocole:C2P1,https://data.mendeley.com/public-files/datasets/c5yvn32dzg/files/f5cfe5ef-5bfa-4780-80c8-a3304293dc59/file_downloaded,https://prod-dcd-datasets-public-files-eu-west-1.s3.eu-west-1.amazonaws.com/eed22a20-4806-48c7-accf-5bc142c23d1f
coffee_rust,coffee_rust,C2P22H2.jpg,rocole:C2P22,https://data.mendeley.com/public-files/datasets/c5yvn32dzg/files/4e128745-98a4-47c0-964e-e1f3244048d9/file_downloaded,https://prod-dcd-datasets-public-files-eu-west-1.s3.eu-west-1.amazonaws.com/5b4b68e1-09da-4820-bbcf-fa4d9f3a535d
coffee_rust,coffee_rust,C2P24H2.jpg,rocole:C2P24,https://data.mendeley.com/public-files/datasets/c5yvn32dzg/files/62e6759d-2d1a-40da-8924-c1d94dba0628/file_downloaded,https://prod-dcd-datasets-public-files-eu-west-1.s3.eu-west-1.amazonaws.com/a7a5bea8-fb4f-48ce-a047-0f9c3ab00995
coffee_rust,coffee_rust,C2P25E2.jpg,rocole:C2P25,https://data.mendeley.com/public-files/datasets/c5yvn32dzg/files/3b885297-1c10-478c-8e82-44e6ea9356a4/file_downloaded,https://prod-dcd-datasets-public-files-eu-west-1.s3.eu-west-1.amazonaws.com/a7513cbc-1d23-4852-83f1-b6a11333453a
coffee_rust,coffee_rust,C2P25H2.jpg,rocole:C2P25,https://data.mendeley.com/public-files/datasets/c5yvn32dzg/files/63150816-29df-42dc-81ca-856bd8a8af91/file_downloaded,https://prod-dcd-datasets-public-files-eu-west-1.s3.eu-west-1.amazonaws.com/409a6cef-3ffd-4c67-9031-62a7e26d5cdf
coffee_rust,coffee_rust,C2P27H2.jpg,rocole:C2P27,https://data.mendeley.com/public-files/datasets/c5yvn32dzg/files/a141b0f3-6979-4cb2-8111-f0f69ca661cf/file_downloaded,https://prod-dcd-datasets-public-files-eu-west-1.s3.eu-west-1.amazonaws.com/4ed1f016-ea35-4d03-94db-8395b98f102c
coffee_rust,coffee_rust,C2P28E1.jpg,rocole:C2P28,https://data.mendeley.com/public-files/datasets/c5yvn32dzg/files/1b778326-a640-4ecb-b688-47179b9cae05/file_downloaded,https://prod-dcd-datasets-public-files-eu-west-1.s3.eu-west-1.amazonaws.com/2fe51c5a-8646-4183-a382-57c90dff3fd9
coffee_rust,coffee_rust,C2P28H2.jpg,rocole:C2P28,https://data.mendeley.com/public-files/datasets/c5yvn32dzg/files/a299647b-8cd4-46ef-b824-f8fee47eba30/file_downloaded,https://prod-dcd-datasets-public-files-eu-west-1.s3.eu-west-1.amazonaws.com/478f5655-3866-4af8-9797-c914257d89e8
coffee_rust,coffee_rust,C2P33E2.jpg,rocole:C2P33,https://data.mendeley.com/public-files/datasets/c5yvn32dzg/files/8b4fc083-c558-45c6-bb8d-d4304e5977e0/file_downloaded,https://prod-dcd-datasets-public-files-eu-west-1.s3.eu-west-1.amazonaws.com/fce76adb-2978-48d5-9fae-c96176fc39e7
coffee_rust,coffee_rust,C2P38H2.jpg,rocole:C2P38,https://data.mendeley.com/public-files/datasets/c5yvn32dzg/files/6ec958bd-e128-400d-92fe-04dd817904d9/file_downloaded,https://prod-dcd-datasets-public-files-eu-west-1.s3.eu-west-1.amazonaws.com/545370ce-c00a-4451-a9e1-43315945ec1c
coffee_rust,coffee_rust,C2P39H2.jpg,rocole:C2P39,https://data.mendeley.com/public-files/datasets/c5yvn32dzg/files/c266d919-2492-4cbf-a604-80ed7ed71ba5/file_downloaded,https://prod-dcd-datasets-public-files-eu-west-1.s3.eu-west-1.amazonaws.com/b686e46b-263f-4c67-9c4a-2387b8cb36d5
coffee_rust,coffee_rust,C2P3E2.jpg,rocole:C2P3,https://data.mendeley.com/public-files/datasets/c5yvn32dzg/files/c1ebcdfc-4c3d-4655-a0f2-2043513d647d/file_downloaded,https://prod-dcd-datasets-public-files-eu-west-1.s3.eu-west-1.amazonaws.com/8d646cd1-6350-4772-a94b-d47454d47fb5
coffee_rust,coffee_rust,C2P3H2.jpg,rocole:C2P3,https://data.mendeley.com/public-files/datasets/c5yvn32dzg/files/858774dc-7ba6-4190-afa1-21fbafcc45e6/file_downloaded,https://prod-dcd-datasets-public-files-eu-west-1.s3.eu-west-1.amazonaws.com/8e1da993-10bc-47f8-99a7-9a6a3ac2bdb2
coffee_rust,coffee_rust,C2P4E2.jpg,rocole:C2P4,https://data.mendeley.com/public-files/datasets/c5yvn32dzg/files/662ba1d5-715b-49d7-8d24-72d19b061b50/file_downloaded,https://prod-dcd-datasets-public-files-eu-west-1.s3.eu-west-1.amazonaws.com/848b7d4d-a916-4761-989e-23eee8f6f50e
coffee_rust,coffee_rust,C2P4H2.jpg,rocole:C2P4,https://data.mendeley.com/public-files/datasets/c5yvn32dzg/files/c99a4874-a3aa-43ac-a4c5-a276b6ae9ce9/file_downloaded,https://prod-dcd-datasets-public-files-eu-west-1.s3.eu-west-1.amazonaws.com/f7d6557e-a4eb-4cf4-9eea-dc94adcbb9c4
coffee_rust,coffee_rust,C2P5E2.jpg,rocole:C2P5,https://data.mendeley.com/public-files/datasets/c5yvn32dzg/files/c2ad0d0c-d292-4aaa-a6ad-a79777a4688a/file_downloaded,https://prod-dcd-datasets-public-files-eu-west-1.s3.eu-west-1.amazonaws.com/0852e384-e145-4efe-8b03-c1a3a6f87c3f
coffee_rust,coffee_rust,C2P5H2.jpg,rocole:C2P5,https://data.mendeley.com/public-files/datasets/c5yvn32dzg/files/11b91bae-8a0e-47ee-89ca-ffa8854eead6/file_downloaded,https://prod-dcd-datasets-public-files-eu-west-1.s3.eu-west-1.amazonaws.com/a656854f-a023-4854-be2e-1490829a8e88
coffee_rust,coffee_rust,C2P6E2.jpg,rocole:C2P6,https://data.mendeley.com/public-files/datasets/c5yvn32dzg/files/f64b03ed-7224-4484-a0aa-fd4252369f93/file_downloaded,https://prod-dcd-datasets-public-files-eu-west-1.s3.eu-west-1.amazonaws.com/214d1f12-a3ff-4c1d-a37a-807cbb31abea
coffee_rust,coffee_rust,C2P6H2.jpg,rocole:C2P6,https://data.mendeley.com/public-files/datasets/c5yvn32dzg/files/6e60e52d-0048-47f9-b4a0-e7e347e524d1/file_downloaded,https://prod-dcd-datasets-public-files-eu-west-1.s3.eu-west-1.amazonaws.com/a1eff312-a059-4948-83fb-09fec07ced06
coffee_rust,coffee_rust,C2P7H2.jpg,rocole:C2P7,https://data.mendeley.com/public-files/datasets/c5yvn32dzg/files/a60787ca-ab4b-424a-85d6-3d760a27a4a9/file_downloaded,https://prod-dcd-datasets-public-files-eu-west-1.s3.eu-west-1.amazonaws.com/0d61c520-947d-4303-a641-1f1decddd746
coffee_rust,coffee_rust,C3P10H2.jpg,rocole:C3P10,https://data.mendeley.com/public-files/datasets/c5yvn32dzg/files/53f8844a-9995-4abd-8651-dc5d484c6bc9/file_downloaded,https://prod-dcd-datasets-public-files-eu-west-1.s3.eu-west-1.amazonaws.com/ee54ab64-5760-47ea-918a-78968d5caa0c
coffee_rust,coffee_rust,C3P12E2.jpg,rocole:C3P12,https://data.mendeley.com/public-files/datasets/c5yvn32dzg/files/b1795e51-b494-4599-8d96-16326dc47bf2/file_downloaded,https://prod-dcd-datasets-public-files-eu-west-1.s3.eu-west-1.amazonaws.com/4a4f093a-09f7-4285-aa16-52e48a9f4fb7
coffee_rust,coffee_rust,C3P12H2.jpg,rocole:C3P12,https://data.mendeley.com/public-files/datasets/c5yvn32dzg/files/470b3401-6e44-4a1f-b0cc-8e35923cdebd/file_downloaded,https://prod-dcd-datasets-public-files-eu-west-1.s3.eu-west-1.amazonaws.com/e3402867-322f-459b-b74f-efc933128e2c
coffee_rust,coffee_rust,C3P13E2.jpg,rocole:C3P13,https://data.mendeley.com/public-files/datasets/c5yvn32dzg/files/5205526c-f051-4146-abe0-cd714512d6a0/file_downloaded,https://prod-dcd-datasets-public-files-eu-west-1.s3.eu-west-1.amazonaws.com/4687c2d0-b73f-4ca1-906e-fdc69b5d6f43
coffee_rust,coffee_rust,C3P14E2.jpg,rocole:C3P14,https://data.mendeley.com/public-files/datasets/c5yvn32dzg/files/2369784b-4aa7-4719-a699-316764704796/file_downloaded,https://prod-dcd-datasets-public-files-eu-west-1.s3.eu-west-1.amazonaws.com/e845838c-adc6-4526-a4fa-c12ec12211c4
coffee_rust,coffee_rust,C3P14H2.jpg,rocole:C3P14,https://data.mendeley.com/public-files/datasets/c5yvn32dzg/files/43157477-da24-489a-b7bf-1a1f55e560f4/file_downloaded,https://prod-dcd-datasets-public-files-eu-west-1.s3.eu-west-1.amazonaws.com/37ebb2a2-9b34-4cb1-9a0e-28cb77749295
coffee_rust,coffee_rust,C3P15E2.jpg,rocole:C3P15,https://data.mendeley.com/public-files/datasets/c5yvn32dzg/files/29f88bd5-0be7-4fad-9384-19258a64baba/file_downloaded,https://prod-dcd-datasets-public-files-eu-west-1.s3.eu-west-1.amazonaws.com/b4ff8232-ef8a-4ca1-bc93-a0203bbb0a96
coffee_rust,coffee_rust,C3P15H2.jpg,rocole:C3P15,https://data.mendeley.com/public-files/datasets/c5yvn32dzg/files/fb7f2aff-7ae8-4498-8497-9788f6c7cedf/file_downloaded,https://prod-dcd-datasets-public-files-eu-west-1.s3.eu-west-1.amazonaws.com/a202b079-7bc3-4c81-ae3d-1fc417c269f3
coffee_rust,coffee_rust,C3P16E2.jpg,rocole:C3P16,https://data.mendeley.com/public-files/datasets/c5yvn32dzg/files/03a8b7a4-fc67-42a8-be22-8d60616a7c41/file_downloaded,https://prod-dcd-datasets-public-files-eu-west-1.s3.eu-west-1.amazonaws.com/cab3bbfd-486d-48d2-9aba-8062d6a96cc7
coffee_rust,coffee_rust,C3P16H1.jpg,rocole:C3P16,https://data.mendeley.com/public-files/datasets/c5yvn32dzg/files/a51e68b2-19fe-4b97-81f3-f73128aa6e5b/file_downloaded,https://prod-dcd-datasets-public-files-eu-west-1.s3.eu-west-1.amazonaws.com/03353fca-4ba2-482e-bcf5-93ba3871f028
coffee_rust,coffee_rust,C3P19E2.jpg,rocole:C3P19,https://data.mendeley.com/public-files/datasets/c5yvn32dzg/files/39708130-6843-4ce8-84b0-1ec0bb961a73/file_downloaded,https://prod-dcd-datasets-public-files-eu-west-1.s3.eu-west-1.amazonaws.com/0fe1bb9b-cfd3-4a45-b162-a7fecd2c190f
coffee_rust,coffee_rust,C3P20E2.jpg,rocole:C3P20,https://data.mendeley.com/public-files/datasets/c5yvn32dzg/files/3072a9b5-8e06-4e5b-8e68-a7708d0fd0bb/file_downloaded,https://prod-dcd-datasets-public-files-eu-west-1.s3.eu-west-1.amazonaws.com/9d84597b-c13a-4687-a5be-a33d768e5d4d
coffee_rust,coffee_rust,C3P20H2.jpg,rocole:C3P20,https://data.mendeley.com/public-files/datasets/c5yvn32dzg/files/3987371c-8e50-4619-9faa-5855da362ec3/file_downloaded,https://prod-dcd-datasets-public-files-eu-west-1.s3.eu-west-1.amazonaws.com/7ed227fd-b323-4a28-b07b-6c935ab8915e
coffee_rust,coffee_rust,C3P21E2.jpg,rocole:C3P21,https://data.mendeley.com/public-files/datasets/c5yvn32dzg/files/32064e1e-fd49-4b7b-8a6c-82c9e925b265/file_downloaded,https://prod-dcd-datasets-public-files-eu-west-1.s3.eu-west-1.amazonaws.com/9928b121-1a92-45c2-b378-5aa2541a83a2
coffee_rust,coffee_rust,C3P21H2.jpg,rocole:C3P21,https://data.mendeley.com/public-files/datasets/c5yvn32dzg/files/aa067f33-1ded-4ba4-b1a3-92ca37b4b080/file_downloaded,https://prod-dcd-datasets-public-files-eu-west-1.s3.eu-west-1.amazonaws.com/3a6752ab-a547-4ad4-9911-13cad7671b14
coffee_rust,coffee_rust,C3P23H2.jpg,rocole:C3P23,https://data.mendeley.com/public-files/datasets/c5yvn32dzg/files/c46a92c8-6e8e-47eb-b8ba-b03cfc9551b2/file_downloaded,https://prod-dcd-datasets-public-files-eu-west-1.s3.eu-west-1.amazonaws.com/ed2cbcc2-a1d0-4f74-afa5-004e36e0dc2f
coffee_rust,coffee_rust,C3P24H2.jpg,rocole:C3P24,https://data.mendeley.com/public-files/datasets/c5yvn32dzg/files/c05beca0-4695-4a11-846c-8fca7a19dbd8/file_downloaded,https://prod-dcd-datasets-public-files-eu-west-1.s3.eu-west-1.amazonaws.com/1ea8ff1f-0176-448b-9114-2f3090e56bad
coffee_rust,coffee_rust,C3P25E2.jpg,rocole:C3P25,https://data.mendeley.com/public-files/datasets/c5yvn32dzg/files/6f0c554f-786b-420d-b441-64e6221c7942/file_downloaded,https://prod-dcd-datasets-public-files-eu-west-1.s3.eu-west-1.amazonaws.com/f451ba03-8c40-43ea-a8f1-89a1bcd10d88
coffee_rust,coffee_rust,C3P25H2.jpg,rocole:C3P25,https://data.mendeley.com/public-files/datasets/c5yvn32dzg/files/9b285df6-b997-4c69-a348-787fcaef99e6/file_downloaded,https://prod-dcd-datasets-public-files-eu-west-1.s3.eu-west-1.amazonaws.com/0080c64f-ccbf-4a0d-b504-10983e79990b
coffee_rust,coffee_rust,C3P27E2.jpg,rocole:C3P27,https://data.mendeley.com/public-files/datasets/c5yvn32dzg/files/0953b29e-8ade-475c-be40-cb2a14ded87e/file_downloaded,https://prod-dcd-datasets-public-files-eu-west-1.s3.eu-west-1.amazonaws.com/88c57afa-3e00-4383-9dca-5bbdbb9e8926
coffee_rust,coffee_rust,C3P27H2.jpg,rocole:C3P27,https://data.mendeley.com/public-files/datasets/c5yvn32dzg/files/ca99b2d7-a04f-4e8b-8a2e-479a008055d3/file_downloaded,https://prod-dcd-datasets-public-files-eu-west-1.s3.eu-west-1.amazonaws.com/c48a8c08-7389-45b7-aa85-32c3ad7a50cc
coffee_rust,coffee_rust,C3P28E2.jpg,rocole:C3P28,https://data.mendeley.com/public-files/datasets/c5yvn32dzg/files/67caf4de-6e22-4d41-b833-39ebf684011f/file_downloaded,https://prod-dcd-datasets-public-files-eu-west-1.s3.eu-west-1.amazonaws.com/c8331709-543f-4e94-b59c-7ca7a65b75a6
coffee_rust,coffee_rust,C3P28H2.jpg,rocole:C3P28,https://data.mendeley.com/public-files/datasets/c5yvn32dzg/files/3cc0e660-04d5-4ca2-af8c-901772e647b0/file_downloaded,https://prod-dcd-datasets-public-files-eu-west-1.s3.eu-west-1.amazonaws.com/426b205b-ca7e-4d0e-b048-9c697a82571b
coffee_rust,coffee_rust,C3P29E2.jpg,rocole:C3P29,https://data.mendeley.com/public-files/datasets/c5yvn32dzg/files/ff5e0fab-aaef-4003-81c6-e4ef6e1ce538/file_downloaded,https://prod-dcd-datasets-public-files-eu-west-1.s3.eu-west-1.amazonaws.com/c343a300-8116-4f25-b2e5-df9b2be60b53
coffee_rust,coffee_rust,C3P29H2.jpg,rocole:C3P29,https://data.mendeley.com/public-files/datasets/c5yvn32dzg/files/7d3b2ae7-f20b-47fb-b37c-6a5bb463b280/file_downloaded,https://prod-dcd-datasets-public-files-eu-west-1.s3.eu-west-1.amazonaws.com/85f9825e-2591-48bd-8347-d9bb1edd6b01
coffee_rust,coffee_rust,C3P2H2.jpg,rocole:C3P2,https://data.mendeley.com/public-files/datasets/c5yvn32dzg/files/e2fc911e-cec6-420b-864e-7f126b6b88a9/file_downloaded,https://prod-dcd-datasets-public-files-eu-west-1.s3.eu-west-1.amazonaws.com/ac510614-d94f-4a97-b98c-ef7b81dc941a
coffee_rust,coffee_rust,C3P30E2.jpg,rocole:C3P30,https://data.mendeley.com/public-files/datasets/c5yvn32dzg/files/e1e132a8-4a36-44cc-9aac-c236d25c6fdf/file_downloaded,https://prod-dcd-datasets-public-files-eu-west-1.s3.eu-west-1.amazonaws.com/861ce8e2-8ef8-48ec-a4a1-999376e2f954
coffee_rust,coffee_rust,C3P30H2.jpg,rocole:C3P30,https://data.mendeley.com/public-files/datasets/c5yvn32dzg/files/71a8a0d1-c4b4-4c85-903f-84b2cb190776/file_downloaded,https://prod-dcd-datasets-public-files-eu-west-1.s3.eu-west-1.amazonaws.com/f68d2b6a-dbcb-4a74-b5a0-e9481168004e
coffee_rust,coffee_rust,C3P31E2.jpg,rocole:C3P31,https://data.mendeley.com/public-files/datasets/c5yvn32dzg/files/b86d7c7c-515c-4108-b892-444defa55303/file_downloaded,https://prod-dcd-datasets-public-files-eu-west-1.s3.eu-west-1.amazonaws.com/729d79c3-3c33-4b7e-b5de-0d7ec09ea434
coffee_rust,coffee_rust,C3P31H2.jpg,rocole:C3P31,https://data.mendeley.com/public-files/datasets/c5yvn32dzg/files/3434f1bd-40ec-4bad-8a31-3912d1931ced/file_downloaded,https://prod-dcd-datasets-public-files-eu-west-1.s3.eu-west-1.amazonaws.com/81eff174-d9db-4104-a58d-ea6881c2510b
coffee_rust,coffee_rust,C3P32E2.jpg,rocole:C3P32,https://data.mendeley.com/public-files/datasets/c5yvn32dzg/files/a47b8bcd-7d69-4dfc-af2e-205a0f7e6a1c/file_downloaded,https://prod-dcd-datasets-public-files-eu-west-1.s3.eu-west-1.amazonaws.com/fad34e40-a30d-45fa-a4b3-19023c816455
coffee_rust,coffee_rust,C3P32H2.jpg,rocole:C3P32,https://data.mendeley.com/public-files/datasets/c5yvn32dzg/files/816c16fd-576d-4482-b7da-bbd936ba2a10/file_downloaded,https://prod-dcd-datasets-public-files-eu-west-1.s3.eu-west-1.amazonaws.com/3e8719fb-b8a0-4683-b9b9-ae8a4c67910f
coffee_rust,coffee_rust,C3P33E2.jpg,rocole:C3P33,https://data.mendeley.com/public-files/datasets/c5yvn32dzg/files/fe6d5a0a-6b58-47a9-ad81-457e3f6afe78/file_downloaded,https://prod-dcd-datasets-public-files-eu-west-1.s3.eu-west-1.amazonaws.com/2f30b3f8-809e-40d4-99cd-ab2262b5588b
coffee_rust,coffee_rust,C3P33H2.jpg,rocole:C3P33,https://data.mendeley.com/public-files/datasets/c5yvn32dzg/files/6eb1d158-972e-453c-8759-1447ab94b23a/file_downloaded,https://prod-dcd-datasets-public-files-eu-west-1.s3.eu-west-1.amazonaws.com/92a7f693-c47a-4e7c-a27d-6a599d4e005b
coffee_rust,coffee_rust,C3P35E2.jpg,rocole:C3P35,https://data.mendeley.com/public-files/datasets/c5yvn32dzg/files/b975ee50-14c1-46db-9d42-88b924ab6891/file_downloaded,https://prod-dcd-datasets-public-files-eu-west-1.s3.eu-west-1.amazonaws.com/8fe68013-f754-4530-b307-0b52246b183c
coffee_rust,coffee_rust,C3P35H2.jpg,rocole:C3P35,https://data.mendeley.com/public-files/datasets/c5yvn32dzg/files/23b4789a-6482-452f-b9d2-9c9f0432b71e/file_downloaded,https://prod-dcd-datasets-public-files-eu-west-1.s3.eu-west-1.amazonaws.com/a1e8f77c-f323-4c09-9bb1-2c4bf886a27e
coffee_rust,coffee_rust,C3P37H1.jpg,rocole:C3P37,https://data.mendeley.com/public-files/datasets/c5yvn32dzg/files/e657a2d3-d8ba-4230-8c1b-cb16ac7ad577/file_downloaded,https://prod-dcd-datasets-public-files-eu-west-1.s3.eu-west-1.amazonaws.com/b5c56e9f-b350-4cc3-8094-32999557ca4d
coffee_rust,coffee_rust,C3P37H2.jpg,rocole:C3P37,https://data.mendeley.com/public-files/datasets/c5yvn32dzg/files/24ee5ac3-8b6c-4d8e-9b1c-ef4ac01ee723/file_downloaded,https://prod-dcd-datasets-public-files-eu-west-1.s3.eu-west-1.amazonaws.com/553c6bb4-5be4-4c5c-a5ee-24f187919de0
coffee_rust,coffee_rust,C3P38H2.jpg,rocole:C3P38,https://data.mendeley.com/public-files/datasets/c5yvn32dzg/files/9950a451-384d-4fb5-b4ee-0d8c66cdcdb4/file_downloaded,https://prod-dcd-datasets-public-files-eu-west-1.s3.eu-west-1.amazonaws.com/00fecb92-74e5-4e28-85f1-00fa37d40d6f
coffee_rust,coffee_rust,C3P39H2.jpg,rocole:C3P39,https://data.mendeley.com/public-files/datasets/c5yvn32dzg/files/039b6133-a9a1-4e86-b09b-9c70b344d084/file_downloaded,https://prod-dcd-datasets-public-files-eu-west-1.s3.eu-west-1.amazonaws.com/8d36bc6b-b1c3-47e1-9fd6-2951cb95491e
coffee_rust,coffee_rust,C3P5H2.jpg,rocole:C3P5,https://data.mendeley.com/public-files/datasets/c5yvn32dzg/files/db544112-f22f-41c8-a365-8d868a5a2549/file_downloaded,https://prod-dcd-datasets-public-files-eu-west-1.s3.eu-west-1.amazonaws.com/26e2ea77-6231-4b3c-afba-7f67906638b8
coffee_rust,coffee_rust,C3P8E2.jpg,rocole:C3P8,https://data.mendeley.com/public-files/datasets/c5yvn32dzg/files/5c8ea9b5-e3a9-466a-b3a3-7454fbde1357/file_downloaded,https://prod-dcd-datasets-public-files-eu-west-1.s3.eu-west-1.amazonaws.com/087ba168-5d2b-40cf-a80b-7061b721ae79
coffee_rust,coffee_rust,C3P8H2.jpg,rocole:C3P8,https://data.mendeley.com/public-files/datasets/c5yvn32dzg/files/3d1912ca-58c5-44a8-8a82-9f12ba1f6f9c/file_downloaded,https://prod-dcd-datasets-public-files-eu-west-1.s3.eu-west-1.amazonaws.com/b0f0d895-28f9-4209-8944-1ec3a6350d7e
coffee_rust,coffee_rust,C3P9E2.jpg,rocole:C3P9,https://data.mendeley.com/public-files/datasets/c5yvn32dzg/files/a93b078b-442b-47a0-9637-f26d0393dccb/file_downloaded,https://prod-dcd-datasets-public-files-eu-west-1.s3.eu-west-1.amazonaws.com/b7823e12-b2f5-4a5b-8ef0-3f503c2444c1
coffee_rust,coffee_rust,C4P11E2.jpg,rocole:C4P11,https://data.mendeley.com/public-files/datasets/c5yvn32dzg/files/f3e8ce9a-6cc6-4394-ad88-12b39efa4779/file_downloaded,https://prod-dcd-datasets-public-files-eu-west-1.s3.eu-west-1.amazonaws.com/41fdc589-2d6a-4259-8af2-c2af75eb34d5
coffee_rust,coffee_rust,C4P12E2.jpg,rocole:C4P12,https://data.mendeley.com/public-files/datasets/c5yvn32dzg/files/47fe5a0b-a62a-44e2-8cdc-84d294079f35/file_downloaded,https://prod-dcd-datasets-public-files-eu-west-1.s3.eu-west-1.amazonaws.com/9f5f5722-b45b-40cf-a175-1eded40fae55
coffee_rust,coffee_rust,C4P12H2.jpg,rocole:C4P12,https://data.mendeley.com/public-files/datasets/c5yvn32dzg/files/b12af457-51b4-436f-a776-18922c04bb5f/file_downloaded,https://prod-dcd-datasets-public-files-eu-west-1.s3.eu-west-1.amazonaws.com/9a91de77-e26f-4975-979e-fd9778b8861b
coffee_rust,coffee_rust,C4P13H2.jpg,rocole:C4P13,https://data.mendeley.com/public-files/datasets/c5yvn32dzg/files/c09dd752-cd7f-42cf-b040-070a01840f4e/file_downloaded,https://prod-dcd-datasets-public-files-eu-west-1.s3.eu-west-1.amazonaws.com/028f9bdf-546b-48d3-bfa2-5ad7d1addd71
coffee_rust,coffee_rust,C4P15E1.jpg,rocole:C4P15,https://data.mendeley.com/public-files/datasets/c5yvn32dzg/files/55f13f19-8ed7-47b8-9f79-177bed90992f/file_downloaded,https://prod-dcd-datasets-public-files-eu-west-1.s3.eu-west-1.amazonaws.com/ed2e95cb-2726-4cb9-98cd-504428e502e6
coffee_rust,coffee_rust,C4P15H2.jpg,rocole:C4P15,https://data.mendeley.com/public-files/datasets/c5yvn32dzg/files/bbdb8062-27f8-431b-a68d-8f93a5949056/file_downloaded,https://prod-dcd-datasets-public-files-eu-west-1.s3.eu-west-1.amazonaws.com/c5f10d22-88ea-46a0-80d9-317ebd8c3420
coffee_rust,coffee_rust,C4P16E2.jpg,rocole:C4P16,https://data.mendeley.com/public-files/datasets/c5yvn32dzg/files/4cee281c-ee99-41ba-a56d-de9a7f7c2eb8/file_downloaded,https://prod-dcd-datasets-public-files-eu-west-1.s3.eu-west-1.amazonaws.com/a24208e3-60fc-4c5d-83ae-ebc7c6291ef5
coffee_rust,coffee_rust,C4P16H2.jpg,rocole:C4P16,https://data.mendeley.com/public-files/datasets/c5yvn32dzg/files/988f5fa4-e21b-4c84-9a1a-42711dca221f/file_downloaded,https://prod-dcd-datasets-public-files-eu-west-1.s3.eu-west-1.amazonaws.com/4151f49d-d0dc-4362-9965-3a0539a53635
coffee_rust,coffee_rust,C4P17E2.jpg,rocole:C4P17,https://data.mendeley.com/public-files/datasets/c5yvn32dzg/files/c95e192b-cef1-417d-9d6e-f1d44e95d80e/file_downloaded,https://prod-dcd-datasets-public-files-eu-west-1.s3.eu-west-1.amazonaws.com/67389bb5-1c3a-4300-b1d3-74d06d608c28
coffee_rust,coffee_rust,C4P17H2.jpg,rocole:C4P17,https://data.mendeley.com/public-files/datasets/c5yvn32dzg/files/01833c07-cf8f-4797-884a-60442e77b145/file_downloaded,https://prod-dcd-datasets-public-files-eu-west-1.s3.eu-west-1.amazonaws.com/94e77853-0b4a-4597-b7a6-a0c1bc183082
coffee_rust,coffee_rust,C4P18E2.jpg,rocole:C4P18,https://data.mendeley.com/public-files/datasets/c5yvn32dzg/files/f3728919-4bb7-4761-abee-10b456fa060e/file_downloaded,https://prod-dcd-datasets-public-files-eu-west-1.s3.eu-west-1.amazonaws.com/7a3bb266-7c6d-493a-81e6-a76c669eab6d
coffee_rust,coffee_rust,C4P18H2.jpg,rocole:C4P18,https://data.mendeley.com/public-files/datasets/c5yvn32dzg/files/a74801ae-6ec7-4a2b-aca5-67e98334a686/file_downloaded,https://prod-dcd-datasets-public-files-eu-west-1.s3.eu-west-1.amazonaws.com/bb889c6a-0956-408c-a0ca-0881ab367787
coffee_rust,coffee_rust,C4P1H2.jpg,rocole:C4P1,https://data.mendeley.com/public-files/datasets/c5yvn32dzg/files/5d4b8c66-bae5-4533-a634-4504ace9ade1/file_downloaded,https://prod-dcd-datasets-public-files-eu-west-1.s3.eu-west-1.amazonaws.com/da3ea3fa-81ab-49c2-943a-5743e7ba91e0
coffee_rust,coffee_rust,C4P20E2.jpg,rocole:C4P20,https://data.mendeley.com/public-files/datasets/c5yvn32dzg/files/2c9a8b2e-f4bd-4e0a-a767-0cb83cfdc1cd/file_downloaded,https://prod-dcd-datasets-public-files-eu-west-1.s3.eu-west-1.amazonaws.com/9d4ef0f3-cb66-40d9-9ded-bbc2a6c2f9a4
coffee_rust,coffee_rust,C4P20H2.jpg,rocole:C4P20,https://data.mendeley.com/public-files/datasets/c5yvn32dzg/files/4c2b0235-939d-471c-9325-e11bccd65ea5/file_downloaded,https://prod-dcd-datasets-public-files-eu-west-1.s3.eu-west-1.amazonaws.com/45e864dc-2d72-41fc-8cbf-7142d23e1310
coffee_rust,coffee_rust,C4P21E2.jpg,rocole:C4P21,https://data.mendeley.com/public-files/datasets/c5yvn32dzg/files/d1f30b54-9e39-4378-b87c-db56344bc571/file_downloaded,https://prod-dcd-datasets-public-files-eu-west-1.s3.eu-west-1.amazonaws.com/fd7be8db-a70b-44b9-8fa2-e7e8c25c2d27
coffee_rust,coffee_rust,C4P21H2.jpg,rocole:C4P21,https://data.mendeley.com/public-files/datasets/c5yvn32dzg/files/9e2269b4-17e2-40f2-98ad-b5f22800c513/file_downloaded,https://prod-dcd-datasets-public-files-eu-west-1.s3.eu-west-1.amazonaws.com/12da9e18-9c7e-4c2b-8e98-a0d61c051197
coffee_rust,coffee_rust,C4P23H2.jpg,rocole:C4P23,https://data.mendeley.com/public-files/datasets/c5yvn32dzg/files/7f7a64a3-156f-464f-9f13-e1b173842220/file_downloaded,https://prod-dcd-datasets-public-files-eu-west-1.s3.eu-west-1.amazonaws.com/e0c5f7b1-0e31-41bd-97cc-f2b4de08e812
coffee_rust,coffee_rust,C4P24E2.jpg,rocole:C4P24,https://data.mendeley.com/public-files/datasets/c5yvn32dzg/files/545de025-9d43-4ebe-8530-dfacac5ede4a/file_downloaded,https://prod-dcd-datasets-public-files-eu-west-1.s3.eu-west-1.amazonaws.com/60bc9e46-aa7f-4490-b67b-87231ecc1156
coffee_rust,coffee_rust,C4P24H2.jpg,rocole:C4P24,https://data.mendeley.com/public-files/datasets/c5yvn32dzg/files/d49eb324-383a-4b1b-8fc1-e9edc9da7e87/file_downloaded,https://prod-dcd-datasets-public-files-eu-west-1.s3.eu-west-1.amazonaws.com/7ab122c8-ec0a-4dce-88e8-805e551d8e49
coffee_rust,coffee_rust,C4P26E2.jpg,rocole:C4P26,https://data.mendeley.com/public-files/datasets/c5yvn32dzg/files/a0b160ae-5d8d-499b-9aa5-d281c85d7834/file_downloaded,https://prod-dcd-datasets-public-files-eu-west-1.s3.eu-west-1.amazonaws.com/a09dd9a5-6afd-4185-829d-c0256a006726
coffee_rust,coffee_rust,C4P26H2.jpg,rocole:C4P26,https://data.mendeley.com/public-files/datasets/c5yvn32dzg/files/7f03a44a-f748-486a-a836-2ed993ba795b/file_downloaded,https://prod-dcd-datasets-public-files-eu-west-1.s3.eu-west-1.amazonaws.com/32f3a52e-16f9-4a2f-b100-d170676e990c
coffee_rust,coffee_rust,C4P27E2.jpg,rocole:C4P27,https://data.mendeley.com/public-files/datasets/c5yvn32dzg/files/cacb6104-7049-48bd-8182-ee7e30459455/file_downloaded,https://prod-dcd-datasets-public-files-eu-west-1.s3.eu-west-1.amazonaws.com/569ece5c-3eae-4f54-a6fc-94933e030ce5
coffee_rust,coffee_rust,C4P28H2.jpg,rocole:C4P28,https://data.mendeley.com/public-files/datasets/c5yvn32dzg/files/c9778d42-442e-4faf-8aef-81b59a7371c8/file_downloaded,https://prod-dcd-datasets-public-files-eu-west-1.s3.eu-west-1.amazonaws.com/d63fa7dc-38df-4e31-92a8-1a0fb251b0d7
coffee_rust,coffee_rust,C4P29H2.jpg,rocole:C4P29,https://data.mendeley.com/public-files/datasets/c5yvn32dzg/files/badfa753-6eca-49ec-8aef-db689df0ce0d/file_downloaded,https://prod-dcd-datasets-public-files-eu-west-1.s3.eu-west-1.amazonaws.com/a99ded3c-cec1-4db4-85af-7e6fc19b14ea
coffee_rust,coffee_rust,C4P2E2.jpg,rocole:C4P2,https://data.mendeley.com/public-files/datasets/c5yvn32dzg/files/218a4046-a79f-45be-be91-a1203f0d3f1b/file_downloaded,https://prod-dcd-datasets-public-files-eu-west-1.s3.eu-west-1.amazonaws.com/e42133c7-9552-40c3-87b1-a3ab777f6a64
coffee_rust,coffee_rust,C4P30E1.jpg,rocole:C4P30,https://data.mendeley.com/public-files/datasets/c5yvn32dzg/files/ea4472e3-ba82-4f97-b72f-57174cc23a2a/file_downloaded,https://prod-dcd-datasets-public-files-eu-west-1.s3.eu-west-1.amazonaws.com/5274410c-1d75-412f-9e41-01d725df5f36
coffee_rust,coffee_rust,C4P30E2.jpg,rocole:C4P30,https://data.mendeley.com/public-files/datasets/c5yvn32dzg/files/c4ae57bf-931e-4508-81c3-41203f11ddc0/file_downloaded,https://prod-dcd-datasets-public-files-eu-west-1.s3.eu-west-1.amazonaws.com/5ada7ce6-fa0a-41e2-9143-19dcd1f4fd19
coffee_rust,coffee_rust,C4P31E2.jpg,rocole:C4P31,https://data.mendeley.com/public-files/datasets/c5yvn32dzg/files/b789b4bd-70f0-46bd-9f16-42f4ce5924aa/file_downloaded,https://prod-dcd-datasets-public-files-eu-west-1.s3.eu-west-1.amazonaws.com/3c008066-c52f-42cb-bf18-98499e00334a
coffee_rust,coffee_rust,C4P31H2.jpg,rocole:C4P31,https://data.mendeley.com/public-files/datasets/c5yvn32dzg/files/8d8d8b40-dd96-462d-a2d0-23f2a2f066e4/file_downloaded,https://prod-dcd-datasets-public-files-eu-west-1.s3.eu-west-1.amazonaws.com/f8c7063d-90a4-4282-a01d-b286da21ef54
coffee_rust,coffee_rust,C4P32E2.jpg,rocole:C4P32,https://data.mendeley.com/public-files/datasets/c5yvn32dzg/files/3e42b378-3fd3-41ed-a48d-4cd11b05a5ac/file_downloaded,https://prod-dcd-datasets-public-files-eu-west-1.s3.eu-west-1.amazonaws.com/6f8ddf80-c02e-44a0-9011-6892935588e7
coffee_rust,coffee_rust,C4P37H2.jpg,rocole:C4P37,https://data.mendeley.com/public-files/datasets/c5yvn32dzg/files/3a1e1f65-b879-43a5-abb7-de315a010f31/file_downloaded,https://prod-dcd-datasets-public-files-eu-west-1.s3.eu-west-1.amazonaws.com/645e539b-14c4-4531-b79a-6234806e3126
coffee_rust,coffee_rust,C4P38E2.jpg,rocole:C4P38,https://data.mendeley.com/public-files/datasets/c5yvn32dzg/files/05435d25-5766-4b27-a9ff-9bb5298d9b3f/file_downloaded,https://prod-dcd-datasets-public-files-eu-west-1.s3.eu-west-1.amazonaws.com/544edb38-aa0a-4463-9eb4-a10740905273
coffee_rust,coffee_rust,C4P38H2.jpg,rocole:C4P38,https://data.mendeley.com/public-files/datasets/c5yvn32dzg/files/bec3125a-ddd6-46e6-b34e-1d2dfd24d0fb/file_downloaded,https://prod-dcd-datasets-public-files-eu-west-1.s3.eu-west-1.amazonaws.com/cb422213-c0a2-452b-973e-0c6a6d5e8d6b
coffee_rust,coffee_rust,C4P39E2.jpg,rocole:C4P39,https://data.mendeley.com/public-files/datasets/c5yvn32dzg/files/4a4c1fd6-158d-444e-ba9d-266ad1f9e61a/file_downloaded,https://prod-dcd-datasets-public-files-eu-west-1.s3.eu-west-1.amazonaws.com/b08c14c3-5c28-42e3-9a13-eabf60e7236d
coffee_rust,coffee_rust,C4P39H2.jpg,rocole:C4P39,https://data.mendeley.com/public-files/datasets/c5yvn32dzg/files/760b2bee-08b8-4294-9e97-4ff250806f5d/file_downloaded,https://prod-dcd-datasets-public-files-eu-west-1.s3.eu-west-1.amazonaws.com/2a31e688-7a3b-41d4-8b89-4aab4708ef3c
coffee_rust,coffee_rust,C4P40E2.jpg,rocole:C4P40,https://data.mendeley.com/public-files/datasets/c5yvn32dzg/files/f940146e-ff44-4353-8dc9-7e7ea3aacf6e/file_downloaded,https://prod-dcd-datasets-public-files-eu-west-1.s3.eu-west-1.amazonaws.com/613cd6ea-6b04-4128-b30d-274e3de58cd0
coffee_rust,coffee_rust,C4P40H2.jpg,rocole:C4P40,https://data.mendeley.com/public-files/datasets/c5yvn32dzg/files/3e85ed2d-bb00-4a4a-a781-d10d28107b1b/file_downloaded,https://prod-dcd-datasets-public-files-eu-west-1.s3.eu-west-1.amazonaws.com/cd9316de-a1f8-4063-b011-023fadc1cb98
coffee_rust,coffee_rust,C4P4E2.jpg,rocole:C4P4,https://data.mendeley.com/public-files/datasets/c5yvn32dzg/files/43188a7f-0227-4051-b1e7-f03530d782b1/file_downloaded,https://prod-dcd-datasets-public-files-eu-west-1.s3.eu-west-1.amazonaws.com/51fcd2aa-ab7c-417f-9e2a-633b6c14be23
coffee_rust,coffee_rust,C4P5H2.jpg,rocole:C4P5,https://data.mendeley.com/public-files/datasets/c5yvn32dzg/files/055ade17-daf9-4fe4-b0be-b410a9493336/file_downloaded,https://prod-dcd-datasets-public-files-eu-west-1.s3.eu-west-1.amazonaws.com/1429c998-995a-4c96-8a0e-dd42854b31f1
coffee_rust,coffee_rust,C4P7E2.jpg,rocole:C4P7,https://data.mendeley.com/public-files/datasets/c5yvn32dzg/files/f5ac5542-6995-4d5f-87ad-db7c3d1448cc/file_downloaded,https://prod-dcd-datasets-public-files-eu-west-1.s3.eu-west-1.amazonaws.com/7da3a876-bf57-40cc-a633-64b5b43d5e56
coffee_rust,coffee_rust,C4P9H2.jpg,rocole:C4P9,https://data.mendeley.com/public-files/datasets/c5yvn32dzg/files/7159bf02-2e1d-4704-b2f2-e7e62bfacf8e/file_downloaded,https://prod-dcd-datasets-public-files-eu-west-1.s3.eu-west-1.amazonaws.com/00577405-a397-4a26-9bcd-a8e6e02a4087
coffee_rust,coffee_rust,C5P10E1.jpg,rocole:C5P10,https://data.mendeley.com/public-files/datasets/c5yvn32dzg/files/d6749295-f149-48ba-aaae-a682649d614d/file_downloaded,https://prod-dcd-datasets-public-files-eu-west-1.s3.eu-west-1.amazonaws.com/57cd8a4f-2511-4397-b084-91501f6679ac
coffee_rust,coffee_rust,C5P10H1.jpg,rocole:C5P10,https://data.mendeley.com/public-files/datasets/c5yvn32dzg/files/7b058fb1-f4fc-4277-a6b8-4d9a9257ae20/file_downloaded,https://prod-dcd-datasets-public-files-eu-west-1.s3.eu-west-1.amazonaws.com/8fe41674-eee8-480c-9396-f1df8be09688
coffee_rust,coffee_rust,C5P11E1.jpg,rocole:C5P11,https://data.mendeley.com/public-files/datasets/c5yvn32dzg/files/af2c0689-4a2c-4b86-b0ec-8382e2ea4646/file_downloaded,https://prod-dcd-datasets-public-files-eu-west-1.s3.eu-west-1.amazonaws.com/a756133f-31f2-4afc-bff3-9e059c21722b
coffee_rust,coffee_rust,C5P11H1.jpg,rocole:C5P11,https://data.mendeley.com/public-files/datasets/c5yvn32dzg/files/dd44f82b-9b7d-46d6-b65f-f12bec81df5d/file_downloaded,https://prod-dcd-datasets-public-files-eu-west-1.s3.eu-west-1.amazonaws.com/18a9435f-1be7-4604-baaf-6be747b4b344
coffee_rust,coffee_rust,C5P12E1.jpg,rocole:C5P12,https://data.mendeley.com/public-files/datasets/c5yvn32dzg/files/9b1adedd-9df1-43e9-8945-51ee36d089ae/file_downloaded,https://prod-dcd-datasets-public-files-eu-west-1.s3.eu-west-1.amazonaws.com/de3c4b53-9f90-4a9e-8d4d-58b7a02096f7
coffee_rust,coffee_rust,C5P12H1.jpg,rocole:C5P12,https://data.mendeley.com/public-files/datasets/c5yvn32dzg/files/f356baf8-822c-481b-863a-1140b86c6c34/file_downloaded,https://prod-dcd-datasets-public-files-eu-west-1.s3.eu-west-1.amazonaws.com/a65960ee-48e0-47a3-b633-e3d1c38f56f8
coffee_rust,coffee_rust,C5P13H2.jpg,rocole:C5P13,https://data.mendeley.com/public-files/datasets/c5yvn32dzg/files/8b11456a-0024-4173-a292-fe1025178883/file_downloaded,https://prod-dcd-datasets-public-files-eu-west-1.s3.eu-west-1.amazonaws.com/9b8eb7e5-7103-4947-800b-eae298f7ec29
coffee_rust,coffee_rust,C5P16E2.jpg,rocole:C5P16,https://data.mendeley.com/public-files/datasets/c5yvn32dzg/files/9c630b5c-c934-48fb-8a52-917606371fb6/file_downloaded,https://prod-dcd-datasets-public-files-eu-west-1.s3.eu-west-1.amazonaws.com/11d2e8a0-5ea1-494f-bab4-9557426f6684
coffee_rust,coffee_rust,C5P16H2.jpg,rocole:C5P16,https://data.mendeley.com/public-files/datasets/c5yvn32dzg/files/927fd645-006c-47a3-88a6-1e68a74d0f85/file_downloaded,https://prod-dcd-datasets-public-files-eu-west-1.s3.eu-west-1.amazonaws.com/a2efaf70-9cca-42b2-b7f2-7042749ada2a
coffee_rust,coffee_rust,C5P17E2.jpg,rocole:C5P17,https://data.mendeley.com/public-files/datasets/c5yvn32dzg/files/ee30e74d-9071-4eeb-8e9e-35b7322081c8/file_downloaded,https://prod-dcd-datasets-public-files-eu-west-1.s3.eu-west-1.amazonaws.com/5598f67e-dbe5-43b2-810b-2089d02acc85
coffee_rust,coffee_rust,C5P17H2.jpg,rocole:C5P17,https://data.mendeley.com/public-files/datasets/c5yvn32dzg/files/8d9cc393-8c23-4375-a381-b3f52d1ceccc/file_downloaded,https://prod-dcd-datasets-public-files-eu-west-1.s3.eu-west-1.amazonaws.com/d8c6016a-4327-48eb-b856-5fd8a9e57b5c
coffee_rust,coffee_rust,C5P18E2.jpg,rocole:C5P18,https://data.mendeley.com/public-files/datasets/c5yvn32dzg/files/fd84ce54-d620-4a69-a140-f699ec8b7119/file_downloaded,https://prod-dcd-datasets-public-files-eu-west-1.s3.eu-west-1.amazonaws.com/7b57535b-ac81-4187-9c8d-8bb330fe62a5
coffee_rust,coffee_rust,C5P19E2.jpg,rocole:C5P19,https://data.mendeley.com/public-files/datasets/c5yvn32dzg/files/d778a553-a419-4d55-b302-a949caace8e0/file_downloaded,https://prod-dcd-datasets-public-files-eu-west-1.s3.eu-west-1.amazonaws.com/421d4bc4-a807-4e27-a425-446e166a870b
coffee_rust,coffee_rust,C5P19H2.jpg,rocole:C5P19,https://data.mendeley.com/public-files/datasets/c5yvn32dzg/files/1548d702-c6e5-42d2-998b-95e1297f799b/file_downloaded,https://prod-dcd-datasets-public-files-eu-west-1.s3.eu-west-1.amazonaws.com/a0b2dbaf-f68c-4be4-b06c-a9990e5457f0
coffee_rust,coffee_rust,C5P21E2.jpg,rocole:C5P21,https://data.mendeley.com/public-files/datasets/c5yvn32dzg/files/c550160f-d6a9-44d1-b142-93aecb4a93f7/file_downloaded,https://prod-dcd-datasets-public-files-eu-west-1.s3.eu-west-1.amazonaws.com/1babb391-2731-40af-b36f-6c2a3271eb30
coffee_rust,coffee_rust,C5P21H2.jpg,rocole:C5P21,https://data.mendeley.com/public-files/datasets/c5yvn32dzg/files/3eee1772-13fd-4719-bfbe-adec4864a331/file_downloaded,https://prod-dcd-datasets-public-files-eu-west-1.s3.eu-west-1.amazonaws.com/6e5681fa-f726-4a2e-9a67-5f77a8649e98
coffee_rust,coffee_rust,C5P22E2.jpg,rocole:C5P22,https://data.mendeley.com/public-files/datasets/c5yvn32dzg/files/f4d8a072-17b8-414b-8110-f8952198f9fd/file_downloaded,https://prod-dcd-datasets-public-files-eu-west-1.s3.eu-west-1.amazonaws.com/3a42ff2b-a7bd-4d2a-ae83-89d51a27d837
coffee_rust,coffee_rust,C5P22H2.jpg,rocole:C5P22,https://data.mendeley.com/public-files/datasets/c5yvn32dzg/files/8fafe168-aad0-4b7b-b397-1a626e9f1e38/file_downloaded,https://prod-dcd-datasets-public-files-eu-west-1.s3.eu-west-1.amazonaws.com/846227a3-4921-4ba8-aa37-7f637793e5d1
coffee_rust,coffee_rust,C5P25E2.jpg,rocole:C5P25,https://data.mendeley.com/public-files/datasets/c5yvn32dzg/files/c1fafa33-82ec-4ac9-909d-ba97b7ca77e2/file_downloaded,https://prod-dcd-datasets-public-files-eu-west-1.s3.eu-west-1.amazonaws.com/4bc3c2ba-e2e2-4090-b0f6-2694b2ad4add
coffee_rust,coffee_rust,C5P25H2.jpg,rocole:C5P25,https://data.mendeley.com/public-files/datasets/c5yvn32dzg/files/232c255f-ccd5-45b4-9d40-bbd2eda585a0/file_downloaded,https://prod-dcd-datasets-public-files-eu-west-1.s3.eu-west-1.amazonaws.com/2b7cd0fe-e3aa-4850-8cf3-4d5f3f4bd3e9
coffee_rust,coffee_rust,C5P26E2.jpg,rocole:C5P26,https://data.mendeley.com/public-files/datasets/c5yvn32dzg/files/43473444-5b3e-4e75-b43b-3da0beb327a4/file_downloaded,https://prod-dcd-datasets-public-files-eu-west-1.s3.eu-west-1.amazonaws.com/e5a667c2-f06d-4960-8666-4a9aafbb181c
coffee_rust,coffee_rust,C5P26H2.jpg,rocole:C5P26,https://data.mendeley.com/public-files/datasets/c5yvn32dzg/files/efec5d3e-843f-4bf6-b5bd-45521e5f56af/file_downloaded,https://prod-dcd-datasets-public-files-eu-west-1.s3.eu-west-1.amazonaws.com/4e9c1a9a-bbf7-467f-bb9d-d28fbacf4a99
coffee_rust,coffee_rust,C5P28E1.jpg,rocole:C5P28,https://data.mendeley.com/public-files/datasets/c5yvn32dzg/files/f068cd15-ac37-4642-a7ef-bb47d99224c1/file_downloaded,https://prod-dcd-datasets-public-files-eu-west-1.s3.eu-west-1.amazonaws.com/3f3a8e14-3d48-434f-8cdc-6e7d842cddf4
coffee_rust,coffee_rust,C5P28H1.jpg,rocole:C5P28,https://data.mendeley.com/public-files/datasets/c5yvn32dzg/files/42a5af63-e450-462a-b2c9-a63ef599fa93/file_downloaded,https://prod-dcd-datasets-public-files-eu-west-1.s3.eu-west-1.amazonaws.com/1daf50ca-581a-412d-b5bf-0407245ccad9
coffee_rust,coffee_rust,C5P29E2.jpg,rocole:C5P29,https://data.mendeley.com/public-files/datasets/c5yvn32dzg/files/36e8ad75-a195-4e83-a874-3be1a8b47139/file_downloaded,https://prod-dcd-datasets-public-files-eu-west-1.s3.eu-west-1.amazonaws.com/a08c2d34-e618-4732-9ebd-0c7166f3cbb2
coffee_rust,coffee_rust,C5P29H2.jpg,rocole:C5P29,https://data.mendeley.com/public-files/datasets/c5yvn32dzg/files/e52a20d9-47d8-4259-a3b0-c64149b4e027/file_downloaded,https://prod-dcd-datasets-public-files-eu-west-1.s3.eu-west-1.amazonaws.com/b811b23a-421f-4045-aaa7-c173931397fc
coffee_rust,coffee_rust,C5P30E1.jpg,rocole:C5P30,https://data.mendeley.com/public-files/datasets/c5yvn32dzg/files/e73483aa-6fdb-43e8-b8b4-453b3388ac67/file_downloaded,https://prod-dcd-datasets-public-files-eu-west-1.s3.eu-west-1.amazonaws.com/174547ff-2955-475d-a0e5-cf2910aecda4
coffee_rust,coffee_rust,C5P30H1.jpg,rocole:C5P30,https://data.mendeley.com/public-files/datasets/c5yvn32dzg/files/5dacaf83-1942-44ac-b67f-e87edf808813/file_downloaded,https://prod-dcd-datasets-public-files-eu-west-1.s3.eu-west-1.amazonaws.com/4fbde2e0-4178-4392-a8d7-50817417118b
coffee_rust,coffee_rust,C5P31E2.jpg,rocole:C5P31,https://data.mendeley.com/public-files/datasets/c5yvn32dzg/files/4c747159-2c9b-48b7-a59e-3865e8699169/file_downloaded,https://prod-dcd-datasets-public-files-eu-west-1.s3.eu-west-1.amazonaws.com/36bde5bd-3a23-4940-b9cf-a76a17acda6d
coffee_rust,coffee_rust,C5P31H2.jpg,rocole:C5P31,https://data.mendeley.com/public-files/datasets/c5yvn32dzg/files/9e0b3f96-0b4e-4479-8caf-c70b429d70bd/file_downloaded,https://prod-dcd-datasets-public-files-eu-west-1.s3.eu-west-1.amazonaws.com/3fadacca-f9e5-4356-adf2-d57bf6237d67
coffee_rust,coffee_rust,C5P32E2.jpg,rocole:C5P32,https://data.mendeley.com/public-files/datasets/c5yvn32dzg/files/cd9ca19c-bf7d-4bd5-85f4-2ecc02a90048/file_downloaded,https://prod-dcd-datasets-public-files-eu-west-1.s3.eu-west-1.amazonaws.com/d24ddf73-187e-44a8-bafc-fe76a807b0f0
coffee_rust,coffee_rust,C5P33E1.jpg,rocole:C5P33,https://data.mendeley.com/public-files/datasets/c5yvn32dzg/files/03b562e0-4746-4740-9a03-ca93e1e98688/file_downloaded,https://prod-dcd-datasets-public-files-eu-west-1.s3.eu-west-1.amazonaws.com/82dc2a69-0a29-4159-a808-40dd027a25ab
coffee_rust,coffee_rust,C5P33H1.jpg,rocole:C5P33,https://data.mendeley.com/public-files/datasets/c5yvn32dzg/files/5f913920-abd2-4171-99a9-0f3db370d319/file_downloaded,https://prod-dcd-datasets-public-files-eu-west-1.s3.eu-west-1.amazonaws.com/c8961323-0877-4458-a704-ba50c2b521c0
coffee_rust,coffee_rust,C5P35E2.jpg,rocole:C5P35,https://data.mendeley.com/public-files/datasets/c5yvn32dzg/files/5c44c5ec-9959-49c9-8bc2-3920d0b06fec/file_downloaded,https://prod-dcd-datasets-public-files-eu-west-1.s3.eu-west-1.amazonaws.com/0088a4b8-1b5d-4995-9a49-e1dc0fc2e24d
coffee_rust,coffee_rust,C5P35H2.jpg,rocole:C5P35,https://data.mendeley.com/public-files/datasets/c5yvn32dzg/files/7d454528-8bc6-4cdc-8d56-5d0f76f9de94/file_downloaded,https://prod-dcd-datasets-public-files-eu-west-1.s3.eu-west-1.amazonaws.com/bf2c90bd-0903-4eb4-a2bd-3c8c709f294a
coffee_rust,coffee_rust,C5P37E1.jpg,rocole:C5P37,https://data.mendeley.com/public-files/datasets/c5yvn32dzg/files/6bab8668-3ac8-4c10-b2a2-7d5374a7add4/file_downloaded,https://prod-dcd-datasets-public-files-eu-west-1.s3.eu-west-1.amazonaws.com/51e540fa-9ba0-4a4d-a1e9-c38ebca8c57a
coffee_rust,coffee_rust,C5P37H2.jpg,rocole:C5P37,https://data.mendeley.com/public-files/datasets/c5yvn32dzg/files/3f52b637-7665-4840-914a-2c5bd4ec293a/file_downloaded,https://prod-dcd-datasets-public-files-eu-west-1.s3.eu-west-1.amazonaws.com/865f19ff-5e89-438b-85a7-61f2b270c1a0
coffee_rust,coffee_rust,C5P38E2.jpg,rocole:C5P38,https://data.mendeley.com/public-files/datasets/c5yvn32dzg/files/849a0536-f526-4106-abdf-540ed7346ef5/file_downloaded,https://prod-dcd-datasets-public-files-eu-west-1.s3.eu-west-1.amazonaws.com/6978608f-4bd4-47fc-8cf6-0cac26544145
coffee_rust,coffee_rust,C5P38H2.jpg,rocole:C5P38,https://data.mendeley.com/public-files/datasets/c5yvn32dzg/files/9a6f6562-3eb5-4b5f-b8bb-1a7ec304f566/file_downloaded,https://prod-dcd-datasets-public-files-eu-west-1.s3.eu-west-1.amazonaws.com/ebc34c20-70fb-45cf-9c25-c0b1212f6a8c
coffee_rust,coffee_rust,C5P40E2.jpg,rocole:C5P40,https://data.mendeley.com/public-files/datasets/c5yvn32dzg/files/31dec84c-a327-4873-892d-9b53cb1cb390/file_downloaded,https://prod-dcd-datasets-public-files-eu-west-1.s3.eu-west-1.amazonaws.com/bfd64974-7f18-43f3-964c-83fe391848a1
coffee_rust,coffee_rust,C5P40H2.jpg,rocole:C5P40,https://data.mendeley.com/public-files/datasets/c5yvn32dzg/files/94e118da-cece-460c-b758-06c1a99fee75/file_downloaded,https://prod-dcd-datasets-public-files-eu-west-1.s3.eu-west-1.amazonaws.com/b119dea2-3d90-481d-b481-601c7d7e464a
coffee_rust,coffee_rust,C5P4E2.jpg,rocole:C5P4,https://data.mendeley.com/public-files/datasets/c5yvn32dzg/files/f43d77cd-0f96-42a1-8a07-a21b3deece2e/file_downloaded,https://prod-dcd-datasets-public-files-eu-west-1.s3.eu-west-1.amazonaws.com/a5962988-6bff-486f-a406-ba55f15f4293
coffee_rust,coffee_rust,C5P4H2.jpg,rocole:C5P4,https://data.mendeley.com/public-files/datasets/c5yvn32dzg/files/47e7ee69-7558-4c53-ac31-d411a6089059/file_downloaded,https://prod-dcd-datasets-public-files-eu-west-1.s3.eu-west-1.amazonaws.com/143f772c-73b0-40cc-9315-6f440c670695
coffee_rust,coffee_rust,C5P5E2.jpg,rocole:C5P5,https://data.mendeley.com/public-files/datasets/c5yvn32dzg/files/14940402-bd59-42db-844a-c3959a7296d7/file_downloaded,https://prod-dcd-datasets-public-files-eu-west-1.s3.eu-west-1.amazonaws.com/06cd3fc0-892e-4707-8549-dc4b12205582
coffee_rust,coffee_rust,C5P5H2.jpg,rocole:C5P5,https://data.mendeley.com/public-files/datasets/c5yvn32dzg/files/9dcf31e9-9548-46bf-a473-61fe60c11bbf/file_downloaded,https://prod-dcd-datasets-public-files-eu-west-1.s3.eu-west-1.amazonaws.com/1bba273e-3329-42d5-81eb-5c60f63cff2c
coffee_rust,coffee_rust,C5P6E2.jpg,rocole:C5P6,https://data.mendeley.com/public-files/datasets/c5yvn32dzg/files/a0e34ec4-75fc-4494-b544-334795610aa2/file_downloaded,https://prod-dcd-datasets-public-files-eu-west-1.s3.eu-west-1.amazonaws.com/5267246e-7f82-4fc4-b8b9-f9af51bf233e
coffee_rust,coffee_rust,C5P6H2.jpg,rocole:C5P6,https://data.mendeley.com/public-files/datasets/c5yvn32dzg/files/27e3ce03-8e1a-479c-8076-ffc4baa1c644/file_downloaded,https://prod-dcd-datasets-public-files-eu-west-1.s3.eu-west-1.amazonaws.com/1080fce3-932a-4fc4-8e4c-579b2d5fb0fc
coffee_rust,coffee_rust,C5P7E1.jpg,rocole:C5P7,https://data.mendeley.com/public-files/datasets/c5yvn32dzg/files/5db4994b-0f68-466c-a855-d79722bd23f8/file_downloaded,https://prod-dcd-datasets-public-files-eu-west-1.s3.eu-west-1.amazonaws.com/c03637a9-776b-4259-99a8-39474e591b6c
coffee_rust,coffee_rust,C5P7H1.jpg,rocole:C5P7,https://data.mendeley.com/public-files/datasets/c5yvn32dzg/files/fab252eb-72d0-4fbb-845e-552a848333ca/file_downloaded,https://prod-dcd-datasets-public-files-eu-west-1.s3.eu-west-1.amazonaws.com/306d0a43-3473-45ad-a002-0eddabe11436
coffee_rust,coffee_rust,C5P8E2.jpg,rocole:C5P8,https://data.mendeley.com/public-files/datasets/c5yvn32dzg/files/7a20d8b0-2db8-412a-8454-6637503fce14/file_downloaded,https://prod-dcd-datasets-public-files-eu-west-1.s3.eu-west-1.amazonaws.com/f4037845-c396-4457-a332-f31e49667cd5
coffee_rust,coffee_rust,C5P8H2.jpg,rocole:C5P8,https://data.mendeley.com/public-files/datasets/c5yvn32dzg/files/a9df232f-8f51-40e0-b98e-ec256dc84cb1/file_downloaded,https://prod-dcd-datasets-public-files-eu-west-1.s3.eu-west-1.amazonaws.com/9ff389f6-6b5a-4cde-900f-521da4c55095
coffee_rust,coffee_rust,C5P9E2.jpg,rocole:C5P9,https://data.mendeley.com/public-files/datasets/c5yvn32dzg/files/788a0837-3a43-4aa6-9568-09b85368a8f9/file_downloaded,https://prod-dcd-datasets-public-files-eu-west-1.s3.eu-west-1.amazonaws.com/7cad6bce-22f4-4dac-a87e-4644869cc15c
coffee_rust,coffee_rust,C5P9H2.jpg,rocole:C5P9,https://data.mendeley.com/public-files/datasets/c5yvn32dzg/files/254ec010-194b-491d-a376-45fb9336e346/file_downloaded,https://prod-dcd-datasets-public-files-eu-west-1.s3.eu-west-1.amazonaws.com/27096d5a-c212-432e-8d1f-54d9f137a133
coffee_rust,coffee_rust,C6P10E2.jpg,rocole:C6P10,https://data.mendeley.com/public-files/datasets/c5yvn32dzg/files/cf25f5ea-c1af-4439-a656-1538a44dc036/file_downloaded,https://prod-dcd-datasets-public-files-eu-west-1.s3.eu-west-1.amazonaws.com/9bc5722d-6e41-4e20-b715-6cb0f6edde1c
coffee_rust,coffee_rust,C6P10H2.jpg,rocole:C6P10,https://data.mendeley.com/public-files/datasets/c5yvn32dzg/files/93c9e0cd-7215-4cc5-9197-d536dff82d6d/file_downloaded,https://prod-dcd-datasets-public-files-eu-west-1.s3.eu-west-1.amazonaws.com/de9733c0-f1d8-42b7-bec2-32675f530122
coffee_rust,coffee_rust,C6P11H2.jpg,rocole:C6P11,https://data.mendeley.com/public-files/datasets/c5yvn32dzg/files/e68f466b-62cd-43ae-8864-cae3f716b1e9/file_downloaded,https://prod-dcd-datasets-public-files-eu-west-1.s3.eu-west-1.amazonaws.com/8704f13b-c140-4996-b0e6-dd8840167b90
coffee_rust,coffee_rust,C6P12E2.jpg,rocole:C6P12,https://data.mendeley.com/public-files/datasets/c5yvn32dzg/files/15a02235-3eb8-4cdd-a0f1-acfe822b21ae/file_downloaded,https://prod-dcd-datasets-public-files-eu-west-1.s3.eu-west-1.amazonaws.com/165f45d8-6c92-4506-937f-fd27524105df
coffee_rust,coffee_rust,C6P13E2.jpg,rocole:C6P13,https://data.mendeley.com/public-files/datasets/c5yvn32dzg/files/9c295d48-be78-48e3-bfd1-4d83e4aef7f3/file_downloaded,https://prod-dcd-datasets-public-files-eu-west-1.s3.eu-west-1.amazonaws.com/ae82aac8-f41b-4947-bdef-efd0b03941c5
coffee_rust,coffee_rust,C6P13H2.jpg,rocole:C6P13,https://data.mendeley.com/public-files/datasets/c5yvn32dzg/files/34d89ec0-6492-48d4-bb5e-03ebcd216325/file_downloaded,https://prod-dcd-datasets-public-files-eu-west-1.s3.eu-west-1.amazonaws.com/ebb605f6-4885-4b6b-b708-a232049e71b5
coffee_rust,coffee_rust,C6P14H2.jpg,rocole:C6P14,https://data.mendeley.com/public-files/datasets/c5yvn32dzg/files/9c075717-4063-4812-a9b1-682aa72c44ea/file_downloaded,https://prod-dcd-datasets-public-files-eu-west-1.s3.eu-west-1.amazonaws.com/1575416c-64b3-49c6-b131-e5e1318aa075
coffee_rust,coffee_rust,C6P16E2.jpg,rocole:C6P16,https://data.mendeley.com/public-files/datasets/c5yvn32dzg/files/86bcda14-6887-494d-8f1f-2d93c3b7eece/file_downloaded,https://prod-dcd-datasets-public-files-eu-west-1.s3.eu-west-1.amazonaws.com/aca91100-e0fa-492e-a9e9-8e1e7dcc7484
coffee_rust,coffee_rust,C6P16H2.jpg,rocole:C6P16,https://data.mendeley.com/public-files/datasets/c5yvn32dzg/files/7c7bf8b2-136d-43c4-a775-386137c81689/file_downloaded,https://prod-dcd-datasets-public-files-eu-west-1.s3.eu-west-1.amazonaws.com/e2ea03cf-13a1-4307-96fe-055b0e87d5dc
coffee_rust,coffee_rust,C6P1E2.jpg,rocole:C6P1,https://data.mendeley.com/public-files/datasets/c5yvn32dzg/files/e08d79b7-23f7-4230-97e7-6fc3408c81e7/file_downloaded,https://prod-dcd-datasets-public-files-eu-west-1.s3.eu-west-1.amazonaws.com/e479f12e-7ddb-4ef2-b97b-37acda3b9846
coffee_rust,coffee_rust,C6P1H2.jpg,rocole:C6P1,https://data.mendeley.com/public-files/datasets/c5yvn32dzg/files/c805bd39-b429-499d-b260-8a3e5706df32/file_downloaded,https://prod-dcd-datasets-public-files-eu-west-1.s3.eu-west-1.amazonaws.com/18cd38e8-1190-4141-aadc-6aba1b8e88a0
coffee_rust,coffee_rust,C6P20E2.jpg,rocole:C6P20,https://data.mendeley.com/public-files/datasets/c5yvn32dzg/files/04cafe56-c3d8-4dfc-a8ed-2d17b531590c/file_downloaded,https://prod-dcd-datasets-public-files-eu-west-1.s3.eu-west-1.amazonaws.com/b17271ea-b855-4a8a-b0fd-2c3a68cf1b6e
coffee_rust,coffee_rust,C6P20H2.jpg,rocole:C6P20,https://data.mendeley.com/public-files/datasets/c5yvn32dzg/files/20e6f10a-bc07-4e66-9452-7c8526f3513b/file_downloaded,https://prod-dcd-datasets-public-files-eu-west-1.s3.eu-west-1.amazonaws.com/eaf77249-4c60-433e-b95d-f2b4241138c6
coffee_rust,coffee_rust,C6P21E1.jpg,rocole:C6P21,https://data.mendeley.com/public-files/datasets/c5yvn32dzg/files/ca72ecf3-695c-46d7-93e2-0eefb84b5c17/file_downloaded,https://prod-dcd-datasets-public-files-eu-west-1.s3.eu-west-1.amazonaws.com/fabcc7f6-c20e-4b5a-aafc-07577df8d647
coffee_rust,coffee_rust,C6P21H1.jpg,rocole:C6P21,https://data.mendeley.com/public-files/datasets/c5yvn32dzg/files/e3865ce6-0040-4ce4-980a-5b821b318741/file_downloaded,https://prod-dcd-datasets-public-files-eu-west-1.s3.eu-west-1.amazonaws.com/765c6845-66a9-4a5b-a686-ab4007a48f89
coffee_rust,coffee_rust,C6P24E2.jpg,rocole:C6P24,https://data.mendeley.com/public-files/datasets/c5yvn32dzg/files/9557d904-1318-4741-a3b9-3a0046490cc8/file_downloaded,https://prod-dcd-datasets-public-files-eu-west-1.s3.eu-west-1.amazonaws.com/fa412dde-1a2c-4f39-a57c-2ea6bb54c865
coffee_rust,coffee_rust,C6P24H2.jpg,rocole:C6P24,https://data.mendeley.com/public-files/datasets/c5yvn32dzg/files/975c6cf8-131d-4644-b8aa-e714daa05029/file_downloaded,https://prod-dcd-datasets-public-files-eu-west-1.s3.eu-west-1.amazonaws.com/8bb08a69-0783-4d7f-bb4a-c435e1c0ed8f
coffee_rust,coffee_rust,C6P25H1.jpg,rocole:C6P25,https://data.mendeley.com/public-files/datasets/c5yvn32dzg/files/52b1e3b2-098c-4bc9-a2a9-e02f6116c544/file_downloaded,https://prod-dcd-datasets-public-files-eu-west-1.s3.eu-west-1.amazonaws.com/6aea8990-698d-47c5-9f70-b34e26d80c26
coffee_rust,coffee_rust,C6P27E1.jpg,rocole:C6P27,https://data.mendeley.com/public-files/datasets/c5yvn32dzg/files/9c8f9160-c607-417e-bd9f-5a012e28e6bc/file_downloaded,https://prod-dcd-datasets-public-files-eu-west-1.s3.eu-west-1.amazonaws.com/3b198ee0-15d5-42bf-8091-51cbf52cb3fe
coffee_rust,coffee_rust,C6P27H1.jpg,rocole:C6P27,https://data.mendeley.com/public-files/datasets/c5yvn32dzg/files/2535ac1c-d83e-4ea0-921c-afc1b9ebcc5c/file_downloaded,https://prod-dcd-datasets-public-files-eu-west-1.s3.eu-west-1.amazonaws.com/8ed6c89b-b79c-4aa2-9cae-e70f4108ade6
coffee_rust,coffee_rust,C6P28E2.jpg,rocole:C6P28,https://data.mendeley.com/public-files/datasets/c5yvn32dzg/files/677cbc06-a318-4958-9240-a63b1a606a9e/file_downloaded,https://prod-dcd-datasets-public-files-eu-west-1.s3.eu-west-1.amazonaws.com/03092d46-6beb-4458-95de-01dab0c10af9
coffee_rust,coffee_rust,C6P28H2.jpg,rocole:C6P28,https://data.mendeley.com/public-files/datasets/c5yvn32dzg/files/6bf707e3-af2f-41cc-bdde-441e289395d1/file_downloaded,https://prod-dcd-datasets-public-files-eu-west-1.s3.eu-west-1.amazonaws.com/ccc07a29-b3da-4043-ba35-8d6ee168ec39
coffee_rust,coffee_rust,C6P31E1.jpg,rocole:C6P31,https://data.mendeley.com/public-files/datasets/c5yvn32dzg/files/0a441787-b7a7-4beb-b06c-2cd5d48900ab/file_downloaded,https://prod-dcd-datasets-public-files-eu-west-1.s3.eu-west-1.amazonaws.com/5dbbd43d-bea5-44f4-9696-0c79083b58b6
coffee_rust,coffee_rust,C6P31H1.jpg,rocole:C6P31,https://data.mendeley.com/public-files/datasets/c5yvn32dzg/files/bab92207-3ffc-4f51-947f-6a17ee259899/file_downloaded,https://prod-dcd-datasets-public-files-eu-west-1.s3.eu-west-1.amazonaws.com/35db1bab-c6c9-43e9-9319-8aaf421cb565
coffee_rust,coffee_rust,C6P32E1.jpg,rocole:C6P32,https://data.mendeley.com/public-files/datasets/c5yvn32dzg/files/3fc93f89-0686-421f-b222-892e9e80fad5/file_downloaded,https://prod-dcd-datasets-public-files-eu-west-1.s3.eu-west-1.amazonaws.com/129e043c-c5c2-4854-a1c2-b003d8236093
coffee_rust,coffee_rust,C6P32H1.jpg,rocole:C6P32,https://data.mendeley.com/public-files/datasets/c5yvn32dzg/files/10044fb7-4c27-44a3-ba52-0580cbe08ccb/file_downloaded,https://prod-dcd-datasets-public-files-eu-west-1.s3.eu-west-1.amazonaws.com/16a472ab-594b-4469-a848-c39a6f455d70
coffee_rust,coffee_rust,C6P33E2.jpg,rocole:C6P33,https://data.mendeley.com/public-files/datasets/c5yvn32dzg/files/c94b008b-6079-4d71-8d0c-9cb8ec8e2219/file_downloaded,https://prod-dcd-datasets-public-files-eu-west-1.s3.eu-west-1.amazonaws.com/b7fd13e1-a096-4f60-9b92-17c58e7b69a6
coffee_rust,coffee_rust,C6P33H2.jpg,rocole:C6P33,https://data.mendeley.com/public-files/datasets/c5yvn32dzg/files/f434bae5-a433-4e49-9b22-b478b9a2caaf/file_downloaded,https://prod-dcd-datasets-public-files-eu-west-1.s3.eu-west-1.amazonaws.com/da1593fb-6deb-46e5-a2c7-398ea64673fe
coffee_rust,coffee_rust,C6P34E1.jpg,rocole:C6P34,https://data.mendeley.com/public-files/datasets/c5yvn32dzg/files/b5048b03-a923-4020-82be-10ffef113ad5/file_downloaded,https://prod-dcd-datasets-public-files-eu-west-1.s3.eu-west-1.amazonaws.com/d7785885-8fd2-4f81-886a-36baedaa8084
coffee_rust,coffee_rust,C6P34H1.jpg,rocole:C6P34,https://data.mendeley.com/public-files/datasets/c5yvn32dzg/files/aa2b8def-380e-4237-be83-0e22ea75c7fa/file_downloaded,https://prod-dcd-datasets-public-files-eu-west-1.s3.eu-west-1.amazonaws.com/1229a38b-9683-4a29-9abf-fc6579f9967b
coffee_rust,coffee_rust,C6P35E2.jpg,rocole:C6P35,https://data.mendeley.com/public-files/datasets/c5yvn32dzg/files/45c1d577-37c0-4763-87fe-caec776c37d4/file_downloaded,https://prod-dcd-datasets-public-files-eu-west-1.s3.eu-west-1.amazonaws.com/d2d39fae-5462-490a-872a-20516922413a
coffee_rust,coffee_rust,C6P35H2.jpg,rocole:C6P35,https://data.mendeley.com/public-files/datasets/c5yvn32dzg/files/37eff7b8-a084-47b7-a73e-be191a7c725a/file_downloaded,https://prod-dcd-datasets-public-files-eu-west-1.s3.eu-west-1.amazonaws.com/cf67f165-4530-4147-9c6e-92abe1ee1bc9
coffee_rust,coffee_rust,C6P37E1.jpg,rocole:C6P37,https://data.mendeley.com/public-files/datasets/c5yvn32dzg/files/2314b281-12d9-42aa-b1ec-761fc5ec6ba0/file_downloaded,https://prod-dcd-datasets-public-files-eu-west-1.s3.eu-west-1.amazonaws.com/4531f5c4-cd8b-480f-8548-d7435c487302
coffee_rust,coffee_rust,C6P37H1.jpg,rocole:C6P37,https://data.mendeley.com/public-files/datasets/c5yvn32dzg/files/422792f3-c7cb-441e-abcf-3c503f7cbe7b/file_downloaded,https://prod-dcd-datasets-public-files-eu-west-1.s3.eu-west-1.amazonaws.com/0af19dbd-d141-46b8-9e2b-d880066f076f
coffee_rust,coffee_rust,C6P39E2.jpg,rocole:C6P39,https://data.mendeley.com/public-files/datasets/c5yvn32dzg/files/cf72bdbf-6bd6-4cbf-939b-5898fa0cd241/file_downloaded,https://prod-dcd-datasets-public-files-eu-west-1.s3.eu-west-1.amazonaws.com/51efe20f-f030-42e7-af8e-1fa68f088a79
coffee_rust,coffee_rust,C6P39H2.jpg,rocole:C6P39,https://data.mendeley.com/public-files/datasets/c5yvn32dzg/files/6fcd73f1-c97d-4b36-91d2-513ffd2505ec/file_downloaded,https://prod-dcd-datasets-public-files-eu-west-1.s3.eu-west-1.amazonaws.com/c8527d49-48c2-4254-950d-badf77b4f143
coffee_rust,coffee_rust,C6P3E2.jpg,rocole:C6P3,https://data.mendeley.com/public-files/datasets/c5yvn32dzg/files/780cc71a-3ead-44ee-a864-1d6252625d1a/file_downloaded,https://prod-dcd-datasets-public-files-eu-west-1.s3.eu-west-1.amazonaws.com/ace0fd30-e958-4488-8ef9-e4c71b4c60e0
coffee_rust,coffee_rust,C6P3H2.jpg,rocole:C6P3,https://data.mendeley.com/public-files/datasets/c5yvn32dzg/files/a56d05a9-2d45-4759-bb16-91dbd9e76205/file_downloaded,https://prod-dcd-datasets-public-files-eu-west-1.s3.eu-west-1.amazonaws.com/60bf4e85-481d-44c9-8d55-6c33f74184f0
coffee_rust,coffee_rust,C6P4E2.jpg,rocole:C6P4,https://data.mendeley.com/public-files/datasets/c5yvn32dzg/files/fe78233f-05d4-4f8d-a785-ea01e560069d/file_downloaded,https://prod-dcd-datasets-public-files-eu-west-1.s3.eu-west-1.amazonaws.com/3940d9a8-b4fc-4ad2-a86a-70d52f3bedf2
coffee_rust,coffee_rust,C6P4H2.jpg,rocole:C6P4,https://data.mendeley.com/public-files/datasets/c5yvn32dzg/files/3ae617a6-833a-4921-a6f4-2ba2bcb753e2/file_downloaded,https://prod-dcd-datasets-public-files-eu-west-1.s3.eu-west-1.amazonaws.com/740a5c70-2ae7-48ce-9d76-3029daca5fdd
coffee_rust,coffee_rust,C6P5E1.jpg,rocole:C6P5,https://data.mendeley.com/public-files/datasets/c5yvn32dzg/files/a5ecf469-82ad-4f2c-95fe-bb25e9775a16/file_downloaded,https://prod-dcd-datasets-public-files-eu-west-1.s3.eu-west-1.amazonaws.com/f2225b37-ae07-4659-9998-fb27520b21f4
coffee_rust,coffee_rust,C6P5H1.jpg,rocole:C6P5,https://data.mendeley.com/public-files/datasets/c5yvn32dzg/files/d3e4b16d-06fe-4027-ac04-ebab7f60a637/file_downloaded,https://prod-dcd-datasets-public-files-eu-west-1.s3.eu-west-1.amazonaws.com/59c41a7e-13f2-4151-bb7f-e1aba58593c9
coffee_rust,coffee_rust,C6P6E2.jpg,rocole:C6P6,https://data.mendeley.com/public-files/datasets/c5yvn32dzg/files/043c4c0e-c2b3-4aa4-bd04-04223440e4a8/file_downloaded,https://prod-dcd-datasets-public-files-eu-west-1.s3.eu-west-1.amazonaws.com/51a004c8-d1fd-4a5b-a24a-33b67af43afc
coffee_rust,coffee_rust,C6P8E2.jpg,rocole:C6P8,https://data.mendeley.com/public-files/datasets/c5yvn32dzg/files/c08c24a3-5334-4bce-a4da-906dc3bed597/file_downloaded,https://prod-dcd-datasets-public-files-eu-west-1.s3.eu-west-1.amazonaws.com/ff78438a-cc01-44b5-b623-9428006001ac
coffee_rust,coffee_rust,C6P8H2.jpg,rocole:C6P8,https://data.mendeley.com/public-files/datasets/c5yvn32dzg/files/aea84d3b-9a23-41c5-828e-b733672d78e6/file_downloaded,https://prod-dcd-datasets-public-files-eu-west-1.s3.eu-west-1.amazonaws.com/07779e92-46c3-40c3-9b25-014d01c50e34
coffee_rust,coffee_rust,C7P10E2.jpg,rocole:C7P10,https://data.mendeley.com/public-files/datasets/c5yvn32dzg/files/ef6261eb-61ee-47b4-94f9-8035f54749e8/file_downloaded,https://prod-dcd-datasets-public-files-eu-west-1.s3.eu-west-1.amazonaws.com/7bf236b4-e723-4693-91a4-d61a3111db53
coffee_rust,coffee_rust,C7P10H2.jpg,rocole:C7P10,https://data.mendeley.com/public-files/datasets/c5yvn32dzg/files/c5ae0c59-7051-44b1-b2e8-05b3bb60ee6e/file_downloaded,https://prod-dcd-datasets-public-files-eu-west-1.s3.eu-west-1.amazonaws.com/663518bc-300d-4c95-8284-874e1c9cdbd8
coffee_rust,coffee_rust,C7P11E1.jpg,rocole:C7P11,https://data.mendeley.com/public-files/datasets/c5yvn32dzg/files/23c1009b-3ff7-405d-ab12-70c72e63ccdf/file_downloaded,https://prod-dcd-datasets-public-files-eu-west-1.s3.eu-west-1.amazonaws.com/cf7ebcc2-a0d2-44e0-aeeb-3042420f4c24
coffee_rust,coffee_rust,C7P11H1.jpg,rocole:C7P11,https://data.mendeley.com/public-files/datasets/c5yvn32dzg/files/6e66ea1d-bf12-4ca6-ab9b-c97f988468dc/file_downloaded,https://prod-dcd-datasets-public-files-eu-west-1.s3.eu-west-1.amazonaws.com/a3d0a2b9-3845-449d-b7d1-9816a3faf6fb
coffee_rust,coffee_rust,C7P12E2.jpg,rocole:C7P12,https://data.mendeley.com/public-files/datasets/c5yvn32dzg/files/d6f8fe98-5fbc-410f-8fe9-b2fc434c2c63/file_downloaded,https://prod-dcd-datasets-public-files-eu-west-1.s3.eu-west-1.amazonaws.com/95c20cb0-98a4-48fd-922c-52fdb7fe79be
coffee_rust,coffee_rust,C7P12H2.jpg,rocole:C7P12,https://data.mendeley.com/public-files/datasets/c5yvn32dzg/files/0d2c04ec-746d-42a7-9a0e-345f11d2c1ee/file_downloaded,https://prod-dcd-datasets-public-files-eu-west-1.s3.eu-west-1.amazonaws.com/c5b27e64-4b03-467c-860a-e864d22a3c76
coffee_rust,coffee_rust,C7P15E1.jpg,rocole:C7P15,https://data.mendeley.com/public-files/datasets/c5yvn32dzg/files/d3f556bd-a116-4121-a626-d2b62103d2c1/file_downloaded,https://prod-dcd-datasets-public-files-eu-west-1.s3.eu-west-1.amazonaws.com/f223802e-79fd-46a0-965e-9646b81e19b0
coffee_rust,coffee_rust,C7P15H1.jpg,rocole:C7P15,https://data.mendeley.com/public-files/datasets/c5yvn32dzg/files/f351f3e6-d51c-4d1e-91af-eb5c3847a02d/file_downloaded,https://prod-dcd-datasets-public-files-eu-west-1.s3.eu-west-1.amazonaws.com/74bb3ba6-ce0e-4f67-a6b9-32b400e01324
coffee_rust,coffee_rust,C7P16E1.jpg,rocole:C7P16,https://data.mendeley.com/public-files/datasets/c5yvn32dzg/files/b177322d-3d36-4e84-a69c-fd16967fc19d/file_downloaded,https://prod-dcd-datasets-public-files-eu-west-1.s3.eu-west-1.amazonaws.com/e99ad2d5-7e83-4e56-8887-9c211f7b48d0
coffee_rust,coffee_rust,C7P16E2.jpg,rocole:C7P16,https://data.mendeley.com/public-files/datasets/c5yvn32dzg/files/4b83c20d-680f-41ae-b9da-14af5867410f/file_downloaded,https://prod-dcd-datasets-public-files-eu-west-1.s3.eu-west-1.amazonaws.com/ced7d3cc-32ab-4b36-82b7-f6aa6f576702
coffee_rust,coffee_rust,C7P16H1.jpg,rocole:C7P16,https://data.mendeley.com/public-files/datasets/c5yvn32dzg/files/5154a803-ee4d-4a30-95d3-7857449ff7b8/file_downloaded,https://prod-dcd-datasets-public-files-eu-west-1.s3.eu-west-1.amazonaws.com/389751d7-498d-4a27-ba1d-2ad1e5d7f9db
coffee_rust,coffee_rust,C7P16H2.jpg,rocole:C7P16,https://data.mendeley.com/public-files/datasets/c5yvn32dzg/files/2254cb91-3450-4dba-9caa-f0ddd598e12f/file_downloaded,https://prod-dcd-datasets-public-files-eu-west-1.s3.eu-west-1.amazonaws.com/66f293a8-1a36-458f-b6c6-1c1a0e60bf1b
coffee_rust,coffee_rust,C7P17E2.jpg,rocole:C7P17,https://data.mendeley.com/public-files/datasets/c5yvn32dzg/files/85204b64-1f37-440c-a212-eb89982e8b39/file_downloaded,https://prod-dcd-datasets-public-files-eu-west-1.s3.eu-west-1.amazonaws.com/c88c38b8-d81e-482f-9f31-7ec21dc9fc3f
coffee_rust,coffee_rust,C7P17H2.jpg,rocole:C7P17,https://data.mendeley.com/public-files/datasets/c5yvn32dzg/files/0e2bdfba-9368-464b-be12-75f014d6e4ba/file_downloaded,https://prod-dcd-datasets-public-files-eu-west-1.s3.eu-west-1.amazonaws.com/8847ce0d-e153-4b42-876e-1d1603c39f20
coffee_rust,coffee_rust,C7P18E1.jpg,rocole:C7P18,https://data.mendeley.com/public-files/datasets/c5yvn32dzg/files/35a56ed1-65f2-4517-8d55-8468f12fbff7/file_downloaded,https://prod-dcd-datasets-public-files-eu-west-1.s3.eu-west-1.amazonaws.com/a892a981-3be2-410a-8d6e-a49dde4ea276
coffee_rust,coffee_rust,C7P18H1.jpg,rocole:C7P18,https://data.mendeley.com/public-files/datasets/c5yvn32dzg/files/de0951f9-1ad7-4148-bfed-a4cec96e1354/file_downloaded,https://prod-dcd-datasets-public-files-eu-west-1.s3.eu-west-1.amazonaws.com/db3a7de3-fd6d-4dc7-9dd9-9371cdecbcda
coffee_rust,coffee_rust,C7P19E1.jpg,rocole:C7P19,https://data.mendeley.com/public-files/datasets/c5yvn32dzg/files/154f7c6b-13c2-4c36-91b3-3fd80fcf3848/file_downloaded,https://prod-dcd-datasets-public-files-eu-west-1.s3.eu-west-1.amazonaws.com/edc4bb7e-295e-41ec-96dd-32b04303ce8f
coffee_rust,coffee_rust,C7P19H1.jpg,rocole:C7P19,https://data.mendeley.com/public-files/datasets/c5yvn32dzg/files/e2277bd7-f707-4216-a2f2-421afda66204/file_downloaded,https://prod-dcd-datasets-public-files-eu-west-1.s3.eu-west-1.amazonaws.com/efa07da0-62f0-4c66-a7f9-3b910ec923f4
coffee_rust,coffee_rust,C7P20E2.jpg,rocole:C7P20,https://data.mendeley.com/public-files/datasets/c5yvn32dzg/files/3a2c8646-107d-4604-9248-7500a536fe95/file_downloaded,https://prod-dcd-datasets-public-files-eu-west-1.s3.eu-west-1.amazonaws.com/baea4f48-878d-44ff-a87f-5bfff94b3072
coffee_rust,coffee_rust,C7P20H2.jpg,rocole:C7P20,https://data.mendeley.com/public-files/datasets/c5yvn32dzg/files/c42131e8-4b05-4ad0-988c-5d02b4ec8d25/file_downloaded,https://prod-dcd-datasets-public-files-eu-west-1.s3.eu-west-1.amazonaws.com/b6724005-a277-4906-813f-d844a2d28fb7
coffee_rust,coffee_rust,C7P21E2.jpg,rocole:C7P21,https://data.mendeley.com/public-files/datasets/c5yvn32dzg/files/bbc17481-01cc-4269-a376-5901a37d24c9/file_downloaded,https://prod-dcd-datasets-public-files-eu-west-1.s3.eu-west-1.amazonaws.com/721beefe-6646-4769-98ff-81aae7a1d2dd
coffee_rust,coffee_rust,C7P21H2.jpg,rocole:C7P21,https://data.mendeley.com/public-files/datasets/c5yvn32dzg/files/b43ee0f6-3a63-416d-985f-fc013049bc2d/file_downloaded,https://prod-dcd-datasets-public-files-eu-west-1.s3.eu-west-1.amazonaws.com/28615748-fef3-4326-b74c-c5451a8401ea
coffee_rust,coffee_rust,C7P22E1.jpg,rocole:C7P22,https://data.mendeley.com/public-files/datasets/c5yvn32dzg/files/e594ac6a-f605-45fe-b856-c0d871f6f5c1/file_downloaded,https://prod-dcd-datasets-public-files-eu-west-1.s3.eu-west-1.amazonaws.com/2a22827b-b85a-43fe-97c2-6784c088bc2c
coffee_rust,coffee_rust,C7P22H1.jpg,rocole:C7P22,https://data.mendeley.com/public-files/datasets/c5yvn32dzg/files/26c7416c-d854-4595-9f3d-7795d3e29df5/file_downloaded,https://prod-dcd-datasets-public-files-eu-west-1.s3.eu-west-1.amazonaws.com/81ca56bb-1b60-451e-a5f3-c2ffef271b75
coffee_rust,coffee_rust,C7P23E2.jpg,rocole:C7P23,https://data.mendeley.com/public-files/datasets/c5yvn32dzg/files/0acb46a5-7576-4314-b327-b4d027084ba8/file_downloaded,https://prod-dcd-datasets-public-files-eu-west-1.s3.eu-west-1.amazonaws.com/7528f783-475f-479b-bf7b-2928c316efc2
coffee_rust,coffee_rust,C7P24E2.jpg,rocole:C7P24,https://data.mendeley.com/public-files/datasets/c5yvn32dzg/files/15f382fe-87b8-4b1f-bdfd-06e3ee6ec15f/file_downloaded,https://prod-dcd-datasets-public-files-eu-west-1.s3.eu-west-1.amazonaws.com/68bba1d0-3cda-45bc-a676-0dde53cf632f
coffee_rust,coffee_rust,C7P24H2.jpg,rocole:C7P24,https://data.mendeley.com/public-files/datasets/c5yvn32dzg/files/09a16a77-73ab-4ee2-929e-c9b298c89ff7/file_downloaded,https://prod-dcd-datasets-public-files-eu-west-1.s3.eu-west-1.amazonaws.com/e09d185d-7ddf-4c8e-90f9-2239fb2c25cc
coffee_rust,coffee_rust,C7P25E1.jpg,rocole:C7P25,https://data.mendeley.com/public-files/datasets/c5yvn32dzg/files/c8ef93bf-5311-4bfc-9f0e-8e63077334c8/file_downloaded,https://prod-dcd-datasets-public-files-eu-west-1.s3.eu-west-1.amazonaws.com/fdafee96-1bc0-4624-a853-785368f0bd69
coffee_rust,coffee_rust,C7P25H1.jpg,rocole:C7P25,https://data.mendeley.com/public-files/datasets/c5yvn32dzg/files/5db6ffba-deff-4c16-a170-5f9f1e5d46fc/file_downloaded,https://prod-dcd-datasets-public-files-eu-west-1.s3.eu-west-1.amazonaws.com/57a0a4f0-0962-456b-8f6f-0aa04a691981
coffee_rust,coffee_rust,C7P28E2.jpg,rocole:C7P28,https://data.mendeley.com/public-files/datasets/c5yvn32dzg/files/8c05e4a8-fc45-4041-b0c8-98f3080935e5/file_downloaded,https://prod-dcd-datasets-public-files-eu-west-1.s3.eu-west-1.amazonaws.com/317cde71-1aba-40f4-8478-f23bf14af67a
coffee_rust,coffee_rust,C7P28H2.jpg,rocole:C7P28,https://data.mendeley.com/public-files/datasets/c5yvn32dzg/files/6ddcce9e-c104-412b-9d38-da9ad52ad89b/file_downloaded,https://prod-dcd-datasets-public-files-eu-west-1.s3.eu-west-1.amazonaws.com/ebfc1b4d-90e2-42c5-963c-809c7d1f1fe9
coffee_rust,coffee_rust,C7P29E2.jpg,rocole:C7P29,https://data.mendeley.com/public-files/datasets/c5yvn32dzg/files/5e37ba95-7eeb-4f71-b94f-30d451c2eba8/file_downloaded,https://prod-dcd-datasets-public-files-eu-west-1.s3.eu-west-1.amazonaws.com/bc3f49f9-ce0b-47a5-83dd-09d8a200d83a
coffee_rust,coffee_rust,C7P29H2.jpg,rocole:C7P29,https://data.mendeley.com/public-files/datasets/c5yvn32dzg/files/a0bcbc12-1147-4d34-8bf1-b8f038da4184/file_downloaded,https://prod-dcd-datasets-public-files-eu-west-1.s3.eu-west-1.amazonaws.com/c2fee1b7-2887-4e4f-840f-6c5c1c5b5182
coffee_rust,coffee_rust,C7P2E1.jpg,rocole:C7P2,https://data.mendeley.com/public-files/datasets/c5yvn32dzg/files/e12fa3c5-70ab-4451-b6d0-0ba9e24b866c/file_downloaded,https://prod-dcd-datasets-public-files-eu-west-1.s3.eu-west-1.amazonaws.com/39cb1e07-96f0-4b89-8ae5-6e4149a8cde8
coffee_rust,coffee_rust,C7P2H1.jpg,rocole:C7P2,https://data.mendeley.com/public-files/datasets/c5yvn32dzg/files/e5a6a331-55c4-4e34-8997-9222664d4605/file_downloaded,https://prod-dcd-datasets-public-files-eu-west-1.s3.eu-west-1.amazonaws.com/6351587e-24c0-4c45-9479-a7fbf7170a0b
coffee_rust,coffee_rust,C7P30E1.jpg,rocole:C7P30,https://data.mendeley.com/public-files/datasets/c5yvn32dzg/files/ed6673e4-fea2-4273-bb8f-875de860e8b6/file_downloaded,https://prod-dcd-datasets-public-files-eu-west-1.s3.eu-west-1.amazonaws.com/d49ee28e-b94a-4641-b9cd-6409ed0cfcfd
coffee_rust,coffee_rust,C7P30H1.jpg,rocole:C7P30,https://data.mendeley.com/public-files/datasets/c5yvn32dzg/files/7113b3f2-22bb-476c-b390-d53e50ce0618/file_downloaded,https://prod-dcd-datasets-public-files-eu-west-1.s3.eu-west-1.amazonaws.com/5bbe27c4-1e21-4a4e-b05a-6df21ca46aaa
coffee_rust,coffee_rust,C7P32E1.jpg,rocole:C7P32,https://data.mendeley.com/public-files/datasets/c5yvn32dzg/files/4a73cf37-70da-453d-a168-b22a96c8a7ab/file_downloaded,https://prod-dcd-datasets-public-files-eu-west-1.s3.eu-west-1.amazonaws.com/b72781a0-cddd-4333-81ee-f822139b796e
coffee_rust,coffee_rust,C7P32H1.jpg,rocole:C7P32,https://data.mendeley.com/public-files/datasets/c5yvn32dzg/files/5f13bf85-ea71-47cc-93fc-b4f189f3ad3f/file_downloaded,https://prod-dcd-datasets-public-files-eu-west-1.s3.eu-west-1.amazonaws.com/8a8f40c4-4e8d-405a-8bce-a2dba2efd52c
coffee_rust,coffee_rust,C7P33E1.jpg,rocole:C7P33,https://data.mendeley.com/public-files/datasets/c5yvn32dzg/files/02bc6da4-d27a-4b49-a84a-9283b86923fa/file_downloaded,https://prod-dcd-datasets-public-files-eu-west-1.s3.eu-west-1.amazonaws.com/782b6707-da70-451e-86cb-980a41bd7ac1
coffee_rust,coffee_rust,C7P33H1.jpg,rocole:C7P33,https://data.mendeley.com/public-files/datasets/c5yvn32dzg/files/ad4ab6ce-0fad-4065-bde4-61091107c66a/file_downloaded,https://prod-dcd-datasets-public-files-eu-west-1.s3.eu-west-1.amazonaws.com/0c530c11-474c-4e7c-b58a-a27309b2edab
coffee_rust,coffee_rust,C7P34E1.jpg,rocole:C7P34,https://data.mendeley.com/public-files/datasets/c5yvn32dzg/files/fcf3c1da-2ad9-4c72-a316-a7127adc7378/file_downloaded,https://prod-dcd-datasets-public-files-eu-west-1.s3.eu-west-1.amazonaws.com/272d66ee-8ea4-442c-a72f-383107e0e12e
coffee_rust,coffee_rust,C7P34H1.jpg,rocole:C7P34,https://data.mendeley.com/public-files/datasets/c5yvn32dzg/files/d0bb1d5b-de42-47a2-a1d7-7149ede3428f/file_downloaded,https://prod-dcd-datasets-public-files-eu-west-1.s3.eu-west-1.amazonaws.com/56896092-be64-46c0-8075-ae34c857fbab
coffee_rust,coffee_rust,C7P35E2.jpg,rocole:C7P35,https://data.mendeley.com/public-files/datasets/c5yvn32dzg/files/98358cdd-b669-414b-b320-2f684d56e2b3/file_downloaded,https://prod-dcd-datasets-public-files-eu-west-1.s3.eu-west-1.amazonaws.com/36224243-1718-438c-874e-ecc0a3d01bfb
coffee_rust,coffee_rust,C7P35H2.jpg,rocole:C7P35,https://data.mendeley.com/public-files/datasets/c5yvn32dzg/files/29a67964-3a95-408c-b7f9-d973d581a83d/file_downloaded,https://prod-dcd-datasets-public-files-eu-west-1.s3.eu-west-1.amazonaws.com/ba32a51c-dd4b-4456-a22a-1c9ab1916cf3
coffee_rust,coffee_rust,C7P36E2.jpg,rocole:C7P36,https://data.mendeley.com/public-files/datasets/c5yvn32dzg/files/b82ed186-6c08-4041-9ed3-5e21cfe3b390/file_downloaded,https://prod-dcd-datasets-public-files-eu-west-1.s3.eu-west-1.amazonaws.com/3b3acbff-4a7f-4ef0-ab7a-1c4ccaebcf7b
coffee_rust,coffee_rust,C7P36H2.jpg,rocole:C7P36,https://data.mendeley.com/public-files/datasets/c5yvn32dzg/files/374537e9-c3f5-43f6-9086-694c08d9c76a/file_downloaded,https://prod-dcd-datasets-public-files-eu-west-1.s3.eu-west-1.amazonaws.com/2e8829d2-1664-4fa1-a606-dbd1b9dad847
coffee_rust,coffee_rust,C7P38E2.jpg,rocole:C7P38,https://data.mendeley.com/public-files/datasets/c5yvn32dzg/files/a3df2e27-6d20-4644-a072-baa0f47ec2bf/file_downloaded,https://prod-dcd-datasets-public-files-eu-west-1.s3.eu-west-1.amazonaws.com/1afc7f69-b806-4efb-950f-f011902865c5
coffee_rust,coffee_rust,C7P3E1.jpg,rocole:C7P3,https://data.mendeley.com/public-files/datasets/c5yvn32dzg/files/ad8de5a8-a7cb-4844-866b-895172e0df13/file_downloaded,https://prod-dcd-datasets-public-files-eu-west-1.s3.eu-west-1.amazonaws.com/4eaaec59-9f70-4b52-b1fe-5ecb4bed60ae
coffee_rust,coffee_rust,C7P3H1.jpg,rocole:C7P3,https://data.mendeley.com/public-files/datasets/c5yvn32dzg/files/fddaad66-f9e3-4cf0-be4a-d7545d39391d/file_downloaded,https://prod-dcd-datasets-public-files-eu-west-1.s3.eu-west-1.amazonaws.com/0acba842-485a-4938-b244-7e30e7b9702f
coffee_rust,coffee_rust,C7P40E2.jpg,rocole:C7P40,https://data.mendeley.com/public-files/datasets/c5yvn32dzg/files/f9d16c69-2d13-4f11-9fcc-9faeac81e1cc/file_downloaded,https://prod-dcd-datasets-public-files-eu-west-1.s3.eu-west-1.amazonaws.com/37943d40-4305-49d3-b3f3-ad6d01574c3d
coffee_rust,coffee_rust,C7P40H2.jpg,rocole:C7P40,https://data.mendeley.com/public-files/datasets/c5yvn32dzg/files/6a7c475a-c5a3-4f3c-a837-21e087af0a82/file_downloaded,https://prod-dcd-datasets-public-files-eu-west-1.s3.eu-west-1.amazonaws.com/00d7fdd9-24ce-4cf5-ae17-748b0edc67a1
coffee_rust,coffee_rust,C7P5E1.jpg,rocole:C7P5,https://data.mendeley.com/public-files/datasets/c5yvn32dzg/files/8483d098-8c69-43a9-b5f4-f03324238e98/file_downloaded,https://prod-dcd-datasets-public-files-eu-west-1.s3.eu-west-1.amazonaws.com/92938af4-0089-4734-a37e-5cceb6c31685
coffee_rust,coffee_rust,C7P5H1.jpg,rocole:C7P5,https://data.mendeley.com/public-files/datasets/c5yvn32dzg/files/bbfe7cd1-644f-49c5-a548-8d706737099c/file_downloaded,https://prod-dcd-datasets-public-files-eu-west-1.s3.eu-west-1.amazonaws.com/5dface6d-d5cf-4d66-ae6a-474980011eae
coffee_rust,coffee_rust,C7P6E1.jpg,rocole:C7P6,https://data.mendeley.com/public-files/datasets/c5yvn32dzg/files/0ef7e01d-4beb-4d99-9f53-b5d239f420cc/file_downloaded,https://prod-dcd-datasets-public-files-eu-west-1.s3.eu-west-1.amazonaws.com/d24dc81b-dd5a-4463-96df-685d46dd4dfe
coffee_rust,coffee_rust,C7P6H1.jpg,rocole:C7P6,https://data.mendeley.com/public-files/datasets/c5yvn32dzg/files/1e6c77a1-4d8c-4f70-8bab-d04f70c03af0/file_downloaded,https://prod-dcd-datasets-public-files-eu-west-1.s3.eu-west-1.amazonaws.com/cd9b2973-fff9-437e-b2d9-bf40076d833a
coffee_rust,coffee_rust,C7P7E2.jpg,rocole:C7P7,https://data.mendeley.com/public-files/datasets/c5yvn32dzg/files/8a6e7f57-c91b-4db9-ae5a-4556a92d176b/file_downloaded,https://prod-dcd-datasets-public-files-eu-west-1.s3.eu-west-1.amazonaws.com/a11c1a05-7b80-4adc-a1b6-f13f326905a6
coffee_rust,coffee_rust,C7P7H2.jpg,rocole:C7P7,https://data.mendeley.com/public-files/datasets/c5yvn32dzg/files/78d2447a-3e5c-4839-8f32-c69aa729a4d9/file_downloaded,https://prod-dcd-datasets-public-files-eu-west-1.s3.eu-west-1.amazonaws.com/12682184-3051-419a-86d2-82f24341adac
coffee_rust,coffee_rust,C7P8E1.jpg,rocole:C7P8,https://data.mendeley.com/public-files/datasets/c5yvn32dzg/files/3af7bd51-552d-40b6-a114-8f810cfa2ab6/file_downloaded,https://prod-dcd-datasets-public-files-eu-west-1.s3.eu-west-1.amazonaws.com/f06a4110-8ded-4a90-a0e1-5e7888f98da5
coffee_rust,coffee_rust,C7P8H1.jpg,rocole:C7P8,https://data.mendeley.com/public-files/datasets/c5yvn32dzg/files/d5879b21-1622-4c92-b60f-7737f71ce5b4/file_downloaded,https://prod-dcd-datasets-public-files-eu-west-1.s3.eu-west-1.amazonaws.com/6d5261b3-c985-466f-820c-a33df336221f
coffee_rust,coffee_rust,C7P9E1.jpg,rocole:C7P9,https://data.mendeley.com/public-files/datasets/c5yvn32dzg/files/dd2a641a-86ac-4710-9723-ad833f8bd724/file_downloaded,https://prod-dcd-datasets-public-files-eu-west-1.s3.eu-west-1.amazonaws.com/759791f6-4562-4cc5-99ad-375766efc368
coffee_rust,coffee_rust,C8P10H2.jpg,rocole:C8P10,https://data.mendeley.com/public-files/datasets/c5yvn32dzg/files/2b20056e-6bcc-4af6-ae61-129286c97571/file_downloaded,https://prod-dcd-datasets-public-files-eu-west-1.s3.eu-west-1.amazonaws.com/10501dd4-ff64-4be4-b2c7-cf7b57b6cebe
coffee_rust,coffee_rust,C8P11E2.jpg,rocole:C8P11,https://data.mendeley.com/public-files/datasets/c5yvn32dzg/files/582711d7-fd59-40fc-b1d8-ef2612889c33/file_downloaded,https://prod-dcd-datasets-public-files-eu-west-1.s3.eu-west-1.amazonaws.com/e3fafa14-30b4-4066-a939-cc73c7be9b97
coffee_rust,coffee_rust,C8P11H2.jpg,rocole:C8P11,https://data.mendeley.com/public-files/datasets/c5yvn32dzg/files/b531456d-5570-49d4-9657-00b39cb6b791/file_downloaded,https://prod-dcd-datasets-public-files-eu-west-1.s3.eu-west-1.amazonaws.com/70e95e68-0a9f-4df5-89a1-e8119be96065
coffee_rust,coffee_rust,C8P12E1.jpg,rocole:C8P12,https://data.mendeley.com/public-files/datasets/c5yvn32dzg/files/19fb73d1-46fd-422d-9ea0-d6b16f7c3561/file_downloaded,https://prod-dcd-datasets-public-files-eu-west-1.s3.eu-west-1.amazonaws.com/971b168b-8c9b-4564-b268-a0bae4eb48da
coffee_rust,coffee_rust,C8P13H1.jpg,rocole:C8P13,https://data.mendeley.com/public-files/datasets/c5yvn32dzg/files/7c8e22e1-9aed-46cb-b34f-6955b72ebba8/file_downloaded,https://prod-dcd-datasets-public-files-eu-west-1.s3.eu-west-1.amazonaws.com/9642235d-7f07-45f5-8c2a-c44f17acce91
coffee_rust,coffee_rust,C8P14E1.jpg,rocole:C8P14,https://data.mendeley.com/public-files/datasets/c5yvn32dzg/files/c8270550-f53b-4249-815c-9fc7c851c804/file_downloaded,https://prod-dcd-datasets-public-files-eu-west-1.s3.eu-west-1.amazonaws.com/9910861e-4fb1-4731-ad1f-cb0ea960115f
coffee_rust,coffee_rust,C8P14E2.jpg,rocole:C8P14,https://data.mendeley.com/public-files/datasets/c5yvn32dzg/files/bc7eafad-4f26-4096-bd22-aefc7722fc58/file_downloaded,https://prod-dcd-datasets-public-files-eu-west-1.s3.eu-west-1.amazonaws.com/9e6edda4-5e1a-40a8-9a20-438648f4ff66
coffee_rust,coffee_rust,C8P14H1.jpg,rocole:C8P14,https://data.mendeley.com/public-files/datasets/c5yvn32dzg/files/f0b3ab48-381d-4f93-b470-aca4959e46bd/file_downloaded,https://prod-dcd-datasets-public-files-eu-west-1.s3.eu-west-1.amazonaws.com/83c94c43-fb42-4dd9-8d3d-4170ed3e9f53
coffee_rust,coffee_rust,C8P14H2.jpg,rocole:C8P14,https://data.mendeley.com/public-files/datasets/c5yvn32dzg/files/51e2dcea-1428-464c-890b-d1cbc6281ebe/file_downloaded,https://prod-dcd-datasets-public-files-eu-west-1.s3.eu-west-1.amazonaws.com/c0212d3d-09c8-40a5-a0ec-2b85f300a421
coffee_rust,coffee_rust,C8P16E1.jpg,rocole:C8P16,https://data.mendeley.com/public-files/datasets/c5yvn32dzg/files/b48be41e-5103-452a-b91f-2cc38b4a3fae/file_downloaded,https://prod-dcd-datasets-public-files-eu-west-1.s3.eu-west-1.amazonaws.com/843b2ef1-f835-4378-af37-074a711bad3d
coffee_rust,coffee_rust,C8P16H1.jpg,rocole:C8P16,https://data.mendeley.com/public-files/datasets/c5yvn32dzg/files/384a7b4a-af5f-4193-9644-689783b7ef3b/file_downloaded,https://prod-dcd-datasets-public-files-eu-west-1.s3.eu-west-1.amazonaws.com/3ef05062-9fc6-47bc-b15d-2f4fdd40e87b
coffee_rust,coffee_rust,C8P17E1.jpg,rocole:C8P17,https://data.mendeley.com/public-files/datasets/c5yvn32dzg/files/ad5f43bd-2157-4b4c-a9f4-a551d74bff9d/file_downloaded,https://prod-dcd-datasets-public-files-eu-west-1.s3.eu-west-1.amazonaws.com/86484c40-301b-4188-abbc-954a2e23c614
coffee_rust,coffee_rust,C8P17E2.jpg,rocole:C8P17,https://data.mendeley.com/public-files/datasets/c5yvn32dzg/files/f409ae23-ee3c-49f8-919e-96e98bbc118a/file_downloaded,https://prod-dcd-datasets-public-files-eu-west-1.s3.eu-west-1.amazonaws.com/647df15f-9146-4c4c-8224-2cbeeff0ee4b
coffee_rust,coffee_rust,C8P17H1.jpg,rocole:C8P17,https://data.mendeley.com/public-files/datasets/c5yvn32dzg/files/654f5c4d-2f64-4350-b485-afef139edf24/file_downloaded,https://prod-dcd-datasets-public-files-eu-west-1.s3.eu-west-1.amazonaws.com/35efe122-1ced-46bd-830e-c331e72b955d
coffee_rust,coffee_rust,C8P17H2.jpg,rocole:C8P17,https://data.mendeley.com/public-files/datasets/c5yvn32dzg/files/fda52327-9881-4d12-a806-285abf5aa75a/file_downloaded,https://prod-dcd-datasets-public-files-eu-west-1.s3.eu-west-1.amazonaws.com/612a4fe0-7f51-4841-8db3-20ae4cb37524
coffee_rust,coffee_rust,C8P18E2.jpg,rocole:C8P18,https://data.mendeley.com/public-files/datasets/c5yvn32dzg/files/68bcc6be-4283-4093-8fb1-98a344708294/file_downloaded,https://prod-dcd-datasets-public-files-eu-west-1.s3.eu-west-1.amazonaws.com/ec1441bc-aa59-4fd6-b40f-d421171a42b1
coffee_rust,coffee_rust,C8P18H2.jpg,rocole:C8P18,https://data.mendeley.com/public-files/datasets/c5yvn32dzg/files/0f32949a-2a5d-4c26-9574-9417db8093da/file_downloaded,https://prod-dcd-datasets-public-files-eu-west-1.s3.eu-west-1.amazonaws.com/3ad97dda-9018-4a1f-be99-762084241b0e
coffee_rust,coffee_rust,C8P19E2.jpg,rocole:C8P19,https://data.mendeley.com/public-files/datasets/c5yvn32dzg/files/afed22fc-221c-4a39-8084-942848a7c65b/file_downloaded,https://prod-dcd-datasets-public-files-eu-west-1.s3.eu-west-1.amazonaws.com/4c039d2e-e334-43b3-bbc8-8e5c978a9792
coffee_rust,coffee_rust,C8P19H2.jpg,rocole:C8P19,https://data.mendeley.com/public-files/datasets/c5yvn32dzg/files/d056543a-bd27-4c00-b4cf-db7ed02765fb/file_downloaded,https://prod-dcd-datasets-public-files-eu-west-1.s3.eu-west-1.amazonaws.com/9f11bfa2-0d69-457f-a173-c6537b8c0d0b
coffee_rust,coffee_rust,C8P22E1.jpg,rocole:C8P22,https://data.mendeley.com/public-files/datasets/c5yvn32dzg/files/04555d13-4d74-4632-baf0-2b202c4abb56/file_downloaded,https://prod-dcd-datasets-public-files-eu-west-1.s3.eu-west-1.amazonaws.com/d14de348-f65e-4b43-a9bf-32828604af81
coffee_rust,coffee_rust,C8P22E2.jpg,rocole:C8P22,https://data.mendeley.com/public-files/datasets/c5yvn32dzg/files/f93ed2b8-9160-4ee2-beff-38e4285fb15a/file_downloaded,https://prod-dcd-datasets-public-files-eu-west-1.s3.eu-west-1.amazonaws.com/0a9d3e9a-5b6b-4cdf-a19a-a1e8fdd66626
coffee_rust,coffee_rust,C8P22H1.jpg,rocole:C8P22,https://data.mendeley.com/public-files/datasets/c5yvn32dzg/files/53953660-e064-49fc-a966-d34fa463f13e/file_downloaded,https://prod-dcd-datasets-public-files-eu-west-1.s3.eu-west-1.amazonaws.com/185102ce-990c-4d90-859d-936ae80d229e
coffee_rust,coffee_rust,C8P22H2.jpg,rocole:C8P22,https://data.mendeley.com/public-files/datasets/c5yvn32dzg/files/adc263dc-fd15-4716-aad4-be20250062c7/file_downloaded,https://prod-dcd-datasets-public-files-eu-west-1.s3.eu-west-1.amazonaws.com/ecc2ae72-ac8d-4da5-bff2-71f3342ab67c
coffee_rust,coffee_rust,C8P23E2.jpg,rocole:C8P23,https://data.mendeley.com/public-files/datasets/c5yvn32dzg/files/763224dc-0f4b-49d1-81b9-bce41c9599a7/file_downloaded,https://prod-dcd-datasets-public-files-eu-west-1.s3.eu-west-1.amazonaws.com/3536790f-3aee-4f16-a588-34f8dbd85e4f
coffee_rust,coffee_rust,C8P23H2.jpg,rocole:C8P23,https://data.mendeley.com/public-files/datasets/c5yvn32dzg/files/71d92ce6-c3d8-41c6-9f5c-0f0058b936c9/file_downloaded,https://prod-dcd-datasets-public-files-eu-west-1.s3.eu-west-1.amazonaws.com/41ee5dcd-a0d3-4437-a458-6596c38f30ff
coffee_rust,coffee_rust,C8P24E2.jpg,rocole:C8P24,https://data.mendeley.com/public-files/datasets/c5yvn32dzg/files/935de400-ee84-4195-bc51-dd7cf6302973/file_downloaded,https://prod-dcd-datasets-public-files-eu-west-1.s3.eu-west-1.amazonaws.com/3324d8e4-a2c9-4098-8e98-d24387acf13f
coffee_rust,coffee_rust,C8P24H2.jpg,rocole:C8P24,https://data.mendeley.com/public-files/datasets/c5yvn32dzg/files/2f8da614-cc93-441a-bab1-097fa1b19378/file_downloaded,https://prod-dcd-datasets-public-files-eu-west-1.s3.eu-west-1.amazonaws.com/a9a99aff-6590-469a-a381-4d0d2cb4f5da
coffee_rust,coffee_rust,C8P26E2.jpg,rocole:C8P26,https://data.mendeley.com/public-files/datasets/c5yvn32dzg/files/2ec13ecd-f0c9-4c05-97eb-6e6f2f60eb17/file_downloaded,https://prod-dcd-datasets-public-files-eu-west-1.s3.eu-west-1.amazonaws.com/269f396e-f050-45e3-a02c-363c564b2ce3
coffee_rust,coffee_rust,C8P26H2.jpg,rocole:C8P26,https://data.mendeley.com/public-files/datasets/c5yvn32dzg/files/a1d92d17-a69f-43eb-a2f8-09767fb4429b/file_downloaded,https://prod-dcd-datasets-public-files-eu-west-1.s3.eu-west-1.amazonaws.com/68c6db3c-5671-49f7-9b45-83d2839f15af
coffee_rust,coffee_rust,C8P28E2.jpg,rocole:C8P28,https://data.mendeley.com/public-files/datasets/c5yvn32dzg/files/ec028fac-7642-4b5d-8ddd-0be8665674e7/file_downloaded,https://prod-dcd-datasets-public-files-eu-west-1.s3.eu-west-1.amazonaws.com/df6e8684-88a5-4feb-9556-2231a3d02a46
coffee_rust,coffee_rust,C8P28H2.jpg,rocole:C8P28,https://data.mendeley.com/public-files/datasets/c5yvn32dzg/files/36725412-878c-4847-b16d-d924a64e8505/file_downloaded,https://prod-dcd-datasets-public-files-eu-west-1.s3.eu-west-1.amazonaws.com/561b6260-7897-424e-bc2f-af083d4d52a8
coffee_rust,coffee_rust,C8P29E2.jpg,rocole:C8P29,https://data.mendeley.com/public-files/datasets/c5yvn32dzg/files/3bda3a1b-8ea3-4029-afbc-1d216462a6df/file_downloaded,https://prod-dcd-datasets-public-files-eu-west-1.s3.eu-west-1.amazonaws.com/9b92cbae-93a3-4ce4-baf2-53315cf0620b
coffee_rust,coffee_rust,C8P29H2.jpg,rocole:C8P29,https://data.mendeley.com/public-files/datasets/c5yvn32dzg/files/115a665d-fdca-49eb-bb96-c4c49d35cf59/file_downloaded,https://prod-dcd-datasets-public-files-eu-west-1.s3.eu-west-1.amazonaws.com/0a4e14fd-1870-4d0d-9304-3cd7bef0255a
coffee_rust,coffee_rust,C8P30E1.jpg,rocole:C8P30,https://data.mendeley.com/public-files/datasets/c5yvn32dzg/files/14c08617-10e5-4870-909a-6659baebb27f/file_downloaded,https://prod-dcd-datasets-public-files-eu-west-1.s3.eu-west-1.amazonaws.com/6abd77c2-722a-41c4-a780-f2cd5c14e905
coffee_rust,coffee_rust,C8P30H1.jpg,rocole:C8P30,https://data.mendeley.com/public-files/datasets/c5yvn32dzg/files/71a10338-a7af-43c5-9ceb-ba41676643a3/file_downloaded,https://prod-dcd-datasets-public-files-eu-west-1.s3.eu-west-1.amazonaws.com/22e14681-3453-47e1-bad3-436d96dad7af
coffee_rust,coffee_rust,C8P34E1.jpg,rocole:C8P34,https://data.mendeley.com/public-files/datasets/c5yvn32dzg/files/728693dc-f865-4c14-a3e0-0b3589de3283/file_downloaded,https://prod-dcd-datasets-public-files-eu-west-1.s3.eu-west-1.amazonaws.com/2f82312f-57ab-4148-93e7-a5b58bea03fb
coffee_rust,coffee_rust,C8P34H1.jpg,rocole:C8P34,https://data.mendeley.com/public-files/datasets/c5yvn32dzg/files/532c10e3-a68d-40f7-bb06-b476a540517c/file_downloaded,https://prod-dcd-datasets-public-files-eu-west-1.s3.eu-west-1.amazonaws.com/fabeb8b0-3c1d-4677-aad9-3b5f26e75784
coffee_rust,coffee_rust,C8P35E1.jpg,rocole:C8P35,https://data.mendeley.com/public-files/datasets/c5yvn32dzg/files/87614dbc-9bd5-42fc-8f85-f39891069de6/file_downloaded,https://prod-dcd-datasets-public-files-eu-west-1.s3.eu-west-1.amazonaws.com/325db050-abf4-4ccb-9a53-3a79bdd0b42e
coffee_rust,coffee_rust,C8P35H1.jpg,rocole:C8P35,https://data.mendeley.com/public-files/datasets/c5yvn32dzg/files/d6021de1-7321-4fcc-8c80-a6d920dd12ef/file_downloaded,https://prod-dcd-datasets-public-files-eu-west-1.s3.eu-west-1.amazonaws.com/3b5001a9-945e-4b04-a65f-4f1a6a587c10
coffee_rust,coffee_rust,C8P37E2.jpg,rocole:C8P37,https://data.mendeley.com/public-files/datasets/c5yvn32dzg/files/25d0304f-44fc-44e3-bea8-9c9b5838ddce/file_downloaded,https://prod-dcd-datasets-public-files-eu-west-1.s3.eu-west-1.amazonaws.com/f2b81abc-257c-4598-8b24-784d92793e23
coffee_rust,coffee_rust,C8P37H2.jpg,rocole:C8P37,https://data.mendeley.com/public-files/datasets/c5yvn32dzg/files/9ad0b125-fdda-4895-92de-5400b0e44c2d/file_downloaded,https://prod-dcd-datasets-public-files-eu-west-1.s3.eu-west-1.amazonaws.com/d35dbb2e-525a-42e7-853a-0047fe196271
coffee_rust,coffee_rust,C8P38E1.jpg,rocole:C8P38,https://data.mendeley.com/public-files/datasets/c5yvn32dzg/files/45361f03-43c0-40f9-b3f5-830121b35860/file_downloaded,https://prod-dcd-datasets-public-files-eu-west-1.s3.eu-west-1.amazonaws.com/67f93948-61cd-438e-ab61-3c390003a091
coffee_rust,coffee_rust,C8P38H1.jpg,rocole:C8P38,https://data.mendeley.com/public-files/datasets/c5yvn32dzg/files/57d2b995-6581-4624-a59e-5d248c9b9b2e/file_downloaded,https://prod-dcd-datasets-public-files-eu-west-1.s3.eu-west-1.amazonaws.com/3755d788-71f2-4187-9111-2b2efaf23e08
coffee_rust,coffee_rust,C8P39E2.jpg,rocole:C8P39,https://data.mendeley.com/public-files/datasets/c5yvn32dzg/files/4d7572ab-e066-4200-a63d-14abd06f1117/file_downloaded,https://prod-dcd-datasets-public-files-eu-west-1.s3.eu-west-1.amazonaws.com/d74991e3-6284-4ba9-8a44-f4e5bfb4a0da
coffee_rust,coffee_rust,C8P39H2.jpg,rocole:C8P39,https://data.mendeley.com/public-files/datasets/c5yvn32dzg/files/ee925fab-bb09-48d4-8a8f-ef85271ba6a0/file_downloaded,https://prod-dcd-datasets-public-files-eu-west-1.s3.eu-west-1.amazonaws.com/7fa7ae6b-746b-4ee7-927c-a3c365843062
coffee_rust,coffee_rust,C8P3E1.jpg,rocole:C8P3,https://data.mendeley.com/public-files/datasets/c5yvn32dzg/files/7d04bfd1-352f-4e86-8685-931d35ba5bb5/file_downloaded,https://prod-dcd-datasets-public-files-eu-west-1.s3.eu-west-1.amazonaws.com/7ae82095-1de8-4c87-9ae6-73ffd41a336d
coffee_rust,coffee_rust,C8P3H1.jpg,rocole:C8P3,https://data.mendeley.com/public-files/datasets/c5yvn32dzg/files/b20fda3f-8c5b-4150-b589-637a04ce5958/file_downloaded,https://prod-dcd-datasets-public-files-eu-west-1.s3.eu-west-1.amazonaws.com/374c5317-cac9-4a14-8a22-1d12831a5ccc
coffee_rust,coffee_rust,C8P4E1.jpg,rocole:C8P4,https://data.mendeley.com/public-files/datasets/c5yvn32dzg/files/90c63df1-e927-4242-b083-4b33ac5a6e87/file_downloaded,https://prod-dcd-datasets-public-files-eu-west-1.s3.eu-west-1.amazonaws.com/f0001df1-ebb5-4402-8120-28e36abf8d16
coffee_rust,coffee_rust,C8P4H1.jpg,rocole:C8P4,https://data.mendeley.com/public-files/datasets/c5yvn32dzg/files/5c947a38-3fb1-433d-90e6-d25577478147/file_downloaded,https://prod-dcd-datasets-public-files-eu-west-1.s3.eu-west-1.amazonaws.com/5aa24eab-ae1f-4a3b-a4f3-db520da679e3
coffee_rust,coffee_rust,C8P5E1.jpg,rocole:C8P5,https://data.mendeley.com/public-files/datasets/c5yvn32dzg/files/739e8f7d-bb7a-4a21-819d-f5972a56537e/file_downloaded,https://prod-dcd-datasets-public-files-eu-west-1.s3.eu-west-1.amazonaws.com/e6f9c0e9-1150-4ade-a702-7245a82ab01c
coffee_rust,coffee_rust,C8P5H1.jpg,rocole:C8P5,https://data.mendeley.com/public-files/datasets/c5yvn32dzg/files/7b630c86-e6ac-46b6-82a4-87f72f484170/file_downloaded,https://prod-dcd-datasets-public-files-eu-west-1.s3.eu-west-1.amazonaws.com/43ad7e55-291d-462c-99b6-4821b1eae3b8
coffee_rust,coffee_rust,C8P6E2.jpg,rocole:C8P6,https://data.mendeley.com/public-files/datasets/c5yvn32dzg/files/9ba1fbd3-7b40-4bd0-a345-7241a0ad10a7/file_downloaded,https://prod-dcd-datasets-public-files-eu-west-1.s3.eu-west-1.amazonaws.com/ad69a9ba-e01a-40a0-be24-85feb12fd340
coffee_rust,coffee_rust,C8P6H2.jpg,rocole:C8P6,https://data.mendeley.com/public-files/datasets/c5yvn32dzg/files/067ec4e6-3f9b-4ffd-8464-ec4b261f42c9/file_downloaded,https://prod-dcd-datasets-public-files-eu-west-1.s3.eu-west-1.amazonaws.com/5c55d7ed-7ae3-44b9-a04a-a4021dce24e2
coffee_rust,coffee_rust,C9P10E1.jpg,rocole:C9P10,https://data.mendeley.com/public-files/datasets/c5yvn32dzg/files/b0874555-4a21-413a-b5b6-d9ca3a7f6da0/file_downloaded,https://prod-dcd-datasets-public-files-eu-west-1.s3.eu-west-1.amazonaws.com/eb0f78fc-5c14-4894-9a5e-52b9307ea9b1
coffee_rust,coffee_rust,C9P10H1.jpg,rocole:C9P10,https://data.mendeley.com/public-files/datasets/c5yvn32dzg/files/360cce94-792c-43a2-b93b-20b44586a67f/file_downloaded,https://prod-dcd-datasets-public-files-eu-west-1.s3.eu-west-1.amazonaws.com/7003e738-944f-40cb-ade4-540be6849806
coffee_rust,coffee_rust,C9P11E1.jpg,rocole:C9P11,https://data.mendeley.com/public-files/datasets/c5yvn32dzg/files/b2985442-fc46-468a-be77-5a5104adb65e/file_downloaded,https://prod-dcd-datasets-public-files-eu-west-1.s3.eu-west-1.amazonaws.com/e7d25f77-a9d6-4515-a40d-271f8df166c5
coffee_rust,coffee_rust,C9P11H1.jpg,rocole:C9P11,https://data.mendeley.com/public-files/datasets/c5yvn32dzg/files/e203d9f5-3ca5-4f5b-89b5-2acec9881ded/file_downloaded,https://prod-dcd-datasets-public-files-eu-west-1.s3.eu-west-1.amazonaws.com/cf87d0aa-ab94-42d5-8c17-3aa7a38169da
coffee_rust,coffee_rust,C9P12E1.jpg,rocole:C9P12,https://data.mendeley.com/public-files/datasets/c5yvn32dzg/files/6e23ff89-a078-43ff-a003-76434dbb5d31/file_downloaded,https://prod-dcd-datasets-public-files-eu-west-1.s3.eu-west-1.amazonaws.com/9d36cbe4-1ed0-4d0f-87a3-7dc6c5cfeac1
coffee_rust,coffee_rust,C9P12H1.jpg,rocole:C9P12,https://data.mendeley.com/public-files/datasets/c5yvn32dzg/files/397ff68e-2283-40c7-8e3e-405b99ef7926/file_downloaded,https://prod-dcd-datasets-public-files-eu-west-1.s3.eu-west-1.amazonaws.com/99cbcf92-a35c-4dea-8f22-fe265f460214
coffee_rust,coffee_rust,C9P14E1.jpg,rocole:C9P14,https://data.mendeley.com/public-files/datasets/c5yvn32dzg/files/2a2e6e7d-6dc3-4222-a8f1-920ac9c91947/file_downloaded,https://prod-dcd-datasets-public-files-eu-west-1.s3.eu-west-1.amazonaws.com/807d18d9-380f-401b-95f1-5de61a438e96
coffee_rust,coffee_rust,C9P14H1.jpg,rocole:C9P14,https://data.mendeley.com/public-files/datasets/c5yvn32dzg/files/c144247c-a37c-47c8-9693-8f576ec37959/file_downloaded,https://prod-dcd-datasets-public-files-eu-west-1.s3.eu-west-1.amazonaws.com/f86bf5ec-7ee5-40e2-bee8-c728ed165316
coffee_rust,coffee_rust,C9P15E1.jpg,rocole:C9P15,https://data.mendeley.com/public-files/datasets/c5yvn32dzg/files/7276095c-d8d2-4427-894c-b9db56147058/file_downloaded,https://prod-dcd-datasets-public-files-eu-west-1.s3.eu-west-1.amazonaws.com/2f750e63-f795-46db-a83c-6a47070730be
coffee_rust,coffee_rust,C9P15H1.jpg,rocole:C9P15,https://data.mendeley.com/public-files/datasets/c5yvn32dzg/files/f7b17d83-2503-4423-9aae-8cc979f2c627/file_downloaded,https://prod-dcd-datasets-public-files-eu-west-1.s3.eu-west-1.amazonaws.com/14bd83e0-cf8b-497a-87d1-5bbadc414aa6
coffee_rust,coffee_rust,C9P17E1.jpg,rocole:C9P17,https://data.mendeley.com/public-files/datasets/c5yvn32dzg/files/07d02cbb-62aa-44c1-bf9b-3741a4d14ef9/file_downloaded,https://prod-dcd-datasets-public-files-eu-west-1.s3.eu-west-1.amazonaws.com/2dc9ac3f-1f13-4373-961d-c09317c16f73
coffee_rust,coffee_rust,C9P17H1.jpg,rocole:C9P17,https://data.mendeley.com/public-files/datasets/c5yvn32dzg/files/7659e9f2-cd15-4992-92fd-a4200a47e055/file_downloaded,https://prod-dcd-datasets-public-files-eu-west-1.s3.eu-west-1.amazonaws.com/dabd4dda-0c84-4e65-9c9b-59755faf25c9
coffee_rust,coffee_rust,C9P18E1.jpg,rocole:C9P18,https://data.mendeley.com/public-files/datasets/c5yvn32dzg/files/880f2301-a69f-4508-9810-7193a2210ef6/file_downloaded,https://prod-dcd-datasets-public-files-eu-west-1.s3.eu-west-1.amazonaws.com/fb42d313-b292-4fff-b29b-4b7b82f478b5
coffee_rust,coffee_rust,C9P18H1.jpg,rocole:C9P18,https://data.mendeley.com/public-files/datasets/c5yvn32dzg/files/2deb0c8e-74b5-4ebd-8445-0e13f547d5d3/file_downloaded,https://prod-dcd-datasets-public-files-eu-west-1.s3.eu-west-1.amazonaws.com/32f4a961-f3be-4fae-aff2-f6ab16eb0f88
coffee_rust,coffee_rust,C9P19E1.jpg,rocole:C9P19,https://data.mendeley.com/public-files/datasets/c5yvn32dzg/files/c2162536-e0b2-468b-b282-4de942992c24/file_downloaded,https://prod-dcd-datasets-public-files-eu-west-1.s3.eu-west-1.amazonaws.com/560c8f2a-0b81-4cf7-874c-23504b88d879
coffee_rust,coffee_rust,C9P20E1.jpg,rocole:C9P20,https://data.mendeley.com/public-files/datasets/c5yvn32dzg/files/ca1f5d59-01bf-4f27-beca-6aa321db5346/file_downloaded,https://prod-dcd-datasets-public-files-eu-west-1.s3.eu-west-1.amazonaws.com/387591da-3426-4429-ac90-da66434ca34d
coffee_rust,coffee_rust,C9P20H1.jpg,rocole:C9P20,https://data.mendeley.com/public-files/datasets/c5yvn32dzg/files/fb6e0d8e-1c2b-407f-88c7-432cf1a69159/file_downloaded,https://prod-dcd-datasets-public-files-eu-west-1.s3.eu-west-1.amazonaws.com/30dbae33-d797-4248-b311-a427755d5568
coffee_rust,coffee_rust,C9P21E1.jpg,rocole:C9P21,https://data.mendeley.com/public-files/datasets/c5yvn32dzg/files/39d56774-0987-49e1-80c3-bbbbd1e2ef15/file_downloaded,https://prod-dcd-datasets-public-files-eu-west-1.s3.eu-west-1.amazonaws.com/d4d2ec7b-2bf7-499e-86d3-ec2fde37c4bb
coffee_rust,coffee_rust,C9P21H1.jpg,rocole:C9P21,https://data.mendeley.com/public-files/datasets/c5yvn32dzg/files/dbb754d6-3ebd-4fb9-8f00-36993a7343c2/file_downloaded,https://prod-dcd-datasets-public-files-eu-west-1.s3.eu-west-1.amazonaws.com/36bce8a9-71d8-4e92-82b1-dadf77697eff
coffee_rust,coffee_rust,C9P22E1.jpg,rocole:C9P22,https://data.mendeley.com/public-files/datasets/c5yvn32dzg/files/f25cdd5e-5f03-4cb2-a106-4441abab1e09/file_downloaded,https://prod-dcd-datasets-public-files-eu-west-1.s3.eu-west-1.amazonaws.com/297799c5-d2f9-4ebe-a924-477dcc9d25d1
coffee_rust,coffee_rust,C9P22H1.jpg,rocole:C9P22,https://data.mendeley.com/public-files/datasets/c5yvn32dzg/files/b928d3cc-3294-4fdd-84af-a7ec1bb59f1a/file_downloaded,https://prod-dcd-datasets-public-files-eu-west-1.s3.eu-west-1.amazonaws.com/b27c3120-409e-4a9e-88b9-03680ad65bc9
coffee_rust,coffee_rust,C9P23E1.jpg,rocole:C9P23,https://data.mendeley.com/public-files/datasets/c5yvn32dzg/files/06237e39-f8b5-493c-a61b-8f08462e5af1/file_downloaded,https://prod-dcd-datasets-public-files-eu-west-1.s3.eu-west-1.amazonaws.com/bb995db2-b2b4-48d6-8c97-1865d8cf47e1
coffee_rust,coffee_rust,C9P23H1.jpg,rocole:C9P23,https://data.mendeley.com/public-files/datasets/c5yvn32dzg/files/15c95e35-b5fc-4f05-85de-9d6ff0a46a77/file_downloaded,https://prod-dcd-datasets-public-files-eu-west-1.s3.eu-west-1.amazonaws.com/5519e297-d0e0-4a07-a352-ce716b8782eb
coffee_rust,coffee_rust,C9P24H1.jpg,rocole:C9P24,https://data.mendeley.com/public-files/datasets/c5yvn32dzg/files/18e0f4b3-f69d-4952-ae49-814048e1cb8f/file_downloaded,https://prod-dcd-datasets-public-files-eu-west-1.s3.eu-west-1.amazonaws.com/5cdc09bf-6365-4bb1-81d9-6340062867a4
coffee_rust,coffee_rust,C9P25E1.jpg,rocole:C9P25,https://data.mendeley.com/public-files/datasets/c5yvn32dzg/files/4c23c156-b115-42f7-939d-4f18c54ea806/file_downloaded,https://prod-dcd-datasets-public-files-eu-west-1.s3.eu-west-1.amazonaws.com/16d21f40-a8b9-4f10-98d3-94ef5057cec4
coffee_rust,coffee_rust,C9P25H1.jpg,rocole:C9P25,https://data.mendeley.com/public-files/datasets/c5yvn32dzg/files/60daa5d0-a42a-443f-bdfe-d2ae0d496a71/file_downloaded,https://prod-dcd-datasets-public-files-eu-west-1.s3.eu-west-1.amazonaws.com/a0fcded0-d6ed-4304-a905-17194371051e
coffee_rust,coffee_rust,C9P26E1.jpg,rocole:C9P26,https://data.mendeley.com/public-files/datasets/c5yvn32dzg/files/4b61b43c-4d9b-4a1f-ad73-367f70fc7c7c/file_downloaded,https://prod-dcd-datasets-public-files-eu-west-1.s3.eu-west-1.amazonaws.com/e3dcbbdf-b1a4-4c03-a1b0-4246e33978a7
coffee_rust,coffee_rust,C9P26H1.jpg,rocole:C9P26,https://data.mendeley.com/public-files/datasets/c5yvn32dzg/files/2586c60d-6b90-45e6-96f5-c23a3402669a/file_downloaded,https://prod-dcd-datasets-public-files-eu-west-1.s3.eu-west-1.amazonaws.com/a47c81d8-374b-424a-89c3-96266a520848
coffee_rust,coffee_rust,C9P27E1.jpg,rocole:C9P27,https://data.mendeley.com/public-files/datasets/c5yvn32dzg/files/83afc82e-f370-4cfc-b6e5-3e157b1ac5bc/file_downloaded,https://prod-dcd-datasets-public-files-eu-west-1.s3.eu-west-1.amazonaws.com/ebe20ff8-549f-4e29-b3e3-c8bbc7ef5af7
coffee_rust,coffee_rust,C9P27H1.jpg,rocole:C9P27,https://data.mendeley.com/public-files/datasets/c5yvn32dzg/files/1ca4db67-173a-4bcb-a476-6ee3521e063c/file_downloaded,https://prod-dcd-datasets-public-files-eu-west-1.s3.eu-west-1.amazonaws.com/43b3d40d-a8ca-4ec0-a9df-e5e68cac1680
coffee_rust,coffee_rust,C9P28H1.jpg,rocole:C9P28,https://data.mendeley.com/public-files/datasets/c5yvn32dzg/files/5ade9a5f-f9e6-442f-a53f-139d135f3b98/file_downloaded,https://prod-dcd-datasets-public-files-eu-west-1.s3.eu-west-1.amazonaws.com/cf54b027-01c3-4897-94e1-18958f62f888
coffee_rust,coffee_rust,C9P29E1.jpg,rocole:C9P29,https://data.mendeley.com/public-files/datasets/c5yvn32dzg/files/ce6e89c8-665b-41e4-8b8b-72dbf10bd0f4/file_downloaded,https://prod-dcd-datasets-public-files-eu-west-1.s3.eu-west-1.amazonaws.com/f748d0b3-79c7-4033-b636-a399cb2c40b2
coffee_rust,coffee_rust,C9P29H1.jpg,rocole:C9P29,https://data.mendeley.com/public-files/datasets/c5yvn32dzg/files/58d5291e-d71a-44f9-9c25-1be727e5a201/file_downloaded,https://prod-dcd-datasets-public-files-eu-west-1.s3.eu-west-1.amazonaws.com/5924c2fc-d5e0-47ed-b5e5-837d5a67b45b
coffee_rust,coffee_rust,C9P30E1.jpg,rocole:C9P30,https://data.mendeley.com/public-files/datasets/c5yvn32dzg/files/116c713e-078d-4c92-9079-b73b06f31d7e/file_downloaded,https://prod-dcd-datasets-public-files-eu-west-1.s3.eu-west-1.amazonaws.com/ea90141d-9404-4bbc-a0c1-b91cd46c2048
coffee_rust,coffee_rust,C9P30H1.jpg,rocole:C9P30,https://data.mendeley.com/public-files/datasets/c5yvn32dzg/files/2b6bb7ff-202b-4302-b01e-65de714f2e41/file_downloaded,https://prod-dcd-datasets-public-files-eu-west-1.s3.eu-west-1.amazonaws.com/60926f3d-5837-4d8c-a9a0-f9701b9804df
coffee_rust,coffee_rust,C9P31E1.jpg,rocole:C9P31,https://data.mendeley.com/public-files/datasets/c5yvn32dzg/files/bad5ab68-bd85-440e-a145-fd68bc77b121/file_downloaded,https://prod-dcd-datasets-public-files-eu-west-1.s3.eu-west-1.amazonaws.com/0c77dd8c-7264-4282-b702-0d045552d515
coffee_rust,coffee_rust,C9P31H1.jpg,rocole:C9P31,https://data.mendeley.com/public-files/datasets/c5yvn32dzg/files/e747b462-4b3f-4167-932c-6e6767ac96c1/file_downloaded,https://prod-dcd-datasets-public-files-eu-west-1.s3.eu-west-1.amazonaws.com/93572b8a-d2f4-4902-8e69-1994d8053916
coffee_rust,coffee_rust,C9P34E1.jpg,rocole:C9P34,https://data.mendeley.com/public-files/datasets/c5yvn32dzg/files/c0faf1dd-f06e-4a8a-b9c4-fc5d378a65e9/file_downloaded,https://prod-dcd-datasets-public-files-eu-west-1.s3.eu-west-1.amazonaws.com/8c2fa09f-f2f5-4430-acdf-420b763be1b3
coffee_rust,coffee_rust,C9P35E1.jpg,rocole:C9P35,https://data.mendeley.com/public-files/datasets/c5yvn32dzg/files/79dcec1b-952a-40a7-9c60-6aaeee073668/file_downloaded,https://prod-dcd-datasets-public-files-eu-west-1.s3.eu-west-1.amazonaws.com/5cb616a9-c136-46e6-8f5d-7a470e0f7142
coffee_rust,coffee_rust,C9P36H1.jpg,rocole:C9P36,https://data.mendeley.com/public-files/datasets/c5yvn32dzg/files/f603d655-22f7-4e90-9485-23b66b10f81c/file_downloaded,https://prod-dcd-datasets-public-files-eu-west-1.s3.eu-west-1.amazonaws.com/7859bd19-fd1c-472a-ad24-92bb1c09ed71
coffee_rust,coffee_rust,C9P37E1.jpg,rocole:C9P37,https://data.mendeley.com/public-files/datasets/c5yvn32dzg/files/54d5185e-cba9-4c6e-ba64-63f698720291/file_downloaded,https://prod-dcd-datasets-public-files-eu-west-1.s3.eu-west-1.amazonaws.com/8e807daf-ab4a-476d-8eee-d879b8687553
coffee_rust,coffee_rust,C9P37H1.jpg,rocole:C9P37,https://data.mendeley.com/public-files/datasets/c5yvn32dzg/files/89e39be6-cd58-4a7c-9a0b-5b34360018a0/file_downloaded,https://prod-dcd-datasets-public-files-eu-west-1.s3.eu-west-1.amazonaws.com/2cda5030-70dd-4f7a-85a0-234637f42310
coffee_rust,coffee_rust,C9P38E1.jpg,rocole:C9P38,https://data.mendeley.com/public-files/datasets/c5yvn32dzg/files/a50fb264-4a4d-4705-b404-846cb1fc18b2/file_downloaded,https://prod-dcd-datasets-public-files-eu-west-1.s3.eu-west-1.amazonaws.com/96ef1d41-67a3-4c15-8230-50a16d77b095
coffee_rust,coffee_rust,C9P38H1.jpg,rocole:C9P38,https://data.mendeley.com/public-files/datasets/c5yvn32dzg/files/58b42daa-bddd-454b-b238-90847f158c83/file_downloaded,https://prod-dcd-datasets-public-files-eu-west-1.s3.eu-west-1.amazonaws.com/98c194e9-baa7-44f7-968d-f29f5f065430
coffee_rust,coffee_rust,C9P3E1.jpg,rocole:C9P3,https://data.mendeley.com/public-files/datasets/c5yvn32dzg/files/d01f43ab-71eb-4ec0-84cd-4f4d07115c3c/file_downloaded,https://prod-dcd-datasets-public-files-eu-west-1.s3.eu-west-1.amazonaws.com/d35f8464-4c33-41b0-aac9-823af212b363
coffee_rust,coffee_rust,C9P3E2.jpg,rocole:C9P3,https://data.mendeley.com/public-files/datasets/c5yvn32dzg/files/37bea361-ccd8-4906-8d2c-7932d9a88d03/file_downloaded,https://prod-dcd-datasets-public-files-eu-west-1.s3.eu-west-1.amazonaws.com/21bd00d7-4d57-4859-b5ad-56de35373f45
coffee_rust,coffee_rust,C9P3H1.jpg,rocole:C9P3,https://data.mendeley.com/public-files/datasets/c5yvn32dzg/files/f016c320-b2da-4fa4-a1fb-4c9d66584888/file_downloaded,https://prod-dcd-datasets-public-files-eu-west-1.s3.eu-west-1.amazonaws.com/aa86b055-9fa1-4f42-9db3-6f3303608c78
coffee_rust,coffee_rust,C9P4E1.jpg,rocole:C9P4,https://data.mendeley.com/public-files/datasets/c5yvn32dzg/files/78e38409-660e-42e5-975b-13637928fd92/file_downloaded,https://prod-dcd-datasets-public-files-eu-west-1.s3.eu-west-1.amazonaws.com/ed9f7048-5604-486f-9b5e-e7cfe2d6d879
coffee_rust,coffee_rust,C9P4H1.jpg,rocole:C9P4,https://data.mendeley.com/public-files/datasets/c5yvn32dzg/files/9d140389-b8c9-4760-8e35-fbde2feb6c54/file_downloaded,https://prod-dcd-datasets-public-files-eu-west-1.s3.eu-west-1.amazonaws.com/4de2bb98-cf61-4bf4-87bd-da866fa0988d
coffee_rust,coffee_rust,C9P5E1.jpg,rocole:C9P5,https://data.mendeley.com/public-files/datasets/c5yvn32dzg/files/e3d78b71-5e9c-454a-987d-946742cbefe6/file_downloaded,https://prod-dcd-datasets-public-files-eu-west-1.s3.eu-west-1.amazonaws.com/c0465a10-dbfa-4314-902e-a3f1fc0ce416
coffee_rust,coffee_rust,C9P5H1.jpg,rocole:C9P5,https://data.mendeley.com/public-files/datasets/c5yvn32dzg/files/2820bd8a-e5f7-43ba-8d74-bcee60de3be8/file_downloaded,https://prod-dcd-datasets-public-files-eu-west-1.s3.eu-west-1.amazonaws.com/6e6b5bd8-4f14-4e7e-b919-753fc4b0a739
coffee_rust,coffee_rust,C9P6H1.jpg,rocole:C9P6,https://data.mendeley.com/public-files/datasets/c5yvn32dzg/files/9d5541cf-9b9d-4a86-b894-06edd8b8c855/file_downloaded,https://prod-dcd-datasets-public-files-eu-west-1.s3.eu-west-1.amazonaws.com/0419758a-7041-452d-84f1-d6b1362bea73
coffee_rust,coffee_rust,C9P7E1.jpg,rocole:C9P7,https://data.mendeley.com/public-files/datasets/c5yvn32dzg/files/f7492652-230a-4be1-9db9-4a4010ae0428/file_downloaded,https://prod-dcd-datasets-public-files-eu-west-1.s3.eu-west-1.amazonaws.com/aa64a7f2-a9f8-48fe-91af-2d79635bcf72
coffee_rust,coffee_rust,C9P7H1.jpg,rocole:C9P7,https://data.mendeley.com/public-files/datasets/c5yvn32dzg/files/f6e17a99-bc65-41f3-96de-2f913f8b1bfd/file_downloaded,https://prod-dcd-datasets-public-files-eu-west-1.s3.eu-west-1.amazonaws.com/bbd0704a-243e-4749-b05f-822f861dabdb
coffee_rust,coffee_rust,C9P8E1.jpg,rocole:C9P8,https://data.mendeley.com/public-files/datasets/c5yvn32dzg/files/6215f650-28e4-4942-ac15-88fa7a6ddddd/file_downloaded,https://prod-dcd-datasets-public-files-eu-west-1.s3.eu-west-1.amazonaws.com/2ddce364-0145-486e-856e-18224b9e11fc
coffee_rust,coffee_rust,C9P8H1.jpg,rocole:C9P8,https://data.mendeley.com/public-files/datasets/c5yvn32dzg/files/6eb9e8ba-dc93-402f-9570-3ce5a33398d2/file_downloaded,https://prod-dcd-datasets-public-files-eu-west-1.s3.eu-west-1.amazonaws.com/28a3c0b1-756f-42b6-8f71-55320dd011e5
coffee_rust,coffee_rust,C9P9E1.jpg,rocole:C9P9,https://data.mendeley.com/public-files/datasets/c5yvn32dzg/files/951465a4-ba74-4085-b4cc-f72a6bb8f6bb/file_downloaded,https://prod-dcd-datasets-public-files-eu-west-1.s3.eu-west-1.amazonaws.com/82e8dd83-a250-4ccc-8129-58d85b7c5b54
coffee_rust,coffee_rust,C9P9H1.jpg,rocole:C9P9,https://data.mendeley.com/public-files/datasets/c5yvn32dzg/files/d3a42296-8003-4867-9fb5-8e2178671fa0/file_downloaded,https://prod-dcd-datasets-public-files-eu-west-1.s3.eu-west-1.amazonaws.com/bd4bf0d9-e517-4b93-b6ba-09822c8b89ef
